-- MySQL dump 10.13  Distrib 5.1.61, for redhat-linux-gnu (i386)
--
-- Host: localhost    Database: glpi
-- ------------------------------------------------------
-- Server version	5.1.61

/*!40101 SET @OLD_CHARACTER_SET_CLIENT=@@CHARACTER_SET_CLIENT */;
/*!40101 SET @OLD_CHARACTER_SET_RESULTS=@@CHARACTER_SET_RESULTS */;
/*!40101 SET @OLD_COLLATION_CONNECTION=@@COLLATION_CONNECTION */;
/*!40101 SET NAMES utf8 */;
/*!40103 SET @OLD_TIME_ZONE=@@TIME_ZONE */;
/*!40103 SET TIME_ZONE='+00:00' */;
/*!40014 SET @OLD_UNIQUE_CHECKS=@@UNIQUE_CHECKS, UNIQUE_CHECKS=0 */;
/*!40014 SET @OLD_FOREIGN_KEY_CHECKS=@@FOREIGN_KEY_CHECKS, FOREIGN_KEY_CHECKS=0 */;
/*!40101 SET @OLD_SQL_MODE=@@SQL_MODE, SQL_MODE='NO_AUTO_VALUE_ON_ZERO' */;
/*!40111 SET @OLD_SQL_NOTES=@@SQL_NOTES, SQL_NOTES=0 */;

--
-- Table structure for table `glpi_alerts`
--

DROP TABLE IF EXISTS `glpi_alerts`;
/*!40101 SET @saved_cs_client     = @@character_set_client */;
/*!40101 SET character_set_client = utf8 */;
CREATE TABLE `glpi_alerts` (
  `id` int(11) NOT NULL AUTO_INCREMENT,
  `itemtype` varchar(100) COLLATE utf8_unicode_ci NOT NULL,
  `items_id` int(11) NOT NULL DEFAULT '0',
  `type` int(11) NOT NULL DEFAULT '0' COMMENT 'see define.php ALERT_* constant',
  `date` datetime NOT NULL,
  PRIMARY KEY (`id`),
  UNIQUE KEY `unicity` (`itemtype`,`items_id`,`type`),
  KEY `type` (`type`),
  KEY `date` (`date`)
) ENGINE=MyISAM DEFAULT CHARSET=utf8 COLLATE=utf8_unicode_ci;
/*!40101 SET character_set_client = @saved_cs_client */;

--
-- Dumping data for table `glpi_alerts`
--

LOCK TABLES `glpi_alerts` WRITE;
/*!40000 ALTER TABLE `glpi_alerts` DISABLE KEYS */;
/*!40000 ALTER TABLE `glpi_alerts` ENABLE KEYS */;
UNLOCK TABLES;

--
-- Table structure for table `glpi_authldapreplicates`
--

DROP TABLE IF EXISTS `glpi_authldapreplicates`;
/*!40101 SET @saved_cs_client     = @@character_set_client */;
/*!40101 SET character_set_client = utf8 */;
CREATE TABLE `glpi_authldapreplicates` (
  `id` int(11) NOT NULL AUTO_INCREMENT,
  `authldaps_id` int(11) NOT NULL DEFAULT '0',
  `host` varchar(255) COLLATE utf8_unicode_ci DEFAULT NULL,
  `port` int(11) NOT NULL DEFAULT '389',
  `name` varchar(255) COLLATE utf8_unicode_ci DEFAULT NULL,
  PRIMARY KEY (`id`),
  KEY `authldaps_id` (`authldaps_id`)
) ENGINE=MyISAM DEFAULT CHARSET=utf8 COLLATE=utf8_unicode_ci;
/*!40101 SET character_set_client = @saved_cs_client */;

--
-- Dumping data for table `glpi_authldapreplicates`
--

LOCK TABLES `glpi_authldapreplicates` WRITE;
/*!40000 ALTER TABLE `glpi_authldapreplicates` DISABLE KEYS */;
/*!40000 ALTER TABLE `glpi_authldapreplicates` ENABLE KEYS */;
UNLOCK TABLES;

--
-- Table structure for table `glpi_authldaps`
--

DROP TABLE IF EXISTS `glpi_authldaps`;
/*!40101 SET @saved_cs_client     = @@character_set_client */;
/*!40101 SET character_set_client = utf8 */;
CREATE TABLE `glpi_authldaps` (
  `id` int(11) NOT NULL AUTO_INCREMENT,
  `name` varchar(255) COLLATE utf8_unicode_ci DEFAULT NULL,
  `host` varchar(255) COLLATE utf8_unicode_ci DEFAULT NULL,
  `basedn` varchar(255) COLLATE utf8_unicode_ci DEFAULT NULL,
  `rootdn` varchar(255) COLLATE utf8_unicode_ci DEFAULT NULL,
  `port` int(11) NOT NULL DEFAULT '389',
  `condition` text COLLATE utf8_unicode_ci,
  `login_field` varchar(255) COLLATE utf8_unicode_ci DEFAULT 'uid',
  `use_tls` tinyint(1) NOT NULL DEFAULT '0',
  `group_field` varchar(255) COLLATE utf8_unicode_ci DEFAULT NULL,
  `group_condition` text COLLATE utf8_unicode_ci,
  `group_search_type` int(11) NOT NULL DEFAULT '0',
  `group_member_field` varchar(255) COLLATE utf8_unicode_ci DEFAULT NULL,
  `email1_field` varchar(255) COLLATE utf8_unicode_ci DEFAULT NULL,
  `realname_field` varchar(255) COLLATE utf8_unicode_ci DEFAULT NULL,
  `firstname_field` varchar(255) COLLATE utf8_unicode_ci DEFAULT NULL,
  `phone_field` varchar(255) COLLATE utf8_unicode_ci DEFAULT NULL,
  `phone2_field` varchar(255) COLLATE utf8_unicode_ci DEFAULT NULL,
  `mobile_field` varchar(255) COLLATE utf8_unicode_ci DEFAULT NULL,
  `comment_field` varchar(255) COLLATE utf8_unicode_ci DEFAULT NULL,
  `use_dn` tinyint(1) NOT NULL DEFAULT '1',
  `time_offset` int(11) NOT NULL DEFAULT '0' COMMENT 'in seconds',
  `deref_option` int(11) NOT NULL DEFAULT '0',
  `title_field` varchar(255) COLLATE utf8_unicode_ci DEFAULT NULL,
  `category_field` varchar(255) COLLATE utf8_unicode_ci DEFAULT NULL,
  `language_field` varchar(255) COLLATE utf8_unicode_ci DEFAULT NULL,
  `entity_field` varchar(255) COLLATE utf8_unicode_ci DEFAULT NULL,
  `entity_condition` text COLLATE utf8_unicode_ci,
  `date_mod` datetime DEFAULT NULL,
  `comment` text COLLATE utf8_unicode_ci,
  `is_default` tinyint(1) NOT NULL DEFAULT '0',
  `is_active` tinyint(1) NOT NULL DEFAULT '0',
  `rootdn_passwd` varchar(255) COLLATE utf8_unicode_ci DEFAULT NULL,
  `registration_number_field` varchar(255) COLLATE utf8_unicode_ci DEFAULT NULL,
  `email2_field` varchar(255) COLLATE utf8_unicode_ci DEFAULT NULL,
  `email3_field` varchar(255) COLLATE utf8_unicode_ci DEFAULT NULL,
  `email4_field` varchar(255) COLLATE utf8_unicode_ci DEFAULT NULL,
  PRIMARY KEY (`id`),
  KEY `date_mod` (`date_mod`),
  KEY `is_default` (`is_default`),
  KEY `is_active` (`is_active`)
) ENGINE=MyISAM AUTO_INCREMENT=2 DEFAULT CHARSET=utf8 COLLATE=utf8_unicode_ci;
/*!40101 SET character_set_client = @saved_cs_client */;

--
-- Dumping data for table `glpi_authldaps`
--

LOCK TABLES `glpi_authldaps` WRITE;
/*!40000 ALTER TABLE `glpi_authldaps` DISABLE KEYS */;
INSERT INTO `glpi_authldaps` VALUES (1,'LDAP','hcmads01','ou=HCM,ou=Employees,ou=People,dc=ad,dc=amcc,dc=com','',389,'','samaccountname',0,'','',2,'','homepostaladdress','sn','givenname','telephonenumber','','','',1,25200,0,'',NULL,NULL,'','','2013-04-15 06:16:15','',1,1,'Gbavu5UnCJ1b','','','','');
/*!40000 ALTER TABLE `glpi_authldaps` ENABLE KEYS */;
UNLOCK TABLES;

--
-- Table structure for table `glpi_authmails`
--

DROP TABLE IF EXISTS `glpi_authmails`;
/*!40101 SET @saved_cs_client     = @@character_set_client */;
/*!40101 SET character_set_client = utf8 */;
CREATE TABLE `glpi_authmails` (
  `id` int(11) NOT NULL AUTO_INCREMENT,
  `name` varchar(255) COLLATE utf8_unicode_ci DEFAULT NULL,
  `connect_string` varchar(255) COLLATE utf8_unicode_ci DEFAULT NULL,
  `host` varchar(255) COLLATE utf8_unicode_ci DEFAULT NULL,
  `date_mod` datetime DEFAULT NULL,
  `comment` text COLLATE utf8_unicode_ci,
  `is_active` tinyint(1) NOT NULL DEFAULT '0',
  PRIMARY KEY (`id`),
  KEY `date_mod` (`date_mod`),
  KEY `is_active` (`is_active`)
) ENGINE=MyISAM AUTO_INCREMENT=2 DEFAULT CHARSET=utf8 COLLATE=utf8_unicode_ci;
/*!40101 SET character_set_client = @saved_cs_client */;

--
-- Dumping data for table `glpi_authmails`
--

LOCK TABLES `glpi_authmails` WRITE;
/*!40000 ALTER TABLE `glpi_authmails` DISABLE KEYS */;
/*!40000 ALTER TABLE `glpi_authmails` ENABLE KEYS */;
UNLOCK TABLES;

--
-- Table structure for table `glpi_autoupdatesystems`
--

DROP TABLE IF EXISTS `glpi_autoupdatesystems`;
/*!40101 SET @saved_cs_client     = @@character_set_client */;
/*!40101 SET character_set_client = utf8 */;
CREATE TABLE `glpi_autoupdatesystems` (
  `id` int(11) NOT NULL AUTO_INCREMENT,
  `name` varchar(255) COLLATE utf8_unicode_ci DEFAULT NULL,
  `comment` text COLLATE utf8_unicode_ci,
  PRIMARY KEY (`id`),
  KEY `name` (`name`)
) ENGINE=MyISAM DEFAULT CHARSET=utf8 COLLATE=utf8_unicode_ci;
/*!40101 SET character_set_client = @saved_cs_client */;

--
-- Dumping data for table `glpi_autoupdatesystems`
--

LOCK TABLES `glpi_autoupdatesystems` WRITE;
/*!40000 ALTER TABLE `glpi_autoupdatesystems` DISABLE KEYS */;
/*!40000 ALTER TABLE `glpi_autoupdatesystems` ENABLE KEYS */;
UNLOCK TABLES;

--
-- Table structure for table `glpi_bookmarks`
--

DROP TABLE IF EXISTS `glpi_bookmarks`;
/*!40101 SET @saved_cs_client     = @@character_set_client */;
/*!40101 SET character_set_client = utf8 */;
CREATE TABLE `glpi_bookmarks` (
  `id` int(11) NOT NULL AUTO_INCREMENT,
  `name` varchar(255) COLLATE utf8_unicode_ci DEFAULT NULL,
  `type` int(11) NOT NULL DEFAULT '0' COMMENT 'see define.php BOOKMARK_* constant',
  `itemtype` varchar(100) COLLATE utf8_unicode_ci NOT NULL,
  `users_id` int(11) NOT NULL DEFAULT '0',
  `is_private` tinyint(1) NOT NULL DEFAULT '1',
  `entities_id` int(11) NOT NULL DEFAULT '-1',
  `is_recursive` tinyint(1) NOT NULL DEFAULT '0',
  `path` varchar(255) COLLATE utf8_unicode_ci DEFAULT NULL,
  `query` text COLLATE utf8_unicode_ci,
  PRIMARY KEY (`id`),
  KEY `type` (`type`),
  KEY `itemtype` (`itemtype`),
  KEY `entities_id` (`entities_id`),
  KEY `users_id` (`users_id`),
  KEY `is_private` (`is_private`),
  KEY `is_recursive` (`is_recursive`)
) ENGINE=MyISAM DEFAULT CHARSET=utf8 COLLATE=utf8_unicode_ci;
/*!40101 SET character_set_client = @saved_cs_client */;

--
-- Dumping data for table `glpi_bookmarks`
--

LOCK TABLES `glpi_bookmarks` WRITE;
/*!40000 ALTER TABLE `glpi_bookmarks` DISABLE KEYS */;
/*!40000 ALTER TABLE `glpi_bookmarks` ENABLE KEYS */;
UNLOCK TABLES;

--
-- Table structure for table `glpi_bookmarks_users`
--

DROP TABLE IF EXISTS `glpi_bookmarks_users`;
/*!40101 SET @saved_cs_client     = @@character_set_client */;
/*!40101 SET character_set_client = utf8 */;
CREATE TABLE `glpi_bookmarks_users` (
  `id` int(11) NOT NULL AUTO_INCREMENT,
  `users_id` int(11) NOT NULL DEFAULT '0',
  `itemtype` varchar(100) COLLATE utf8_unicode_ci NOT NULL,
  `bookmarks_id` int(11) NOT NULL DEFAULT '0',
  PRIMARY KEY (`id`),
  UNIQUE KEY `unicity` (`users_id`,`itemtype`),
  KEY `bookmarks_id` (`bookmarks_id`)
) ENGINE=MyISAM DEFAULT CHARSET=utf8 COLLATE=utf8_unicode_ci;
/*!40101 SET character_set_client = @saved_cs_client */;

--
-- Dumping data for table `glpi_bookmarks_users`
--

LOCK TABLES `glpi_bookmarks_users` WRITE;
/*!40000 ALTER TABLE `glpi_bookmarks_users` DISABLE KEYS */;
/*!40000 ALTER TABLE `glpi_bookmarks_users` ENABLE KEYS */;
UNLOCK TABLES;

--
-- Table structure for table `glpi_budgets`
--

DROP TABLE IF EXISTS `glpi_budgets`;
/*!40101 SET @saved_cs_client     = @@character_set_client */;
/*!40101 SET character_set_client = utf8 */;
CREATE TABLE `glpi_budgets` (
  `id` int(11) NOT NULL AUTO_INCREMENT,
  `name` varchar(255) COLLATE utf8_unicode_ci DEFAULT NULL,
  `entities_id` int(11) NOT NULL DEFAULT '0',
  `is_recursive` tinyint(1) NOT NULL DEFAULT '0',
  `comment` text COLLATE utf8_unicode_ci,
  `is_deleted` tinyint(1) NOT NULL DEFAULT '0',
  `begin_date` date DEFAULT NULL,
  `end_date` date DEFAULT NULL,
  `value` decimal(20,4) NOT NULL DEFAULT '0.0000',
  `is_template` tinyint(1) NOT NULL DEFAULT '0',
  `template_name` varchar(255) COLLATE utf8_unicode_ci DEFAULT NULL,
  `date_mod` datetime DEFAULT NULL,
  `notepad` longtext COLLATE utf8_unicode_ci,
  PRIMARY KEY (`id`),
  KEY `name` (`name`),
  KEY `is_recursive` (`is_recursive`),
  KEY `entities_id` (`entities_id`),
  KEY `is_deleted` (`is_deleted`),
  KEY `begin_date` (`begin_date`),
  KEY `is_template` (`is_template`),
  KEY `date_mod` (`date_mod`),
  KEY `end_date` (`end_date`)
) ENGINE=MyISAM DEFAULT CHARSET=utf8 COLLATE=utf8_unicode_ci;
/*!40101 SET character_set_client = @saved_cs_client */;

--
-- Dumping data for table `glpi_budgets`
--

LOCK TABLES `glpi_budgets` WRITE;
/*!40000 ALTER TABLE `glpi_budgets` DISABLE KEYS */;
/*!40000 ALTER TABLE `glpi_budgets` ENABLE KEYS */;
UNLOCK TABLES;

--
-- Table structure for table `glpi_calendars`
--

DROP TABLE IF EXISTS `glpi_calendars`;
/*!40101 SET @saved_cs_client     = @@character_set_client */;
/*!40101 SET character_set_client = utf8 */;
CREATE TABLE `glpi_calendars` (
  `id` int(11) NOT NULL AUTO_INCREMENT,
  `name` varchar(255) COLLATE utf8_unicode_ci DEFAULT NULL,
  `entities_id` int(11) NOT NULL DEFAULT '0',
  `is_recursive` tinyint(1) NOT NULL DEFAULT '0',
  `comment` text COLLATE utf8_unicode_ci,
  `date_mod` datetime DEFAULT NULL,
  `cache_duration` text COLLATE utf8_unicode_ci,
  PRIMARY KEY (`id`),
  KEY `name` (`name`),
  KEY `entities_id` (`entities_id`),
  KEY `is_recursive` (`is_recursive`),
  KEY `date_mod` (`date_mod`)
) ENGINE=MyISAM AUTO_INCREMENT=2 DEFAULT CHARSET=utf8 COLLATE=utf8_unicode_ci;
/*!40101 SET character_set_client = @saved_cs_client */;

--
-- Dumping data for table `glpi_calendars`
--

LOCK TABLES `glpi_calendars` WRITE;
/*!40000 ALTER TABLE `glpi_calendars` DISABLE KEYS */;
INSERT INTO `glpi_calendars` VALUES (1,'Default',0,1,'Default calendar',NULL,'[0,43200,43200,43200,43200,43200,0]');
/*!40000 ALTER TABLE `glpi_calendars` ENABLE KEYS */;
UNLOCK TABLES;

--
-- Table structure for table `glpi_calendars_holidays`
--

DROP TABLE IF EXISTS `glpi_calendars_holidays`;
/*!40101 SET @saved_cs_client     = @@character_set_client */;
/*!40101 SET character_set_client = utf8 */;
CREATE TABLE `glpi_calendars_holidays` (
  `id` int(11) NOT NULL AUTO_INCREMENT,
  `calendars_id` int(11) NOT NULL DEFAULT '0',
  `holidays_id` int(11) NOT NULL DEFAULT '0',
  PRIMARY KEY (`id`),
  UNIQUE KEY `unicity` (`calendars_id`,`holidays_id`),
  KEY `holidays_id` (`holidays_id`)
) ENGINE=MyISAM DEFAULT CHARSET=utf8 COLLATE=utf8_unicode_ci;
/*!40101 SET character_set_client = @saved_cs_client */;

--
-- Dumping data for table `glpi_calendars_holidays`
--

LOCK TABLES `glpi_calendars_holidays` WRITE;
/*!40000 ALTER TABLE `glpi_calendars_holidays` DISABLE KEYS */;
/*!40000 ALTER TABLE `glpi_calendars_holidays` ENABLE KEYS */;
UNLOCK TABLES;

--
-- Table structure for table `glpi_calendarsegments`
--

DROP TABLE IF EXISTS `glpi_calendarsegments`;
/*!40101 SET @saved_cs_client     = @@character_set_client */;
/*!40101 SET character_set_client = utf8 */;
CREATE TABLE `glpi_calendarsegments` (
  `id` int(11) NOT NULL AUTO_INCREMENT,
  `calendars_id` int(11) NOT NULL DEFAULT '0',
  `entities_id` int(11) NOT NULL DEFAULT '0',
  `is_recursive` tinyint(1) NOT NULL DEFAULT '0',
  `day` tinyint(1) NOT NULL DEFAULT '1' COMMENT 'numer of the day based on date(w)',
  `begin` time DEFAULT NULL,
  `end` time DEFAULT NULL,
  PRIMARY KEY (`id`),
  KEY `calendars_id` (`calendars_id`),
  KEY `day` (`day`)
) ENGINE=MyISAM AUTO_INCREMENT=6 DEFAULT CHARSET=utf8 COLLATE=utf8_unicode_ci;
/*!40101 SET character_set_client = @saved_cs_client */;

--
-- Dumping data for table `glpi_calendarsegments`
--

LOCK TABLES `glpi_calendarsegments` WRITE;
/*!40000 ALTER TABLE `glpi_calendarsegments` DISABLE KEYS */;
INSERT INTO `glpi_calendarsegments` VALUES (1,1,0,0,1,'08:00:00','20:00:00'),(2,1,0,0,2,'08:00:00','20:00:00'),(3,1,0,0,3,'08:00:00','20:00:00'),(4,1,0,0,4,'08:00:00','20:00:00'),(5,1,0,0,5,'08:00:00','20:00:00');
/*!40000 ALTER TABLE `glpi_calendarsegments` ENABLE KEYS */;
UNLOCK TABLES;

--
-- Table structure for table `glpi_cartridgeitems`
--

DROP TABLE IF EXISTS `glpi_cartridgeitems`;
/*!40101 SET @saved_cs_client     = @@character_set_client */;
/*!40101 SET character_set_client = utf8 */;
CREATE TABLE `glpi_cartridgeitems` (
  `id` int(11) NOT NULL AUTO_INCREMENT,
  `entities_id` int(11) NOT NULL DEFAULT '0',
  `name` varchar(255) COLLATE utf8_unicode_ci DEFAULT NULL,
  `ref` varchar(255) COLLATE utf8_unicode_ci DEFAULT NULL,
  `locations_id` int(11) NOT NULL DEFAULT '0',
  `cartridgeitemtypes_id` int(11) NOT NULL DEFAULT '0',
  `manufacturers_id` int(11) NOT NULL DEFAULT '0',
  `users_id_tech` int(11) NOT NULL DEFAULT '0',
  `groups_id_tech` int(11) NOT NULL DEFAULT '0',
  `is_deleted` tinyint(1) NOT NULL DEFAULT '0',
  `comment` text COLLATE utf8_unicode_ci,
  `alarm_threshold` int(11) NOT NULL DEFAULT '10',
  `notepad` longtext COLLATE utf8_unicode_ci,
  PRIMARY KEY (`id`),
  KEY `name` (`name`),
  KEY `entities_id` (`entities_id`),
  KEY `manufacturers_id` (`manufacturers_id`),
  KEY `locations_id` (`locations_id`),
  KEY `users_id_tech` (`users_id_tech`),
  KEY `cartridgeitemtypes_id` (`cartridgeitemtypes_id`),
  KEY `is_deleted` (`is_deleted`),
  KEY `alarm_threshold` (`alarm_threshold`),
  KEY `groups_id_tech` (`groups_id_tech`)
) ENGINE=MyISAM DEFAULT CHARSET=utf8 COLLATE=utf8_unicode_ci;
/*!40101 SET character_set_client = @saved_cs_client */;

--
-- Dumping data for table `glpi_cartridgeitems`
--

LOCK TABLES `glpi_cartridgeitems` WRITE;
/*!40000 ALTER TABLE `glpi_cartridgeitems` DISABLE KEYS */;
/*!40000 ALTER TABLE `glpi_cartridgeitems` ENABLE KEYS */;
UNLOCK TABLES;

--
-- Table structure for table `glpi_cartridgeitems_printermodels`
--

DROP TABLE IF EXISTS `glpi_cartridgeitems_printermodels`;
/*!40101 SET @saved_cs_client     = @@character_set_client */;
/*!40101 SET character_set_client = utf8 */;
CREATE TABLE `glpi_cartridgeitems_printermodels` (
  `id` int(11) NOT NULL AUTO_INCREMENT,
  `cartridgeitems_id` int(11) NOT NULL DEFAULT '0',
  `printermodels_id` int(11) NOT NULL DEFAULT '0',
  PRIMARY KEY (`id`),
  UNIQUE KEY `unicity` (`printermodels_id`,`cartridgeitems_id`),
  KEY `cartridgeitems_id` (`cartridgeitems_id`)
) ENGINE=MyISAM DEFAULT CHARSET=utf8 COLLATE=utf8_unicode_ci;
/*!40101 SET character_set_client = @saved_cs_client */;

--
-- Dumping data for table `glpi_cartridgeitems_printermodels`
--

LOCK TABLES `glpi_cartridgeitems_printermodels` WRITE;
/*!40000 ALTER TABLE `glpi_cartridgeitems_printermodels` DISABLE KEYS */;
/*!40000 ALTER TABLE `glpi_cartridgeitems_printermodels` ENABLE KEYS */;
UNLOCK TABLES;

--
-- Table structure for table `glpi_cartridgeitemtypes`
--

DROP TABLE IF EXISTS `glpi_cartridgeitemtypes`;
/*!40101 SET @saved_cs_client     = @@character_set_client */;
/*!40101 SET character_set_client = utf8 */;
CREATE TABLE `glpi_cartridgeitemtypes` (
  `id` int(11) NOT NULL AUTO_INCREMENT,
  `name` varchar(255) COLLATE utf8_unicode_ci DEFAULT NULL,
  `comment` text COLLATE utf8_unicode_ci,
  PRIMARY KEY (`id`),
  KEY `name` (`name`)
) ENGINE=MyISAM DEFAULT CHARSET=utf8 COLLATE=utf8_unicode_ci;
/*!40101 SET character_set_client = @saved_cs_client */;

--
-- Dumping data for table `glpi_cartridgeitemtypes`
--

LOCK TABLES `glpi_cartridgeitemtypes` WRITE;
/*!40000 ALTER TABLE `glpi_cartridgeitemtypes` DISABLE KEYS */;
/*!40000 ALTER TABLE `glpi_cartridgeitemtypes` ENABLE KEYS */;
UNLOCK TABLES;

--
-- Table structure for table `glpi_cartridges`
--

DROP TABLE IF EXISTS `glpi_cartridges`;
/*!40101 SET @saved_cs_client     = @@character_set_client */;
/*!40101 SET character_set_client = utf8 */;
CREATE TABLE `glpi_cartridges` (
  `id` int(11) NOT NULL AUTO_INCREMENT,
  `entities_id` int(11) NOT NULL DEFAULT '0',
  `cartridgeitems_id` int(11) NOT NULL DEFAULT '0',
  `printers_id` int(11) NOT NULL DEFAULT '0',
  `date_in` date DEFAULT NULL,
  `date_use` date DEFAULT NULL,
  `date_out` date DEFAULT NULL,
  `pages` int(11) NOT NULL DEFAULT '0',
  PRIMARY KEY (`id`),
  KEY `cartridgeitems_id` (`cartridgeitems_id`),
  KEY `printers_id` (`printers_id`),
  KEY `entities_id` (`entities_id`)
) ENGINE=MyISAM DEFAULT CHARSET=utf8 COLLATE=utf8_unicode_ci;
/*!40101 SET character_set_client = @saved_cs_client */;

--
-- Dumping data for table `glpi_cartridges`
--

LOCK TABLES `glpi_cartridges` WRITE;
/*!40000 ALTER TABLE `glpi_cartridges` DISABLE KEYS */;
/*!40000 ALTER TABLE `glpi_cartridges` ENABLE KEYS */;
UNLOCK TABLES;

--
-- Table structure for table `glpi_computerdisks`
--

DROP TABLE IF EXISTS `glpi_computerdisks`;
/*!40101 SET @saved_cs_client     = @@character_set_client */;
/*!40101 SET character_set_client = utf8 */;
CREATE TABLE `glpi_computerdisks` (
  `id` int(11) NOT NULL AUTO_INCREMENT,
  `entities_id` int(11) NOT NULL DEFAULT '0',
  `computers_id` int(11) NOT NULL DEFAULT '0',
  `name` varchar(255) COLLATE utf8_unicode_ci DEFAULT NULL,
  `device` varchar(255) COLLATE utf8_unicode_ci DEFAULT NULL,
  `mountpoint` varchar(255) COLLATE utf8_unicode_ci DEFAULT NULL,
  `filesystems_id` int(11) NOT NULL DEFAULT '0',
  `totalsize` int(11) NOT NULL DEFAULT '0',
  `freesize` int(11) NOT NULL DEFAULT '0',
  PRIMARY KEY (`id`),
  KEY `name` (`name`),
  KEY `device` (`device`),
  KEY `mountpoint` (`mountpoint`),
  KEY `totalsize` (`totalsize`),
  KEY `freesize` (`freesize`),
  KEY `computers_id` (`computers_id`),
  KEY `filesystems_id` (`filesystems_id`),
  KEY `entities_id` (`entities_id`)
) ENGINE=MyISAM DEFAULT CHARSET=utf8 COLLATE=utf8_unicode_ci;
/*!40101 SET character_set_client = @saved_cs_client */;

--
-- Dumping data for table `glpi_computerdisks`
--

LOCK TABLES `glpi_computerdisks` WRITE;
/*!40000 ALTER TABLE `glpi_computerdisks` DISABLE KEYS */;
/*!40000 ALTER TABLE `glpi_computerdisks` ENABLE KEYS */;
UNLOCK TABLES;

--
-- Table structure for table `glpi_computermodels`
--

DROP TABLE IF EXISTS `glpi_computermodels`;
/*!40101 SET @saved_cs_client     = @@character_set_client */;
/*!40101 SET character_set_client = utf8 */;
CREATE TABLE `glpi_computermodels` (
  `id` int(11) NOT NULL AUTO_INCREMENT,
  `name` varchar(255) COLLATE utf8_unicode_ci DEFAULT NULL,
  `comment` text COLLATE utf8_unicode_ci,
  PRIMARY KEY (`id`),
  KEY `name` (`name`)
) ENGINE=MyISAM AUTO_INCREMENT=16 DEFAULT CHARSET=utf8 COLLATE=utf8_unicode_ci;
/*!40101 SET character_set_client = @saved_cs_client */;

--
-- Dumping data for table `glpi_computermodels`
--

LOCK TABLES `glpi_computermodels` WRITE;
/*!40000 ALTER TABLE `glpi_computermodels` DISABLE KEYS */;
INSERT INTO `glpi_computermodels` VALUES (1,'Dell Latitude D630',''),(2,'Dell Latitude E6420',''),(3,'Dell Latitude E6410',''),(4,'Dell Latitude E6400',''),(5,'Lenovo T420s',''),(6,'Sunfire X4150','MicroSun X4150'),(7,'Sunfire X2200','MicroSun'),(8,'Sunfire X4100',''),(9,'Sun V100',''),(10,'NetApp FAS3240',''),(11,'Sun SL500',''),(12,'Dell 1950',''),(13,'Avocent ACS32',''),(14,'HP BLC7000 CTO 3',''),(15,'HP BL460C','');
/*!40000 ALTER TABLE `glpi_computermodels` ENABLE KEYS */;
UNLOCK TABLES;

--
-- Table structure for table `glpi_computers`
--

DROP TABLE IF EXISTS `glpi_computers`;
/*!40101 SET @saved_cs_client     = @@character_set_client */;
/*!40101 SET character_set_client = utf8 */;
CREATE TABLE `glpi_computers` (
  `id` int(11) NOT NULL AUTO_INCREMENT,
  `entities_id` int(11) NOT NULL DEFAULT '0',
  `name` varchar(255) COLLATE utf8_unicode_ci DEFAULT NULL,
  `serial` varchar(255) COLLATE utf8_unicode_ci DEFAULT NULL,
  `otherserial` varchar(255) COLLATE utf8_unicode_ci DEFAULT NULL,
  `contact` varchar(255) COLLATE utf8_unicode_ci DEFAULT NULL,
  `contact_num` varchar(255) COLLATE utf8_unicode_ci DEFAULT NULL,
  `users_id_tech` int(11) NOT NULL DEFAULT '0',
  `groups_id_tech` int(11) NOT NULL DEFAULT '0',
  `comment` text COLLATE utf8_unicode_ci,
  `date_mod` datetime DEFAULT NULL,
  `operatingsystems_id` int(11) NOT NULL DEFAULT '0',
  `operatingsystemversions_id` int(11) NOT NULL DEFAULT '0',
  `operatingsystemservicepacks_id` int(11) NOT NULL DEFAULT '0',
  `os_license_number` varchar(255) COLLATE utf8_unicode_ci DEFAULT NULL,
  `os_licenseid` varchar(255) COLLATE utf8_unicode_ci DEFAULT NULL,
  `autoupdatesystems_id` int(11) NOT NULL DEFAULT '0',
  `locations_id` int(11) NOT NULL DEFAULT '0',
  `domains_id` int(11) NOT NULL DEFAULT '0',
  `networks_id` int(11) NOT NULL DEFAULT '0',
  `computermodels_id` int(11) NOT NULL DEFAULT '0',
  `computertypes_id` int(11) NOT NULL DEFAULT '0',
  `is_template` tinyint(1) NOT NULL DEFAULT '0',
  `template_name` varchar(255) COLLATE utf8_unicode_ci DEFAULT NULL,
  `manufacturers_id` int(11) NOT NULL DEFAULT '0',
  `is_deleted` tinyint(1) NOT NULL DEFAULT '0',
  `notepad` longtext COLLATE utf8_unicode_ci,
  `is_ocs_import` tinyint(1) NOT NULL DEFAULT '0',
  `users_id` int(11) NOT NULL DEFAULT '0',
  `groups_id` int(11) NOT NULL DEFAULT '0',
  `states_id` int(11) NOT NULL DEFAULT '0',
  `ticket_tco` decimal(20,4) DEFAULT '0.0000',
  `uuid` varchar(255) COLLATE utf8_unicode_ci DEFAULT NULL,
  PRIMARY KEY (`id`),
  KEY `date_mod` (`date_mod`),
  KEY `name` (`name`),
  KEY `is_template` (`is_template`),
  KEY `autoupdatesystems_id` (`autoupdatesystems_id`),
  KEY `domains_id` (`domains_id`),
  KEY `entities_id` (`entities_id`),
  KEY `manufacturers_id` (`manufacturers_id`),
  KEY `groups_id` (`groups_id`),
  KEY `users_id` (`users_id`),
  KEY `locations_id` (`locations_id`),
  KEY `computermodels_id` (`computermodels_id`),
  KEY `networks_id` (`networks_id`),
  KEY `operatingsystems_id` (`operatingsystems_id`),
  KEY `operatingsystemservicepacks_id` (`operatingsystemservicepacks_id`),
  KEY `operatingsystemversions_id` (`operatingsystemversions_id`),
  KEY `states_id` (`states_id`),
  KEY `users_id_tech` (`users_id_tech`),
  KEY `computertypes_id` (`computertypes_id`),
  KEY `is_deleted` (`is_deleted`),
  KEY `is_ocs_import` (`is_ocs_import`),
  KEY `groups_id_tech` (`groups_id_tech`)
) ENGINE=MyISAM AUTO_INCREMENT=270 DEFAULT CHARSET=utf8 COLLATE=utf8_unicode_ci;
/*!40101 SET character_set_client = @saved_cs_client */;

--
-- Dumping data for table `glpi_computers`
--

LOCK TABLES `glpi_computers` WRITE;
/*!40000 ALTER TABLE `glpi_computers` DISABLE KEYS */;
INSERT INTO `glpi_computers` VALUES (1,0,'HCM','','','','',0,7,'','2013-02-22 10:01:56',0,0,0,'','',0,0,0,0,5,2,1,'Laptop',2,0,NULL,0,0,7,7,'0.0000',''),(2,0,'HCM....','','','Trung Duong','',8,7,'','2012-08-27 12:36:34',0,0,0,'','',0,5,0,0,0,1,1,'Server',0,0,NULL,0,8,7,0,'0.0000',''),(3,0,'HCMHGRY5Q1','HGRY5Q1','1725','Trung Duong','',0,7,'','2012-07-25 07:47:12',1,0,0,'','',0,0,0,0,3,2,0,'Laptop',1,0,NULL,0,8,7,1,'0.0000',''),(4,0,'HCM7QHJV1S','7QHJV1S','1636','Trung Duong','',8,7,'','2012-07-26 12:09:41',3,0,0,'','',0,0,0,0,1,2,0,'Laptop',1,0,NULL,0,0,7,1,'0.0000',''),(5,0,'HCMESX01','0738BD1A2E','','Trung Duong','',0,7,'SunFire X4150 (CPU AMD 2.8 ghz, 8Gb DDR2)','2013-03-07 05:51:30',4,0,0,'','',0,5,0,0,8,1,0,'Server',5,0,NULL,0,8,7,1,'0.0000',''),(6,0,'HCMLC001','0716QAT0E9','','Trung Duong','',0,7,'','2013-03-07 05:52:26',2,0,0,'','',0,5,0,0,7,1,0,'Server',5,0,NULL,0,8,7,1,'0.0000',''),(7,0,'HCMLC002','0717QAT0DF','','Trung Duong','',0,7,'','2013-03-07 05:52:26',2,0,0,'','',0,5,0,0,7,1,0,'Server',5,0,NULL,0,8,7,1,'0.0000',''),(8,0,'HCMLC003','0717QAT143','','Trung Duong','',0,7,'','2013-03-07 05:52:26',5,0,0,'','',0,5,0,0,7,1,0,'Server',5,0,NULL,0,8,7,1,'0.0000',''),(9,0,'HCMLC004','0716QAT05B','','Trung Duong','',0,7,'','2013-03-07 05:52:26',5,0,0,'','',0,5,0,0,7,1,0,'Server',5,0,NULL,0,8,7,1,'0.0000',''),(10,0,'HCMLC009','0716QAT083','','Trung Duong','',0,7,'','2013-03-07 05:52:26',5,0,0,'','',0,5,0,0,7,1,0,'Server',5,0,NULL,0,8,7,1,'0.0000',''),(11,0,'HCMLC006','0717QAT0C2','','Trung Duong','',0,7,'','2013-03-07 05:52:26',5,0,0,'','',0,5,0,0,7,1,0,'Server',5,0,NULL,0,8,7,1,'0.0000',''),(12,0,'HCMLC007','0735QAT11F','','Trung Duong','',0,7,'','2013-03-07 05:52:26',5,0,0,'','',0,5,0,0,7,1,0,'Server',5,0,NULL,0,8,7,1,'0.0000',''),(13,0,'HCMLC008','0717QAT0B9','','Trung Duong','',0,7,'','2013-03-07 05:52:26',5,0,0,'','',0,5,0,0,7,1,0,'Server',5,0,NULL,0,8,7,1,'0.0000',''),(14,0,'HCMLC005','0716QAT102','','Trung Duong','',0,7,'','2013-03-07 05:52:26',5,0,0,'','',0,5,0,0,7,1,0,'Server',5,0,NULL,0,8,7,1,'0.0000',''),(15,0,'HCMLC010','0716QAT086','','Trung Duong','',0,7,'','2013-03-07 05:52:26',0,0,0,'','',0,5,0,0,7,1,0,'Server',5,0,NULL,0,8,7,6,'0.0000',''),(16,0,'HCMLC011','0908QAR0C7','','Trung Duong','',0,7,'','2013-03-07 05:52:26',5,0,0,'','',0,5,0,0,6,1,0,'Server',5,0,NULL,0,8,7,1,'0.0000',''),(17,0,'HCMNBU01','0738BD1804','','Trung Duong','',0,7,'Sunfire X4100 (CPU AMD 2.8 ghz, 8Gb)','2013-03-07 05:51:30',5,0,0,'','',0,5,0,0,8,1,0,'Server',5,0,NULL,0,8,7,1,'0.0000',''),(18,0,'HCMLIC01','FV40210006','','Trung Duong','',0,7,'','2013-03-07 05:51:30',10,0,0,'','',0,5,0,0,9,1,0,'Server',5,0,NULL,0,8,7,1,'0.0000',''),(19,0,'HCMLIC02','FV40210049','','Trung Duong','',0,7,'','2013-03-07 05:51:30',10,0,0,'','',0,5,0,0,9,1,0,'Server',5,0,NULL,0,8,7,1,'0.0000',''),(20,0,'HCMLIC03','FV35140107','','Trung Duong','',0,7,'','2013-03-07 05:51:30',10,0,0,'','',0,5,0,0,9,1,0,'Server',5,0,NULL,0,8,7,1,'0.0000',''),(21,0,'HCMJUMP01','FV42540001','','Trung Duong','',0,7,'','2013-03-07 05:51:30',10,0,0,'','',0,5,0,0,9,1,0,'Server',5,0,NULL,0,8,7,1,'0.0000',''),(22,0,'HCMESX01','','','Trung Duong','',0,7,'','2012-07-25 11:44:10',2,0,0,'','',0,5,0,0,8,1,0,'Server',5,1,NULL,0,8,7,1,'0.0000',''),(23,0,'HCMHBDDWM1','HBDDWM1','1739','Le Doan Cuong','',0,8,'Transferred to Le Doan Cuong (SW) Reporting to Sang Pham on Jan 14, 2013\r\nReturned on Dec 28, 2012','2013-02-28 04:59:16',1,0,0,'','',0,3,0,0,2,2,0,'Laptop',1,0,NULL,0,0,8,1,'0.0000',''),(24,0,'HCMR9LM2P6','R9PRP5A','1802','Tu Tran','',0,1,'','2012-08-07 06:11:35',1,0,0,'','',0,3,0,0,5,2,0,'Laptop',2,0,NULL,0,0,1,1,'0.0000',''),(25,0,'HCMDXR752S','DXR7525','1700','Dat Nguyen','',0,1,'','2012-12-03 05:12:04',1,0,0,'','',0,3,0,0,4,2,0,'Laptop',1,0,NULL,0,0,1,1,'0.0000',''),(26,0,'HCM3YR752S','3YR752S','1692','Bao Xuan Nguyen','',0,2,'- Sent to Tecapro for warranty on Feb 28, 2013 (Triet old temparoty)\r\n- Sent to Bao for using on April 1, 2013','2013-04-02 05:31:48',1,0,0,'','',0,3,0,0,4,2,0,'Laptop',1,0,NULL,0,21,2,1,'0.0000',''),(27,0,'HCMR9LM2NV','R9LM2NV','1791','Ngon Bui','',0,1,'','2012-07-26 11:12:33',1,0,0,'','',0,3,0,0,5,2,0,'Laptop',2,0,NULL,0,0,1,1,'0.0000',''),(28,0,'HCMHZDDWM1','HZDDWM1','1747','Ty Doan','',0,1,'5c26.0a63.b1f1','2013-03-22 06:23:30',1,0,0,'','',0,3,0,0,2,2,0,'Laptop',1,0,NULL,0,111,1,1,'0.0000',''),(29,0,'HCMGKQY5Q1','GKQY5Q1','1723','Dai Nguyen','',0,1,'','2012-07-26 11:22:07',1,0,0,'','',0,3,0,0,3,2,0,'Laptop',1,0,NULL,0,0,1,1,'0.0000',''),(30,0,'HCMBYR752S','BYR752S','1693','Thuy Hoang','',0,1,'','2012-07-26 11:26:11',9,0,0,'','',0,3,0,0,4,2,0,'Laptop',1,0,NULL,0,0,1,1,'0.0000',''),(31,0,'HCMD5DDWM1','D5DDWM1','1741','Noi Huynh','',0,1,'','2012-07-26 11:30:07',1,0,0,'','',0,3,0,0,2,2,0,'Laptop',1,0,NULL,0,0,1,1,'0.0000',''),(32,0,'HCMBXR752S','BXR752S','1705','Phat Sy','',0,1,'','2012-07-26 11:33:52',9,0,0,'','',0,3,0,0,4,2,0,'Laptop',1,0,NULL,0,0,1,1,'0.0000',''),(33,0,'HCMBHLDWM1','BHLDWM1','1768','Toa Nguyen','',0,1,'','2012-07-26 11:45:51',1,0,0,'','',0,3,0,0,2,2,0,'Laptop',1,0,NULL,0,0,1,1,'0.0000',''),(34,0,'HCMGXR752S','GXR752S','1694','Nghia Nguyen','',0,1,'','2012-07-26 11:47:29',9,0,0,'','',0,3,0,0,4,2,0,'Laptop',1,0,NULL,0,0,1,1,'0.0000',''),(35,0,'HCMHTQY5Q1','HTQY5Q1','1721','Nguyen Pham','',0,1,'','2012-07-26 11:51:35',9,0,0,'','',0,3,0,0,3,2,0,'Laptop',1,0,NULL,0,0,1,1,'0.0000',''),(36,0,'HCMHPZ58F1','HPZ58F1','891','IT Room','',0,7,'','2013-03-07 06:07:38',9,0,0,'','',0,3,0,0,1,2,0,'Laptop',1,0,NULL,0,0,7,5,'0.0000',''),(37,0,'HCM7YR752S','7YR752S','1689','Hoan Tran','',0,8,'Anh Tuan Nguyen turned it back on Nov 30, 2012\r\n','2013-02-25 12:18:54',1,0,0,'','',0,4,0,0,4,2,0,'Laptop',1,0,NULL,0,0,8,1,'0.0000',''),(38,0,'HCM5YR752S','5YR752S','1702','Can Tong','',0,1,'','2012-08-20 07:16:20',9,0,0,'','',0,3,0,0,4,2,0,'Laptop',1,0,NULL,0,0,1,1,'0.0000',''),(39,0,'HCMHXR752S','HXR752S','1695','Tung Ngo','',0,1,'','2012-07-26 12:25:53',9,0,0,'','',0,3,0,0,4,2,0,'Laptop',1,0,NULL,0,0,1,1,'0.0000',''),(40,0,'HCMFXR752S','FXR752S','1707','Khanh Ta','',0,1,'','2012-07-27 05:14:20',9,0,0,'','',0,3,0,0,4,2,0,'Laptop',1,0,NULL,0,0,1,1,'0.0000',''),(41,0,'HCMR9LM2P1','R9LM2P1','1774','Toan Nguyen','',0,1,'','2012-11-26 05:48:35',1,0,0,'','',0,3,0,0,5,2,0,'Laptop',2,0,NULL,0,0,1,1,'0.0000',''),(42,0,'HCMCXR752S','CXR752S','1706','Quy Pham','',0,1,'','2012-07-27 12:27:58',9,0,0,'','',0,3,0,0,4,2,0,'Laptop',1,0,NULL,0,0,1,1,'0.0000',''),(43,0,'HCM2YR752S','2YR752S','1704','Hao Thanh Nguyen','',0,1,'- HDD failed. IT is keeping\r\n- Hao is using (this was Triet\'s one before)','2013-04-01 10:40:03',9,0,0,'','',0,3,0,0,4,2,0,'Laptop',1,0,NULL,0,39,1,1,'0.0000',''),(44,0,'HCMR9LM2P8','R9LM2P8','1777','Huy Bui','',0,1,'','2012-07-27 12:38:05',1,0,0,'','',0,3,0,0,5,2,0,'Laptop',2,0,NULL,0,0,1,1,'0.0000',''),(45,0,'HCMGLQY5Q1','GLQY5Q1','1720','Bach Nguyen','',0,1,'','2012-12-17 12:30:07',9,0,0,'','',0,3,0,0,3,2,0,'Laptop',1,0,NULL,0,0,1,1,'0.0000',''),(46,0,'HCMGDDWM1','GDDWM1','1755','Suong Le','',0,1,'','2012-07-27 12:49:27',1,0,0,'','',0,3,0,0,2,2,0,'Laptop',1,0,NULL,0,0,1,1,'0.0000',''),(47,0,'HCM6MQY5Q1','6MQY5Q1','1717','Thang Phan','',0,1,'Sent to Tecapro for taking warranty on Jan 2, 2013 (Phuc)','2013-01-02 06:41:26',9,0,0,'','',0,3,0,0,3,2,0,'Laptop',1,0,NULL,0,0,1,5,'0.0000',''),(48,0,'HCM3PHJV1S','3PHJV1S','1647','Ty Doan','',0,1,'testing','2012-07-30 06:20:34',9,0,0,'','',0,3,0,0,1,2,0,'Laptop',1,0,NULL,0,0,1,1,'0.0000',''),(49,0,'HCM8NJDWM1','8NJDWM1','1767','Tuan Nguyen','',0,3,'','2012-07-30 10:07:38',1,0,0,'','',0,4,0,0,2,2,0,'Laptop',1,0,NULL,0,0,3,1,'0.0000',''),(50,0,'HCMR9LM2PR','R9LM2PR','1788','Tu Quang Nguyen','',0,3,'','2013-03-04 05:39:04',1,0,0,'','',0,4,0,0,5,2,0,'Laptop',2,0,NULL,0,0,3,1,'0.0000',''),(51,0,'apmdell','7PFDWM1','1758','Khoa Tram','',0,3,'','2013-03-05 10:22:37',3,0,0,'','',0,4,0,0,2,2,0,'Laptop',1,0,NULL,0,75,3,1,'0.0000',''),(52,0,'HCM8FDDWM1','8FDDWM1','1744','Thai Tran','',0,3,'','2012-08-16 12:20:28',1,0,0,'','',0,4,0,0,2,2,0,'Laptop',1,0,NULL,0,0,3,1,'0.0000',''),(53,0,'HCMDDGGWM1','DDGGWM1','1735','Tho Pham','',0,3,'','2012-07-30 10:34:06',1,0,0,'','',0,4,0,0,2,2,0,'Laptop',1,0,NULL,0,0,3,1,'0.0000',''),(54,0,'HCM6QHJV1S','6QHJV1S','1632','IT Room','',0,7,'','2013-03-07 06:08:05',9,0,0,'','',0,3,0,0,1,2,0,'Laptop',1,0,NULL,0,0,7,7,'0.0000',''),(55,0,'HCMBJJDWM1','BJJDWM1','1765','Phong Tran','',0,3,'','2012-08-16 12:20:41',1,0,0,'','',0,4,0,0,2,2,0,'Laptop',1,0,NULL,0,0,3,1,'0.0000',''),(56,0,'HCM5LFDWM1 ','5LFDWM1 ','1760','Hieu Nguyen','',0,3,'','2012-07-30 10:46:36',1,0,0,'','',0,4,0,0,2,2,0,'Laptop',1,0,NULL,0,0,3,1,'0.0000',''),(57,0,'HCMD1N4QF1','D1N4QF1','0936','Hien Phan','',0,2,'2. Assign to Hien Phan (loaner)\r\n1.Thu Pham loan, meeting with DELL\r\n','2013-03-21 10:33:49',9,0,0,'','',0,3,0,0,1,2,0,'Laptop',1,0,NULL,0,59,2,1,'0.0000',''),(58,0,'HCM77KDWM1','77KDWM1','1763','Ngoc Truong','',0,3,'','2012-07-30 10:55:23',1,0,0,'','',0,4,0,0,2,2,0,'Laptop',1,0,NULL,0,0,3,1,'0.0000',''),(59,0,'HCMC4FDWM1','C4FDWM1','1752','Su Dinh','',0,3,'','2012-07-30 10:56:47',1,0,0,'','',0,4,0,0,2,2,0,'Laptop',1,0,NULL,0,0,3,1,'0.0000',''),(60,0,'HCM5MKDWM1','5MKDWM1','1754','Hung Luu','',0,9,'','2012-07-30 11:29:17',1,0,0,'','',0,4,0,0,2,2,0,'Laptop',1,0,NULL,0,0,9,1,'0.0000',''),(61,0,'HCM4TQY5Q1','4TQY5Q1','1712','Minh Le','',0,9,'','2012-08-16 12:40:18',9,0,0,'','',0,4,0,0,3,2,0,'Laptop',1,0,NULL,0,0,9,1,'0.0000',''),(62,0,'HCM3KQY5Q1','3KQY5Q1','1714','Vinh Phuc Nguyen','',0,9,'','2013-01-18 11:07:39',9,0,0,'','',0,4,0,0,3,2,0,'Laptop',1,0,NULL,0,0,9,1,'0.0000',''),(63,0,'HCM55SY5Q1','55SY5Q1','1708','Han Luong','',0,9,'','2012-07-30 11:38:23',9,0,0,'','',0,4,0,0,3,2,0,'Laptop',1,0,NULL,0,0,9,1,'0.0000',''),(64,0,'HCM76FDWM1','76FDWM1','1749','Long Hoang','',0,8,'- Thong Le\'s old\r\nLong receive 26 Dec 2012','2012-12-26 09:24:27',1,0,0,'','',0,4,0,0,2,2,0,'Laptop',1,0,NULL,0,0,8,1,'0.0000',''),(65,0,'HCMCQHJV1S','CQHJV1S','1641','IT Room','',0,7,'','2013-03-07 06:12:22',9,0,0,'','',0,3,0,0,1,2,0,'Laptop',1,0,NULL,0,0,7,5,'0.0000',''),(66,0,'HCMFDHDWM1','FDHDWM1','1750','Huy Vo','',0,1,'','2012-07-31 06:40:40',1,0,0,'','',0,3,0,0,2,2,0,'Laptop',1,0,NULL,0,0,1,1,'0.0000',''),(67,0,'HCMF8DDWM1','F8DDWM1','1745','Truong Le Bao','',0,8,'Transferred to new hire on Jan 14, 2013 - Truong Le Bao (SW) - Reporting to Hien Pham\r\n(Vu Ngo)Returned on Dec 28, 2008','2013-01-14 04:36:36',1,0,0,'','',0,4,0,0,2,2,0,'Laptop',1,0,NULL,0,0,3,1,'0.0000',''),(68,0,'HCMDGFDWM1','DGFDWM1','1730','Tuan Phan Viet Nguyen','',0,9,'','2013-01-02 09:40:36',1,0,0,'','',0,4,0,0,2,2,0,'Laptop',1,0,NULL,0,0,9,1,'0.0000',''),(69,0,'HCM84SY5Q1','84SY5Q1','1709','Hoang Nguyen','',0,4,'','2012-08-02 07:41:40',1,0,0,'','',0,4,0,0,3,2,0,'Laptop',1,0,NULL,0,0,4,1,'0.0000',''),(70,0,'APM-laptop','FYR752S','1690','Hanh Ha','',0,4,'','2013-03-05 10:22:25',3,0,0,'','',0,4,0,0,4,2,0,'Laptop',1,0,NULL,0,44,4,1,'0.0000',''),(71,0,'HCMR9LM2P7','R9LM2P7','1793','Sang Mai','',0,4,'','2013-03-07 07:08:46',1,0,0,'','',0,4,0,0,5,2,0,'Laptop',2,0,NULL,0,105,4,1,'0.0000',''),(72,0,'HCMGTDDWM1','GTDDWM1','1734','Tan Le','',0,4,'','2012-08-02 10:33:16',1,0,0,'','',0,4,0,0,2,2,0,'Laptop',1,0,NULL,0,0,4,1,'0.0000',''),(73,0,'HCM2RQY5Q1','2RQY5Q1','1710','Hung Ngo','',0,4,'','2012-08-02 10:35:37',9,0,0,'','',0,4,0,0,3,2,0,'Laptop',1,0,NULL,0,0,4,1,'0.0000',''),(74,0,'HCMGSQY6Q1','GSQY6Q1','1719','Hieu Bui','',0,4,'','2012-08-16 11:25:10',9,0,0,'','',0,4,0,0,3,2,0,'Laptop',1,0,NULL,0,0,4,1,'0.0000',''),(75,0,'HCMH7FDWM1','H7FDWM1','1764','Hoa Lu','',0,4,'','2012-08-02 10:38:44',1,0,0,'','',0,4,0,0,2,2,0,'Laptop',1,0,NULL,0,0,4,1,'0.0000',''),(76,0,'HCM4CDDWM1','4CDDWM1','1729','Son pham','',0,4,'Was stolen','2013-02-22 09:35:01',1,0,0,'','',0,4,0,0,2,2,0,'Laptop',1,0,NULL,0,0,4,6,'0.0000',''),(77,0,'HCMR9LM2PM','R9LM2PM','1783','Thang Nguyen','',0,2,'','2012-11-26 11:32:41',1,0,0,'','',0,3,0,0,5,2,0,'Laptop',2,0,NULL,0,0,2,1,'0.0000',''),(78,0,'HCMFYKT9F1','FYKT9F1','30','IT Room','',0,7,'for testing','2013-03-07 06:12:22',9,0,0,'','',0,3,0,0,1,2,0,'Laptop',1,0,NULL,0,0,7,1,'0.0000',''),(79,0,'HCM','DQTPKF1','939','IT Room','',0,7,'for testing','2013-03-07 06:12:22',9,0,0,'','',0,3,0,0,1,2,0,'Laptop',1,0,NULL,0,0,7,1,'0.0000',''),(80,0,'HCMBLFDWM1','BLFDWM1','1761','Trung Le','',0,4,'Had been stolen','2013-02-22 09:35:25',1,0,0,'','',0,4,0,0,2,2,0,'Laptop',1,0,NULL,0,0,4,6,'0.0000',''),(81,0,'HCM86DDWM1','86DDWM1','1740','Viet Phan','',0,4,'','2012-08-06 12:15:31',1,0,0,'','',0,4,0,0,2,2,0,'Laptop',1,0,NULL,0,0,4,1,'0.0000',''),(82,0,'HCM2BDDWM1','2BDDWM1','1736','Tao Ba Tran','',0,4,'','2013-03-05 12:15:12',1,0,0,'','',0,4,0,0,2,2,0,'Laptop',1,0,NULL,0,109,4,1,'0.0000',''),(83,0,'HCMR9LM2PL','R9LM2PL','1795','Anh Le','',0,4,'','2012-08-06 12:22:25',1,0,0,'','',0,4,0,0,5,2,0,'Laptop',2,0,NULL,0,0,4,1,'0.0000',''),(84,0,'HCMF5K4Y1S','F5K4Y1S','1674','Cong Pham','',0,2,'Loaner on Mar 19, 2013','2013-03-19 06:17:15',9,0,0,'','',0,3,0,0,1,2,0,'Laptop',1,0,NULL,0,25,2,1,'0.0000',''),(85,0,'HCMCH1RT1S','CH1RT1S','1657','IT Room','',0,7,'','2013-03-07 06:12:22',9,0,0,'','',0,3,0,0,1,2,0,'Laptop',1,0,NULL,0,0,7,1,'0.0000',''),(86,0,'HCMR9LM2P6','R9LM2P6','1790','Phong Vo','',0,8,'fan fail , bao hanh','2013-02-22 09:24:55',1,0,0,'','',0,4,0,0,5,2,0,'Laptop',2,0,NULL,0,0,8,1,'0.0000',''),(87,0,'HCMR9LM2PC','R9PRP5X','1806','Thao Le','',0,5,'','2012-08-07 06:42:59',1,0,0,'','',0,3,0,0,5,2,0,'Laptop',2,0,NULL,0,0,5,1,'0.0000',''),(88,0,'HCMR9LM2P0','R9LM2P0','1775','Toan Thanh Le','',0,7,'Toan Thanh Le: Jan 2, 2013\r\nTrung IT keeping','2013-02-22 09:25:53',1,0,0,'','',0,3,0,0,5,2,0,'Laptop',2,0,NULL,0,0,1,1,'0.0000',''),(89,0,'HCM6NHJV1S','6NHJV1S','1644','Thu Pham','',0,8,'- Thu Nguyen loan on Jan 16, 2013 (retired)\r\n- Changed for Thu Pham (old one is B5K4Y1S) - on Feb 6, 2013','2013-02-06 10:07:17',9,0,0,'','',0,3,0,0,1,2,0,'Laptop',1,0,NULL,0,0,8,1,'0.0000',''),(90,0,'HCMR9PRP57','R9PRP57','1813','Hoang Nguyen','',0,2,'','2012-08-07 10:32:46',1,0,0,'','',0,3,0,0,5,2,0,'Laptop',2,0,NULL,0,0,2,1,'0.0000',''),(91,0,'HCMR9PRP5L','R9PRP5L','1804','Truong Pham','',0,3,'','2012-08-08 09:38:24',1,0,0,'','',0,4,0,0,5,2,0,'Laptop',2,0,NULL,0,0,3,1,'0.0000',''),(92,0,'HCMR9PRP5P','R9PRP5P','1814','Nhut Nguyen','',0,3,'','2012-08-08 09:40:17',1,0,0,'','',0,4,0,0,5,2,0,'Laptop',2,0,NULL,0,0,3,1,'0.0000',''),(93,0,'HCMR9PRP61','R9PRP61','1817','Hai Chi Nguyen','',0,3,'','2013-03-04 05:30:09',1,0,0,'','',0,4,0,0,5,2,0,'Laptop',2,0,NULL,0,0,3,1,'0.0000',''),(94,0,'HCMR9LM2P3','R9LM2P3','1771','John Vien','',0,2,'','2012-08-09 06:20:55',1,0,0,'','',0,3,0,0,5,2,0,'Laptop',2,0,NULL,0,0,2,1,'0.0000',''),(95,0,'HCMR9LM2P2','R9LM2P2','1776','Hanh Luyen','',0,4,'','2012-08-09 06:25:07',1,0,0,'','',0,4,0,0,5,2,0,'Laptop',2,0,NULL,0,0,4,1,'0.0000',''),(96,0,'HCMR9LM2PH','R9LM2PH','1778','Duong Dang','',0,4,'Warranty #1 on Jan 23, 2013 - Fan error','2013-01-23 10:42:31',1,0,0,'','',0,4,0,0,5,2,0,'Laptop',2,0,NULL,0,0,4,1,'0.0000',''),(97,0,'HCMR9LM2PE','R9LM2PE','1780','Tuan Duy Anh Nguyen','',0,4,'Dien Luong returned on 12 Jan 2013 and transferred to Tuan Duya Anh Nguye (ASIC) - Contractor','2013-01-14 04:42:33',1,0,0,'','',0,4,0,0,5,2,0,'Laptop',2,0,NULL,0,0,4,1,'0.0000',''),(98,0,'HCMR9LM2PP','R9LM2PP','1781','Uy Van','',0,4,'','2012-08-15 11:45:32',1,0,0,'','',0,4,0,0,5,2,0,'Laptop',2,1,NULL,0,0,4,1,'0.0000',''),(99,0,'HCMR9LM2PG','R9LM2PG','1784','Quan Nguyen','',0,8,'','2012-08-09 11:15:40',1,0,0,'','',0,4,0,0,5,2,0,'Laptop',2,0,NULL,0,0,8,1,'0.0000',''),(100,0,'HCMR9LM2PK','R9LM2PK','1785','Tin Huynh','',0,8,'','2012-08-09 11:15:40',1,0,0,'','',0,4,0,0,5,2,0,'Laptop',2,0,NULL,0,0,8,1,'0.0000',''),(101,0,'HCMR9LM2PT','R9LM2PT','1786','Khuong Dinh','',0,8,'','2012-08-09 11:15:40',1,0,0,'','',0,4,0,0,5,2,0,'Laptop',2,0,NULL,0,0,8,1,'0.0000',''),(102,0,'HCMR9LM2NZ','R9LM2PA','1787','My Huynh','',0,5,'','2012-08-10 06:42:35',1,0,0,'','',0,3,0,0,5,2,0,'Laptop',2,0,NULL,0,0,5,1,'0.0000',''),(103,0,'HCMR9LM2PB','R9LM2PB','1789','Tien Vo','',0,1,'','2012-12-12 11:34:39',1,0,0,'','',0,3,0,0,5,2,0,'Laptop',2,0,NULL,0,0,1,1,'0.0000',''),(104,0,'HCMR9LM2P4','R9LM2P4','1792','Thang Quyet Nguyen','',0,8,'','2013-03-04 05:43:58',1,0,0,'','',0,4,0,0,5,2,0,'Laptop',2,0,NULL,0,0,8,1,'0.0000',''),(105,0,'HCMR9LM2NY','R9LM2NY','1794','Khiet Huynh','',0,2,'','2012-08-17 05:36:14',1,0,0,'','',0,4,0,0,5,2,0,'Laptop',2,1,NULL,0,0,2,1,'0.0000',''),(106,0,'HCMR9LM2NX','R9LM2NX','1796','Kien Ngo','',0,8,'','2012-08-09 11:15:40',1,0,0,'','',0,4,0,0,5,2,0,'Laptop',2,0,NULL,0,0,8,1,'0.0000',''),(107,0,'HCMR9LM2NW1','R9LM2NW','1797','Triet Tran','',0,1,'Triet Tran (HW) - Replaced for E6400 HDD failure','2013-03-07 06:05:04',1,0,0,'','',0,3,0,0,5,2,0,'Laptop',2,0,NULL,0,0,1,1,'0.0000',''),(108,0,'HCMR9LM2PO','R9LM2NZ','1772','Thu Ba Nguyen','',0,8,'','2012-08-10 06:43:07',1,0,0,'','',0,4,0,0,5,2,0,'Laptop',2,0,NULL,0,0,8,1,'0.0000',''),(109,0,'HCMR9LM2P5','R9LM2P5','1773','Luc Ton','',0,2,'','2012-08-09 07:54:51',1,0,0,'','',0,3,0,0,5,2,0,'Laptop',2,0,NULL,0,0,2,1,'0.0000',''),(110,0,'HCMR9LM2PD','R9LM2PD','1782','Thu Cao','',0,8,'','2012-08-09 07:56:47',1,0,0,'','',0,4,0,0,5,2,0,'Laptop',2,0,NULL,0,0,8,1,'0.0000',''),(111,0,'HCMR9LM2P9','R9LM2P9','1798','Van Tran','',0,8,'','2012-08-09 08:00:11',1,0,0,'','',0,4,0,0,5,2,0,'Laptop',2,0,NULL,0,0,8,1,'0.0000',''),(112,0,'HCMR9LM2PN','R9LM2PN','1799','Chuong Tran','',0,8,'Port: Gi3/29 ','2013-02-01 09:38:52',1,0,0,'','',0,4,0,0,5,2,0,'Laptop',2,0,NULL,0,0,8,1,'0.0000',''),(113,0,'HCMR9LM2PF','R9LM2PF','1779','Thong Le - Contractor','',0,7,'Sent it to Thong Le - Contractor on Jan 25, 2013 (service tag is R9LM2PF','2013-01-25 05:49:01',1,0,0,'','',0,3,0,0,5,2,0,'Laptop',2,0,NULL,0,0,7,1,'0.0000',''),(114,0,'HCMR9LM2PA','R9LM2PC','1770','Anh Van Nguyen Quang','',0,4,'','2012-08-10 06:42:07',1,0,0,'','',0,4,0,0,5,2,0,'Laptop',2,0,NULL,0,0,4,1,'0.0000',''),(115,0,'HCM48DDWM1','48DDWM1','1742','Lai Pham','',0,2,'','2012-08-09 11:23:31',1,0,0,'','',0,3,0,0,2,2,0,'Laptop',1,0,NULL,0,0,2,1,'0.0000',''),(116,0,'HCMFH1RT1S','H9H1LF1','027','IT Room','',0,7,'','2013-03-07 06:12:22',9,0,0,'','',0,3,0,0,1,2,0,'Laptop',1,0,NULL,0,0,7,1,'0.0000',''),(117,0,'HCM20DCWB1','20DCWB1','0945','IT Room','',0,7,'','2013-03-07 06:12:22',9,0,0,'','',0,3,0,0,1,2,0,'Laptop',1,0,NULL,0,0,7,1,'0.0000',''),(118,0,'HCMCQDDWM1','CQDDWM1','1728','Ngoc Le','',0,0,'Transferred to Ngoc Le on Mar 22, 2013 \r\nHDD swapped with Tien Nguyen','2013-03-22 11:56:14',1,0,0,'','',0,3,0,0,2,2,0,'Laptop',1,0,NULL,0,92,2,1,'0.0000',''),(119,0,'HCM8J1RT1S','8J1RT1S','1666','Dan Nguyen','',0,2,'','2012-08-09 12:02:42',9,0,0,'','',0,3,0,0,1,2,0,'Laptop',1,0,NULL,0,0,2,1,'0.0000',''),(120,0,'HCM','41N4QF1','0932','Dan Nguyen','',0,2,'','2012-08-09 12:04:30',9,0,0,'','',0,3,0,0,1,2,0,'Laptop',1,0,NULL,0,0,2,1,'0.0000',''),(121,0,'HCM','GJ1RT1S','1673','Dan Nguyen','',0,2,'','2012-08-09 12:05:28',9,0,0,'','',0,3,0,0,1,2,0,'Laptop',1,0,NULL,0,0,2,1,'0.0000',''),(122,0,'HCM4MFDWM1','4MFDWM1','1753','Tien Van Nguyen','',0,2,'Sent on Jan 23, 2013 for taking warranty- It is OK','2013-03-22 12:02:17',1,0,0,'','',0,3,0,0,2,2,0,'Laptop',1,0,NULL,0,137,2,1,'0.0000',''),(123,0,'HCM6YR752S','6YR752S','1699','Danh La','',0,4,'','2012-08-10 05:48:21',1,0,0,'','',0,4,0,0,4,2,0,'Laptop',1,0,NULL,0,0,4,1,'0.0000',''),(124,0,'HCMCYR752S','CYR752S','1697','Huy Tran','',0,4,'','2012-08-10 06:02:15',9,0,0,'','',0,4,0,0,4,2,0,'Laptop',1,0,NULL,0,0,4,1,'0.0000',''),(125,0,'HCM9SQY5Q1','9SQY5Q1','1718','Hung Nguyen','',0,2,'','2012-08-10 06:00:35',1,0,0,'','',0,3,0,0,3,2,0,'Laptop',1,0,NULL,0,0,2,1,'0.0000',''),(126,0,'HCM48DDWM1','48DDWM1','1742','Lai Pham','',0,2,'','2012-08-17 05:22:48',1,0,0,'','',0,3,0,0,2,2,0,'Laptop',1,1,NULL,0,0,2,1,'0.0000',''),(127,0,'HCMG4FDWM1','G4FDWM1','1769','Hien Phan','',0,2,'Transferred to Hien Phan on Mar 22, 2013','2013-03-22 11:47:59',1,0,0,'','',0,3,0,0,2,2,0,'Laptop',1,0,NULL,0,59,2,1,'0.0000',''),(128,0,'HCMJMFDWM1','JMFDWM1','1766','Can Tran','',0,2,'','2012-08-10 06:09:43',1,0,0,'','',0,3,0,0,2,2,0,'Laptop',1,0,NULL,0,0,2,1,'0.0000',''),(129,0,'HCMH2DDWM1','H2DDWM1','1731','Huyen Bui','',0,2,'MAC: 5c26.0a5e.4a12\r\n5c260a5e4a12','2013-03-18 10:10:21',1,0,0,'','',0,3,0,0,2,2,0,'Laptop',1,0,NULL,0,61,2,1,'0.0000',''),(130,0,'HCMFCTY5Q1','FCTY5Q1','1726','Nhan Nguyen','',0,2,'','2012-08-10 07:20:03',1,0,0,'','',0,3,0,0,3,2,0,'Laptop',1,0,NULL,0,0,2,1,'0.0000',''),(131,0,'HCM55GDWM1','55GDWM1','1762','Hung Vu','',0,2,'','2012-08-10 06:14:01',1,0,0,'','',0,3,0,0,2,2,0,'Laptop',1,0,NULL,0,0,2,1,'0.0000',''),(132,0,'HCMR9LM2NY','R9LM2NY','1794','Nguyen Sy Nguyen','',0,2,'','2013-03-04 05:48:24',1,0,0,'','',0,3,0,0,5,2,0,'Laptop',2,0,NULL,0,0,2,1,'0.0000',''),(133,0,'HCMJ3DDWM1','J3DDWM1','1738','Khanh Ngo','',0,2,'','2012-08-10 07:13:07',1,0,0,'','',0,3,0,0,2,2,0,'Laptop',1,0,NULL,0,0,2,1,'0.0000',''),(134,0,'HCMH6MDWM1','H6MDWM1','1748','Thao Nguyen','',0,2,'','2012-08-20 07:48:07',1,0,0,'','',0,3,0,0,2,2,0,'Laptop',1,0,NULL,0,0,2,1,'0.0000',''),(135,0,'HCMCXTY5Q1','CXTY5Q1','1727','Hoa Dinh Nguyen','',0,2,'','2013-01-14 05:50:08',1,0,0,'','',0,3,0,0,3,2,0,'Laptop',1,0,NULL,0,0,2,1,'0.0000',''),(136,0,'HCM9WJ14R1','9WJ14R1','2350','Duy Vo','',0,2,'','2013-03-07 07:12:20',1,0,0,'','',0,3,0,0,2,2,0,'Laptop',1,0,NULL,0,38,2,1,'0.0000',''),(137,0,'HCM4BH1LF1','1BH1LF1','036','Hien Phan','',0,2,'','2012-08-14 12:42:18',9,0,0,'','',0,3,0,0,1,2,0,'Laptop',1,0,NULL,0,0,2,1,'0.0000',''),(138,0,'HCM56K4Y1S','56K4Y1S','1680','Ngoc Le','',0,2,'','2013-03-22 11:54:12',9,0,0,'','',0,3,0,0,1,2,0,'Laptop',1,0,NULL,0,92,2,1,'0.0000',''),(139,0,'HCMG4DDWM1','G4DDWM1','1732','Cong Pham','',0,2,'','2012-08-14 12:45:58',1,0,0,'','',0,3,0,0,2,2,0,'Laptop',1,0,NULL,0,0,2,1,'0.0000',''),(140,0,'HCMBMFDWM1','BMFDWM1','1759','Quang Han','',0,4,'','2012-08-14 12:47:32',1,0,0,'','',0,4,0,0,2,2,0,'Laptop',1,0,NULL,0,0,4,1,'0.0000',''),(141,0,'HCMFKFDWM1','FKFDWM1','1733','Luan Tran','',0,4,'','2012-08-14 12:48:27',1,0,0,'','',0,4,0,0,2,2,0,'Laptop',1,0,NULL,0,0,4,1,'0.0000',''),(142,0,'HCM2BH1LF1','2BH1LF1','037','IT Room','',0,7,'','2013-03-07 06:12:22',9,0,0,'','',0,3,0,0,1,2,0,'Laptop',1,0,NULL,0,0,7,1,'0.0000',''),(143,0,'HCM3RQY5Q1','3RQY5Q1','1711','Dung Pham','',0,4,'1. Before it was belonging to Tuan Duy Anh Nguyen','2012-08-31 06:18:21',1,0,0,'','',0,4,0,0,3,2,0,'Laptop',1,0,NULL,0,0,4,1,'0.0000',''),(144,0,'HCMR9PRP59','R9PRP59','1827','Hy Cao','',0,5,'','2012-08-15 05:06:07',1,0,0,'','',0,3,0,0,5,2,0,'Laptop',2,0,NULL,0,0,5,1,'0.0000',''),(145,0,'HCM9H1RT1S','9H1RT1S','1656','IT Room','',0,7,'','2013-03-07 06:12:22',9,0,0,'','',0,3,0,0,1,2,0,'Laptop',1,0,NULL,0,0,7,1,'0.0000',''),(146,0,'HCMDH1RT1S','DH1RT1S','1658','Hoan Tran','',0,8,'','2012-08-17 07:24:30',9,0,0,'','',0,4,0,0,1,2,0,'Laptop',1,0,NULL,0,0,8,1,'0.0000',''),(147,0,'HCM71N4QF1','71N4QF1','0935','','',0,7,'','2013-03-11 07:08:22',9,0,0,'','',0,5,0,0,1,2,0,'Laptop',1,0,NULL,0,0,0,5,'0.0000',''),(148,0,'HCM9YR752S','9YR752S','1688','Hien Pham','',0,8,'- HDD failure. Sent to warranty taking.\r\n- New HDD replaced on Feb 28,2013','2013-02-28 10:39:05',9,0,0,'','',0,4,0,0,4,2,0,'Laptop',1,0,NULL,0,0,8,1,'0.0000',''),(149,0,'HCM7J1RT1S','7J1RT1S','1652','Hien Pham','',0,8,'Thu Pham loan, meeting with DELL','2012-08-21 11:39:57',9,0,0,'','',0,4,0,0,1,2,0,'Laptop',1,0,NULL,0,0,8,1,'0.0000',''),(150,0,'HCMR9LM2PP','R9LM2PP','1781','Uy Van','',0,8,'','2012-08-15 11:45:43',1,0,0,'','',0,4,0,0,5,2,0,'Laptop',2,0,NULL,0,0,8,1,'0.0000',''),(151,0,'HCMJXR752S','JXR752S','1691','Y Vo','',0,8,'','2012-11-16 10:27:33',1,0,0,'','',0,4,0,0,4,2,0,'Laptop',1,0,NULL,0,0,8,1,'0.0000',''),(152,0,'HCMBF0DMG1','BF0DMG1','1941','Van Tran','',0,8,'for testing','2012-08-16 05:21:04',9,0,0,'','',0,4,0,0,1,2,0,'Laptop',1,0,NULL,0,0,8,1,'0.0000',''),(153,0,'HCMH5K4Y1S','H5K4Y1S','1686','Mai La','',0,8,'','2012-08-15 07:04:09',9,0,0,'','',0,4,0,0,1,2,0,'Laptop',1,0,NULL,0,0,8,1,'0.0000',''),(154,0,'HCM5FRY5Q1','5FRY5Q1','1716','Phong Vo','',0,8,'1. From Dien Nguyen \r\n2. For testing ','2012-09-24 05:33:32',3,0,0,'','',0,4,0,0,3,2,0,'Laptop',1,0,NULL,0,0,8,1,'0.0000',''),(155,0,'HCMTEST-001','DJ1RT1S ','1672','Thinh Pham','',0,8,'for testing','2012-09-18 07:54:24',9,0,0,'','',0,4,0,0,1,2,0,'Laptop',1,0,NULL,0,0,8,1,'0.0000',''),(156,0,'HCM69FDWM1','69FDWM1','1751','Thinh Pham','',0,8,'','2012-08-15 07:10:19',1,0,0,'','',0,4,0,0,2,2,0,'Laptop',1,0,NULL,0,0,8,1,'0.0000',''),(157,0,'HCMJJ1RT1S','JJ1RT1S','1667','Kien Ngo','',0,8,'for testing','2012-08-20 06:34:03',9,0,0,'','',0,4,0,0,1,2,0,'Laptop',1,0,NULL,0,0,8,1,'0.0000',''),(158,0,'HCMBHFDWM1','BHFDWM1','1746','Lam Dinh','',0,2,'','2012-08-15 11:34:33',1,0,0,'','',0,3,0,0,2,2,0,'Laptop',1,0,NULL,0,0,2,1,'0.0000',''),(159,0,'HCMG5D4NF1','G5D4NF1','0937','Vinh Tuong Huu Nguyen','',0,8,'','2013-01-18 11:08:15',9,0,0,'','',0,4,0,0,1,2,0,'Laptop',1,0,NULL,0,0,8,1,'0.0000',''),(160,0,'HCMCHLDWM1','CHLDWM1','1756','Tuy Nguyen','',0,8,'','2012-08-15 11:41:28',1,0,0,'','',0,4,0,0,2,2,0,'Laptop',1,0,NULL,0,0,8,1,'0.0000',''),(161,0,'HCMDYT2MB1','5PHJV1S','1640','Y Vo','',0,8,'','2012-09-12 06:39:36',9,0,0,'','',0,4,0,0,1,2,0,'Laptop',1,0,NULL,0,0,8,1,'0.0000',''),(162,0,'HCM','1J1RT1S','1662','Uy Van','',0,8,'for testing','2012-08-20 06:33:39',9,0,0,'','',0,4,0,0,1,2,0,'Laptop',1,0,NULL,0,0,8,1,'0.0000',''),(163,0,'HCMJQQY5Q1','JQQY5Q1','1724','Toan Le','',0,8,'','2012-08-15 11:49:29',1,0,0,'','',0,4,0,0,3,2,0,'Laptop',1,0,NULL,0,0,8,1,'0.0000',''),(164,0,'HCM','4PZ58F1','0888','Toan Le','',0,8,'for testing','2012-08-15 11:51:21',1,0,0,'','',0,4,0,0,1,2,0,'Laptop',1,0,NULL,0,0,8,1,'0.0000',''),(165,0,'HCM8LQY5Q1','8LQY5Q1','1715','Vinh Tuong Huu Nguyen','',0,8,'','2013-03-07 05:28:31',1,0,0,'','',0,4,0,0,3,2,0,'Laptop',1,0,NULL,0,139,8,1,'0.0000',''),(166,0,'HCM','7PZ58F1','0890','IT','',0,8,'for testing','2013-03-07 05:26:49',9,0,0,'','',0,4,0,0,1,2,0,'Laptop',1,0,NULL,0,0,7,5,'0.0000',''),(167,0,'HCMFWQY5Q1','FWQY5Q1','1722','Hieu Le','',0,8,'','2012-08-15 11:55:28',1,0,0,'','',0,4,0,0,3,2,0,'Laptop',1,0,NULL,0,0,8,1,'0.0000',''),(168,0,'HCM2K1RT1S','2K1RT1S','1670','Sang Pham','',0,8,'','2012-08-17 07:24:30',9,0,0,'','',0,4,0,0,1,2,0,'Laptop',1,0,NULL,0,0,8,1,'0.0000',''),(169,0,'HCM','1K1RT1S','1668','IT Room','',0,7,'','2013-03-07 06:12:22',9,0,0,'','',0,3,0,0,1,2,0,'Laptop',1,0,NULL,0,0,7,1,'0.0000',''),(170,0,'HCM9TQY5Q1','9TQY5Q1','1713','Dung Le','',0,9,'','2012-08-16 12:43:03',1,0,0,'','',0,3,0,0,3,2,0,'Laptop',1,0,NULL,0,0,9,1,'0.0000',''),(171,0,'HCM7QFDWM1','7QFDWM1','1743','Khai Nguyen','',0,2,'','2012-08-17 05:25:10',1,0,0,'','',0,3,0,0,2,2,0,'Laptop',1,0,NULL,0,0,2,1,'0.0000',''),(172,0,'HCM85K4Y1S','85K4Y1S','1676','IT Room','',0,7,'','2013-03-07 06:12:22',9,0,0,'','',0,3,0,0,1,2,0,'Laptop',1,0,NULL,0,0,7,1,'0.0000',''),(173,0,'HCM8BH1LF1','JPTPKF1','918','Thu Ba Nguyen','',0,8,'Failed , return by Thu Ba Nguyen','2012-12-14 12:17:44',9,0,0,'','',0,4,0,0,1,2,0,'Laptop',1,0,NULL,0,0,8,5,'0.0000',''),(174,0,'HCM3J1RT1S','3J1RT1S','xx69','Quat Bao','',0,4,'Sent to Quat Bao on April 2, 2013 for home-using','2013-04-02 07:10:04',9,0,0,'','',0,7,0,0,1,2,0,'Laptop',1,0,NULL,0,0,4,1,'0.0000',''),(175,0,'HCM2J1RT1S','2J1RT1S','1628','Cong Pham','',0,2,'loaner on Mar 19, 2013\r\nMAC: 00:26:B9:B2:92:29','2013-03-19 10:51:36',9,0,0,'','',0,3,0,0,1,2,0,'Laptop',1,0,NULL,0,25,2,1,'0.0000',''),(176,0,'HCMG9H1LF1','G9H1LF1','31','IT Room','',0,7,'','2013-03-07 06:12:22',9,0,0,'','',0,3,0,0,1,2,0,'Laptop',1,0,NULL,0,0,7,1,'0.0000',''),(177,0,'HCM9253FD1','9253FD1','1607','IT Room','',0,7,'','2013-03-07 06:12:22',9,0,0,'','',0,3,0,0,1,2,0,'Laptop',1,0,NULL,0,0,7,1,'0.0000',''),(178,0,'HCM44235D102','44235D1','0861','IT Room','',0,7,'','2013-03-07 06:12:22',9,0,0,'','',0,3,0,0,1,2,0,'Laptop',1,0,NULL,0,0,7,1,'0.0000',''),(179,0,'HCM','4K1RT1S','1664','Luc Ton','',0,2,'for testing','2012-10-17 05:25:28',9,0,0,'','',0,3,0,0,1,2,0,'Laptop',1,0,NULL,0,0,2,1,'0.0000',''),(180,0,'HCM26K4Y1S','26K4Y1S','1682','IT Room','',0,7,'','2013-03-07 06:12:22',9,0,0,'','',0,3,0,0,1,2,0,'Laptop',1,0,NULL,0,0,7,1,'0.0000',''),(181,0,'HCMGH1RT1S','GH1RT1S','1631','IT Room','',0,7,'','2013-03-07 06:12:22',9,0,0,'','',0,3,0,0,1,2,0,'Laptop',1,0,NULL,0,0,7,1,'0.0000',''),(182,0,'HCM6J1RT1S','6J1RT1S','1627','IT Room','',0,7,'for testing','2013-03-07 06:12:22',9,0,0,'','',0,3,0,0,1,2,0,'Laptop',1,0,NULL,0,0,7,1,'0.0000',''),(183,0,'HCM9QHJV1S','9QHJV1S','1642','IT Room','',0,7,'Tuan muon xai tam vi may 6420 dang bh (returned on Jan 2, 2013)','2013-03-07 06:18:11',9,0,0,'','',0,4,0,0,1,2,0,'Laptop',1,0,NULL,0,0,7,7,'0.0000',''),(184,0,'HCMCNHJV1S','CNHJV1S','1634','Thu Cao','',0,8,'for testing','2012-08-24 06:19:48',9,0,0,'','',0,4,0,0,1,2,0,'Laptop',1,0,NULL,0,0,8,1,'0.0000',''),(185,0,'HCM9NHJV1S','9NHJV1S','1639','Quan Nguyen','',0,8,'for testing','2012-08-17 09:50:42',9,0,0,'','',0,4,0,0,1,2,0,'Laptop',1,0,NULL,0,0,8,1,'0.0000',''),(186,0,'HCMHNHJV1S','HNHJV1S','1633','Tin Huynh','',0,8,'for testing','2013-03-04 05:40:20',9,0,0,'','',0,4,0,0,1,2,0,'Laptop',1,0,NULL,0,0,8,1,'0.0000',''),(187,0,'HCMdell630','B5K4Y1S','1679','IT Room','',0,7,'- Get back from Thu Pham (transferred another 6NHJV1S) - On Feb 6, 2013','2013-03-07 06:12:22',3,0,0,'','',0,3,0,0,1,2,0,'Laptop',1,0,NULL,0,0,8,7,'0.0000',''),(188,0,'HCM','H1N4QF1','0938','IT Room','',0,7,'','2013-03-07 06:12:22',9,0,0,'','',0,3,0,0,1,2,0,'Laptop',1,0,NULL,0,0,7,5,'0.0000',''),(189,0,'HCM','FH1RT1S','1661','IT Room','',0,7,'','2013-03-07 06:12:22',9,0,0,'','',0,3,0,0,1,2,0,'Laptop',1,0,NULL,0,0,7,5,'0.0000',''),(190,0,'HCM','8QHJV1S','1645','IT Room','',0,7,'','2013-03-07 06:12:22',9,0,0,'','',0,3,0,0,1,2,0,'Laptop',1,0,NULL,0,0,7,1,'0.0000',''),(191,0,'HCM','1X420D1','028','IT Room','',0,7,'','2013-03-07 06:12:22',9,0,0,'','',0,3,0,0,1,2,0,'Laptop',1,0,NULL,0,0,7,5,'0.0000',''),(192,0,'HCM','D5K4Y1S','1678','IT Room','',0,7,'','2013-03-07 06:12:22',9,0,0,'','',0,3,0,0,1,2,0,'Laptop',1,0,NULL,0,0,7,5,'0.0000',''),(193,0,'HCM','BJ1RT1S','1660','IT Room','',0,7,'','2013-03-07 06:12:22',9,0,0,'','',0,3,0,0,1,2,0,'Laptop',1,0,NULL,0,0,7,5,'0.0000',''),(194,0,'HCMR9PRP5G','R9PRP5G','1820','Bao Xuan Nguyen','',0,2,'Lost - reported on mar 11, Monday 2013','2013-03-11 05:31:08',1,0,0,'','',0,3,0,0,5,2,0,'Laptop',2,0,NULL,0,0,2,6,'0.0000',''),(195,0,'HCM','3K1RT1S','1671','Hoa Dinh Nguyen','',0,2,'- Hoa Dinh Nguyen loan ( Jan 14, 2013) #36961\r\n- Thu Pham loan, meeting with DELL (returned)','2013-01-14 05:59:34',9,0,0,'','',0,3,0,0,1,2,0,'Laptop',1,0,NULL,0,0,2,1,'0.0000',''),(196,0,'HCM','1PHJV1S','1655','IT Room','',0,7,'for testing','2013-03-07 06:12:22',9,0,0,'','',0,3,0,0,1,2,0,'Laptop',1,0,NULL,0,0,7,1,'0.0000',''),(197,0,'HCM','G5K4Y1S','1683','Son Pham','',0,4,'for temporary','2012-10-22 06:19:25',9,0,0,'','',0,4,0,0,1,2,0,'Laptop',1,0,NULL,0,0,4,1,'0.0000',''),(198,0,'HCM','JH7DVC1','0978','IT Room','',0,7,'','2013-03-07 06:13:28',9,0,0,'','',0,3,0,0,1,2,0,'Laptop',1,0,NULL,0,0,7,1,'0.0000',''),(199,0,'HCM','CJ1RT1S','1651','IT Room','',0,7,'','2013-03-07 06:13:28',9,0,0,'','',0,3,0,0,1,2,0,'Laptop',1,0,NULL,0,0,7,1,'0.0000',''),(200,0,'HCM4YR752S','4YR752S','1698','Khanh Do','',0,5,'','2012-08-20 06:28:11',9,0,0,'','',0,3,0,0,4,2,0,'Laptop',1,0,NULL,0,0,5,1,'0.0000',''),(201,0,'HCMDYR752S','DYR752S','1696','An Ngo','',0,1,'','2012-10-29 06:53:54',1,0,0,'','',0,3,0,0,4,2,0,'Laptop',1,0,NULL,0,0,1,1,'0.0000',''),(202,0,'HCM44235D1','GGY67D1','860','IT Room','',0,7,'IT is keeping (After changed D630 for Lien Duong)\r\n\r\n- Lien Duong used before','2013-03-07 06:17:18',9,0,0,'','',0,3,0,0,1,2,0,'Laptop',1,0,NULL,0,0,5,7,'0.0000',''),(203,0,'HCM8YR752S','8YR752S','1701','Nguyen Tran','',0,1,'','2012-12-03 05:11:35',1,0,0,'','',0,3,0,0,4,2,0,'Laptop',1,0,NULL,0,0,1,1,'0.0000',''),(204,0,'HCM6QFDWM11','6QFDWM1','1757','Dung Anh Nguyen','',0,4,'','2013-02-27 11:45:46',1,0,0,'','',0,3,0,0,2,2,0,'Laptop',1,0,NULL,0,0,4,1,'0.0000',''),(205,0,'HCM1YR752S','1YR752S','1703','VT Nguyen','',0,1,'','2013-04-01 10:40:36',9,0,0,'','',0,3,0,0,4,2,0,'Laptop',1,0,NULL,0,0,1,1,'0.0000',''),(206,0,'HCMR9PRP63','R9PRP63','1801','Duy Nguyen','',0,4,'','2013-03-07 06:05:55',1,0,0,'','',0,4,0,0,5,2,0,'Laptop',2,0,NULL,0,35,4,1,'0.0000',''),(207,0,'HCM','4NHJV1S','1637','IT Room','',0,7,'for testing , hw team','2013-03-07 06:13:28',9,0,0,'','',0,3,0,0,1,2,0,'Laptop',1,0,NULL,0,0,7,1,'0.0000',''),(208,0,'HCM','HH1RT1S','1626','IT Room','',0,7,'','2013-03-07 06:13:28',9,0,0,'','',0,3,0,0,1,2,0,'Laptop',1,0,NULL,0,0,7,5,'0.0000',''),(209,0,'HCM','CQHJV1S','1641','','',0,7,'','2012-08-24 13:23:49',9,0,0,'','',0,3,0,0,1,2,0,'Laptop',1,1,NULL,0,0,7,1,'0.0000',''),(210,0,'HCM','5K1RT1S','','IT Room','',0,7,'','2013-03-07 06:13:28',9,0,0,'','',0,3,0,0,1,2,0,'Laptop',1,0,NULL,0,0,7,5,'0.0000',''),(211,0,'HCM','DYT2MB1','427','IT Room','',0,7,'','2013-03-07 06:13:28',9,0,0,'','',0,3,0,0,1,2,0,'Laptop',1,0,NULL,0,0,7,5,'0.0000',''),(212,0,'HCM','8BH1LF1','32','IT Room','',0,7,'','2013-03-07 06:13:28',9,0,0,'','',0,3,0,0,1,2,0,'Laptop',1,0,NULL,0,0,7,5,'0.0000',''),(213,0,'HCM','5BH1LF1','29','IT Room','',0,7,'','2013-03-07 06:13:28',9,0,0,'','',0,3,0,0,1,2,0,'Laptop',1,0,NULL,0,0,7,5,'0.0000',''),(214,0,'HCM','GQHJV1S','1643','IT Room','',0,7,'','2013-03-07 06:13:28',9,0,0,'','',0,3,0,0,1,2,0,'Laptop',1,0,NULL,0,0,7,5,'0.0000',''),(215,0,'HCM','5J1RT1S','1646','IT Room','',0,7,'','2013-03-07 06:13:28',9,0,0,'','',0,3,0,0,1,2,0,'Laptop',1,0,NULL,0,0,7,5,'0.0000',''),(216,0,'HCM','48H1LF1','33','IT Room','',0,7,'','2013-03-07 06:13:28',9,0,0,'','',0,3,0,0,1,2,0,'Laptop',1,0,NULL,0,0,7,5,'0.0000',''),(217,0,'HCMRTM01','0716QAT08B','','Trung Duong','',8,7,'','2013-03-07 05:52:26',5,0,0,'','',0,5,0,0,8,1,0,'Server',5,0,NULL,0,8,7,1,'0.0000',''),(218,0,'HCM','7NHJV1S','','Duc Dang','',0,8,'working at sunnyvalve','2012-08-27 12:21:43',9,0,0,'','',0,3,0,0,1,2,0,'Laptop',1,0,NULL,0,0,8,1,'0.0000',''),(219,0,'HCM','99H1LF1','','Quat Bao','',0,4,'','2012-08-27 12:22:15',9,0,0,'','',0,4,0,0,1,2,0,'Laptop',1,0,NULL,0,0,4,1,'0.0000',''),(220,0,'HCM','36K4Y1S','','John Vien','',0,2,'','2012-08-27 12:22:37',9,0,0,'','',0,3,0,0,1,2,0,'Laptop',1,0,NULL,0,0,2,1,'0.0000',''),(221,0,'HCMNA01','1573990717','','Trung Duong','',8,7,'','2013-03-07 06:00:03',13,0,0,'','',0,5,0,0,10,1,0,'Server',7,0,NULL,0,8,7,1,'0.0000',''),(222,0,'HCMNA02','1573989925','','Trung Duong','',8,7,'','2013-03-07 06:02:08',13,0,0,'','',0,5,0,0,10,1,0,'Server',7,0,NULL,0,8,7,1,'0.0000',''),(223,0,'HCMSL500','BAS500GU001018','','Trung Duong','',8,7,'','2013-03-07 05:54:23',0,0,0,'','',0,5,0,0,11,1,0,'Server',5,0,NULL,0,8,7,1,'0.0000',''),(224,0,'HCMFW11','G5JNYD1','','Trung Duong','',8,7,'','2013-03-07 05:51:30',12,0,0,'','',0,5,0,0,12,1,0,'Server',1,0,NULL,0,8,7,6,'0.0000',''),(225,0,'HCMFW12','F5JNYD1','','Trung Duong','',8,7,'','2013-03-07 05:51:30',12,0,0,'','',0,5,0,0,12,1,0,'Server',1,0,NULL,0,8,7,6,'0.0000',''),(226,0,'HCMNCON01','0140610765','','Trung Duong','',8,7,'Console Server','2013-03-07 06:02:53',0,0,0,'','',0,5,0,0,13,1,0,'Server',8,0,NULL,0,8,7,1,'0.0000',''),(227,0,'HCMBOTZ01','10006614','','Trung Duong','',8,7,'','2013-03-07 06:03:30',0,0,0,'','',0,5,0,0,0,1,0,'Server',9,0,NULL,0,8,7,1,'0.0000',''),(228,0,'C7000 Chassis','USE0304303','','Trung Duong','',8,7,'','2013-03-07 05:54:53',0,0,0,'','',0,5,0,0,14,1,0,'Server',4,0,NULL,0,8,7,1,'0.0000',''),(229,0,'HCMESXi01','USE0304304','','Trung Duong','',8,7,'BL460C G6 8-core\r\n2xQuad-Core Intel Xeon, 2933 MHz\r\nRAM: 192GB','2013-03-07 05:51:30',4,0,0,'','',0,5,0,0,15,1,0,'Server',4,0,NULL,0,8,7,1,'0.0000',''),(230,0,'HCMESXi02','USE0304305','','Trung Duong','',8,7,'2xQuad-Core Intel Xeon, 2933 MHz \r\nRAM: 192 GB','2013-03-07 05:51:30',4,0,0,'','',0,5,0,0,15,1,0,'Server',4,0,NULL,0,8,7,1,'0.0000',''),(231,0,'HCMLC018','USE0304307 ','','Trung Duong','',8,7,'','2013-03-07 05:52:26',8,0,0,'','',0,5,0,0,15,1,0,'Server',4,0,NULL,0,8,7,1,'0.0000',''),(232,0,'HCMLC017','USE0304306','','Trung Duong','',8,7,'','2013-03-07 05:52:26',8,0,0,'','',0,5,0,0,15,1,0,'Server',4,0,NULL,0,8,7,1,'0.0000',''),(233,0,'HCMLC','','','Trung Duong','',8,7,'','2013-03-07 05:53:22',0,0,0,'','',0,5,0,0,15,1,1,'HP_Server',4,0,NULL,0,8,7,1,'0.0000',''),(234,0,'HCMLC016','USE030430C','','Trung Duong','',8,7,'','2013-03-07 05:52:26',5,0,0,'','',0,5,0,0,15,1,0,'HP_Server',4,0,NULL,0,8,7,1,'0.0000',''),(235,0,'HCMLC015','USE0304308','','Trung Duong','',8,7,'','2013-03-07 05:52:26',8,0,0,'','',0,5,0,0,15,1,0,'HP_Server',4,0,NULL,0,8,7,1,'0.0000',''),(236,0,'HCMLC014','USE0304309','','Trung Duong','',8,7,'','2013-03-07 05:52:26',5,0,0,'','',0,5,0,0,15,1,0,'HP_Server',4,0,NULL,0,8,7,1,'0.0000',''),(237,0,'HCMLC013','USE030430B','','Trung Duong','',8,7,'','2013-03-07 05:52:26',8,0,0,'','',0,5,0,0,15,1,0,'HP_Server',4,0,NULL,0,8,7,1,'0.0000',''),(238,0,'HCMLC012','USE030430A','','Trung Duong','',8,7,'','2013-03-07 05:52:26',8,0,0,'','',0,5,0,0,15,1,0,'HP_Server',4,0,NULL,0,8,7,1,'0.0000',''),(239,0,'HCM','7BH1LF1','35','IT Room','',0,7,'','2013-03-07 06:13:28',9,0,0,'','',0,3,0,0,1,2,0,'Laptop',1,0,NULL,0,0,7,1,'0.0000',''),(240,0,'HCM4J1RT1S','4J1RT1S','1650','IT Room','',0,7,'','2013-03-07 06:13:28',9,0,0,'','',0,3,0,0,1,2,0,'Laptop',1,0,NULL,0,0,7,1,'0.0000',''),(241,0,'HCM','JGY67D1','','IT Room','',0,7,'','2013-03-07 06:13:28',9,0,0,'','',0,3,0,0,1,2,0,'Laptop',1,0,NULL,0,0,7,1,'0.0000',''),(242,0,'HCMC5K4Y1S','C5K4Y1S','1675','Lien Duong','',0,5,'Lien Duong - using (HDD from 44235D1 - D620)\r\n1. Muon xai tam vi may Dell 6420 dang bh (returned on Jan 2, 2013)','2013-01-03 11:15:47',9,0,0,'','',0,3,0,0,1,2,0,'Laptop',1,0,NULL,0,0,1,1,'0.0000',''),(243,0,'HCM','BH1RT1S','1665','IT Room','',0,7,'','2013-03-07 06:13:28',9,0,0,'','',0,3,0,0,1,2,0,'Laptop',1,0,NULL,0,0,7,1,'0.0000',''),(244,0,'HCM','FPZ58F1','889','IT Room','',0,7,'','2013-03-07 06:13:28',9,0,0,'','',0,3,0,0,1,2,0,'Laptop',1,0,NULL,0,0,7,1,'0.0000',''),(245,0,'HCMR9PRP5D','R9PRP5D','1807','Sang Pham','',0,8,'','2012-09-21 10:02:50',1,0,0,'','',0,4,0,0,5,2,0,'Laptop',2,0,NULL,0,0,8,1,'0.0000',''),(246,0,'HCMR9PRP5K','R9PRP5K','1829','Phong Vo','',0,8,'','2013-02-22 09:25:27',1,0,0,'','',0,4,0,0,5,2,0,'Laptop',2,0,NULL,0,0,8,1,'0.0000',''),(247,0,'HCMR9PRP5W','R9PRP5W','1808','Phong Vo','',0,8,'','2012-10-04 05:54:22',1,0,0,'','',0,4,0,0,5,2,0,'Laptop',2,0,NULL,0,0,8,1,'0.0000',''),(248,0,'HCMR9PRP5H','R9PRP5H','1819','Phat Nguyen','',0,1,'received 18 Dec 2012','2012-12-18 05:06:01',1,0,0,'','',0,3,0,0,5,2,0,'Laptop',2,0,NULL,0,0,1,1,'0.0000',''),(249,0,'HCMR9PRP5M','R9PRP5M','1809','Huu Minh Nguyen','',0,4,'','2013-03-04 05:33:44',1,0,0,'','',0,4,0,0,5,2,0,'Laptop',2,0,NULL,0,0,4,1,'0.0000',''),(250,0,'HCMR9PRP5V','R9PRP5V','1824','Linh Nguyen','',0,4,'','2012-11-13 06:24:42',1,0,0,'','',0,4,0,0,5,2,0,'Laptop',2,0,NULL,0,0,4,1,'0.0000',''),(251,0,'HCMR9LM2NW','R9PRP55','1805','VT Nguyen','',0,5,'','2012-11-13 10:44:44',1,0,0,'','',0,3,0,0,5,2,0,'Laptop',2,0,NULL,0,0,5,1,'0.0000',''),(252,0,'HCMR9PRP5C','R9PRP5C','1828','Dien Nguyen','',0,8,'receive 26 Dec 2012','2012-12-26 04:39:58',1,0,0,'','',0,4,0,0,5,2,0,'Laptop',2,0,NULL,0,0,8,1,'0.0000',''),(253,0,'HCMR9PRP58','R9PRP58','1803','Nam Van Nguyen','Nam Van Nguyen',0,4,'','2013-03-04 05:36:51',1,0,0,'','',0,3,0,0,5,2,0,'Laptop',2,0,NULL,0,0,4,1,'0.0000',''),(254,0,'HCMR9PRP5Y','R9PRP5Y','1826','Hoai Van Tran','',0,9,'','2013-03-06 11:36:00',1,0,0,'','',0,4,0,0,5,2,0,'Laptop',2,0,NULL,0,63,9,1,'0.0000',''),(255,0,'HCMR9PRP60','R9PRP60','1811','Quat Bao','',0,4,'The old E6420 had HDD failure. Changed the new for him.','2013-02-25 05:39:24',1,0,0,'','',0,4,0,0,5,2,0,'Laptop',2,0,NULL,0,0,4,1,'0.0000',''),(257,0,'HCMR9PRP62','R9PRP62','1810','Hung Ngoc Phi Truong','',0,4,'','2013-03-04 08:59:48',1,0,0,'','',0,3,0,0,5,2,0,'Laptop',2,0,NULL,0,0,4,1,'0.0000',''),(256,0,'HCMR9PRP5E','R9PRP5E','','','',0,7,'','2013-03-07 06:15:48',0,0,0,'','',0,3,0,0,5,2,0,'Laptop',2,0,NULL,0,0,7,4,'0.0000',''),(258,0,'HCMR9PRP54','R9PRP54','','','',0,7,'','2013-03-07 06:15:48',0,0,0,'','',0,0,0,0,5,2,0,'Laptop',2,0,NULL,0,0,7,4,'0.0000',''),(259,0,'HCMR9PRP5Z','R9PRP5Z','','','',0,7,'','2013-03-07 06:15:48',0,0,0,'','',0,0,0,0,5,2,0,'Laptop',2,0,NULL,0,0,7,4,'0.0000',''),(260,0,'HCMR9PRP56','R9PRP56','','','',0,7,'','2013-03-07 06:15:48',0,0,0,'','',0,0,0,0,5,2,0,'Laptop',2,0,NULL,0,0,7,4,'0.0000',''),(261,0,'HCMR9PRP5H','R9PRP5H','','','',0,7,'','2013-02-22 10:11:25',0,0,0,'','',0,0,0,0,5,2,0,'Laptop',2,1,NULL,0,0,7,7,'0.0000',''),(262,0,'HCMR9PRP5N','R9PRP5N','','','',0,7,'','2013-03-07 06:15:48',0,0,0,'','',0,0,0,0,5,2,0,'Laptop',2,0,NULL,0,0,7,4,'0.0000',''),(263,0,'HCMR9PRP5B','R9PRP5B','','Tam Quy Nguyen','',0,4,'','2013-03-07 06:04:43',1,0,0,'','',0,4,0,0,5,2,0,'Laptop',2,0,NULL,0,0,7,1,'0.0000',''),(264,0,'HCMR9PRP5T','R9PRP5T','','','',0,7,'','2013-03-07 06:15:48',0,0,0,'','',0,0,0,0,5,2,0,'Laptop',2,0,NULL,0,0,7,4,'0.0000',''),(265,0,'HCMR9PRP5R','R9PRP5R','1825','Cuong Cao Hoang','',0,4,'Transferred on Mar 4, 2013','2013-03-07 06:06:52',1,0,0,'','',0,7,0,0,5,2,0,'Laptop',2,0,NULL,0,23,4,1,'0.0000',''),(266,0,'HCMR9PRP5C','R9PRP5C','','','',0,7,'','2013-02-22 10:15:43',0,0,0,'','',0,0,0,0,5,2,0,'Laptop',2,1,NULL,0,0,7,7,'0.0000',''),(267,0,'HCMR9PRP5K','R9PRP5K','','','',0,7,'','2013-02-22 10:11:57',0,0,0,'','',0,0,0,0,5,2,0,'Laptop',2,1,NULL,0,0,7,7,'0.0000',''),(268,0,'HCMR9PRP5F','R9PRP5F','','','',0,7,'','2013-03-07 06:15:48',0,0,0,'','',0,0,0,0,5,2,0,'Laptop',2,0,NULL,0,0,7,4,'0.0000',''),(269,0,'HCM8H1RT1S','8H1RT1S','1654','Son Pham','',0,4,'','2013-04-18 10:55:48',9,0,0,'','',0,0,0,0,1,2,0,'Laptop',1,0,NULL,0,103,4,1,'0.0000','');
/*!40000 ALTER TABLE `glpi_computers` ENABLE KEYS */;
UNLOCK TABLES;

--
-- Table structure for table `glpi_computers_devicecases`
--

DROP TABLE IF EXISTS `glpi_computers_devicecases`;
/*!40101 SET @saved_cs_client     = @@character_set_client */;
/*!40101 SET character_set_client = utf8 */;
CREATE TABLE `glpi_computers_devicecases` (
  `id` int(11) NOT NULL AUTO_INCREMENT,
  `computers_id` int(11) NOT NULL DEFAULT '0',
  `devicecases_id` int(11) NOT NULL DEFAULT '0',
  PRIMARY KEY (`id`),
  KEY `computers_id` (`computers_id`),
  KEY `devicecases_id` (`devicecases_id`)
) ENGINE=MyISAM DEFAULT CHARSET=utf8 COLLATE=utf8_unicode_ci;
/*!40101 SET character_set_client = @saved_cs_client */;

--
-- Dumping data for table `glpi_computers_devicecases`
--

LOCK TABLES `glpi_computers_devicecases` WRITE;
/*!40000 ALTER TABLE `glpi_computers_devicecases` DISABLE KEYS */;
/*!40000 ALTER TABLE `glpi_computers_devicecases` ENABLE KEYS */;
UNLOCK TABLES;

--
-- Table structure for table `glpi_computers_devicecontrols`
--

DROP TABLE IF EXISTS `glpi_computers_devicecontrols`;
/*!40101 SET @saved_cs_client     = @@character_set_client */;
/*!40101 SET character_set_client = utf8 */;
CREATE TABLE `glpi_computers_devicecontrols` (
  `id` int(11) NOT NULL AUTO_INCREMENT,
  `computers_id` int(11) NOT NULL DEFAULT '0',
  `devicecontrols_id` int(11) NOT NULL DEFAULT '0',
  PRIMARY KEY (`id`),
  KEY `computers_id` (`computers_id`),
  KEY `devicecontrols_id` (`devicecontrols_id`)
) ENGINE=MyISAM DEFAULT CHARSET=utf8 COLLATE=utf8_unicode_ci;
/*!40101 SET character_set_client = @saved_cs_client */;

--
-- Dumping data for table `glpi_computers_devicecontrols`
--

LOCK TABLES `glpi_computers_devicecontrols` WRITE;
/*!40000 ALTER TABLE `glpi_computers_devicecontrols` DISABLE KEYS */;
/*!40000 ALTER TABLE `glpi_computers_devicecontrols` ENABLE KEYS */;
UNLOCK TABLES;

--
-- Table structure for table `glpi_computers_devicedrives`
--

DROP TABLE IF EXISTS `glpi_computers_devicedrives`;
/*!40101 SET @saved_cs_client     = @@character_set_client */;
/*!40101 SET character_set_client = utf8 */;
CREATE TABLE `glpi_computers_devicedrives` (
  `id` int(11) NOT NULL AUTO_INCREMENT,
  `computers_id` int(11) NOT NULL DEFAULT '0',
  `devicedrives_id` int(11) NOT NULL DEFAULT '0',
  PRIMARY KEY (`id`),
  KEY `computers_id` (`computers_id`),
  KEY `devicedrives_id` (`devicedrives_id`)
) ENGINE=MyISAM DEFAULT CHARSET=utf8 COLLATE=utf8_unicode_ci;
/*!40101 SET character_set_client = @saved_cs_client */;

--
-- Dumping data for table `glpi_computers_devicedrives`
--

LOCK TABLES `glpi_computers_devicedrives` WRITE;
/*!40000 ALTER TABLE `glpi_computers_devicedrives` DISABLE KEYS */;
/*!40000 ALTER TABLE `glpi_computers_devicedrives` ENABLE KEYS */;
UNLOCK TABLES;

--
-- Table structure for table `glpi_computers_devicegraphiccards`
--

DROP TABLE IF EXISTS `glpi_computers_devicegraphiccards`;
/*!40101 SET @saved_cs_client     = @@character_set_client */;
/*!40101 SET character_set_client = utf8 */;
CREATE TABLE `glpi_computers_devicegraphiccards` (
  `id` int(11) NOT NULL AUTO_INCREMENT,
  `computers_id` int(11) NOT NULL DEFAULT '0',
  `devicegraphiccards_id` int(11) NOT NULL DEFAULT '0',
  `specificity` int(11) NOT NULL,
  PRIMARY KEY (`id`),
  KEY `computers_id` (`computers_id`),
  KEY `devicegraphiccards_id` (`devicegraphiccards_id`),
  KEY `specificity` (`specificity`)
) ENGINE=MyISAM DEFAULT CHARSET=utf8 COLLATE=utf8_unicode_ci;
/*!40101 SET character_set_client = @saved_cs_client */;

--
-- Dumping data for table `glpi_computers_devicegraphiccards`
--

LOCK TABLES `glpi_computers_devicegraphiccards` WRITE;
/*!40000 ALTER TABLE `glpi_computers_devicegraphiccards` DISABLE KEYS */;
/*!40000 ALTER TABLE `glpi_computers_devicegraphiccards` ENABLE KEYS */;
UNLOCK TABLES;

--
-- Table structure for table `glpi_computers_deviceharddrives`
--

DROP TABLE IF EXISTS `glpi_computers_deviceharddrives`;
/*!40101 SET @saved_cs_client     = @@character_set_client */;
/*!40101 SET character_set_client = utf8 */;
CREATE TABLE `glpi_computers_deviceharddrives` (
  `id` int(11) NOT NULL AUTO_INCREMENT,
  `computers_id` int(11) NOT NULL DEFAULT '0',
  `deviceharddrives_id` int(11) NOT NULL DEFAULT '0',
  `specificity` int(11) NOT NULL,
  PRIMARY KEY (`id`),
  KEY `computers_id` (`computers_id`),
  KEY `deviceharddrives_id` (`deviceharddrives_id`),
  KEY `specificity` (`specificity`)
) ENGINE=MyISAM DEFAULT CHARSET=utf8 COLLATE=utf8_unicode_ci;
/*!40101 SET character_set_client = @saved_cs_client */;

--
-- Dumping data for table `glpi_computers_deviceharddrives`
--

LOCK TABLES `glpi_computers_deviceharddrives` WRITE;
/*!40000 ALTER TABLE `glpi_computers_deviceharddrives` DISABLE KEYS */;
/*!40000 ALTER TABLE `glpi_computers_deviceharddrives` ENABLE KEYS */;
UNLOCK TABLES;

--
-- Table structure for table `glpi_computers_devicememories`
--

DROP TABLE IF EXISTS `glpi_computers_devicememories`;
/*!40101 SET @saved_cs_client     = @@character_set_client */;
/*!40101 SET character_set_client = utf8 */;
CREATE TABLE `glpi_computers_devicememories` (
  `id` int(11) NOT NULL AUTO_INCREMENT,
  `computers_id` int(11) NOT NULL DEFAULT '0',
  `devicememories_id` int(11) NOT NULL DEFAULT '0',
  `specificity` int(11) NOT NULL,
  PRIMARY KEY (`id`),
  KEY `computers_id` (`computers_id`),
  KEY `devicememories_id` (`devicememories_id`),
  KEY `specificity` (`specificity`)
) ENGINE=MyISAM DEFAULT CHARSET=utf8 COLLATE=utf8_unicode_ci;
/*!40101 SET character_set_client = @saved_cs_client */;

--
-- Dumping data for table `glpi_computers_devicememories`
--

LOCK TABLES `glpi_computers_devicememories` WRITE;
/*!40000 ALTER TABLE `glpi_computers_devicememories` DISABLE KEYS */;
/*!40000 ALTER TABLE `glpi_computers_devicememories` ENABLE KEYS */;
UNLOCK TABLES;

--
-- Table structure for table `glpi_computers_devicemotherboards`
--

DROP TABLE IF EXISTS `glpi_computers_devicemotherboards`;
/*!40101 SET @saved_cs_client     = @@character_set_client */;
/*!40101 SET character_set_client = utf8 */;
CREATE TABLE `glpi_computers_devicemotherboards` (
  `id` int(11) NOT NULL AUTO_INCREMENT,
  `computers_id` int(11) NOT NULL DEFAULT '0',
  `devicemotherboards_id` int(11) NOT NULL DEFAULT '0',
  PRIMARY KEY (`id`),
  KEY `computers_id` (`computers_id`),
  KEY `devicemotherboards_id` (`devicemotherboards_id`)
) ENGINE=MyISAM DEFAULT CHARSET=utf8 COLLATE=utf8_unicode_ci;
/*!40101 SET character_set_client = @saved_cs_client */;

--
-- Dumping data for table `glpi_computers_devicemotherboards`
--

LOCK TABLES `glpi_computers_devicemotherboards` WRITE;
/*!40000 ALTER TABLE `glpi_computers_devicemotherboards` DISABLE KEYS */;
/*!40000 ALTER TABLE `glpi_computers_devicemotherboards` ENABLE KEYS */;
UNLOCK TABLES;

--
-- Table structure for table `glpi_computers_devicenetworkcards`
--

DROP TABLE IF EXISTS `glpi_computers_devicenetworkcards`;
/*!40101 SET @saved_cs_client     = @@character_set_client */;
/*!40101 SET character_set_client = utf8 */;
CREATE TABLE `glpi_computers_devicenetworkcards` (
  `id` int(11) NOT NULL AUTO_INCREMENT,
  `computers_id` int(11) NOT NULL DEFAULT '0',
  `devicenetworkcards_id` int(11) NOT NULL DEFAULT '0',
  `specificity` varchar(255) COLLATE utf8_unicode_ci DEFAULT NULL,
  PRIMARY KEY (`id`),
  KEY `computers_id` (`computers_id`),
  KEY `devicenetworkcards_id` (`devicenetworkcards_id`),
  KEY `specificity` (`specificity`)
) ENGINE=MyISAM DEFAULT CHARSET=utf8 COLLATE=utf8_unicode_ci;
/*!40101 SET character_set_client = @saved_cs_client */;

--
-- Dumping data for table `glpi_computers_devicenetworkcards`
--

LOCK TABLES `glpi_computers_devicenetworkcards` WRITE;
/*!40000 ALTER TABLE `glpi_computers_devicenetworkcards` DISABLE KEYS */;
/*!40000 ALTER TABLE `glpi_computers_devicenetworkcards` ENABLE KEYS */;
UNLOCK TABLES;

--
-- Table structure for table `glpi_computers_devicepcis`
--

DROP TABLE IF EXISTS `glpi_computers_devicepcis`;
/*!40101 SET @saved_cs_client     = @@character_set_client */;
/*!40101 SET character_set_client = utf8 */;
CREATE TABLE `glpi_computers_devicepcis` (
  `id` int(11) NOT NULL AUTO_INCREMENT,
  `computers_id` int(11) NOT NULL DEFAULT '0',
  `devicepcis_id` int(11) NOT NULL DEFAULT '0',
  PRIMARY KEY (`id`),
  KEY `computers_id` (`computers_id`),
  KEY `devicepcis_id` (`devicepcis_id`)
) ENGINE=MyISAM DEFAULT CHARSET=utf8 COLLATE=utf8_unicode_ci;
/*!40101 SET character_set_client = @saved_cs_client */;

--
-- Dumping data for table `glpi_computers_devicepcis`
--

LOCK TABLES `glpi_computers_devicepcis` WRITE;
/*!40000 ALTER TABLE `glpi_computers_devicepcis` DISABLE KEYS */;
/*!40000 ALTER TABLE `glpi_computers_devicepcis` ENABLE KEYS */;
UNLOCK TABLES;

--
-- Table structure for table `glpi_computers_devicepowersupplies`
--

DROP TABLE IF EXISTS `glpi_computers_devicepowersupplies`;
/*!40101 SET @saved_cs_client     = @@character_set_client */;
/*!40101 SET character_set_client = utf8 */;
CREATE TABLE `glpi_computers_devicepowersupplies` (
  `id` int(11) NOT NULL AUTO_INCREMENT,
  `computers_id` int(11) NOT NULL DEFAULT '0',
  `devicepowersupplies_id` int(11) NOT NULL DEFAULT '0',
  PRIMARY KEY (`id`),
  KEY `computers_id` (`computers_id`),
  KEY `devicepowersupplies_id` (`devicepowersupplies_id`)
) ENGINE=MyISAM DEFAULT CHARSET=utf8 COLLATE=utf8_unicode_ci;
/*!40101 SET character_set_client = @saved_cs_client */;

--
-- Dumping data for table `glpi_computers_devicepowersupplies`
--

LOCK TABLES `glpi_computers_devicepowersupplies` WRITE;
/*!40000 ALTER TABLE `glpi_computers_devicepowersupplies` DISABLE KEYS */;
/*!40000 ALTER TABLE `glpi_computers_devicepowersupplies` ENABLE KEYS */;
UNLOCK TABLES;

--
-- Table structure for table `glpi_computers_deviceprocessors`
--

DROP TABLE IF EXISTS `glpi_computers_deviceprocessors`;
/*!40101 SET @saved_cs_client     = @@character_set_client */;
/*!40101 SET character_set_client = utf8 */;
CREATE TABLE `glpi_computers_deviceprocessors` (
  `id` int(11) NOT NULL AUTO_INCREMENT,
  `computers_id` int(11) NOT NULL DEFAULT '0',
  `deviceprocessors_id` int(11) NOT NULL DEFAULT '0',
  `specificity` int(11) NOT NULL,
  PRIMARY KEY (`id`),
  KEY `computers_id` (`computers_id`),
  KEY `deviceprocessors_id` (`deviceprocessors_id`),
  KEY `specificity` (`specificity`)
) ENGINE=MyISAM DEFAULT CHARSET=utf8 COLLATE=utf8_unicode_ci;
/*!40101 SET character_set_client = @saved_cs_client */;

--
-- Dumping data for table `glpi_computers_deviceprocessors`
--

LOCK TABLES `glpi_computers_deviceprocessors` WRITE;
/*!40000 ALTER TABLE `glpi_computers_deviceprocessors` DISABLE KEYS */;
/*!40000 ALTER TABLE `glpi_computers_deviceprocessors` ENABLE KEYS */;
UNLOCK TABLES;

--
-- Table structure for table `glpi_computers_devicesoundcards`
--

DROP TABLE IF EXISTS `glpi_computers_devicesoundcards`;
/*!40101 SET @saved_cs_client     = @@character_set_client */;
/*!40101 SET character_set_client = utf8 */;
CREATE TABLE `glpi_computers_devicesoundcards` (
  `id` int(11) NOT NULL AUTO_INCREMENT,
  `computers_id` int(11) NOT NULL DEFAULT '0',
  `devicesoundcards_id` int(11) NOT NULL DEFAULT '0',
  PRIMARY KEY (`id`),
  KEY `computers_id` (`computers_id`),
  KEY `devicesoundcards_id` (`devicesoundcards_id`)
) ENGINE=MyISAM DEFAULT CHARSET=utf8 COLLATE=utf8_unicode_ci;
/*!40101 SET character_set_client = @saved_cs_client */;

--
-- Dumping data for table `glpi_computers_devicesoundcards`
--

LOCK TABLES `glpi_computers_devicesoundcards` WRITE;
/*!40000 ALTER TABLE `glpi_computers_devicesoundcards` DISABLE KEYS */;
/*!40000 ALTER TABLE `glpi_computers_devicesoundcards` ENABLE KEYS */;
UNLOCK TABLES;

--
-- Table structure for table `glpi_computers_items`
--

DROP TABLE IF EXISTS `glpi_computers_items`;
/*!40101 SET @saved_cs_client     = @@character_set_client */;
/*!40101 SET character_set_client = utf8 */;
CREATE TABLE `glpi_computers_items` (
  `id` int(11) NOT NULL AUTO_INCREMENT,
  `items_id` int(11) NOT NULL DEFAULT '0' COMMENT 'RELATION to various table, according to itemtype (ID)',
  `computers_id` int(11) NOT NULL DEFAULT '0',
  `itemtype` varchar(100) COLLATE utf8_unicode_ci NOT NULL,
  PRIMARY KEY (`id`),
  KEY `computers_id` (`computers_id`),
  KEY `item` (`itemtype`,`items_id`)
) ENGINE=MyISAM AUTO_INCREMENT=4 DEFAULT CHARSET=utf8 COLLATE=utf8_unicode_ci;
/*!40101 SET character_set_client = @saved_cs_client */;

--
-- Dumping data for table `glpi_computers_items`
--

LOCK TABLES `glpi_computers_items` WRITE;
/*!40000 ALTER TABLE `glpi_computers_items` DISABLE KEYS */;
INSERT INTO `glpi_computers_items` VALUES (3,3,254,'Printer');
/*!40000 ALTER TABLE `glpi_computers_items` ENABLE KEYS */;
UNLOCK TABLES;

--
-- Table structure for table `glpi_computers_softwarelicenses`
--

DROP TABLE IF EXISTS `glpi_computers_softwarelicenses`;
/*!40101 SET @saved_cs_client     = @@character_set_client */;
/*!40101 SET character_set_client = utf8 */;
CREATE TABLE `glpi_computers_softwarelicenses` (
  `id` int(11) NOT NULL AUTO_INCREMENT,
  `computers_id` int(11) NOT NULL DEFAULT '0',
  `softwarelicenses_id` int(11) NOT NULL DEFAULT '0',
  PRIMARY KEY (`id`),
  UNIQUE KEY `unicity` (`computers_id`,`softwarelicenses_id`),
  KEY `computers_id` (`computers_id`),
  KEY `softwarelicenses_id` (`softwarelicenses_id`)
) ENGINE=MyISAM DEFAULT CHARSET=utf8 COLLATE=utf8_unicode_ci;
/*!40101 SET character_set_client = @saved_cs_client */;

--
-- Dumping data for table `glpi_computers_softwarelicenses`
--

LOCK TABLES `glpi_computers_softwarelicenses` WRITE;
/*!40000 ALTER TABLE `glpi_computers_softwarelicenses` DISABLE KEYS */;
/*!40000 ALTER TABLE `glpi_computers_softwarelicenses` ENABLE KEYS */;
UNLOCK TABLES;

--
-- Table structure for table `glpi_computers_softwareversions`
--

DROP TABLE IF EXISTS `glpi_computers_softwareversions`;
/*!40101 SET @saved_cs_client     = @@character_set_client */;
/*!40101 SET character_set_client = utf8 */;
CREATE TABLE `glpi_computers_softwareversions` (
  `id` int(11) NOT NULL AUTO_INCREMENT,
  `computers_id` int(11) NOT NULL DEFAULT '0',
  `softwareversions_id` int(11) NOT NULL DEFAULT '0',
  `is_deleted` tinyint(1) NOT NULL DEFAULT '0',
  `is_template` tinyint(1) NOT NULL DEFAULT '0',
  PRIMARY KEY (`id`),
  UNIQUE KEY `unicity` (`computers_id`,`softwareversions_id`),
  KEY `softwareversions_id` (`softwareversions_id`)
) ENGINE=MyISAM DEFAULT CHARSET=utf8 COLLATE=utf8_unicode_ci;
/*!40101 SET character_set_client = @saved_cs_client */;

--
-- Dumping data for table `glpi_computers_softwareversions`
--

LOCK TABLES `glpi_computers_softwareversions` WRITE;
/*!40000 ALTER TABLE `glpi_computers_softwareversions` DISABLE KEYS */;
/*!40000 ALTER TABLE `glpi_computers_softwareversions` ENABLE KEYS */;
UNLOCK TABLES;

--
-- Table structure for table `glpi_computertypes`
--

DROP TABLE IF EXISTS `glpi_computertypes`;
/*!40101 SET @saved_cs_client     = @@character_set_client */;
/*!40101 SET character_set_client = utf8 */;
CREATE TABLE `glpi_computertypes` (
  `id` int(11) NOT NULL AUTO_INCREMENT,
  `name` varchar(255) COLLATE utf8_unicode_ci DEFAULT NULL,
  `comment` text COLLATE utf8_unicode_ci,
  PRIMARY KEY (`id`),
  KEY `name` (`name`)
) ENGINE=MyISAM AUTO_INCREMENT=10 DEFAULT CHARSET=utf8 COLLATE=utf8_unicode_ci;
/*!40101 SET character_set_client = @saved_cs_client */;

--
-- Dumping data for table `glpi_computertypes`
--

LOCK TABLES `glpi_computertypes` WRITE;
/*!40000 ALTER TABLE `glpi_computertypes` DISABLE KEYS */;
INSERT INTO `glpi_computertypes` VALUES (1,'Server',''),(2,'Laptop',''),(9,'Virtual Machine','');
/*!40000 ALTER TABLE `glpi_computertypes` ENABLE KEYS */;
UNLOCK TABLES;

--
-- Table structure for table `glpi_computervirtualmachines`
--

DROP TABLE IF EXISTS `glpi_computervirtualmachines`;
/*!40101 SET @saved_cs_client     = @@character_set_client */;
/*!40101 SET character_set_client = utf8 */;
CREATE TABLE `glpi_computervirtualmachines` (
  `id` int(11) NOT NULL AUTO_INCREMENT,
  `entities_id` int(11) NOT NULL DEFAULT '0',
  `computers_id` int(11) NOT NULL DEFAULT '0',
  `name` varchar(255) COLLATE utf8_unicode_ci NOT NULL DEFAULT '',
  `virtualmachinestates_id` int(11) NOT NULL DEFAULT '0',
  `virtualmachinesystems_id` int(11) NOT NULL DEFAULT '0',
  `virtualmachinetypes_id` int(11) NOT NULL DEFAULT '0',
  `uuid` varchar(255) COLLATE utf8_unicode_ci NOT NULL DEFAULT '',
  `vcpu` int(11) NOT NULL DEFAULT '0',
  `ram` varchar(255) COLLATE utf8_unicode_ci NOT NULL DEFAULT '',
  PRIMARY KEY (`id`),
  KEY `computers_id` (`computers_id`),
  KEY `entities_id` (`entities_id`),
  KEY `name` (`name`),
  KEY `virtualmachinestates_id` (`virtualmachinestates_id`),
  KEY `virtualmachinesystems_id` (`virtualmachinesystems_id`),
  KEY `vcpu` (`vcpu`),
  KEY `ram` (`ram`)
) ENGINE=MyISAM DEFAULT CHARSET=utf8 COLLATE=utf8_unicode_ci;
/*!40101 SET character_set_client = @saved_cs_client */;

--
-- Dumping data for table `glpi_computervirtualmachines`
--

LOCK TABLES `glpi_computervirtualmachines` WRITE;
/*!40000 ALTER TABLE `glpi_computervirtualmachines` DISABLE KEYS */;
/*!40000 ALTER TABLE `glpi_computervirtualmachines` ENABLE KEYS */;
UNLOCK TABLES;

--
-- Table structure for table `glpi_configs`
--

DROP TABLE IF EXISTS `glpi_configs`;
/*!40101 SET @saved_cs_client     = @@character_set_client */;
/*!40101 SET character_set_client = utf8 */;
CREATE TABLE `glpi_configs` (
  `id` int(11) NOT NULL AUTO_INCREMENT,
  `show_jobs_at_login` tinyint(1) NOT NULL DEFAULT '0',
  `cut` int(11) NOT NULL DEFAULT '255',
  `list_limit` int(11) NOT NULL DEFAULT '20',
  `list_limit_max` int(11) NOT NULL DEFAULT '50',
  `url_maxlength` int(11) NOT NULL DEFAULT '30',
  `version` char(10) COLLATE utf8_unicode_ci DEFAULT NULL,
  `event_loglevel` int(11) NOT NULL DEFAULT '5',
  `use_mailing` tinyint(1) NOT NULL DEFAULT '0',
  `admin_email` varchar(255) COLLATE utf8_unicode_ci DEFAULT NULL,
  `admin_email_name` varchar(255) COLLATE utf8_unicode_ci DEFAULT NULL,
  `admin_reply` varchar(255) COLLATE utf8_unicode_ci DEFAULT NULL,
  `admin_reply_name` varchar(255) COLLATE utf8_unicode_ci DEFAULT NULL,
  `mailing_signature` text COLLATE utf8_unicode_ci,
  `use_anonymous_helpdesk` tinyint(1) NOT NULL DEFAULT '0',
  `use_anonymous_followups` tinyint(1) NOT NULL DEFAULT '0',
  `language` char(10) COLLATE utf8_unicode_ci DEFAULT 'en_GB' COMMENT 'see define.php CFG_GLPI[language] array',
  `priority_1` char(20) COLLATE utf8_unicode_ci DEFAULT '#fff2f2',
  `priority_2` char(20) COLLATE utf8_unicode_ci DEFAULT '#ffe0e0',
  `priority_3` char(20) COLLATE utf8_unicode_ci DEFAULT '#ffcece',
  `priority_4` char(20) COLLATE utf8_unicode_ci DEFAULT '#ffbfbf',
  `priority_5` char(20) COLLATE utf8_unicode_ci DEFAULT '#ffadad',
  `priority_6` char(20) COLLATE utf8_unicode_ci NOT NULL DEFAULT '#ff5555',
  `date_tax` date NOT NULL DEFAULT '2005-12-31',
  `cas_host` varchar(255) COLLATE utf8_unicode_ci DEFAULT NULL,
  `cas_port` int(11) NOT NULL DEFAULT '443',
  `cas_uri` varchar(255) COLLATE utf8_unicode_ci DEFAULT NULL,
  `cas_logout` varchar(255) COLLATE utf8_unicode_ci DEFAULT NULL,
  `authldaps_id_extra` int(11) NOT NULL DEFAULT '0' COMMENT 'extra server',
  `existing_auth_server_field` varchar(255) COLLATE utf8_unicode_ci DEFAULT NULL,
  `existing_auth_server_field_clean_domain` tinyint(1) NOT NULL DEFAULT '0',
  `planning_begin` time NOT NULL DEFAULT '08:00:00',
  `planning_end` time NOT NULL DEFAULT '20:00:00',
  `utf8_conv` int(11) NOT NULL DEFAULT '0',
  `use_public_faq` tinyint(1) NOT NULL DEFAULT '0',
  `url_base` varchar(255) COLLATE utf8_unicode_ci DEFAULT NULL,
  `show_link_in_mail` tinyint(1) NOT NULL DEFAULT '0',
  `text_login` text COLLATE utf8_unicode_ci,
  `founded_new_version` char(10) COLLATE utf8_unicode_ci DEFAULT NULL,
  `dropdown_max` int(11) NOT NULL DEFAULT '100',
  `ajax_wildcard` char(1) COLLATE utf8_unicode_ci DEFAULT '*',
  `use_ajax` tinyint(1) NOT NULL DEFAULT '0',
  `ajax_min_textsearch_load` int(11) NOT NULL DEFAULT '0',
  `ajax_limit_count` int(11) NOT NULL DEFAULT '50',
  `use_ajax_autocompletion` tinyint(1) NOT NULL DEFAULT '1',
  `is_users_auto_add` tinyint(1) NOT NULL DEFAULT '1',
  `date_format` int(11) NOT NULL DEFAULT '0',
  `number_format` int(11) NOT NULL DEFAULT '0',
  `csv_delimiter` char(1) COLLATE utf8_unicode_ci NOT NULL,
  `is_ids_visible` tinyint(1) NOT NULL DEFAULT '0',
  `dropdown_chars_limit` int(11) NOT NULL DEFAULT '50',
  `use_ocs_mode` tinyint(1) NOT NULL DEFAULT '0',
  `smtp_mode` int(11) NOT NULL DEFAULT '0' COMMENT 'see define.php MAIL_* constant',
  `smtp_host` varchar(255) COLLATE utf8_unicode_ci DEFAULT NULL,
  `smtp_port` int(11) NOT NULL DEFAULT '25',
  `smtp_username` varchar(255) COLLATE utf8_unicode_ci DEFAULT NULL,
  `proxy_name` varchar(255) COLLATE utf8_unicode_ci DEFAULT NULL,
  `proxy_port` int(11) NOT NULL DEFAULT '8080',
  `proxy_user` varchar(255) COLLATE utf8_unicode_ci DEFAULT NULL,
  `add_followup_on_update_ticket` tinyint(1) NOT NULL DEFAULT '1',
  `keep_tickets_on_delete` tinyint(1) NOT NULL DEFAULT '1',
  `time_step` int(11) DEFAULT '5',
  `decimal_number` int(11) DEFAULT '2',
  `helpdesk_doc_url` varchar(255) COLLATE utf8_unicode_ci DEFAULT NULL,
  `central_doc_url` varchar(255) COLLATE utf8_unicode_ci DEFAULT NULL,
  `documentcategories_id_forticket` int(11) NOT NULL DEFAULT '0' COMMENT 'default category for documents added with a ticket',
  `monitors_management_restrict` int(11) NOT NULL DEFAULT '2',
  `phones_management_restrict` int(11) NOT NULL DEFAULT '2',
  `peripherals_management_restrict` int(11) NOT NULL DEFAULT '2',
  `printers_management_restrict` int(11) NOT NULL DEFAULT '2',
  `use_log_in_files` tinyint(1) NOT NULL DEFAULT '0',
  `time_offset` int(11) NOT NULL DEFAULT '0' COMMENT 'in seconds',
  `is_contact_autoupdate` tinyint(1) NOT NULL DEFAULT '1',
  `is_user_autoupdate` tinyint(1) NOT NULL DEFAULT '1',
  `is_group_autoupdate` tinyint(1) NOT NULL DEFAULT '1',
  `is_location_autoupdate` tinyint(1) NOT NULL DEFAULT '1',
  `state_autoupdate_mode` int(11) NOT NULL DEFAULT '0',
  `is_contact_autoclean` tinyint(1) NOT NULL DEFAULT '0',
  `is_user_autoclean` tinyint(1) NOT NULL DEFAULT '0',
  `is_group_autoclean` tinyint(1) NOT NULL DEFAULT '0',
  `is_location_autoclean` tinyint(1) NOT NULL DEFAULT '0',
  `state_autoclean_mode` int(11) NOT NULL DEFAULT '0',
  `use_flat_dropdowntree` tinyint(1) NOT NULL DEFAULT '0',
  `use_autoname_by_entity` tinyint(1) NOT NULL DEFAULT '1',
  `is_categorized_soft_expanded` tinyint(1) NOT NULL DEFAULT '1',
  `is_not_categorized_soft_expanded` tinyint(1) NOT NULL DEFAULT '1',
  `softwarecategories_id_ondelete` int(11) NOT NULL DEFAULT '0' COMMENT 'category applyed when a software is deleted',
  `x509_email_field` varchar(255) COLLATE utf8_unicode_ci DEFAULT NULL,
  `default_mailcollector_filesize_max` int(11) NOT NULL DEFAULT '2097152',
  `followup_private` tinyint(1) NOT NULL DEFAULT '0',
  `task_private` tinyint(1) NOT NULL DEFAULT '0',
  `default_software_helpdesk_visible` tinyint(1) NOT NULL DEFAULT '1',
  `names_format` int(11) NOT NULL DEFAULT '0' COMMENT 'see *NAME_BEFORE constant in define.php',
  `default_graphtype` char(3) COLLATE utf8_unicode_ci NOT NULL DEFAULT 'svg',
  `default_requesttypes_id` int(11) NOT NULL DEFAULT '1',
  `use_noright_users_add` tinyint(1) NOT NULL DEFAULT '1',
  `cron_limit` tinyint(4) NOT NULL DEFAULT '1' COMMENT 'Number of tasks execute by external cron',
  `priority_matrix` varchar(255) COLLATE utf8_unicode_ci DEFAULT NULL COMMENT 'json encoded array for Urgence / Impact to Protority',
  `urgency_mask` int(11) NOT NULL DEFAULT '62',
  `impact_mask` int(11) NOT NULL DEFAULT '62',
  `user_deleted_ldap` tinyint(1) NOT NULL DEFAULT '0',
  `auto_create_infocoms` tinyint(1) NOT NULL DEFAULT '0',
  `use_slave_for_search` tinyint(1) NOT NULL DEFAULT '0',
  `proxy_passwd` varchar(255) COLLATE utf8_unicode_ci DEFAULT NULL,
  `smtp_passwd` varchar(255) COLLATE utf8_unicode_ci DEFAULT NULL,
  `transfers_id_auto` int(11) NOT NULL DEFAULT '0',
  `show_count_on_tabs` tinyint(1) NOT NULL DEFAULT '1',
  `refresh_ticket_list` int(11) NOT NULL DEFAULT '0',
  `set_default_tech` tinyint(1) NOT NULL DEFAULT '1',
  PRIMARY KEY (`id`)
) ENGINE=MyISAM AUTO_INCREMENT=2 DEFAULT CHARSET=utf8 COLLATE=utf8_unicode_ci;
/*!40101 SET character_set_client = @saved_cs_client */;

--
-- Dumping data for table `glpi_configs`
--

LOCK TABLES `glpi_configs` WRITE;
/*!40000 ALTER TABLE `glpi_configs` DISABLE KEYS */;
INSERT INTO `glpi_configs` VALUES (1,0,250,15,50,30,' 0.83',5,1,'hcmservices@apm.com','HCM Services','hcmservices@apm.com',NULL,'SIGNATURE',0,0,'en_GB','#fff2f2','#ffe0e0','#ffcece','#ffbfbf','#ffadad','#ff5555','2005-12-31','',443,'',NULL,1,NULL,0,'08:00:00','20:00:00',1,0,'http://hcmessp01.amcc.com/glpi',0,'','0.83.40\r\n',100,'*',0,0,50,1,1,0,0,';',0,50,0,0,'10.64.19.60',25,'hcmservices@apm.com',NULL,8080,NULL,1,0,5,2,NULL,NULL,0,2,2,2,2,1,25200,1,1,1,1,0,0,0,0,0,0,0,1,1,1,1,NULL,2097152,0,0,1,0,'svg',1,1,1,'{\"1\":{\"1\":1,\"2\":1,\"3\":2,\"4\":2,\"5\":2},\"2\":{\"1\":1,\"2\":2,\"3\":2,\"4\":3,\"5\":3},\"3\":{\"1\":2,\"2\":2,\"3\":3,\"4\":4,\"5\":4},\"4\":{\"1\":2,\"2\":3,\"3\":4,\"4\":4,\"5\":5},\"5\":{\"1\":2,\"2\":3,\"3\":4,\"4\":5,\"5\":5}}',62,62,1,0,0,NULL,'Gbavu5UnCJ1b',0,1,0,1);
/*!40000 ALTER TABLE `glpi_configs` ENABLE KEYS */;
UNLOCK TABLES;

--
-- Table structure for table `glpi_consumableitems`
--

DROP TABLE IF EXISTS `glpi_consumableitems`;
/*!40101 SET @saved_cs_client     = @@character_set_client */;
/*!40101 SET character_set_client = utf8 */;
CREATE TABLE `glpi_consumableitems` (
  `id` int(11) NOT NULL AUTO_INCREMENT,
  `entities_id` int(11) NOT NULL DEFAULT '0',
  `name` varchar(255) COLLATE utf8_unicode_ci DEFAULT NULL,
  `ref` varchar(255) COLLATE utf8_unicode_ci DEFAULT NULL,
  `locations_id` int(11) NOT NULL DEFAULT '0',
  `consumableitemtypes_id` int(11) NOT NULL DEFAULT '0',
  `manufacturers_id` int(11) NOT NULL DEFAULT '0',
  `users_id_tech` int(11) NOT NULL DEFAULT '0',
  `groups_id_tech` int(11) NOT NULL DEFAULT '0',
  `is_deleted` tinyint(1) NOT NULL DEFAULT '0',
  `comment` text COLLATE utf8_unicode_ci,
  `alarm_threshold` int(11) NOT NULL DEFAULT '10',
  `notepad` longtext COLLATE utf8_unicode_ci,
  PRIMARY KEY (`id`),
  KEY `name` (`name`),
  KEY `entities_id` (`entities_id`),
  KEY `manufacturers_id` (`manufacturers_id`),
  KEY `locations_id` (`locations_id`),
  KEY `users_id_tech` (`users_id_tech`),
  KEY `consumableitemtypes_id` (`consumableitemtypes_id`),
  KEY `is_deleted` (`is_deleted`),
  KEY `alarm_threshold` (`alarm_threshold`),
  KEY `groups_id_tech` (`groups_id_tech`)
) ENGINE=MyISAM AUTO_INCREMENT=2 DEFAULT CHARSET=utf8 COLLATE=utf8_unicode_ci;
/*!40101 SET character_set_client = @saved_cs_client */;

--
-- Dumping data for table `glpi_consumableitems`
--

LOCK TABLES `glpi_consumableitems` WRITE;
/*!40000 ALTER TABLE `glpi_consumableitems` DISABLE KEYS */;
INSERT INTO `glpi_consumableitems` VALUES (1,0,'HDD500GB','',0,0,0,21,2,0,'P/N: H2T5003272S7\r\nS/N: Y9059N0l',10,NULL);
/*!40000 ALTER TABLE `glpi_consumableitems` ENABLE KEYS */;
UNLOCK TABLES;

--
-- Table structure for table `glpi_consumableitemtypes`
--

DROP TABLE IF EXISTS `glpi_consumableitemtypes`;
/*!40101 SET @saved_cs_client     = @@character_set_client */;
/*!40101 SET character_set_client = utf8 */;
CREATE TABLE `glpi_consumableitemtypes` (
  `id` int(11) NOT NULL AUTO_INCREMENT,
  `name` varchar(255) COLLATE utf8_unicode_ci DEFAULT NULL,
  `comment` text COLLATE utf8_unicode_ci,
  PRIMARY KEY (`id`),
  KEY `name` (`name`)
) ENGINE=MyISAM DEFAULT CHARSET=utf8 COLLATE=utf8_unicode_ci;
/*!40101 SET character_set_client = @saved_cs_client */;

--
-- Dumping data for table `glpi_consumableitemtypes`
--

LOCK TABLES `glpi_consumableitemtypes` WRITE;
/*!40000 ALTER TABLE `glpi_consumableitemtypes` DISABLE KEYS */;
/*!40000 ALTER TABLE `glpi_consumableitemtypes` ENABLE KEYS */;
UNLOCK TABLES;

--
-- Table structure for table `glpi_consumables`
--

DROP TABLE IF EXISTS `glpi_consumables`;
/*!40101 SET @saved_cs_client     = @@character_set_client */;
/*!40101 SET character_set_client = utf8 */;
CREATE TABLE `glpi_consumables` (
  `id` int(11) NOT NULL AUTO_INCREMENT,
  `entities_id` int(11) NOT NULL DEFAULT '0',
  `consumableitems_id` int(11) NOT NULL DEFAULT '0',
  `date_in` date DEFAULT NULL,
  `date_out` date DEFAULT NULL,
  `itemtype` varchar(100) COLLATE utf8_unicode_ci DEFAULT NULL,
  `items_id` int(11) NOT NULL DEFAULT '0',
  PRIMARY KEY (`id`),
  KEY `date_in` (`date_in`),
  KEY `date_out` (`date_out`),
  KEY `consumableitems_id` (`consumableitems_id`),
  KEY `entities_id` (`entities_id`),
  KEY `item` (`itemtype`,`items_id`)
) ENGINE=MyISAM DEFAULT CHARSET=utf8 COLLATE=utf8_unicode_ci;
/*!40101 SET character_set_client = @saved_cs_client */;

--
-- Dumping data for table `glpi_consumables`
--

LOCK TABLES `glpi_consumables` WRITE;
/*!40000 ALTER TABLE `glpi_consumables` DISABLE KEYS */;
/*!40000 ALTER TABLE `glpi_consumables` ENABLE KEYS */;
UNLOCK TABLES;

--
-- Table structure for table `glpi_contacts`
--

DROP TABLE IF EXISTS `glpi_contacts`;
/*!40101 SET @saved_cs_client     = @@character_set_client */;
/*!40101 SET character_set_client = utf8 */;
CREATE TABLE `glpi_contacts` (
  `id` int(11) NOT NULL AUTO_INCREMENT,
  `entities_id` int(11) NOT NULL DEFAULT '0',
  `is_recursive` tinyint(1) NOT NULL DEFAULT '0',
  `name` varchar(255) COLLATE utf8_unicode_ci DEFAULT NULL,
  `firstname` varchar(255) COLLATE utf8_unicode_ci DEFAULT NULL,
  `phone` varchar(255) COLLATE utf8_unicode_ci DEFAULT NULL,
  `phone2` varchar(255) COLLATE utf8_unicode_ci DEFAULT NULL,
  `mobile` varchar(255) COLLATE utf8_unicode_ci DEFAULT NULL,
  `fax` varchar(255) COLLATE utf8_unicode_ci DEFAULT NULL,
  `email` varchar(255) COLLATE utf8_unicode_ci DEFAULT NULL,
  `contacttypes_id` int(11) NOT NULL DEFAULT '0',
  `comment` text COLLATE utf8_unicode_ci,
  `is_deleted` tinyint(1) NOT NULL DEFAULT '0',
  `notepad` longtext COLLATE utf8_unicode_ci,
  PRIMARY KEY (`id`),
  KEY `name` (`name`),
  KEY `entities_id` (`entities_id`),
  KEY `contacttypes_id` (`contacttypes_id`),
  KEY `is_deleted` (`is_deleted`)
) ENGINE=MyISAM DEFAULT CHARSET=utf8 COLLATE=utf8_unicode_ci;
/*!40101 SET character_set_client = @saved_cs_client */;

--
-- Dumping data for table `glpi_contacts`
--

LOCK TABLES `glpi_contacts` WRITE;
/*!40000 ALTER TABLE `glpi_contacts` DISABLE KEYS */;
/*!40000 ALTER TABLE `glpi_contacts` ENABLE KEYS */;
UNLOCK TABLES;

--
-- Table structure for table `glpi_contacts_suppliers`
--

DROP TABLE IF EXISTS `glpi_contacts_suppliers`;
/*!40101 SET @saved_cs_client     = @@character_set_client */;
/*!40101 SET character_set_client = utf8 */;
CREATE TABLE `glpi_contacts_suppliers` (
  `id` int(11) NOT NULL AUTO_INCREMENT,
  `suppliers_id` int(11) NOT NULL DEFAULT '0',
  `contacts_id` int(11) NOT NULL DEFAULT '0',
  PRIMARY KEY (`id`),
  UNIQUE KEY `unicity` (`suppliers_id`,`contacts_id`),
  KEY `contacts_id` (`contacts_id`)
) ENGINE=MyISAM DEFAULT CHARSET=utf8 COLLATE=utf8_unicode_ci;
/*!40101 SET character_set_client = @saved_cs_client */;

--
-- Dumping data for table `glpi_contacts_suppliers`
--

LOCK TABLES `glpi_contacts_suppliers` WRITE;
/*!40000 ALTER TABLE `glpi_contacts_suppliers` DISABLE KEYS */;
/*!40000 ALTER TABLE `glpi_contacts_suppliers` ENABLE KEYS */;
UNLOCK TABLES;

--
-- Table structure for table `glpi_contacttypes`
--

DROP TABLE IF EXISTS `glpi_contacttypes`;
/*!40101 SET @saved_cs_client     = @@character_set_client */;
/*!40101 SET character_set_client = utf8 */;
CREATE TABLE `glpi_contacttypes` (
  `id` int(11) NOT NULL AUTO_INCREMENT,
  `name` varchar(255) COLLATE utf8_unicode_ci DEFAULT NULL,
  `comment` text COLLATE utf8_unicode_ci,
  PRIMARY KEY (`id`),
  KEY `name` (`name`)
) ENGINE=MyISAM DEFAULT CHARSET=utf8 COLLATE=utf8_unicode_ci;
/*!40101 SET character_set_client = @saved_cs_client */;

--
-- Dumping data for table `glpi_contacttypes`
--

LOCK TABLES `glpi_contacttypes` WRITE;
/*!40000 ALTER TABLE `glpi_contacttypes` DISABLE KEYS */;
/*!40000 ALTER TABLE `glpi_contacttypes` ENABLE KEYS */;
UNLOCK TABLES;

--
-- Table structure for table `glpi_contracts`
--

DROP TABLE IF EXISTS `glpi_contracts`;
/*!40101 SET @saved_cs_client     = @@character_set_client */;
/*!40101 SET character_set_client = utf8 */;
CREATE TABLE `glpi_contracts` (
  `id` int(11) NOT NULL AUTO_INCREMENT,
  `entities_id` int(11) NOT NULL DEFAULT '0',
  `is_recursive` tinyint(1) NOT NULL DEFAULT '0',
  `name` varchar(255) COLLATE utf8_unicode_ci DEFAULT NULL,
  `num` varchar(255) COLLATE utf8_unicode_ci DEFAULT NULL,
  `cost` decimal(20,4) NOT NULL DEFAULT '0.0000',
  `contracttypes_id` int(11) NOT NULL DEFAULT '0',
  `begin_date` date DEFAULT NULL,
  `duration` int(11) NOT NULL DEFAULT '0',
  `notice` int(11) NOT NULL DEFAULT '0',
  `periodicity` int(11) NOT NULL DEFAULT '0',
  `billing` int(11) NOT NULL DEFAULT '0',
  `comment` text COLLATE utf8_unicode_ci,
  `accounting_number` varchar(255) COLLATE utf8_unicode_ci DEFAULT NULL,
  `is_deleted` tinyint(1) NOT NULL DEFAULT '0',
  `week_begin_hour` time NOT NULL DEFAULT '00:00:00',
  `week_end_hour` time NOT NULL DEFAULT '00:00:00',
  `saturday_begin_hour` time NOT NULL DEFAULT '00:00:00',
  `saturday_end_hour` time NOT NULL DEFAULT '00:00:00',
  `use_saturday` tinyint(1) NOT NULL DEFAULT '0',
  `monday_begin_hour` time NOT NULL DEFAULT '00:00:00',
  `monday_end_hour` time NOT NULL DEFAULT '00:00:00',
  `use_monday` tinyint(1) NOT NULL DEFAULT '0',
  `max_links_allowed` int(11) NOT NULL DEFAULT '0',
  `notepad` longtext COLLATE utf8_unicode_ci,
  `alert` int(11) NOT NULL DEFAULT '0',
  `renewal` int(11) NOT NULL DEFAULT '0',
  `template_name` varchar(255) COLLATE utf8_unicode_ci DEFAULT NULL,
  `is_template` tinyint(1) NOT NULL DEFAULT '0',
  PRIMARY KEY (`id`),
  KEY `begin_date` (`begin_date`),
  KEY `name` (`name`),
  KEY `contracttypes_id` (`contracttypes_id`),
  KEY `entities_id` (`entities_id`),
  KEY `is_deleted` (`is_deleted`),
  KEY `use_monday` (`use_monday`),
  KEY `use_saturday` (`use_saturday`),
  KEY `alert` (`alert`)
) ENGINE=MyISAM AUTO_INCREMENT=12 DEFAULT CHARSET=utf8 COLLATE=utf8_unicode_ci;
/*!40101 SET character_set_client = @saved_cs_client */;

--
-- Dumping data for table `glpi_contracts`
--

LOCK TABLES `glpi_contracts` WRITE;
/*!40000 ALTER TABLE `glpi_contracts` DISABLE KEYS */;
INSERT INTO `glpi_contracts` VALUES (1,0,0,'TK135','135','234267.0500',1,NULL,0,0,0,0,'','',0,'00:00:00','00:00:00','00:00:00','00:00:00',0,'00:00:00','00:00:00',0,0,NULL,0,0,NULL,0),(2,0,0,'TK134','134','16150.0000',1,NULL,0,0,0,0,'','',0,'00:00:00','00:00:00','00:00:00','00:00:00',0,'00:00:00','00:00:00',0,0,NULL,0,0,NULL,0),(3,0,0,'TK130','130','20112.4000',1,NULL,0,0,0,0,'','',0,'00:00:00','00:00:00','00:00:00','00:00:00',0,'00:00:00','00:00:00',0,0,NULL,0,0,NULL,0),(4,0,0,'TK1069','1069','0.0000',1,'2008-04-03',0,0,0,0,'','',0,'00:00:00','00:00:00','00:00:00','00:00:00',0,'00:00:00','00:00:00',0,0,NULL,0,0,NULL,0),(5,0,0,'TK2282','2282','0.0000',1,NULL,0,0,0,0,'','',0,'00:00:00','00:00:00','00:00:00','00:00:00',0,'00:00:00','00:00:00',0,0,NULL,0,0,NULL,0),(6,0,0,'TK36','36','11141.4700',1,'2009-02-03',0,0,0,0,'','',0,'00:00:00','00:00:00','00:00:00','00:00:00',0,'00:00:00','00:00:00',0,0,NULL,0,0,NULL,0),(7,0,0,'TK','','0.0000',1,NULL,0,0,0,0,'','',0,'00:00:00','00:00:00','00:00:00','00:00:00',0,'00:00:00','00:00:00',0,0,NULL,0,0,'TKHQ-US',1),(8,0,0,'TK','','0.0000',2,NULL,0,0,0,0,'','',0,'00:00:00','00:00:00','00:00:00','00:00:00',0,'00:00:00','00:00:00',0,0,NULL,0,0,'TKHQ-VN',1),(9,0,0,'TK151','151','1715.0000',2,NULL,0,0,0,0,'','',0,'00:00:00','00:00:00','00:00:00','00:00:00',0,'00:00:00','00:00:00',0,0,NULL,0,0,NULL,0),(10,0,0,'TK252','252','87856.0000',1,NULL,0,0,0,0,'','',0,'00:00:00','00:00:00','00:00:00','00:00:00',0,'00:00:00','00:00:00',0,0,NULL,0,0,NULL,0),(11,0,0,'TK0884','884','114738.1000',1,NULL,0,0,0,0,'','',0,'00:00:00','00:00:00','00:00:00','00:00:00',0,'00:00:00','00:00:00',0,0,NULL,0,0,NULL,0);
/*!40000 ALTER TABLE `glpi_contracts` ENABLE KEYS */;
UNLOCK TABLES;

--
-- Table structure for table `glpi_contracts_items`
--

DROP TABLE IF EXISTS `glpi_contracts_items`;
/*!40101 SET @saved_cs_client     = @@character_set_client */;
/*!40101 SET character_set_client = utf8 */;
CREATE TABLE `glpi_contracts_items` (
  `id` int(11) NOT NULL AUTO_INCREMENT,
  `contracts_id` int(11) NOT NULL DEFAULT '0',
  `items_id` int(11) NOT NULL DEFAULT '0',
  `itemtype` varchar(100) COLLATE utf8_unicode_ci NOT NULL,
  PRIMARY KEY (`id`),
  UNIQUE KEY `unicity` (`contracts_id`,`itemtype`,`items_id`),
  KEY `FK_device` (`items_id`,`itemtype`),
  KEY `item` (`itemtype`,`items_id`)
) ENGINE=MyISAM AUTO_INCREMENT=30 DEFAULT CHARSET=utf8 COLLATE=utf8_unicode_ci;
/*!40101 SET character_set_client = @saved_cs_client */;

--
-- Dumping data for table `glpi_contracts_items`
--

LOCK TABLES `glpi_contracts_items` WRITE;
/*!40000 ALTER TABLE `glpi_contracts_items` DISABLE KEYS */;
INSERT INTO `glpi_contracts_items` VALUES (1,1,6,'Computer'),(2,1,7,'Computer'),(3,1,8,'Computer'),(4,1,9,'Computer'),(5,1,14,'Computer'),(6,1,11,'Computer'),(7,1,12,'Computer'),(8,1,13,'Computer'),(9,1,10,'Computer'),(10,1,15,'Computer'),(19,1,5,'Computer'),(12,2,18,'Computer'),(13,2,19,'Computer'),(14,2,20,'Computer'),(15,2,21,'Computer'),(18,1,5,'Printer'),(17,1,17,'Computer'),(20,11,228,'Computer'),(21,11,229,'Computer'),(22,11,230,'Computer'),(23,11,238,'Computer'),(24,11,237,'Computer'),(25,11,236,'Computer'),(26,11,235,'Computer'),(27,11,234,'Computer'),(28,11,232,'Computer'),(29,11,231,'Computer');
/*!40000 ALTER TABLE `glpi_contracts_items` ENABLE KEYS */;
UNLOCK TABLES;

--
-- Table structure for table `glpi_contracts_suppliers`
--

DROP TABLE IF EXISTS `glpi_contracts_suppliers`;
/*!40101 SET @saved_cs_client     = @@character_set_client */;
/*!40101 SET character_set_client = utf8 */;
CREATE TABLE `glpi_contracts_suppliers` (
  `id` int(11) NOT NULL AUTO_INCREMENT,
  `suppliers_id` int(11) NOT NULL DEFAULT '0',
  `contracts_id` int(11) NOT NULL DEFAULT '0',
  PRIMARY KEY (`id`),
  UNIQUE KEY `unicity` (`suppliers_id`,`contracts_id`),
  KEY `contracts_id` (`contracts_id`)
) ENGINE=MyISAM AUTO_INCREMENT=7 DEFAULT CHARSET=utf8 COLLATE=utf8_unicode_ci;
/*!40101 SET character_set_client = @saved_cs_client */;

--
-- Dumping data for table `glpi_contracts_suppliers`
--

LOCK TABLES `glpi_contracts_suppliers` WRITE;
/*!40000 ALTER TABLE `glpi_contracts_suppliers` DISABLE KEYS */;
INSERT INTO `glpi_contracts_suppliers` VALUES (1,5,1),(2,5,4),(3,5,3),(4,5,2),(5,5,6),(6,5,9);
/*!40000 ALTER TABLE `glpi_contracts_suppliers` ENABLE KEYS */;
UNLOCK TABLES;

--
-- Table structure for table `glpi_contracttypes`
--

DROP TABLE IF EXISTS `glpi_contracttypes`;
/*!40101 SET @saved_cs_client     = @@character_set_client */;
/*!40101 SET character_set_client = utf8 */;
CREATE TABLE `glpi_contracttypes` (
  `id` int(11) NOT NULL AUTO_INCREMENT,
  `name` varchar(255) COLLATE utf8_unicode_ci DEFAULT NULL,
  `comment` text COLLATE utf8_unicode_ci,
  PRIMARY KEY (`id`),
  KEY `name` (`name`)
) ENGINE=MyISAM AUTO_INCREMENT=3 DEFAULT CHARSET=utf8 COLLATE=utf8_unicode_ci;
/*!40101 SET character_set_client = @saved_cs_client */;

--
-- Dumping data for table `glpi_contracttypes`
--

LOCK TABLES `glpi_contracttypes` WRITE;
/*!40000 ALTER TABLE `glpi_contracttypes` DISABLE KEYS */;
INSERT INTO `glpi_contracttypes` VALUES (1,'Imported from US',''),(2,'Local Vietnam','');
/*!40000 ALTER TABLE `glpi_contracttypes` ENABLE KEYS */;
UNLOCK TABLES;

--
-- Table structure for table `glpi_crontasklogs`
--

DROP TABLE IF EXISTS `glpi_crontasklogs`;
/*!40101 SET @saved_cs_client     = @@character_set_client */;
/*!40101 SET character_set_client = utf8 */;
CREATE TABLE `glpi_crontasklogs` (
  `id` int(11) NOT NULL AUTO_INCREMENT,
  `crontasks_id` int(11) NOT NULL,
  `crontasklogs_id` int(11) NOT NULL COMMENT 'id of ''start'' event',
  `date` datetime NOT NULL,
  `state` int(11) NOT NULL COMMENT '0:start, 1:run, 2:stop',
  `elapsed` float NOT NULL COMMENT 'time elapsed since start',
  `volume` int(11) NOT NULL COMMENT 'for statistics',
  `content` varchar(255) COLLATE utf8_unicode_ci DEFAULT NULL COMMENT 'message',
  PRIMARY KEY (`id`),
  KEY `date` (`date`),
  KEY `crontasks_id` (`crontasks_id`),
  KEY `crontasklogs_id_state` (`crontasklogs_id`,`state`)
) ENGINE=MyISAM AUTO_INCREMENT=2068 DEFAULT CHARSET=utf8 COLLATE=utf8_unicode_ci;
/*!40101 SET character_set_client = @saved_cs_client */;

--
-- Dumping data for table `glpi_crontasklogs`
--

LOCK TABLES `glpi_crontasklogs` WRITE;
/*!40000 ALTER TABLE `glpi_crontasklogs` DISABLE KEYS */;
INSERT INTO `glpi_crontasklogs` VALUES (1,14,0,'2012-05-07 09:32:22',0,0,0,'Run mode : GLPI'),(2,14,1,'2012-05-07 09:32:22',2,0.021611,0,'Action completed, no processing required'),(3,15,0,'2012-05-07 11:06:54',0,0,0,'Run mode : GLPI'),(4,15,3,'2012-05-07 11:06:54',2,0.0279419,0,'Action completed, no processing required'),(5,16,0,'2012-05-07 11:14:41',0,0,0,'Run mode : GLPI'),(6,16,5,'2012-05-07 11:14:41',2,0.0170991,0,'Action completed, no processing required'),(7,17,0,'2012-05-07 11:14:56',0,0,0,'Run mode : GLPI'),(8,17,7,'2012-05-07 11:14:56',2,0.0194521,0,'Action completed, no processing required'),(9,18,0,'2012-05-07 11:22:25',0,0,0,'Run mode : GLPI'),(10,18,9,'2012-05-07 11:22:25',2,0.0237792,0,'Action completed, no processing required'),(11,19,0,'2012-05-07 11:32:32',0,0,0,'Run mode : GLPI'),(12,19,11,'2012-05-07 11:32:32',2,0.0196362,0,'Action completed, fully processed'),(13,20,0,'2012-05-07 11:38:01',0,0,0,'Run mode : GLPI'),(14,20,13,'2012-05-07 11:38:01',2,0.0193748,0,'Action completed, no processing required'),(15,5,0,'2012-05-07 11:44:23',0,0,0,'Run mode : GLPI'),(16,5,15,'2012-05-07 11:44:23',2,0.0180151,0,'Action completed, no processing required'),(17,6,0,'2012-05-07 11:53:21',0,0,0,'Run mode : GLPI'),(18,6,17,'2012-05-07 11:53:21',2,0.0186911,0,'Action completed, no processing required'),(19,8,0,'2012-05-07 12:06:15',0,0,0,'Run mode : GLPI'),(20,8,19,'2012-05-07 12:06:15',2,0.108519,203,'Action completed, fully processed'),(21,9,0,'2012-05-07 12:07:02',0,0,0,'Run mode : GLPI'),(22,9,21,'2012-05-07 12:07:02',2,0.020015,0,'Action completed, no processing required'),(23,12,0,'2012-05-07 12:07:25',0,0,0,'Run mode : GLPI'),(24,12,23,'2012-05-07 12:07:25',1,0.022469,1,'Clean 1 session file(s) created since more than 180 seconds\n'),(25,12,23,'2012-05-07 12:07:25',2,0.023454,1,'Action completed, fully processed'),(26,13,0,'2012-05-07 12:17:01',0,0,0,'Run mode : GLPI'),(27,13,26,'2012-05-07 12:17:01',1,0.0210059,1,'Clean 1 graph file(s) created since more than 3600 seconds\n'),(28,13,26,'2012-05-07 12:17:01',2,0.0219679,1,'Action completed, fully processed'),(29,14,0,'2012-05-07 12:26:53',0,0,0,'Run mode : GLPI'),(30,14,29,'2012-05-07 12:26:53',2,0.022423,0,'Action completed, no processing required'),(31,17,0,'2012-05-07 12:31:57',0,0,0,'Run mode : GLPI'),(32,17,31,'2012-05-07 12:31:57',2,0.0214429,0,'Action completed, no processing required'),(33,9,0,'2012-05-08 05:25:16',0,0,0,'Run mode : GLPI'),(34,9,33,'2012-05-08 05:25:16',2,0.022253,0,'Action completed, no processing required'),(35,17,0,'2012-05-08 09:32:57',0,0,0,'Run mode : GLPI'),(36,17,35,'2012-05-08 09:32:57',2,0.0249681,0,'Action completed, no processing required'),(37,20,0,'2012-05-08 10:42:36',0,0,0,'Run mode : GLPI'),(38,20,37,'2012-05-08 10:42:36',2,1.6423,0,'Action completed, no processing required'),(39,13,0,'2012-05-10 06:15:39',0,0,0,'Run mode : GLPI'),(40,13,39,'2012-05-10 06:15:39',2,0.0324292,0,'Action completed, no processing required'),(41,14,0,'2012-05-10 06:52:33',0,0,0,'Run mode : GLPI'),(42,14,41,'2012-05-10 06:52:33',2,0.0213048,0,'Action completed, no processing required'),(43,15,0,'2012-05-10 06:58:41',0,0,0,'Run mode : GLPI'),(44,15,43,'2012-05-10 06:58:41',2,0.0337441,0,'Action completed, no processing required'),(45,16,0,'2012-05-10 07:03:56',0,0,0,'Run mode : GLPI'),(46,16,45,'2012-05-10 07:03:56',2,0.0215919,0,'Action completed, no processing required'),(47,9,0,'2012-05-10 07:13:03',0,0,0,'Run mode : GLPI'),(48,9,47,'2012-05-10 07:13:03',2,0.038682,0,'Action completed, no processing required'),(49,17,0,'2012-05-10 07:17:03',0,0,0,'Run mode : GLPI'),(50,17,49,'2012-05-10 07:17:03',2,0.0202818,0,'Action completed, no processing required'),(51,18,0,'2012-05-10 07:22:50',0,0,0,'Run mode : GLPI'),(52,18,51,'2012-05-10 07:22:50',2,0.052392,0,'Action completed, no processing required'),(53,19,0,'2012-05-10 07:36:33',0,0,0,'Run mode : GLPI'),(54,19,53,'2012-05-10 07:36:33',2,0.0187669,0,'Action completed, fully processed'),(55,20,0,'2012-05-10 07:41:39',0,0,0,'Run mode : GLPI'),(56,20,55,'2012-05-10 07:41:39',2,0.018394,0,'Action completed, no processing required'),(57,5,0,'2012-05-10 07:46:16',0,0,0,'Run mode : GLPI'),(58,5,57,'2012-05-10 07:46:16',2,0.0183289,0,'Action completed, no processing required'),(59,6,0,'2012-05-10 07:51:20',0,0,0,'Run mode : GLPI'),(60,6,59,'2012-05-10 07:51:20',2,0.0174758,0,'Action completed, no processing required'),(61,12,0,'2012-05-10 07:54:16',0,0,0,'Run mode : GLPI'),(62,12,61,'2012-05-10 07:54:16',1,0.018569,3,'Clean 3 session file(s) created since more than 180 seconds\n'),(63,12,61,'2012-05-10 07:54:16',2,0.019505,3,'Action completed, fully processed'),(64,13,0,'2012-05-10 07:58:27',0,0,0,'Run mode : GLPI'),(65,13,64,'2012-05-10 07:58:27',2,0.018712,0,'Action completed, no processing required'),(66,17,0,'2012-05-10 08:00:26',0,0,0,'Run mode : GLPI'),(67,17,66,'2012-05-10 08:00:26',2,0.0186751,0,'Action completed, no processing required'),(68,9,0,'2012-05-10 08:03:30',0,0,0,'Run mode : GLPI'),(69,9,68,'2012-05-10 08:03:30',2,0.019403,0,'Action completed, no processing required'),(70,14,0,'2012-05-10 08:08:33',0,0,0,'Run mode : GLPI'),(71,14,70,'2012-05-10 08:08:33',2,0.0182369,0,'Action completed, no processing required'),(72,17,0,'2012-05-10 09:11:57',0,0,0,'Run mode : GLPI'),(73,17,72,'2012-05-10 09:11:57',2,0.018903,0,'Action completed, no processing required'),(74,9,0,'2012-05-10 09:18:35',0,0,0,'Run mode : GLPI'),(75,9,74,'2012-05-10 09:18:35',2,0.0195072,0,'Action completed, no processing required'),(76,20,0,'2012-05-10 09:23:41',0,0,0,'Run mode : GLPI'),(77,20,76,'2012-05-10 09:23:41',2,0.0185568,0,'Action completed, no processing required'),(78,13,0,'2012-05-10 09:29:53',0,0,0,'Run mode : GLPI'),(79,13,78,'2012-05-10 09:29:53',2,0.018595,0,'Action completed, no processing required'),(80,14,0,'2012-05-10 09:37:10',0,0,0,'Run mode : GLPI'),(81,14,80,'2012-05-10 09:37:10',2,0.018208,0,'Action completed, no processing required'),(82,17,0,'2012-05-10 09:38:44',0,0,0,'Run mode : GLPI'),(83,17,82,'2012-05-10 09:38:44',2,0.0185571,0,'Action completed, no processing required'),(84,9,0,'2012-05-10 09:50:03',0,0,0,'Run mode : GLPI'),(85,9,84,'2012-05-10 09:50:03',2,0.0190871,0,'Action completed, no processing required'),(86,17,0,'2012-05-10 09:55:20',0,0,0,'Run mode : GLPI'),(87,17,86,'2012-05-10 09:55:20',2,0.017714,0,'Action completed, no processing required'),(88,9,0,'2012-05-10 10:01:06',0,0,0,'Run mode : GLPI'),(89,9,88,'2012-05-10 10:01:06',2,0.017766,0,'Action completed, no processing required'),(90,17,0,'2012-05-10 10:01:45',0,0,0,'Run mode : GLPI'),(91,17,90,'2012-05-10 10:01:45',2,0.0172169,0,'Action completed, no processing required'),(92,17,0,'2012-05-10 10:07:41',0,0,0,'Run mode : GLPI'),(93,17,92,'2012-05-10 10:07:41',2,0.0169339,0,'Action completed, no processing required'),(94,9,0,'2012-05-10 10:11:38',0,0,0,'Run mode : GLPI'),(95,9,94,'2012-05-10 10:11:38',2,0.017756,0,'Action completed, no processing required'),(96,17,0,'2012-05-10 10:14:18',0,0,0,'Run mode : GLPI'),(97,17,96,'2012-05-10 10:14:18',2,0.018002,0,'Action completed, no processing required'),(98,17,0,'2012-05-10 10:20:41',0,0,0,'Run mode : GLPI'),(99,17,98,'2012-05-10 10:20:41',2,0.0174918,0,'Action completed, no processing required'),(100,9,0,'2012-05-10 10:23:58',0,0,0,'Run mode : GLPI'),(101,9,100,'2012-05-10 10:23:58',2,0.017725,0,'Action completed, no processing required'),(102,20,0,'2012-05-10 10:29:03',0,0,0,'Run mode : GLPI'),(103,20,102,'2012-05-10 10:29:03',2,0.04897,0,'Action completed, no processing required'),(104,17,0,'2012-05-10 10:30:48',0,0,0,'Run mode : GLPI'),(105,17,104,'2012-05-10 10:30:48',2,0.017247,0,'Action completed, no processing required'),(106,13,0,'2012-05-10 10:30:52',0,0,0,'Run mode : GLPI'),(107,13,106,'2012-05-10 10:30:52',2,0.017396,0,'Action completed, no processing required'),(108,9,0,'2012-05-10 10:34:55',0,0,0,'Run mode : GLPI'),(109,9,108,'2012-05-10 10:34:55',2,0.0172479,0,'Action completed, no processing required'),(110,17,0,'2012-05-10 10:37:14',0,0,0,'Run mode : GLPI'),(111,17,110,'2012-05-10 10:37:14',2,0.0171931,0,'Action completed, no processing required'),(112,14,0,'2012-05-10 10:37:30',0,0,0,'Run mode : GLPI'),(113,14,112,'2012-05-10 10:37:30',2,0.0253549,0,'Action completed, no processing required'),(114,17,0,'2012-05-10 10:44:20',0,0,0,'Run mode : GLPI'),(115,17,114,'2012-05-10 10:44:20',2,0.0171151,0,'Action completed, no processing required'),(116,9,0,'2012-05-10 10:45:08',0,0,0,'Run mode : GLPI'),(117,9,116,'2012-05-10 10:45:08',2,0.017647,0,'Action completed, no processing required'),(118,17,0,'2012-05-10 10:49:26',0,0,0,'Run mode : GLPI'),(119,17,118,'2012-05-10 10:49:26',2,0.016387,0,'Action completed, no processing required'),(120,17,0,'2012-05-10 10:54:56',0,0,0,'Run mode : GLPI'),(121,17,120,'2012-05-10 10:54:56',2,0.0162549,0,'Action completed, no processing required'),(122,9,0,'2012-05-10 10:56:04',0,0,0,'Run mode : GLPI'),(123,9,122,'2012-05-10 10:56:04',2,0.0176311,0,'Action completed, no processing required'),(124,17,0,'2012-05-10 11:00:51',0,0,0,'Run mode : GLPI'),(125,17,124,'2012-05-10 11:00:51',2,0.0159311,0,'Action completed, no processing required'),(126,17,0,'2012-05-10 11:07:13',0,0,0,'Run mode : GLPI'),(127,17,126,'2012-05-10 11:07:13',2,0.0170989,0,'Action completed, no processing required'),(128,9,0,'2012-05-10 11:08:15',0,0,0,'Run mode : GLPI'),(129,9,128,'2012-05-10 11:08:15',2,0.0174699,0,'Action completed, no processing required'),(130,17,0,'2012-05-10 11:13:15',0,0,0,'Run mode : GLPI'),(131,17,130,'2012-05-10 11:13:15',2,0.017359,0,'Action completed, no processing required'),(132,9,0,'2012-05-10 11:20:05',0,0,0,'Run mode : GLPI'),(133,9,132,'2012-05-10 11:20:05',2,0.017884,0,'Action completed, no processing required'),(134,17,0,'2012-05-10 11:20:36',0,0,0,'Run mode : GLPI'),(135,17,134,'2012-05-10 11:20:36',2,0.0171361,0,'Action completed, no processing required'),(136,17,0,'2012-05-10 11:26:21',0,0,0,'Run mode : GLPI'),(137,17,136,'2012-05-10 11:26:21',2,0.015671,0,'Action completed, no processing required'),(138,20,0,'2012-05-10 11:29:38',0,0,0,'Run mode : GLPI'),(139,20,138,'2012-05-10 11:29:38',2,0.0171459,0,'Action completed, no processing required'),(140,9,0,'2012-05-10 11:31:28',0,0,0,'Run mode : GLPI'),(141,9,140,'2012-05-10 11:31:28',2,0.017405,0,'Action completed, no processing required'),(142,13,0,'2012-05-10 11:33:25',0,0,0,'Run mode : GLPI'),(143,13,142,'2012-05-10 11:33:25',2,0.0172122,0,'Action completed, no processing required'),(144,17,0,'2012-05-10 11:34:54',0,0,0,'Run mode : GLPI'),(145,17,144,'2012-05-10 11:34:54',2,0.0173831,0,'Action completed, no processing required'),(146,14,0,'2012-05-10 11:43:02',0,0,0,'Run mode : GLPI'),(147,14,146,'2012-05-10 11:43:02',2,0.0258288,0,'Action completed, no processing required'),(148,17,0,'2012-05-10 11:43:17',0,0,0,'Run mode : GLPI'),(149,17,148,'2012-05-10 11:43:17',2,0.015419,0,'Action completed, no processing required'),(150,9,0,'2012-05-10 11:44:39',0,0,0,'Run mode : GLPI'),(151,9,150,'2012-05-10 11:44:39',2,0.017452,0,'Action completed, no processing required'),(152,17,0,'2012-05-10 11:48:23',0,0,0,'Run mode : GLPI'),(153,17,152,'2012-05-10 11:48:23',2,0.016293,0,'Action completed, no processing required'),(154,17,0,'2012-05-10 11:56:24',0,0,0,'Run mode : GLPI'),(155,17,154,'2012-05-10 11:56:24',2,0.0175359,0,'Action completed, no processing required'),(156,9,0,'2012-05-10 12:23:29',0,0,0,'Run mode : GLPI'),(157,9,156,'2012-05-10 12:23:29',2,0.0178111,0,'Action completed, no processing required'),(158,17,0,'2012-05-10 12:28:42',0,0,0,'Run mode : GLPI'),(159,17,158,'2012-05-10 12:28:42',2,0.0171611,0,'Action completed, no processing required'),(160,20,0,'2012-05-11 05:39:44',0,0,0,'Run mode : GLPI'),(161,20,160,'2012-05-11 05:39:44',2,0.0173559,0,'Action completed, no processing required'),(162,13,0,'2012-05-11 05:45:55',0,0,0,'Run mode : GLPI'),(163,13,162,'2012-05-11 05:45:55',2,0.017298,0,'Action completed, no processing required'),(164,9,0,'2012-05-11 05:59:21',0,0,0,'Run mode : GLPI'),(165,9,164,'2012-05-11 05:59:21',2,0.0176191,0,'Action completed, no processing required'),(166,17,0,'2012-05-11 05:59:36',0,0,0,'Run mode : GLPI'),(167,17,166,'2012-05-11 05:59:36',2,0.0172529,0,'Action completed, no processing required'),(168,14,0,'2012-05-11 06:12:54',0,0,0,'Run mode : GLPI'),(169,14,168,'2012-05-11 06:12:54',2,0.026531,0,'Action completed, no processing required'),(170,15,0,'2012-05-11 09:43:49',0,0,0,'Run mode : GLPI'),(171,15,170,'2012-05-11 09:43:49',2,0.0331221,0,'Action completed, no processing required'),(172,16,0,'2012-05-11 09:50:17',0,0,0,'Run mode : GLPI'),(173,16,172,'2012-05-11 09:50:17',2,0.033236,0,'Action completed, no processing required'),(174,17,0,'2012-05-11 09:51:11',0,0,0,'Run mode : GLPI'),(175,17,174,'2012-05-11 09:51:11',2,0.0175488,0,'Action completed, no processing required'),(176,9,0,'2012-05-11 09:55:39',0,0,0,'Run mode : GLPI'),(177,9,176,'2012-05-11 09:55:39',2,0.01932,0,'Action completed, no processing required'),(178,20,0,'2012-05-15 05:33:35',0,0,0,'Run mode : GLPI'),(179,20,178,'2012-05-15 05:33:35',2,0.022311,0,'Action completed, no processing required'),(180,13,0,'2012-05-15 05:42:38',0,0,0,'Run mode : GLPI'),(181,13,180,'2012-05-15 05:42:38',2,0.021481,0,'Action completed, no processing required'),(182,14,0,'2012-05-15 06:02:07',0,0,0,'Run mode : GLPI'),(183,14,182,'2012-05-15 06:02:07',2,0.0268269,0,'Action completed, no processing required'),(184,18,0,'2012-05-15 06:10:15',0,0,0,'Run mode : GLPI'),(185,18,184,'2012-05-15 06:10:15',2,0.0280471,0,'Action completed, no processing required'),(186,19,0,'2012-05-15 06:23:02',0,0,0,'Run mode : GLPI'),(187,19,186,'2012-05-15 06:23:02',2,0.0229468,0,'Action completed, fully processed'),(188,5,0,'2012-05-15 06:23:51',0,0,0,'Run mode : GLPI'),(189,5,188,'2012-05-15 06:23:51',2,0.0368938,0,'Action completed, no processing required'),(190,6,0,'2012-05-15 06:25:41',0,0,0,'Run mode : GLPI'),(191,6,190,'2012-05-15 06:25:41',2,0.026464,0,'Action completed, no processing required'),(192,12,0,'2012-05-15 06:25:47',0,0,0,'Run mode : GLPI'),(193,12,192,'2012-05-15 06:25:47',1,0.01964,6,'Clean 6 session file(s) created since more than 180 seconds\n'),(194,12,192,'2012-05-15 06:25:47',2,0.0205619,6,'Action completed, fully processed'),(195,17,0,'2012-05-15 06:37:34',0,0,0,'Run mode : GLPI'),(196,17,195,'2012-05-15 06:37:34',2,0.0197151,0,'Action completed, no processing required'),(197,9,0,'2012-05-15 06:37:43',0,0,0,'Run mode : GLPI'),(198,9,197,'2012-05-15 06:37:43',2,0.022732,0,'Action completed, no processing required'),(199,15,0,'2012-05-15 06:48:58',0,0,0,'Run mode : GLPI'),(200,15,199,'2012-05-15 06:48:58',2,0.0335529,0,'Action completed, no processing required'),(201,16,0,'2012-05-15 06:54:04',0,0,0,'Run mode : GLPI'),(202,16,201,'2012-05-15 06:54:04',2,0.0361991,0,'Action completed, no processing required'),(203,8,0,'2012-06-22 07:19:32',0,0,0,'Run mode : GLPI'),(204,8,203,'2012-06-22 07:19:32',2,13.2298,210,'Action completed, fully processed'),(205,20,0,'2012-07-23 11:33:26',0,0,0,'Run mode : GLPI'),(206,20,205,'2012-07-23 11:33:26',2,0.0255749,0,'Action completed, no processing required'),(207,17,0,'2012-07-23 11:39:12',0,0,0,'Run mode : GLPI'),(208,17,207,'2012-07-23 11:39:12',2,0.0247989,0,'Action completed, no processing required'),(209,13,0,'2012-07-23 11:44:17',0,0,0,'Run mode : GLPI'),(210,13,209,'2012-07-23 11:44:17',2,0.026468,0,'Action completed, no processing required'),(211,9,0,'2012-07-23 11:50:39',0,0,0,'Run mode : GLPI'),(212,9,211,'2012-07-23 11:50:39',2,0.0357001,0,'Action completed, no processing required'),(213,14,0,'2012-07-23 11:59:14',0,0,0,'Run mode : GLPI'),(214,14,213,'2012-07-23 11:59:14',2,0.028043,0,'Action completed, no processing required'),(215,15,0,'2012-07-23 12:05:05',0,0,0,'Run mode : GLPI'),(216,15,215,'2012-07-23 12:05:05',2,0.02721,0,'Action completed, no processing required'),(217,16,0,'2012-07-23 12:14:44',0,0,0,'Run mode : GLPI'),(218,16,217,'2012-07-23 12:14:44',2,0.0269852,0,'Action completed, no processing required'),(219,18,0,'2012-07-23 12:19:45',0,0,0,'Run mode : GLPI'),(220,18,219,'2012-07-23 12:19:45',2,0.040772,0,'Action completed, no processing required'),(221,19,0,'2012-07-23 12:24:54',0,0,0,'Run mode : GLPI'),(222,19,221,'2012-07-23 12:24:54',2,0.0184338,0,'Action completed, fully processed'),(223,5,0,'2012-07-23 12:30:46',0,0,0,'Run mode : GLPI'),(224,5,223,'2012-07-23 12:30:46',2,0.028383,0,'Action completed, no processing required'),(225,6,0,'2012-07-23 12:36:36',0,0,0,'Run mode : GLPI'),(226,6,225,'2012-07-23 12:36:36',2,0.026319,0,'Action completed, no processing required'),(227,12,0,'2012-07-23 12:48:39',0,0,0,'Run mode : GLPI'),(228,12,227,'2012-07-23 12:48:39',1,0.018821,2,'Clean 2 session file(s) created since more than 180 seconds\n'),(229,12,227,'2012-07-23 12:48:39',2,0.019799,2,'Action completed, fully processed'),(230,8,0,'2012-07-23 12:57:43',0,0,0,'Run mode : GLPI'),(231,8,230,'2012-07-23 12:57:43',2,0.12044,210,'Action completed, fully processed'),(232,17,0,'2012-07-23 13:03:00',0,0,0,'Run mode : GLPI'),(233,17,232,'2012-07-23 13:03:00',2,0.018317,0,'Action completed, no processing required'),(234,9,0,'2012-07-23 13:08:16',0,0,0,'Run mode : GLPI'),(235,9,234,'2012-07-23 13:08:16',2,0.01968,0,'Action completed, no processing required'),(236,20,0,'2012-07-23 13:13:23',0,0,0,'Run mode : GLPI'),(237,20,236,'2012-07-23 13:13:23',2,0.018609,0,'Action completed, no processing required'),(238,13,0,'2012-07-23 13:20:39',0,0,0,'Run mode : GLPI'),(239,13,238,'2012-07-23 13:20:39',2,0.018306,0,'Action completed, no processing required'),(240,14,0,'2012-07-24 05:07:20',0,0,0,'Run mode : GLPI'),(241,14,240,'2012-07-24 05:07:20',2,0.036567,0,'Action completed, no processing required'),(242,17,0,'2012-07-24 07:32:42',0,0,0,'Run mode : GLPI'),(243,17,242,'2012-07-24 07:32:42',2,0.021049,0,'Action completed, no processing required'),(244,9,0,'2012-07-24 07:39:44',0,0,0,'Run mode : GLPI'),(245,9,244,'2012-07-24 07:39:44',2,0.0391469,0,'Action completed, no processing required'),(246,20,0,'2012-07-24 07:45:01',0,0,0,'Run mode : GLPI'),(247,20,246,'2012-07-24 07:45:01',2,0.0196111,0,'Action completed, no processing required'),(248,13,0,'2012-07-24 07:50:22',0,0,0,'Run mode : GLPI'),(249,13,248,'2012-07-24 07:50:22',2,0.0197761,0,'Action completed, no processing required'),(250,15,0,'2012-07-24 07:55:44',0,0,0,'Run mode : GLPI'),(251,15,250,'2012-07-24 07:55:44',2,0.0272882,0,'Action completed, no processing required'),(252,16,0,'2012-07-24 08:19:10',0,0,0,'Run mode : GLPI'),(253,16,252,'2012-07-24 08:19:10',2,0.028476,0,'Action completed, no processing required'),(254,14,0,'2012-07-24 09:21:48',0,0,0,'Run mode : GLPI'),(255,14,254,'2012-07-24 09:21:48',2,0.0289979,0,'Action completed, no processing required'),(256,17,0,'2012-07-24 09:26:50',0,0,0,'Run mode : GLPI'),(257,17,256,'2012-07-24 09:26:50',2,0.018779,0,'Action completed, no processing required'),(258,9,0,'2012-07-24 09:33:58',0,0,0,'Run mode : GLPI'),(259,9,258,'2012-07-24 09:33:58',2,0.0200369,0,'Action completed, no processing required'),(260,20,0,'2012-07-24 09:40:47',0,0,0,'Run mode : GLPI'),(261,20,260,'2012-07-24 09:40:47',2,0.0187521,0,'Action completed, no processing required'),(262,13,0,'2012-07-24 09:46:52',0,0,0,'Run mode : GLPI'),(263,13,262,'2012-07-24 09:46:52',2,0.0197079,0,'Action completed, no processing required'),(264,17,0,'2012-07-24 09:51:23',0,0,0,'Run mode : GLPI'),(265,17,264,'2012-07-24 09:51:23',2,0.0204821,0,'Action completed, no processing required'),(266,9,0,'2012-07-24 09:52:39',0,0,0,'Run mode : GLPI'),(267,9,266,'2012-07-24 09:52:39',2,0.019778,0,'Action completed, no processing required'),(268,17,0,'2012-07-24 09:57:47',0,0,0,'Run mode : GLPI'),(269,17,268,'2012-07-24 09:57:47',2,0.0191422,0,'Action completed, no processing required'),(270,9,0,'2012-07-24 10:02:51',0,0,0,'Run mode : GLPI'),(271,9,270,'2012-07-24 10:02:51',2,0.019721,0,'Action completed, no processing required'),(272,17,0,'2012-07-24 10:12:41',0,0,0,'Run mode : GLPI'),(273,17,272,'2012-07-24 10:12:41',2,0.019486,0,'Action completed, no processing required'),(274,9,0,'2012-07-24 10:24:43',0,0,0,'Run mode : GLPI'),(275,9,274,'2012-07-24 10:24:43',2,0.020031,0,'Action completed, no processing required'),(276,17,0,'2012-07-24 10:30:54',0,0,0,'Run mode : GLPI'),(277,17,276,'2012-07-24 10:30:54',2,0.019453,0,'Action completed, no processing required'),(278,14,0,'2012-07-24 10:51:01',0,0,0,'Run mode : GLPI'),(279,14,278,'2012-07-24 10:51:01',2,0.0292349,0,'Action completed, no processing required'),(280,9,0,'2012-07-24 11:17:44',0,0,0,'Run mode : GLPI'),(281,9,280,'2012-07-24 11:17:44',2,0.019949,0,'Action completed, no processing required'),(282,17,0,'2012-07-24 11:26:27',0,0,0,'Run mode : GLPI'),(283,17,282,'2012-07-24 11:26:27',2,0.019177,0,'Action completed, no processing required'),(284,20,0,'2012-07-24 11:32:09',0,0,0,'Run mode : GLPI'),(285,20,284,'2012-07-24 11:32:09',2,0.0191202,0,'Action completed, no processing required'),(286,13,0,'2012-07-24 11:38:00',0,0,0,'Run mode : GLPI'),(287,13,286,'2012-07-24 11:38:00',2,0.0193272,0,'Action completed, no processing required'),(288,9,0,'2012-07-24 11:43:21',0,0,0,'Run mode : GLPI'),(289,9,288,'2012-07-24 11:43:21',2,0.019671,0,'Action completed, no processing required'),(290,17,0,'2012-07-24 11:48:30',0,0,0,'Run mode : GLPI'),(291,17,290,'2012-07-24 11:48:30',2,0.0192299,0,'Action completed, no processing required'),(292,14,0,'2012-07-24 11:53:34',0,0,0,'Run mode : GLPI'),(293,14,292,'2012-07-24 11:53:34',2,0.0281909,0,'Action completed, no processing required'),(294,9,0,'2012-07-25 05:15:14',0,0,0,'Run mode : GLPI'),(295,9,294,'2012-07-25 05:15:14',2,0.021369,0,'Action completed, no processing required'),(296,17,0,'2012-07-25 05:21:43',0,0,0,'Run mode : GLPI'),(297,17,296,'2012-07-25 05:21:43',2,0.0196662,0,'Action completed, no processing required'),(298,18,0,'2012-07-25 05:27:11',0,0,0,'Run mode : GLPI'),(299,18,298,'2012-07-25 05:27:11',2,0.024025,0,'Action completed, no processing required'),(300,19,0,'2012-07-25 05:34:16',0,0,0,'Run mode : GLPI'),(301,19,300,'2012-07-25 05:34:16',2,0.019834,0,'Action completed, fully processed'),(302,5,0,'2012-07-25 05:39:35',0,0,0,'Run mode : GLPI'),(303,5,302,'2012-07-25 05:39:35',2,0.0278881,0,'Action completed, no processing required'),(304,20,0,'2012-07-25 05:45:06',0,0,0,'Run mode : GLPI'),(305,20,304,'2012-07-25 05:45:06',2,0.0188119,0,'Action completed, no processing required'),(306,6,0,'2012-07-25 05:52:11',0,0,0,'Run mode : GLPI'),(307,6,306,'2012-07-25 05:52:11',2,0.026958,0,'Action completed, no processing required'),(308,13,0,'2012-07-25 05:57:17',0,0,0,'Run mode : GLPI'),(309,13,308,'2012-07-25 05:57:17',2,0.0194349,0,'Action completed, no processing required'),(310,12,0,'2012-07-25 06:26:07',0,0,0,'Run mode : GLPI'),(311,12,310,'2012-07-25 06:26:07',1,0.0198112,3,'Clean 3 session file(s) created since more than 180 seconds\n'),(312,12,310,'2012-07-25 06:26:07',2,0.020797,3,'Action completed, fully processed'),(313,14,0,'2012-07-25 06:36:03',0,0,0,'Run mode : GLPI'),(314,14,313,'2012-07-25 06:36:03',2,0.029181,0,'Action completed, no processing required'),(315,15,0,'2012-07-25 06:47:04',0,0,0,'Run mode : GLPI'),(316,15,315,'2012-07-25 06:47:04',2,0.0277328,0,'Action completed, no processing required'),(317,16,0,'2012-07-25 06:48:49',0,0,0,'Run mode : GLPI'),(318,16,317,'2012-07-25 06:48:49',2,0.0272028,0,'Action completed, no processing required'),(319,9,0,'2012-07-25 07:31:21',0,0,0,'Run mode : GLPI'),(320,9,319,'2012-07-25 07:31:21',2,0.0206831,0,'Action completed, no processing required'),(321,17,0,'2012-07-25 07:40:32',0,0,0,'Run mode : GLPI'),(322,17,321,'2012-07-25 07:40:32',2,0.0200522,0,'Action completed, no processing required'),(323,20,0,'2012-07-25 07:45:59',0,0,0,'Run mode : GLPI'),(324,20,323,'2012-07-25 07:45:59',2,0.0193391,0,'Action completed, no processing required'),(325,13,0,'2012-07-25 07:51:04',0,0,0,'Run mode : GLPI'),(326,13,325,'2012-07-25 07:51:04',2,0.0204539,0,'Action completed, no processing required'),(327,14,0,'2012-07-25 09:31:36',0,0,0,'Run mode : GLPI'),(328,14,327,'2012-07-25 09:31:36',2,0.0297871,0,'Action completed, no processing required'),(329,9,0,'2012-07-25 09:37:42',0,0,0,'Run mode : GLPI'),(330,9,329,'2012-07-25 09:37:42',2,0.021553,0,'Action completed, no processing required'),(331,17,0,'2012-07-25 09:44:22',0,0,0,'Run mode : GLPI'),(332,17,331,'2012-07-25 09:44:22',2,0.0199959,0,'Action completed, no processing required'),(333,20,0,'2012-07-25 10:02:20',0,0,0,'Run mode : GLPI'),(334,20,333,'2012-07-25 10:02:20',2,0.019311,0,'Action completed, no processing required'),(335,13,0,'2012-07-25 10:09:28',0,0,0,'Run mode : GLPI'),(336,13,335,'2012-07-25 10:09:28',2,0.0198231,0,'Action completed, no processing required'),(337,9,0,'2012-07-25 10:14:36',0,0,0,'Run mode : GLPI'),(338,9,337,'2012-07-25 10:14:36',2,0.0203261,0,'Action completed, no processing required'),(339,17,0,'2012-07-25 10:20:01',0,0,0,'Run mode : GLPI'),(340,17,339,'2012-07-25 10:20:01',2,0.019376,0,'Action completed, no processing required'),(341,9,0,'2012-07-25 10:26:23',0,0,0,'Run mode : GLPI'),(342,9,341,'2012-07-25 10:26:23',2,0.020335,0,'Action completed, no processing required'),(343,17,0,'2012-07-25 10:31:35',0,0,0,'Run mode : GLPI'),(344,17,343,'2012-07-25 10:31:35',2,0.0192361,0,'Action completed, no processing required'),(345,14,0,'2012-07-25 10:36:41',0,0,0,'Run mode : GLPI'),(346,14,345,'2012-07-25 10:36:41',2,0.028255,0,'Action completed, no processing required'),(347,9,0,'2012-07-25 10:43:38',0,0,0,'Run mode : GLPI'),(348,9,347,'2012-07-25 10:43:38',2,0.0201292,0,'Action completed, no processing required'),(349,17,0,'2012-07-25 10:56:18',0,0,0,'Run mode : GLPI'),(350,17,349,'2012-07-25 10:56:18',2,0.0196438,0,'Action completed, no processing required'),(351,9,0,'2012-07-25 11:07:23',0,0,0,'Run mode : GLPI'),(352,9,351,'2012-07-25 11:07:23',2,0.0199599,0,'Action completed, no processing required'),(353,17,0,'2012-07-25 11:12:26',0,0,0,'Run mode : GLPI'),(354,17,353,'2012-07-25 11:12:26',2,0.0194511,0,'Action completed, no processing required'),(355,20,0,'2012-07-25 11:28:06',0,0,0,'Run mode : GLPI'),(356,20,355,'2012-07-25 11:28:06',2,0.0199819,0,'Action completed, no processing required'),(357,13,0,'2012-07-25 11:34:16',0,0,0,'Run mode : GLPI'),(358,13,357,'2012-07-25 11:34:16',2,0.019881,0,'Action completed, no processing required'),(359,9,0,'2012-07-25 11:40:32',0,0,0,'Run mode : GLPI'),(360,9,359,'2012-07-25 11:40:32',2,0.019995,0,'Action completed, no processing required'),(361,17,0,'2012-07-25 11:47:11',0,0,0,'Run mode : GLPI'),(362,17,361,'2012-07-25 11:47:11',2,0.0195849,0,'Action completed, no processing required'),(363,14,0,'2012-07-25 12:52:22',0,0,0,'Run mode : GLPI'),(364,14,363,'2012-07-25 12:52:22',2,0.0301359,0,'Action completed, no processing required'),(365,9,0,'2012-07-25 12:58:53',0,0,0,'Run mode : GLPI'),(366,9,365,'2012-07-25 12:58:53',2,0.0200701,0,'Action completed, no processing required'),(367,17,0,'2012-07-25 13:04:11',0,0,0,'Run mode : GLPI'),(368,17,367,'2012-07-25 13:04:11',2,0.0348971,0,'Action completed, no processing required'),(369,20,0,'2012-07-25 13:11:23',0,0,0,'Run mode : GLPI'),(370,20,369,'2012-07-25 13:11:23',2,0.019109,0,'Action completed, no processing required'),(371,13,0,'2012-07-25 13:16:55',0,0,0,'Run mode : GLPI'),(372,13,371,'2012-07-25 13:16:55',2,0.019613,0,'Action completed, no processing required'),(373,9,0,'2012-07-25 13:22:10',0,0,0,'Run mode : GLPI'),(374,9,373,'2012-07-25 13:22:10',2,0.0203969,0,'Action completed, no processing required'),(375,17,0,'2012-07-25 13:27:57',0,0,0,'Run mode : GLPI'),(376,17,375,'2012-07-25 13:27:57',2,0.0193701,0,'Action completed, no processing required'),(377,9,0,'2012-07-25 13:32:49',0,0,0,'Run mode : GLPI'),(378,9,377,'2012-07-25 13:32:49',2,0.0200419,0,'Action completed, no processing required'),(379,17,0,'2012-07-25 13:33:18',0,0,0,'Run mode : GLPI'),(380,17,379,'2012-07-25 13:33:18',2,0.0184081,0,'Action completed, no processing required'),(381,17,0,'2012-07-25 13:39:48',0,0,0,'Run mode : GLPI'),(382,17,381,'2012-07-25 13:39:48',2,0.0196869,0,'Action completed, no processing required'),(383,9,0,'2012-07-25 13:44:56',0,0,0,'Run mode : GLPI'),(384,9,383,'2012-07-25 13:44:56',2,0.020473,0,'Action completed, no processing required'),(385,17,0,'2012-07-25 13:49:56',0,0,0,'Run mode : GLPI'),(386,17,385,'2012-07-25 13:49:56',2,0.019604,0,'Action completed, no processing required'),(387,14,0,'2012-07-25 13:55:25',0,0,0,'Run mode : GLPI'),(388,14,387,'2012-07-25 13:55:25',2,0.0282471,0,'Action completed, no processing required'),(389,9,0,'2012-07-26 05:06:11',0,0,0,'Run mode : GLPI'),(390,9,389,'2012-07-26 05:06:11',2,0.0212591,0,'Action completed, no processing required'),(391,17,0,'2012-07-26 05:22:28',0,0,0,'Run mode : GLPI'),(392,17,391,'2012-07-26 05:22:28',2,0.0196579,0,'Action completed, no processing required'),(393,20,0,'2012-07-26 05:27:43',0,0,0,'Run mode : GLPI'),(394,20,393,'2012-07-26 05:27:43',2,0.019063,0,'Action completed, no processing required'),(395,13,0,'2012-07-26 05:39:35',0,0,0,'Run mode : GLPI'),(396,13,395,'2012-07-26 05:39:35',2,0.0198729,0,'Action completed, no processing required'),(397,14,0,'2012-07-26 05:48:41',0,0,0,'Run mode : GLPI'),(398,14,397,'2012-07-26 05:48:41',2,0.0291679,0,'Action completed, no processing required'),(399,15,0,'2012-07-26 05:53:50',0,0,0,'Run mode : GLPI'),(400,15,399,'2012-07-26 05:53:50',2,0.0285032,0,'Action completed, no processing required'),(401,16,0,'2012-07-26 05:54:08',0,0,0,'Run mode : GLPI'),(402,16,401,'2012-07-26 05:54:08',2,0.028075,0,'Action completed, no processing required'),(403,9,0,'2012-07-26 05:58:29',0,0,0,'Run mode : GLPI'),(404,9,403,'2012-07-26 05:58:29',2,0.0209298,0,'Action completed, no processing required'),(405,18,0,'2012-07-26 06:15:46',0,0,0,'Run mode : GLPI'),(406,18,405,'2012-07-26 06:15:46',2,0.0236349,0,'Action completed, no processing required'),(407,17,0,'2012-07-26 06:34:31',0,0,0,'Run mode : GLPI'),(408,17,407,'2012-07-26 06:34:31',2,0.0199909,0,'Action completed, no processing required'),(409,19,0,'2012-07-26 06:40:19',0,0,0,'Run mode : GLPI'),(410,19,409,'2012-07-26 06:40:19',2,0.0201418,0,'Action completed, fully processed'),(411,5,0,'2012-07-26 06:45:23',0,0,0,'Run mode : GLPI'),(412,5,411,'2012-07-26 06:45:23',2,0.0290179,0,'Action completed, no processing required'),(413,6,0,'2012-07-26 10:05:47',0,0,0,'Run mode : GLPI'),(414,6,413,'2012-07-26 10:05:47',2,0.0279229,0,'Action completed, no processing required'),(415,9,0,'2012-07-26 10:23:54',0,0,0,'Run mode : GLPI'),(416,9,415,'2012-07-26 10:23:54',2,0.0204921,0,'Action completed, no processing required'),(417,12,0,'2012-07-26 10:34:23',0,0,0,'Run mode : GLPI'),(418,12,417,'2012-07-26 10:34:23',1,0.0197401,4,'Clean 4 session file(s) created since more than 180 seconds\n'),(419,12,417,'2012-07-26 10:34:23',2,0.0207071,4,'Action completed, fully processed'),(420,20,0,'2012-07-26 10:40:16',0,0,0,'Run mode : GLPI'),(421,20,420,'2012-07-26 10:40:16',2,0.0192559,0,'Action completed, no processing required'),(422,17,0,'2012-07-26 10:52:19',0,0,0,'Run mode : GLPI'),(423,17,422,'2012-07-26 10:52:19',2,0.0198021,0,'Action completed, no processing required'),(424,13,0,'2012-07-26 11:05:29',0,0,0,'Run mode : GLPI'),(425,13,424,'2012-07-26 11:05:29',2,0.0498319,0,'Action completed, no processing required'),(426,14,0,'2012-07-26 11:11:27',0,0,0,'Run mode : GLPI'),(427,14,426,'2012-07-26 11:11:27',2,0.0286751,0,'Action completed, no processing required'),(428,9,0,'2012-07-26 11:16:37',0,0,0,'Run mode : GLPI'),(429,9,428,'2012-07-26 11:16:37',2,0.020057,0,'Action completed, no processing required'),(430,17,0,'2012-07-26 11:22:09',0,0,0,'Run mode : GLPI'),(431,17,430,'2012-07-26 11:22:09',2,0.0196691,0,'Action completed, no processing required'),(432,9,0,'2012-07-26 11:27:11',0,0,0,'Run mode : GLPI'),(433,9,432,'2012-07-26 11:27:11',2,0.0200799,0,'Action completed, no processing required'),(434,17,0,'2012-07-26 11:32:12',0,0,0,'Run mode : GLPI'),(435,17,434,'2012-07-26 11:32:12',2,0.019438,0,'Action completed, no processing required'),(436,9,0,'2012-07-26 11:44:58',0,0,0,'Run mode : GLPI'),(437,9,436,'2012-07-26 11:44:58',2,0.019964,0,'Action completed, no processing required'),(438,17,0,'2012-07-26 11:50:20',0,0,0,'Run mode : GLPI'),(439,17,438,'2012-07-26 11:50:20',2,0.019563,0,'Action completed, no processing required'),(440,20,0,'2012-07-26 12:03:05',0,0,0,'Run mode : GLPI'),(441,20,440,'2012-07-26 12:03:05',2,0.019429,0,'Action completed, no processing required'),(442,9,0,'2012-07-26 12:09:09',0,0,0,'Run mode : GLPI'),(443,9,442,'2012-07-26 12:09:09',2,0.0207231,0,'Action completed, no processing required'),(444,17,0,'2012-07-26 12:12:26',0,0,0,'Run mode : GLPI'),(445,17,444,'2012-07-26 12:12:26',2,0.0195999,0,'Action completed, no processing required'),(446,13,0,'2012-07-26 12:23:30',0,0,0,'Run mode : GLPI'),(447,13,446,'2012-07-26 12:23:30',2,0.020571,0,'Action completed, no processing required'),(448,14,0,'2012-07-26 12:23:57',0,0,0,'Run mode : GLPI'),(449,14,448,'2012-07-26 12:23:57',2,0.028471,0,'Action completed, no processing required'),(450,17,0,'2012-07-26 12:32:58',0,0,0,'Run mode : GLPI'),(451,17,450,'2012-07-26 12:32:58',2,0.0196898,0,'Action completed, no processing required'),(452,9,0,'2012-07-26 13:14:58',0,0,0,'Run mode : GLPI'),(453,9,452,'2012-07-26 13:14:58',2,0.021127,0,'Action completed, no processing required'),(454,17,0,'2012-07-26 14:19:54',0,0,0,'Run mode : GLPI'),(455,17,454,'2012-07-26 14:19:54',2,0.019845,0,'Action completed, no processing required'),(456,20,0,'2012-07-27 04:55:55',0,0,0,'Run mode : GLPI'),(457,20,456,'2012-07-27 04:55:55',2,0.020577,0,'Action completed, no processing required'),(458,13,0,'2012-07-27 05:05:25',0,0,0,'Run mode : GLPI'),(459,13,458,'2012-07-27 05:05:25',2,0.0199399,0,'Action completed, no processing required'),(460,14,0,'2012-07-27 05:14:21',0,0,0,'Run mode : GLPI'),(461,14,460,'2012-07-27 05:14:21',2,0.029695,0,'Action completed, no processing required'),(462,9,0,'2012-07-27 05:23:04',0,0,0,'Run mode : GLPI'),(463,9,462,'2012-07-27 05:23:04',2,0.021107,0,'Action completed, no processing required'),(464,17,0,'2012-07-27 05:30:18',0,0,0,'Run mode : GLPI'),(465,17,464,'2012-07-27 05:30:18',2,0.0200541,0,'Action completed, no processing required'),(466,15,0,'2012-07-27 07:33:32',0,0,0,'Run mode : GLPI'),(467,15,466,'2012-07-27 07:33:32',2,0.0291381,0,'Action completed, no processing required'),(468,16,0,'2012-07-27 07:44:46',0,0,0,'Run mode : GLPI'),(469,16,468,'2012-07-27 07:44:46',2,0.0286849,0,'Action completed, no processing required'),(470,9,0,'2012-07-27 10:01:41',0,0,0,'Run mode : GLPI'),(471,9,470,'2012-07-27 10:01:41',2,0.0206881,0,'Action completed, no processing required'),(472,17,0,'2012-07-27 10:22:47',0,0,0,'Run mode : GLPI'),(473,17,472,'2012-07-27 10:22:47',2,0.0200541,0,'Action completed, no processing required'),(474,20,0,'2012-07-27 12:17:30',0,0,0,'Run mode : GLPI'),(475,20,474,'2012-07-27 12:17:30',2,0.0195248,0,'Action completed, no processing required'),(476,13,0,'2012-07-27 12:27:09',0,0,0,'Run mode : GLPI'),(477,13,476,'2012-07-27 12:27:09',2,0.0206628,0,'Action completed, no processing required'),(478,14,0,'2012-07-27 12:37:32',0,0,0,'Run mode : GLPI'),(479,14,478,'2012-07-27 12:37:32',2,0.029197,0,'Action completed, no processing required'),(480,18,0,'2012-07-27 12:46:32',0,0,0,'Run mode : GLPI'),(481,18,480,'2012-07-27 12:46:32',2,0.023468,0,'Action completed, no processing required'),(482,19,0,'2012-07-30 05:07:24',0,0,0,'Run mode : GLPI'),(483,19,482,'2012-07-30 05:07:24',2,0.0521901,0,'Action completed, fully processed'),(484,5,0,'2012-07-30 05:48:54',0,0,0,'Run mode : GLPI'),(485,5,484,'2012-07-30 05:48:54',2,0.127384,0,'Action completed, no processing required'),(486,6,0,'2012-07-30 06:19:46',0,0,0,'Run mode : GLPI'),(487,6,486,'2012-07-30 06:19:46',2,0.051383,0,'Action completed, no processing required'),(488,9,0,'2012-07-30 06:47:03',0,0,0,'Run mode : GLPI'),(489,9,488,'2012-07-30 06:47:03',2,0.026391,0,'Action completed, no processing required'),(490,17,0,'2012-07-30 09:56:46',0,0,0,'Run mode : GLPI'),(491,17,490,'2012-07-30 09:56:46',2,0.0241909,0,'Action completed, no processing required'),(492,12,0,'2012-07-30 10:04:27',0,0,0,'Run mode : GLPI'),(493,12,492,'2012-07-30 10:04:27',1,0.0199549,5,'Clean 5 session file(s) created since more than 180 seconds\n'),(494,12,492,'2012-07-30 10:04:27',2,0.0209439,5,'Action completed, fully processed'),(495,20,0,'2012-07-30 10:09:33',0,0,0,'Run mode : GLPI'),(496,20,495,'2012-07-30 10:09:33',2,0.024262,0,'Action completed, no processing required'),(497,13,0,'2012-07-30 10:12:39',0,0,0,'Run mode : GLPI'),(498,13,497,'2012-07-30 10:12:39',2,0.0209448,0,'Action completed, no processing required'),(499,14,0,'2012-07-30 10:20:35',0,0,0,'Run mode : GLPI'),(500,14,499,'2012-07-30 10:20:35',2,0.030673,0,'Action completed, no processing required'),(501,15,0,'2012-07-30 10:29:11',0,0,0,'Run mode : GLPI'),(502,15,501,'2012-07-30 10:29:11',2,0.0373781,0,'Action completed, no processing required'),(503,16,0,'2012-07-30 10:35:35',0,0,0,'Run mode : GLPI'),(504,16,503,'2012-07-30 10:35:35',2,0.0366712,0,'Action completed, no processing required'),(505,18,0,'2012-07-30 10:41:58',0,0,0,'Run mode : GLPI'),(506,18,505,'2012-07-30 10:41:58',2,0.0309541,0,'Action completed, no processing required'),(507,9,0,'2012-07-30 10:47:40',0,0,0,'Run mode : GLPI'),(508,9,507,'2012-07-30 10:47:40',2,0.025912,0,'Action completed, no processing required'),(509,17,0,'2012-07-30 10:54:51',0,0,0,'Run mode : GLPI'),(510,17,509,'2012-07-30 10:54:51',2,0.024039,0,'Action completed, no processing required'),(511,9,0,'2012-07-30 11:00:32',0,0,0,'Run mode : GLPI'),(512,9,511,'2012-07-30 11:00:32',2,0.0260632,0,'Action completed, no processing required'),(513,17,0,'2012-07-30 11:07:54',0,0,0,'Run mode : GLPI'),(514,17,513,'2012-07-30 11:07:54',2,0.0185659,0,'Action completed, no processing required'),(515,20,0,'2012-07-30 11:13:36',0,0,0,'Run mode : GLPI'),(516,20,515,'2012-07-30 11:13:36',2,0.0244029,0,'Action completed, no processing required'),(517,9,0,'2012-07-30 11:27:35',0,0,0,'Run mode : GLPI'),(518,9,517,'2012-07-30 11:27:35',2,0.0244401,0,'Action completed, no processing required'),(519,13,0,'2012-07-30 11:32:57',0,0,0,'Run mode : GLPI'),(520,13,519,'2012-07-30 11:32:57',2,0.0251319,0,'Action completed, no processing required'),(521,17,0,'2012-07-30 11:38:24',0,0,0,'Run mode : GLPI'),(522,17,521,'2012-07-30 11:38:24',2,0.0245352,0,'Action completed, no processing required'),(523,14,0,'2012-07-30 11:43:48',0,0,0,'Run mode : GLPI'),(524,14,523,'2012-07-30 11:43:48',2,0.0274129,0,'Action completed, no processing required'),(525,9,0,'2012-07-30 11:45:40',0,0,0,'Run mode : GLPI'),(526,9,525,'2012-07-30 11:45:40',2,0.026274,0,'Action completed, no processing required'),(527,17,0,'2012-07-30 12:04:46',0,0,0,'Run mode : GLPI'),(528,17,527,'2012-07-30 12:04:46',2,0.0245371,0,'Action completed, no processing required'),(529,9,0,'2012-07-31 05:04:14',0,0,0,'Run mode : GLPI'),(530,9,529,'2012-07-31 05:04:14',2,0.021451,0,'Action completed, no processing required'),(531,17,0,'2012-07-31 06:36:01',0,0,0,'Run mode : GLPI'),(532,17,531,'2012-07-31 06:36:01',2,0.092833,0,'Action completed, no processing required'),(533,20,0,'2012-07-31 06:41:29',0,0,0,'Run mode : GLPI'),(534,20,533,'2012-07-31 06:41:29',2,0.022136,0,'Action completed, no processing required'),(535,13,0,'2012-07-31 06:48:27',0,0,0,'Run mode : GLPI'),(536,13,535,'2012-07-31 06:48:27',2,0.0197721,0,'Action completed, no processing required'),(537,14,0,'2012-07-31 09:39:02',0,0,0,'Run mode : GLPI'),(538,14,537,'2012-07-31 09:39:02',2,0.0375509,0,'Action completed, no processing required'),(539,8,0,'2012-07-31 09:49:59',0,0,0,'Run mode : GLPI'),(540,8,539,'2012-07-31 09:49:59',2,0.177013,210,'Action completed, fully processed'),(541,15,0,'2012-07-31 12:49:32',0,0,0,'Run mode : GLPI'),(542,15,541,'2012-07-31 12:49:32',2,0.029485,0,'Action completed, no processing required'),(543,16,0,'2012-08-01 05:20:38',0,0,0,'Run mode : GLPI'),(544,16,543,'2012-08-01 05:20:38',2,0.037714,0,'Action completed, no processing required'),(545,19,0,'2012-08-02 05:42:16',0,0,0,'Run mode : GLPI'),(546,19,545,'2012-08-02 05:42:16',2,0.0230298,0,'Action completed, fully processed'),(547,9,0,'2012-08-02 06:14:26',0,0,0,'Run mode : GLPI'),(548,9,547,'2012-08-02 06:14:26',2,0.023797,0,'Action completed, no processing required'),(549,5,0,'2012-08-02 06:28:46',0,0,0,'Run mode : GLPI'),(550,5,549,'2012-08-02 06:28:46',2,0.038301,0,'Action completed, no processing required'),(551,6,0,'2012-08-02 06:35:09',0,0,0,'Run mode : GLPI'),(552,6,551,'2012-08-02 06:35:09',2,0.0529461,0,'Action completed, no processing required'),(553,17,0,'2012-08-02 06:40:43',0,0,0,'Run mode : GLPI'),(554,17,553,'2012-08-02 06:40:43',2,0.024961,0,'Action completed, no processing required'),(555,20,0,'2012-08-02 06:51:51',0,0,0,'Run mode : GLPI'),(556,20,555,'2012-08-02 06:51:51',2,0.0251939,0,'Action completed, no processing required'),(557,13,0,'2012-08-02 07:00:46',0,0,0,'Run mode : GLPI'),(558,13,557,'2012-08-02 07:00:46',2,0.019989,0,'Action completed, no processing required'),(559,12,0,'2012-08-02 07:30:56',0,0,0,'Run mode : GLPI'),(560,12,559,'2012-08-02 07:30:56',1,0.02126,6,'Clean 6 session file(s) created since more than 180 seconds\n'),(561,12,559,'2012-08-02 07:30:56',2,0.0222249,6,'Action completed, fully processed'),(562,14,0,'2012-08-02 07:40:18',0,0,0,'Run mode : GLPI'),(563,14,562,'2012-08-02 07:40:18',2,0.036859,0,'Action completed, no processing required'),(564,18,0,'2012-08-02 07:45:46',0,0,0,'Run mode : GLPI'),(565,18,564,'2012-08-02 07:45:46',2,0.0308108,0,'Action completed, no processing required'),(566,15,0,'2012-08-02 10:31:18',0,0,0,'Run mode : GLPI'),(567,15,566,'2012-08-02 10:31:18',2,0.0366468,0,'Action completed, no processing required'),(568,16,0,'2012-08-02 10:36:25',0,0,0,'Run mode : GLPI'),(569,16,568,'2012-08-02 10:36:25',2,0.036376,0,'Action completed, no processing required'),(570,9,0,'2012-08-02 10:41:31',0,0,0,'Run mode : GLPI'),(571,9,570,'2012-08-02 10:41:31',2,0.0222259,0,'Action completed, no processing required'),(572,17,0,'2012-08-02 10:47:08',0,0,0,'Run mode : GLPI'),(573,17,572,'2012-08-02 10:47:08',2,0.019943,0,'Action completed, no processing required'),(574,20,0,'2012-08-02 10:52:21',0,0,0,'Run mode : GLPI'),(575,20,574,'2012-08-02 10:52:21',2,0.02547,0,'Action completed, no processing required'),(576,13,0,'2012-08-02 10:59:38',0,0,0,'Run mode : GLPI'),(577,13,576,'2012-08-02 10:59:38',2,0.023973,0,'Action completed, no processing required'),(578,14,0,'2012-08-02 11:07:52',0,0,0,'Run mode : GLPI'),(579,14,578,'2012-08-02 11:07:52',2,0.0314128,0,'Action completed, no processing required'),(580,9,0,'2012-08-06 07:24:10',0,0,0,'Run mode : GLPI'),(581,9,580,'2012-08-06 07:24:10',2,0.027828,0,'Action completed, no processing required'),(582,17,0,'2012-08-06 09:20:25',0,0,0,'Run mode : GLPI'),(583,17,582,'2012-08-06 09:20:25',2,0.024472,0,'Action completed, no processing required'),(584,20,0,'2012-08-06 09:37:41',0,0,0,'Run mode : GLPI'),(585,20,584,'2012-08-06 09:37:41',2,0.0209918,0,'Action completed, no processing required'),(586,13,0,'2012-08-06 09:43:33',0,0,0,'Run mode : GLPI'),(587,13,586,'2012-08-06 09:43:33',2,0.0242491,0,'Action completed, no processing required'),(588,14,0,'2012-08-06 12:01:27',0,0,0,'Run mode : GLPI'),(589,14,588,'2012-08-06 12:01:27',2,0.0331049,0,'Action completed, no processing required'),(590,15,0,'2012-08-06 12:15:32',0,0,0,'Run mode : GLPI'),(591,15,590,'2012-08-06 12:15:32',2,0.0289371,0,'Action completed, no processing required'),(592,16,0,'2012-08-06 12:20:34',0,0,0,'Run mode : GLPI'),(593,16,592,'2012-08-06 12:20:34',2,0.0369561,0,'Action completed, no processing required'),(594,19,0,'2012-08-06 12:54:21',0,0,0,'Run mode : GLPI'),(595,19,594,'2012-08-06 12:54:21',2,0.020123,0,'Action completed, fully processed'),(596,5,0,'2012-08-07 05:22:25',0,0,0,'Run mode : GLPI'),(597,5,596,'2012-08-07 05:22:25',2,0.0398641,0,'Action completed, no processing required'),(598,6,0,'2012-08-07 05:41:47',0,0,0,'Run mode : GLPI'),(599,6,598,'2012-08-07 05:41:47',2,0.031796,0,'Action completed, no processing required'),(600,12,0,'2012-08-07 05:49:55',0,0,0,'Run mode : GLPI'),(601,12,600,'2012-08-07 05:49:55',1,0.0199211,2,'Clean 2 session file(s) created since more than 180 seconds\n'),(602,12,600,'2012-08-07 05:49:55',2,0.020864,2,'Action completed, fully processed'),(603,18,0,'2012-08-07 06:10:49',0,0,0,'Run mode : GLPI'),(604,18,603,'2012-08-07 06:10:49',2,0.024034,0,'Action completed, no processing required'),(605,9,0,'2012-08-07 06:40:35',0,0,0,'Run mode : GLPI'),(606,9,605,'2012-08-07 06:40:35',2,0.0264308,0,'Action completed, no processing required'),(607,17,0,'2012-08-07 06:46:23',0,0,0,'Run mode : GLPI'),(608,17,607,'2012-08-07 06:46:23',2,0.0200331,0,'Action completed, no processing required'),(609,20,0,'2012-08-07 10:27:37',0,0,0,'Run mode : GLPI'),(610,20,609,'2012-08-07 10:27:37',2,0.0198121,0,'Action completed, no processing required'),(611,13,0,'2012-08-07 10:32:47',0,0,0,'Run mode : GLPI'),(612,13,611,'2012-08-07 10:32:47',2,0.019928,0,'Action completed, no processing required'),(613,14,0,'2012-08-08 09:32:28',0,0,0,'Run mode : GLPI'),(614,14,613,'2012-08-08 09:32:28',2,0.0309381,0,'Action completed, no processing required'),(615,15,0,'2012-08-08 09:38:25',0,0,0,'Run mode : GLPI'),(616,15,615,'2012-08-08 09:38:25',2,0.0373411,0,'Action completed, no processing required'),(617,16,0,'2012-08-08 10:36:00',0,0,0,'Run mode : GLPI'),(618,16,617,'2012-08-08 10:36:00',2,0.0284562,0,'Action completed, no processing required'),(619,9,0,'2012-08-09 05:10:24',0,0,0,'Run mode : GLPI'),(620,9,619,'2012-08-09 05:10:24',2,0.040834,0,'Action completed, no processing required'),(621,17,0,'2012-08-09 05:16:49',0,0,0,'Run mode : GLPI'),(622,17,621,'2012-08-09 05:16:49',2,0.0202942,0,'Action completed, no processing required'),(623,8,0,'2012-08-09 05:41:05',0,0,0,'Run mode : GLPI'),(624,8,623,'2012-08-09 05:41:05',2,0.235102,210,'Action completed, fully processed'),(625,20,0,'2012-08-09 05:46:25',0,0,0,'Run mode : GLPI'),(626,20,625,'2012-08-09 05:46:25',2,0.0190911,0,'Action completed, no processing required'),(627,13,0,'2012-08-09 05:50:59',0,0,0,'Run mode : GLPI'),(628,13,627,'2012-08-09 05:50:59',2,0.0207529,0,'Action completed, no processing required'),(629,19,0,'2012-08-09 06:09:20',0,0,0,'Run mode : GLPI'),(630,19,629,'2012-08-09 06:09:20',2,0.021049,0,'Action completed, fully processed'),(631,5,0,'2012-08-09 06:16:46',0,0,0,'Run mode : GLPI'),(632,5,631,'2012-08-09 06:16:46',2,0.0295701,0,'Action completed, no processing required'),(633,6,0,'2012-08-09 06:22:28',0,0,0,'Run mode : GLPI'),(634,6,633,'2012-08-09 06:22:28',2,0.0270009,0,'Action completed, no processing required'),(635,12,0,'2012-08-09 06:27:49',0,0,0,'Run mode : GLPI'),(636,12,635,'2012-08-09 06:27:49',1,0.0224171,3,'Clean 3 session file(s) created since more than 180 seconds\n'),(637,12,635,'2012-08-09 06:27:49',2,0.0233531,3,'Action completed, fully processed'),(638,18,0,'2012-08-09 06:33:15',0,0,0,'Run mode : GLPI'),(639,18,638,'2012-08-09 06:33:15',2,0.0313299,0,'Action completed, no processing required'),(640,14,0,'2012-08-09 07:03:40',0,0,0,'Run mode : GLPI'),(641,14,640,'2012-08-09 07:03:40',2,0.0281701,0,'Action completed, no processing required'),(642,15,0,'2012-08-09 07:08:47',0,0,0,'Run mode : GLPI'),(643,15,642,'2012-08-09 07:08:47',2,0.0367138,0,'Action completed, no processing required'),(644,16,0,'2012-08-09 07:13:51',0,0,0,'Run mode : GLPI'),(645,16,644,'2012-08-09 07:13:51',2,0.037318,0,'Action completed, no processing required'),(646,9,0,'2012-08-09 07:19:01',0,0,0,'Run mode : GLPI'),(647,9,646,'2012-08-09 07:19:01',2,0.02,0,'Action completed, no processing required'),(648,17,0,'2012-08-09 07:50:15',0,0,0,'Run mode : GLPI'),(649,17,648,'2012-08-09 07:50:15',2,0.0191109,0,'Action completed, no processing required'),(650,20,0,'2012-08-09 07:55:55',0,0,0,'Run mode : GLPI'),(651,20,650,'2012-08-09 07:55:55',2,0.024107,0,'Action completed, no processing required'),(652,13,0,'2012-08-09 07:58:20',0,0,0,'Run mode : GLPI'),(653,13,652,'2012-08-09 07:58:20',2,0.0253241,0,'Action completed, no processing required'),(654,9,0,'2012-08-09 09:24:15',0,0,0,'Run mode : GLPI'),(655,9,654,'2012-08-09 09:24:15',2,0.02528,0,'Action completed, no processing required'),(656,17,0,'2012-08-09 09:40:57',0,0,0,'Run mode : GLPI'),(657,17,656,'2012-08-09 09:40:57',2,0.024941,0,'Action completed, no processing required'),(658,14,0,'2012-08-09 09:48:40',0,0,0,'Run mode : GLPI'),(659,14,658,'2012-08-09 09:48:40',2,0.032099,0,'Action completed, no processing required'),(660,20,0,'2012-08-09 09:51:48',0,0,0,'Run mode : GLPI'),(661,20,660,'2012-08-09 09:51:48',2,0.0189929,0,'Action completed, no processing required'),(662,13,0,'2012-08-09 09:59:12',0,0,0,'Run mode : GLPI'),(663,13,662,'2012-08-09 09:59:12',2,0.018672,0,'Action completed, no processing required'),(664,9,0,'2012-08-09 10:26:42',0,0,0,'Run mode : GLPI'),(665,9,664,'2012-08-09 10:26:42',2,0.0224969,0,'Action completed, no processing required'),(666,17,0,'2012-08-09 10:49:00',0,0,0,'Run mode : GLPI'),(667,17,666,'2012-08-09 10:49:00',2,0.019851,0,'Action completed, no processing required'),(668,9,0,'2012-08-09 11:01:05',0,0,0,'Run mode : GLPI'),(669,9,668,'2012-08-09 11:01:05',2,0.0200179,0,'Action completed, no processing required'),(670,14,0,'2012-08-09 11:13:42',0,0,0,'Run mode : GLPI'),(671,14,670,'2012-08-09 11:13:42',2,0.0290411,0,'Action completed, no processing required'),(672,20,0,'2012-08-09 11:20:19',0,0,0,'Run mode : GLPI'),(673,20,672,'2012-08-09 11:20:19',2,0.0190189,0,'Action completed, no processing required'),(674,17,0,'2012-08-09 11:25:37',0,0,0,'Run mode : GLPI'),(675,17,674,'2012-08-09 11:25:37',2,0.019577,0,'Action completed, no processing required'),(676,13,0,'2012-08-09 11:34:44',0,0,0,'Run mode : GLPI'),(677,13,676,'2012-08-09 11:34:44',2,0.019563,0,'Action completed, no processing required'),(678,9,0,'2012-08-09 11:42:28',0,0,0,'Run mode : GLPI'),(679,9,678,'2012-08-09 11:42:28',2,0.0201659,0,'Action completed, no processing required'),(680,17,0,'2012-08-09 11:45:22',0,0,0,'Run mode : GLPI'),(681,17,680,'2012-08-09 11:45:22',2,0.0243571,0,'Action completed, no processing required'),(682,17,0,'2012-08-09 11:54:21',0,0,0,'Run mode : GLPI'),(683,17,682,'2012-08-09 11:54:21',2,0.0438681,0,'Action completed, no processing required'),(684,9,0,'2012-08-09 11:59:22',0,0,0,'Run mode : GLPI'),(685,9,684,'2012-08-09 11:59:22',2,0.04041,0,'Action completed, no processing required'),(686,17,0,'2012-08-09 12:04:32',0,0,0,'Run mode : GLPI'),(687,17,686,'2012-08-09 12:04:32',2,0.0392158,0,'Action completed, no processing required'),(688,9,0,'2012-08-09 12:19:57',0,0,0,'Run mode : GLPI'),(689,9,688,'2012-08-09 12:19:57',2,0.0198441,0,'Action completed, no processing required'),(690,17,0,'2012-08-09 12:27:53',0,0,0,'Run mode : GLPI'),(691,17,690,'2012-08-09 12:27:53',2,0.0195811,0,'Action completed, no processing required'),(692,14,0,'2012-08-09 12:41:30',0,0,0,'Run mode : GLPI'),(693,14,692,'2012-08-09 12:41:30',2,0.0333209,0,'Action completed, no processing required'),(694,20,0,'2012-08-09 12:51:31',0,0,0,'Run mode : GLPI'),(695,20,694,'2012-08-09 12:51:31',2,0.0195611,0,'Action completed, no processing required'),(696,9,0,'2012-08-09 13:02:17',0,0,0,'Run mode : GLPI'),(697,9,696,'2012-08-09 13:02:17',2,0.022577,0,'Action completed, no processing required'),(698,17,0,'2012-08-09 13:12:24',0,0,0,'Run mode : GLPI'),(699,17,698,'2012-08-09 13:12:24',2,0.0195708,0,'Action completed, no processing required'),(700,13,0,'2012-08-10 04:18:00',0,0,0,'Run mode : GLPI'),(701,13,700,'2012-08-10 04:18:00',2,0.0209339,0,'Action completed, no processing required'),(702,9,0,'2012-08-10 04:26:00',0,0,0,'Run mode : GLPI'),(703,9,702,'2012-08-10 04:26:00',2,0.02034,0,'Action completed, no processing required'),(704,17,0,'2012-08-10 04:52:03',0,0,0,'Run mode : GLPI'),(705,17,704,'2012-08-10 04:52:03',2,0.0216272,0,'Action completed, no processing required'),(706,14,0,'2012-08-10 05:07:52',0,0,0,'Run mode : GLPI'),(707,14,706,'2012-08-10 05:07:52',2,0.031518,0,'Action completed, no processing required'),(708,20,0,'2012-08-10 05:40:07',0,0,0,'Run mode : GLPI'),(709,20,708,'2012-08-10 05:40:07',2,0.0191228,0,'Action completed, no processing required'),(710,15,0,'2012-08-10 05:48:22',0,0,0,'Run mode : GLPI'),(711,15,710,'2012-08-10 05:48:22',2,0.036325,0,'Action completed, no processing required'),(712,16,0,'2012-08-10 05:54:44',0,0,0,'Run mode : GLPI'),(713,16,712,'2012-08-10 05:54:44',2,0.0372179,0,'Action completed, no processing required'),(714,9,0,'2012-08-10 05:59:45',0,0,0,'Run mode : GLPI'),(715,9,714,'2012-08-10 05:59:45',2,0.022233,0,'Action completed, no processing required'),(716,17,0,'2012-08-10 06:08:17',0,0,0,'Run mode : GLPI'),(717,17,716,'2012-08-10 06:08:17',2,0.034981,0,'Action completed, no processing required'),(718,13,0,'2012-08-10 06:14:02',0,0,0,'Run mode : GLPI'),(719,13,718,'2012-08-10 06:14:02',2,0.019542,0,'Action completed, no processing required'),(720,14,0,'2012-08-10 06:41:39',0,0,0,'Run mode : GLPI'),(721,14,720,'2012-08-10 06:41:39',2,0.034729,0,'Action completed, no processing required'),(722,19,0,'2012-08-10 07:07:59',0,0,0,'Run mode : GLPI'),(723,19,722,'2012-08-10 07:07:59',2,0.0215828,0,'Action completed, fully processed'),(724,9,0,'2012-08-10 07:13:08',0,0,0,'Run mode : GLPI'),(725,9,724,'2012-08-10 07:13:08',2,0.0204279,0,'Action completed, no processing required'),(726,17,0,'2012-08-10 07:19:58',0,0,0,'Run mode : GLPI'),(727,17,726,'2012-08-10 07:19:58',2,0.0198171,0,'Action completed, no processing required'),(728,5,0,'2012-08-10 09:56:40',0,0,0,'Run mode : GLPI'),(729,5,728,'2012-08-10 09:56:40',2,0.0319991,0,'Action completed, no processing required'),(730,6,0,'2012-08-10 10:03:10',0,0,0,'Run mode : GLPI'),(731,6,730,'2012-08-10 10:03:10',2,0.031955,0,'Action completed, no processing required'),(732,12,0,'2012-08-10 11:53:17',0,0,0,'Run mode : GLPI'),(733,12,732,'2012-08-10 11:53:17',1,0.0190239,3,'Clean 3 session file(s) created since more than 180 seconds\n'),(734,12,732,'2012-08-10 11:53:17',2,0.0200498,3,'Action completed, fully processed'),(735,18,0,'2012-08-10 11:58:53',0,0,0,'Run mode : GLPI'),(736,18,735,'2012-08-10 11:58:53',2,0.0297501,0,'Action completed, no processing required'),(737,20,0,'2012-08-13 04:58:33',0,0,0,'Run mode : GLPI'),(738,20,737,'2012-08-13 04:58:33',2,0.0258811,0,'Action completed, no processing required'),(739,13,0,'2012-08-13 10:01:15',0,0,0,'Run mode : GLPI'),(740,13,739,'2012-08-13 10:01:15',2,0.0245121,0,'Action completed, no processing required'),(741,9,0,'2012-08-13 10:34:51',0,0,0,'Run mode : GLPI'),(742,9,741,'2012-08-13 10:34:51',2,0.02034,0,'Action completed, no processing required'),(743,17,0,'2012-08-13 10:53:04',0,0,0,'Run mode : GLPI'),(744,17,743,'2012-08-13 10:53:04',2,0.0241292,0,'Action completed, no processing required'),(745,14,0,'2012-08-14 07:22:14',0,0,0,'Run mode : GLPI'),(746,14,745,'2012-08-14 07:22:14',2,0.0306699,0,'Action completed, no processing required'),(747,15,0,'2012-08-14 12:40:47',0,0,0,'Run mode : GLPI'),(748,15,747,'2012-08-14 12:40:47',2,0.036967,0,'Action completed, no processing required'),(749,16,0,'2012-08-14 12:45:59',0,0,0,'Run mode : GLPI'),(750,16,749,'2012-08-14 12:45:59',2,0.0270681,0,'Action completed, no processing required'),(751,19,0,'2012-08-14 12:51:26',0,0,0,'Run mode : GLPI'),(752,19,751,'2012-08-14 12:51:26',2,0.019917,0,'Action completed, fully processed'),(753,5,0,'2012-08-15 05:03:29',0,0,0,'Run mode : GLPI'),(754,5,753,'2012-08-15 05:03:29',2,0.0300021,0,'Action completed, no processing required'),(755,6,0,'2012-08-15 06:18:23',0,0,0,'Run mode : GLPI'),(756,6,755,'2012-08-15 06:18:23',2,0.02774,0,'Action completed, no processing required'),(757,12,0,'2012-08-15 06:24:03',0,0,0,'Run mode : GLPI'),(758,12,757,'2012-08-15 06:24:03',1,0.0196011,3,'Clean 3 session file(s) created since more than 180 seconds\n'),(759,12,757,'2012-08-15 06:24:03',2,0.020623,3,'Action completed, fully processed'),(760,18,0,'2012-08-15 06:31:53',0,0,0,'Run mode : GLPI'),(761,18,760,'2012-08-15 06:31:53',2,0.024157,0,'Action completed, no processing required'),(762,20,0,'2012-08-15 06:38:26',0,0,0,'Run mode : GLPI'),(763,20,762,'2012-08-15 06:38:26',2,0.019635,0,'Action completed, no processing required'),(764,9,0,'2012-08-15 06:44:16',0,0,0,'Run mode : GLPI'),(765,9,764,'2012-08-15 06:44:16',2,0.0200429,0,'Action completed, no processing required'),(766,17,0,'2012-08-15 06:51:44',0,0,0,'Run mode : GLPI'),(767,17,766,'2012-08-15 06:51:44',2,0.0187399,0,'Action completed, no processing required'),(768,13,0,'2012-08-15 06:56:45',0,0,0,'Run mode : GLPI'),(769,13,768,'2012-08-15 06:56:45',2,0.018101,0,'Action completed, no processing required'),(770,14,0,'2012-08-15 07:04:10',0,0,0,'Run mode : GLPI'),(771,14,770,'2012-08-15 07:04:10',2,0.0284321,0,'Action completed, no processing required'),(772,15,0,'2012-08-15 07:09:28',0,0,0,'Run mode : GLPI'),(773,15,772,'2012-08-15 07:09:28',2,0.027559,0,'Action completed, no processing required'),(774,16,0,'2012-08-15 09:44:25',0,0,0,'Run mode : GLPI'),(775,16,774,'2012-08-15 09:44:25',2,0.028903,0,'Action completed, no processing required'),(776,9,0,'2012-08-15 10:34:08',0,0,0,'Run mode : GLPI'),(777,9,776,'2012-08-15 10:34:08',2,0.021441,0,'Action completed, no processing required'),(778,17,0,'2012-08-15 11:19:58',0,0,0,'Run mode : GLPI'),(779,17,778,'2012-08-15 11:19:58',2,0.0200782,0,'Action completed, no processing required'),(780,20,0,'2012-08-15 11:27:58',0,0,0,'Run mode : GLPI'),(781,20,780,'2012-08-15 11:27:58',2,0.019012,0,'Action completed, no processing required'),(782,13,0,'2012-08-15 11:33:41',0,0,0,'Run mode : GLPI'),(783,13,782,'2012-08-15 11:33:41',2,0.0197351,0,'Action completed, no processing required'),(784,14,0,'2012-08-15 11:39:19',0,0,0,'Run mode : GLPI'),(785,14,784,'2012-08-15 11:39:19',2,0.0280709,0,'Action completed, no processing required'),(786,9,0,'2012-08-15 11:44:21',0,0,0,'Run mode : GLPI'),(787,9,786,'2012-08-15 11:44:21',2,0.020154,0,'Action completed, no processing required'),(788,17,0,'2012-08-15 11:49:30',0,0,0,'Run mode : GLPI'),(789,17,788,'2012-08-15 11:49:30',2,0.0201011,0,'Action completed, no processing required'),(790,9,0,'2012-08-15 11:55:29',0,0,0,'Run mode : GLPI'),(791,9,790,'2012-08-15 11:55:29',2,0.0199299,0,'Action completed, no processing required'),(792,17,0,'2012-08-16 05:15:04',0,0,0,'Run mode : GLPI'),(793,17,792,'2012-08-16 05:15:04',2,0.020839,0,'Action completed, no processing required'),(794,9,0,'2012-08-16 05:20:50',0,0,0,'Run mode : GLPI'),(795,9,794,'2012-08-16 05:20:50',2,0.0204821,0,'Action completed, no processing required'),(796,20,0,'2012-08-16 11:22:35',0,0,0,'Run mode : GLPI'),(797,20,796,'2012-08-16 11:22:35',2,0.019393,0,'Action completed, no processing required'),(798,13,0,'2012-08-16 12:20:02',0,0,0,'Run mode : GLPI'),(799,13,798,'2012-08-16 12:20:02',2,0.0188949,0,'Action completed, no processing required'),(800,14,0,'2012-08-16 12:28:10',0,0,0,'Run mode : GLPI'),(801,14,800,'2012-08-16 12:28:10',2,0.061552,0,'Action completed, no processing required'),(802,19,0,'2012-08-16 12:34:30',0,0,0,'Run mode : GLPI'),(803,19,802,'2012-08-16 12:34:30',2,0.0201972,0,'Action completed, fully processed'),(804,15,0,'2012-08-16 12:39:56',0,0,0,'Run mode : GLPI'),(805,15,804,'2012-08-16 12:39:56',2,0.0279031,0,'Action completed, no processing required'),(806,16,0,'2012-08-16 13:00:09',0,0,0,'Run mode : GLPI'),(807,16,806,'2012-08-16 13:00:09',2,0.0283089,0,'Action completed, no processing required'),(808,5,0,'2012-08-17 04:55:09',0,0,0,'Run mode : GLPI'),(809,5,808,'2012-08-17 04:55:09',2,0.029757,0,'Action completed, no processing required'),(810,17,0,'2012-08-17 05:11:15',0,0,0,'Run mode : GLPI'),(811,17,810,'2012-08-17 05:11:15',2,0.0189722,0,'Action completed, no processing required'),(812,9,0,'2012-08-17 05:22:49',0,0,0,'Run mode : GLPI'),(813,9,812,'2012-08-17 05:22:49',2,0.021332,0,'Action completed, no processing required'),(814,8,0,'2012-08-17 05:35:02',0,0,0,'Run mode : GLPI'),(815,8,814,'2012-08-17 05:35:02',2,0.110989,210,'Action completed, fully processed'),(816,6,0,'2012-08-17 06:45:48',0,0,0,'Run mode : GLPI'),(817,6,816,'2012-08-17 06:45:48',2,0.0281811,0,'Action completed, no processing required'),(818,12,0,'2012-08-17 06:59:28',0,0,0,'Run mode : GLPI'),(819,12,818,'2012-08-17 06:59:28',1,0.0198138,3,'Clean 3 session file(s) created since more than 180 seconds\n'),(820,12,818,'2012-08-17 06:59:28',2,0.0207698,3,'Action completed, fully processed'),(821,18,0,'2012-08-17 07:04:52',0,0,0,'Run mode : GLPI'),(822,18,821,'2012-08-17 07:04:52',2,0.0232999,0,'Action completed, no processing required'),(823,20,0,'2012-08-17 07:10:16',0,0,0,'Run mode : GLPI'),(824,20,823,'2012-08-17 07:10:16',2,0.018692,0,'Action completed, no processing required'),(825,13,0,'2012-08-17 07:19:28',0,0,0,'Run mode : GLPI'),(826,13,825,'2012-08-17 07:19:28',2,0.018867,0,'Action completed, no processing required'),(827,14,0,'2012-08-17 07:24:30',0,0,0,'Run mode : GLPI'),(828,14,827,'2012-08-17 07:24:30',2,0.0272789,0,'Action completed, no processing required'),(829,15,0,'2012-08-17 07:30:12',0,0,0,'Run mode : GLPI'),(830,15,829,'2012-08-17 07:30:12',2,0.027446,0,'Action completed, no processing required'),(831,16,0,'2012-08-17 09:38:11',0,0,0,'Run mode : GLPI'),(832,16,831,'2012-08-17 09:38:11',2,0.0279989,0,'Action completed, no processing required'),(833,17,0,'2012-08-17 09:44:05',0,0,0,'Run mode : GLPI'),(834,17,833,'2012-08-17 09:44:05',2,0.018925,0,'Action completed, no processing required'),(835,9,0,'2012-08-17 09:50:18',0,0,0,'Run mode : GLPI'),(836,9,835,'2012-08-17 09:50:18',2,0.020144,0,'Action completed, no processing required'),(837,20,0,'2012-08-17 09:55:21',0,0,0,'Run mode : GLPI'),(838,20,837,'2012-08-17 09:55:21',2,0.018666,0,'Action completed, no processing required'),(839,13,0,'2012-08-17 10:34:51',0,0,0,'Run mode : GLPI'),(840,13,839,'2012-08-17 10:34:51',2,0.0187502,0,'Action completed, no processing required'),(841,14,0,'2012-08-20 05:13:38',0,0,0,'Run mode : GLPI'),(842,14,841,'2012-08-20 05:13:38',2,0.037878,0,'Action completed, no processing required'),(843,17,0,'2012-08-20 05:36:26',0,0,0,'Run mode : GLPI'),(844,17,843,'2012-08-20 05:36:26',2,0.023283,0,'Action completed, no processing required'),(845,9,0,'2012-08-20 06:26:56',0,0,0,'Run mode : GLPI'),(846,9,845,'2012-08-20 06:26:56',2,0.024648,0,'Action completed, no processing required'),(847,20,0,'2012-08-20 06:31:58',0,0,0,'Run mode : GLPI'),(848,20,847,'2012-08-20 06:31:58',2,0.0221479,0,'Action completed, no processing required'),(849,13,0,'2012-08-20 06:37:03',0,0,0,'Run mode : GLPI'),(850,13,849,'2012-08-20 06:37:03',2,0.0206869,0,'Action completed, no processing required'),(851,19,0,'2012-08-20 06:42:28',0,0,0,'Run mode : GLPI'),(852,19,851,'2012-08-20 06:42:28',2,0.0196619,0,'Action completed, fully processed'),(853,15,0,'2012-08-20 06:48:58',0,0,0,'Run mode : GLPI'),(854,15,853,'2012-08-20 06:48:58',2,0.037935,0,'Action completed, no processing required'),(855,16,0,'2012-08-20 07:03:40',0,0,0,'Run mode : GLPI'),(856,16,855,'2012-08-20 07:03:40',2,0.0373309,0,'Action completed, no processing required'),(857,5,0,'2012-08-20 07:16:12',0,0,0,'Run mode : GLPI'),(858,5,857,'2012-08-20 07:16:12',2,0.02842,0,'Action completed, no processing required'),(859,6,0,'2012-08-20 07:25:23',0,0,0,'Run mode : GLPI'),(860,6,859,'2012-08-20 07:25:23',2,0.0365748,0,'Action completed, no processing required'),(861,12,0,'2012-08-20 07:34:48',0,0,0,'Run mode : GLPI'),(862,12,861,'2012-08-20 07:34:48',1,0.0206289,1,'Clean 1 session file(s) created since more than 180 seconds\n'),(863,12,861,'2012-08-20 07:34:48',2,0.0216079,1,'Action completed, fully processed'),(864,18,0,'2012-08-20 07:39:07',0,0,0,'Run mode : GLPI'),(865,18,864,'2012-08-20 07:39:07',2,0.0310891,0,'Action completed, no processing required'),(866,17,0,'2012-08-20 07:45:22',0,0,0,'Run mode : GLPI'),(867,17,866,'2012-08-20 07:45:22',2,0.0194659,0,'Action completed, no processing required'),(868,14,0,'2012-08-20 07:47:27',0,0,0,'Run mode : GLPI'),(869,14,868,'2012-08-20 07:47:27',2,0.0307419,0,'Action completed, no processing required'),(870,9,0,'2012-08-20 10:38:53',0,0,0,'Run mode : GLPI'),(871,9,870,'2012-08-20 10:38:53',2,0.0246899,0,'Action completed, no processing required'),(872,20,0,'2012-08-20 12:04:39',0,0,0,'Run mode : GLPI'),(873,20,872,'2012-08-20 12:04:39',2,0.0197999,0,'Action completed, no processing required'),(874,13,0,'2012-08-21 07:20:26',0,0,0,'Run mode : GLPI'),(875,13,874,'2012-08-21 07:20:26',2,0.025095,0,'Action completed, no processing required'),(876,17,0,'2012-08-21 07:40:51',0,0,0,'Run mode : GLPI'),(877,17,876,'2012-08-21 07:40:51',2,0.0201511,0,'Action completed, no processing required'),(878,14,0,'2012-08-21 09:24:09',0,0,0,'Run mode : GLPI'),(879,14,878,'2012-08-21 09:24:09',2,0.0372419,0,'Action completed, no processing required'),(880,9,0,'2012-08-21 11:23:39',0,0,0,'Run mode : GLPI'),(881,9,880,'2012-08-21 11:23:39',2,0.024878,0,'Action completed, no processing required'),(882,20,0,'2012-08-21 11:35:09',0,0,0,'Run mode : GLPI'),(883,20,882,'2012-08-21 11:35:09',2,0.0264869,0,'Action completed, no processing required'),(884,15,0,'2012-08-21 11:42:03',0,0,0,'Run mode : GLPI'),(885,15,884,'2012-08-21 11:42:03',2,0.0377359,0,'Action completed, no processing required'),(886,16,0,'2012-08-22 05:35:19',0,0,0,'Run mode : GLPI'),(887,16,886,'2012-08-22 05:35:19',2,0.0374272,0,'Action completed, no processing required'),(888,19,0,'2012-08-22 11:29:35',0,0,0,'Run mode : GLPI'),(889,19,888,'2012-08-22 11:29:35',2,0.0194881,0,'Action completed, fully processed'),(890,5,0,'2012-08-22 11:39:12',0,0,0,'Run mode : GLPI'),(891,5,890,'2012-08-22 11:39:12',2,0.030457,0,'Action completed, no processing required'),(892,6,0,'2012-08-23 05:34:12',0,0,0,'Run mode : GLPI'),(893,6,892,'2012-08-23 05:34:12',2,0.032289,0,'Action completed, no processing required'),(894,12,0,'2012-08-23 10:04:01',0,0,0,'Run mode : GLPI'),(895,12,894,'2012-08-23 10:04:01',1,0.109418,4,'Clean 4 session file(s) created since more than 180 seconds\n'),(896,12,894,'2012-08-23 10:04:01',2,0.110408,4,'Action completed, fully processed'),(897,18,0,'2012-08-23 10:09:02',0,0,0,'Run mode : GLPI'),(898,18,897,'2012-08-23 10:09:02',2,0.031183,0,'Action completed, no processing required'),(899,17,0,'2012-08-23 10:14:15',0,0,0,'Run mode : GLPI'),(900,17,899,'2012-08-23 10:14:15',2,0.0245528,0,'Action completed, no processing required'),(901,13,0,'2012-08-24 05:11:56',0,0,0,'Run mode : GLPI'),(902,13,901,'2012-08-24 05:11:56',2,0.0207951,0,'Action completed, no processing required'),(903,14,0,'2012-08-24 06:19:43',0,0,0,'Run mode : GLPI'),(904,14,903,'2012-08-24 06:19:43',2,0.0292439,0,'Action completed, no processing required'),(905,9,0,'2012-08-24 10:30:02',0,0,0,'Run mode : GLPI'),(906,9,905,'2012-08-24 10:30:02',2,0.0234771,0,'Action completed, no processing required'),(907,20,0,'2012-08-24 13:21:14',0,0,0,'Run mode : GLPI'),(908,20,907,'2012-08-24 13:21:14',2,0.0246291,0,'Action completed, no processing required'),(909,15,0,'2012-08-24 13:21:50',0,0,0,'Run mode : GLPI'),(910,15,909,'2012-08-24 13:21:50',2,0.0362449,0,'Action completed, no processing required'),(911,16,0,'2012-08-24 13:27:02',0,0,0,'Run mode : GLPI'),(912,16,911,'2012-08-24 13:27:02',2,0.0375249,0,'Action completed, no processing required'),(913,17,0,'2012-08-27 04:53:45',0,0,0,'Run mode : GLPI'),(914,17,913,'2012-08-27 04:53:45',2,0.026516,0,'Action completed, no processing required'),(915,19,0,'2012-08-27 06:30:50',0,0,0,'Run mode : GLPI'),(916,19,915,'2012-08-27 06:30:50',2,0.155382,0,'Action completed, fully processed'),(917,5,0,'2012-08-27 10:40:44',0,0,0,'Run mode : GLPI'),(918,5,917,'2012-08-27 10:40:44',2,0.033793,0,'Action completed, no processing required'),(919,6,0,'2012-08-27 11:05:04',0,0,0,'Run mode : GLPI'),(920,6,919,'2012-08-27 11:05:04',2,0.0308778,0,'Action completed, no processing required'),(921,8,0,'2012-08-27 11:19:31',0,0,0,'Run mode : GLPI'),(922,8,921,'2012-08-27 11:19:31',2,0.130184,210,'Action completed, fully processed'),(923,13,0,'2012-08-27 11:19:47',0,0,0,'Run mode : GLPI'),(924,13,923,'2012-08-27 11:19:47',2,0.0223029,0,'Action completed, no processing required'),(925,14,0,'2012-08-27 11:20:25',0,0,0,'Run mode : GLPI'),(926,14,925,'2012-08-27 11:20:25',2,0.0316219,0,'Action completed, no processing required'),(927,12,0,'2012-08-27 11:59:26',0,0,0,'Run mode : GLPI'),(928,12,927,'2012-08-27 11:59:26',1,0.0200219,4,'Clean 4 session file(s) created since more than 180 seconds\n'),(929,12,927,'2012-08-27 11:59:26',2,0.0209811,4,'Action completed, fully processed'),(930,18,0,'2012-08-27 12:06:27',0,0,0,'Run mode : GLPI'),(931,18,930,'2012-08-27 12:06:27',2,0.028384,0,'Action completed, no processing required'),(932,9,0,'2012-08-27 12:11:28',0,0,0,'Run mode : GLPI'),(933,9,932,'2012-08-27 12:11:28',2,0.0259371,0,'Action completed, no processing required'),(934,20,0,'2012-08-27 12:16:36',0,0,0,'Run mode : GLPI'),(935,20,934,'2012-08-27 12:16:36',2,0.0248959,0,'Action completed, no processing required'),(936,15,0,'2012-08-27 12:19:26',0,0,0,'Run mode : GLPI'),(937,15,936,'2012-08-27 12:19:26',2,0.037102,0,'Action completed, no processing required'),(938,16,0,'2012-08-27 12:21:42',0,0,0,'Run mode : GLPI'),(939,16,938,'2012-08-27 12:21:42',2,0.0369928,0,'Action completed, no processing required'),(940,17,0,'2012-08-27 12:27:10',0,0,0,'Run mode : GLPI'),(941,17,940,'2012-08-27 12:27:10',2,0.0201571,0,'Action completed, no processing required'),(942,13,0,'2012-08-27 12:32:23',0,0,0,'Run mode : GLPI'),(943,13,942,'2012-08-27 12:32:23',2,0.0195591,0,'Action completed, no processing required'),(944,14,0,'2012-08-27 12:39:31',0,0,0,'Run mode : GLPI'),(945,14,944,'2012-08-27 12:39:31',2,0.035485,0,'Action completed, no processing required'),(946,9,0,'2012-08-27 12:45:21',0,0,0,'Run mode : GLPI'),(947,9,946,'2012-08-27 12:45:21',2,0.026191,0,'Action completed, no processing required'),(948,17,0,'2012-08-27 12:50:25',0,0,0,'Run mode : GLPI'),(949,17,948,'2012-08-27 12:50:25',2,0.0245421,0,'Action completed, no processing required'),(950,9,0,'2012-08-27 12:55:34',0,0,0,'Run mode : GLPI'),(951,9,950,'2012-08-27 12:55:34',2,0.02068,0,'Action completed, no processing required'),(952,17,0,'2012-08-27 13:00:44',0,0,0,'Run mode : GLPI'),(953,17,952,'2012-08-27 13:00:44',2,0.0242538,0,'Action completed, no processing required'),(954,9,0,'2012-08-27 13:11:18',0,0,0,'Run mode : GLPI'),(955,9,954,'2012-08-27 13:11:18',2,0.024714,0,'Action completed, no processing required'),(956,17,0,'2012-08-27 13:16:19',0,0,0,'Run mode : GLPI'),(957,17,956,'2012-08-27 13:16:19',2,0.020082,0,'Action completed, no processing required'),(958,20,0,'2012-08-27 13:18:20',0,0,0,'Run mode : GLPI'),(959,20,958,'2012-08-27 13:18:20',2,0.0251389,0,'Action completed, no processing required'),(960,9,0,'2012-08-27 13:21:28',0,0,0,'Run mode : GLPI'),(961,9,960,'2012-08-27 13:21:28',2,0.0256901,0,'Action completed, no processing required'),(962,17,0,'2012-08-27 13:28:12',0,0,0,'Run mode : GLPI'),(963,17,962,'2012-08-27 13:28:12',2,0.0228441,0,'Action completed, no processing required'),(964,9,0,'2012-08-27 13:33:27',0,0,0,'Run mode : GLPI'),(965,9,964,'2012-08-27 13:33:27',2,0.024509,0,'Action completed, no processing required'),(966,13,0,'2012-08-27 13:39:33',0,0,0,'Run mode : GLPI'),(967,13,966,'2012-08-27 13:39:33',2,0.02439,0,'Action completed, no processing required'),(968,17,0,'2012-08-27 13:44:54',0,0,0,'Run mode : GLPI'),(969,17,968,'2012-08-27 13:44:54',2,0.023432,0,'Action completed, no processing required'),(970,14,0,'2012-08-28 04:52:58',0,0,0,'Run mode : GLPI'),(971,14,970,'2012-08-28 04:52:58',2,0.032124,0,'Action completed, no processing required'),(972,9,0,'2012-08-28 05:03:54',0,0,0,'Run mode : GLPI'),(973,9,972,'2012-08-28 05:03:54',2,0.025321,0,'Action completed, no processing required'),(974,17,0,'2012-08-28 05:13:43',0,0,0,'Run mode : GLPI'),(975,17,974,'2012-08-28 05:13:43',2,0.0243838,0,'Action completed, no processing required'),(976,20,0,'2012-08-28 05:22:23',0,0,0,'Run mode : GLPI'),(977,20,976,'2012-08-28 05:22:23',2,0.02407,0,'Action completed, no processing required'),(978,13,0,'2012-08-28 05:27:23',0,0,0,'Run mode : GLPI'),(979,13,978,'2012-08-28 05:27:23',2,0.0243189,0,'Action completed, no processing required'),(980,15,0,'2012-08-28 06:47:24',0,0,0,'Run mode : GLPI'),(981,15,980,'2012-08-28 06:47:24',2,0.0371602,0,'Action completed, no processing required'),(982,16,0,'2012-08-28 11:30:30',0,0,0,'Run mode : GLPI'),(983,16,982,'2012-08-28 11:30:30',2,0.0375669,0,'Action completed, no processing required'),(984,9,0,'2012-08-28 12:29:46',0,0,0,'Run mode : GLPI'),(985,9,984,'2012-08-28 12:29:46',2,0.0247982,0,'Action completed, no processing required'),(986,17,0,'2012-08-29 05:03:26',0,0,0,'Run mode : GLPI'),(987,17,986,'2012-08-29 05:03:26',2,0.025089,0,'Action completed, no processing required'),(988,14,0,'2012-08-29 06:48:47',0,0,0,'Run mode : GLPI'),(989,14,988,'2012-08-29 06:48:47',2,0.0374391,0,'Action completed, no processing required'),(990,20,0,'2012-08-30 07:15:16',0,0,0,'Run mode : GLPI'),(991,20,990,'2012-08-30 07:15:16',2,0.0256119,0,'Action completed, no processing required'),(992,13,0,'2012-08-30 09:41:04',0,0,0,'Run mode : GLPI'),(993,13,992,'2012-08-30 09:41:04',2,0.0243559,0,'Action completed, no processing required'),(994,19,0,'2012-08-30 10:14:55',0,0,0,'Run mode : GLPI'),(995,19,994,'2012-08-30 10:14:55',2,0.0248241,0,'Action completed, fully processed'),(996,5,0,'2012-08-30 10:46:33',0,0,0,'Run mode : GLPI'),(997,5,996,'2012-08-30 10:46:33',2,0.0384231,0,'Action completed, no processing required'),(998,6,0,'2012-08-30 10:58:16',0,0,0,'Run mode : GLPI'),(999,6,998,'2012-08-30 10:58:16',2,0.0309398,0,'Action completed, no processing required'),(1000,12,0,'2012-08-30 12:11:15',0,0,0,'Run mode : GLPI'),(1001,12,1000,'2012-08-30 12:11:15',2,0.0205159,0,'Action completed, no processing required'),(1002,18,0,'2012-08-30 12:19:09',0,0,0,'Run mode : GLPI'),(1003,18,1002,'2012-08-30 12:19:09',2,0.0309441,0,'Action completed, no processing required'),(1004,9,0,'2012-08-30 12:34:38',0,0,0,'Run mode : GLPI'),(1005,9,1004,'2012-08-30 12:34:38',2,0.020504,0,'Action completed, no processing required'),(1006,15,0,'2012-08-31 05:56:33',0,0,0,'Run mode : GLPI'),(1007,15,1006,'2012-08-31 05:56:33',2,0.0351648,0,'Action completed, no processing required'),(1008,16,0,'2012-08-31 06:08:46',0,0,0,'Run mode : GLPI'),(1009,16,1008,'2012-08-31 06:08:46',2,0.0349472,0,'Action completed, no processing required'),(1010,17,0,'2012-08-31 06:16:30',0,0,0,'Run mode : GLPI'),(1011,17,1010,'2012-08-31 06:16:30',2,0.0246139,0,'Action completed, no processing required'),(1012,14,0,'2012-08-31 07:31:27',0,0,0,'Run mode : GLPI'),(1013,14,1012,'2012-08-31 07:31:27',2,0.0374739,0,'Action completed, no processing required'),(1014,20,0,'2012-09-05 07:14:39',0,0,0,'Run mode : GLPI'),(1015,20,1014,'2012-09-05 07:14:39',2,0.0264859,0,'Action completed, no processing required'),(1016,13,0,'2012-09-05 07:39:09',0,0,0,'Run mode : GLPI'),(1017,13,1016,'2012-09-05 07:39:09',2,0.02247,0,'Action completed, no processing required'),(1018,9,0,'2012-09-05 07:55:06',0,0,0,'Run mode : GLPI'),(1019,9,1018,'2012-09-05 07:55:06',2,0.026917,0,'Action completed, no processing required'),(1020,17,0,'2012-09-05 07:57:30',0,0,0,'Run mode : GLPI'),(1021,17,1020,'2012-09-05 07:57:30',2,0.0253768,0,'Action completed, no processing required'),(1022,14,0,'2012-09-05 07:57:34',0,0,0,'Run mode : GLPI'),(1023,14,1022,'2012-09-05 07:57:34',2,0.0366421,0,'Action completed, no processing required'),(1024,19,0,'2012-09-05 08:04:17',0,0,0,'Run mode : GLPI'),(1025,19,1024,'2012-09-05 08:04:17',2,0.0235569,0,'Action completed, fully processed'),(1026,5,0,'2012-09-05 09:20:36',0,0,0,'Run mode : GLPI'),(1027,5,1026,'2012-09-05 09:20:36',2,0.036041,0,'Action completed, no processing required'),(1028,6,0,'2012-09-06 12:55:03',0,0,0,'Run mode : GLPI'),(1029,6,1028,'2012-09-06 12:55:03',2,0.0308661,0,'Action completed, no processing required'),(1030,12,0,'2012-09-07 05:12:13',0,0,0,'Run mode : GLPI'),(1031,12,1030,'2012-09-07 05:12:13',1,0.023427,6,'Clean 6 session file(s) created since more than 180 seconds\n'),(1032,12,1030,'2012-09-07 05:12:13',2,0.024415,6,'Action completed, fully processed'),(1033,18,0,'2012-09-10 06:02:14',0,0,0,'Run mode : GLPI'),(1034,18,1033,'2012-09-10 06:02:14',2,0.0331891,0,'Action completed, no processing required'),(1035,15,0,'2012-09-10 06:21:53',0,0,0,'Run mode : GLPI'),(1036,15,1035,'2012-09-10 06:21:53',2,0.0384531,0,'Action completed, no processing required'),(1037,16,0,'2012-09-10 13:36:45',0,0,0,'Run mode : GLPI'),(1038,16,1037,'2012-09-10 13:36:45',2,0.037921,0,'Action completed, no processing required'),(1039,8,0,'2012-09-11 06:47:46',0,0,0,'Run mode : GLPI'),(1040,8,1039,'2012-09-11 06:47:46',2,0.151048,210,'Action completed, fully processed'),(1041,17,0,'2012-09-12 05:40:44',0,0,0,'Run mode : GLPI'),(1042,17,1041,'2012-09-12 05:40:44',2,0.023999,0,'Action completed, no processing required'),(1043,9,0,'2012-09-12 06:39:08',0,0,0,'Run mode : GLPI'),(1044,9,1043,'2012-09-12 06:39:08',2,0.0401809,0,'Action completed, no processing required'),(1045,20,0,'2012-09-13 05:24:46',0,0,0,'Run mode : GLPI'),(1046,20,1045,'2012-09-13 05:24:46',2,0.0244129,0,'Action completed, no processing required'),(1047,13,0,'2012-09-13 10:49:19',0,0,0,'Run mode : GLPI'),(1048,13,1047,'2012-09-13 10:49:19',2,0.0245461,0,'Action completed, no processing required'),(1049,14,0,'2012-09-14 10:23:37',0,0,0,'Run mode : GLPI'),(1050,14,1049,'2012-09-14 10:23:37',2,0.0361359,0,'Action completed, no processing required'),(1051,19,0,'2012-09-14 11:31:03',0,0,0,'Run mode : GLPI'),(1052,19,1051,'2012-09-14 11:31:03',2,0.0259709,0,'Action completed, fully processed'),(1053,5,0,'2012-09-17 06:53:51',0,0,0,'Run mode : GLPI'),(1054,5,1053,'2012-09-17 06:53:51',2,0.0394001,0,'Action completed, no processing required'),(1055,6,0,'2012-09-17 10:40:05',0,0,0,'Run mode : GLPI'),(1056,6,1055,'2012-09-17 10:40:05',2,0.036304,0,'Action completed, no processing required'),(1057,12,0,'2012-09-17 10:45:43',0,0,0,'Run mode : GLPI'),(1058,12,1057,'2012-09-17 10:45:43',1,0.0509589,8,'Clean 8 session file(s) created since more than 180 seconds\n'),(1059,12,1057,'2012-09-17 10:45:43',2,0.0519478,8,'Action completed, fully processed'),(1060,15,0,'2012-09-17 10:50:56',0,0,0,'Run mode : GLPI'),(1061,15,1060,'2012-09-17 10:50:56',2,0.0367701,0,'Action completed, no processing required'),(1062,16,0,'2012-09-17 10:59:55',0,0,0,'Run mode : GLPI'),(1063,16,1062,'2012-09-17 10:59:55',2,0.034796,0,'Action completed, no processing required'),(1064,18,0,'2012-09-17 11:06:18',0,0,0,'Run mode : GLPI'),(1065,18,1064,'2012-09-17 11:06:18',2,0.02405,0,'Action completed, no processing required'),(1066,17,0,'2012-09-17 11:07:00',0,0,0,'Run mode : GLPI'),(1067,17,1066,'2012-09-17 11:07:00',2,0.022759,0,'Action completed, no processing required'),(1068,9,0,'2012-09-17 12:06:49',0,0,0,'Run mode : GLPI'),(1069,9,1068,'2012-09-17 12:06:49',2,0.022763,0,'Action completed, no processing required'),(1070,20,0,'2012-09-17 13:25:24',0,0,0,'Run mode : GLPI'),(1071,20,1070,'2012-09-17 13:25:24',2,0.023488,0,'Action completed, no processing required'),(1072,13,0,'2012-09-18 05:31:14',0,0,0,'Run mode : GLPI'),(1073,13,1072,'2012-09-18 05:31:14',2,0.0228901,0,'Action completed, no processing required'),(1074,14,0,'2012-09-18 05:52:47',0,0,0,'Run mode : GLPI'),(1075,14,1074,'2012-09-18 05:52:47',2,0.033056,0,'Action completed, no processing required'),(1076,19,0,'2012-09-18 05:59:52',0,0,0,'Run mode : GLPI'),(1077,19,1076,'2012-09-18 05:59:52',2,0.019794,0,'Action completed, fully processed'),(1078,17,0,'2012-09-18 06:10:10',0,0,0,'Run mode : GLPI'),(1079,17,1078,'2012-09-18 06:10:10',2,0.0199881,0,'Action completed, no processing required'),(1080,9,0,'2012-09-18 07:49:51',0,0,0,'Run mode : GLPI'),(1081,9,1080,'2012-09-18 07:49:51',2,0.0257211,0,'Action completed, no processing required'),(1082,20,0,'2012-09-18 10:36:36',0,0,0,'Run mode : GLPI'),(1083,20,1082,'2012-09-18 10:36:36',2,0.0192051,0,'Action completed, no processing required'),(1084,15,0,'2012-09-19 06:27:40',0,0,0,'Run mode : GLPI'),(1085,15,1084,'2012-09-19 06:27:40',2,0.0379992,0,'Action completed, no processing required'),(1086,16,0,'2012-09-19 06:33:00',0,0,0,'Run mode : GLPI'),(1087,16,1086,'2012-09-19 06:33:00',2,0.0383499,0,'Action completed, no processing required'),(1088,17,0,'2012-09-19 07:44:57',0,0,0,'Run mode : GLPI'),(1089,17,1088,'2012-09-19 07:44:57',2,0.0207798,0,'Action completed, no processing required'),(1090,13,0,'2012-09-19 10:22:59',0,0,0,'Run mode : GLPI'),(1091,13,1090,'2012-09-19 10:22:59',2,0.0206761,0,'Action completed, no processing required'),(1092,8,0,'2012-09-19 10:31:48',0,0,0,'Run mode : GLPI'),(1093,8,1092,'2012-09-19 10:31:48',2,0.132193,210,'Action completed, fully processed'),(1094,14,0,'2012-09-19 10:33:53',0,0,0,'Run mode : GLPI'),(1095,14,1094,'2012-09-19 10:33:53',2,0.0294549,0,'Action completed, no processing required'),(1096,5,0,'2012-09-19 10:33:57',0,0,0,'Run mode : GLPI'),(1097,5,1096,'2012-09-19 10:33:57',2,0.0354979,0,'Action completed, no processing required'),(1098,9,0,'2012-09-19 12:09:23',0,0,0,'Run mode : GLPI'),(1099,9,1098,'2012-09-19 12:09:23',2,0.0225952,0,'Action completed, no processing required'),(1100,6,0,'2012-09-20 05:09:44',0,0,0,'Run mode : GLPI'),(1101,6,1100,'2012-09-20 05:09:44',2,0.0326421,0,'Action completed, no processing required'),(1102,12,0,'2012-09-20 05:09:50',0,0,0,'Run mode : GLPI'),(1103,12,1102,'2012-09-20 05:09:50',1,0.02072,7,'Clean 7 session file(s) created since more than 180 seconds\n'),(1104,12,1102,'2012-09-20 05:09:50',2,0.021697,7,'Action completed, fully processed'),(1105,18,0,'2012-09-20 05:45:38',0,0,0,'Run mode : GLPI'),(1106,18,1105,'2012-09-20 05:45:38',2,0.0329041,0,'Action completed, no processing required'),(1107,20,0,'2012-09-20 05:51:51',0,0,0,'Run mode : GLPI'),(1108,20,1107,'2012-09-20 05:51:51',2,0.027065,0,'Action completed, no processing required'),(1109,19,0,'2012-09-20 06:26:22',0,0,0,'Run mode : GLPI'),(1110,19,1109,'2012-09-20 06:26:22',2,0.0231769,0,'Action completed, fully processed'),(1111,17,0,'2012-09-20 07:28:52',0,0,0,'Run mode : GLPI'),(1112,17,1111,'2012-09-20 07:28:52',2,0.020354,0,'Action completed, no processing required'),(1113,13,0,'2012-09-20 10:46:43',0,0,0,'Run mode : GLPI'),(1114,13,1113,'2012-09-20 10:46:43',2,0.020695,0,'Action completed, no processing required'),(1115,14,0,'2012-09-20 10:52:02',0,0,0,'Run mode : GLPI'),(1116,14,1115,'2012-09-20 10:52:02',2,0.0312209,0,'Action completed, no processing required'),(1117,9,0,'2012-09-20 12:53:23',0,0,0,'Run mode : GLPI'),(1118,9,1117,'2012-09-20 12:53:23',2,0.0244279,0,'Action completed, no processing required'),(1119,15,0,'2012-09-20 12:58:30',0,0,0,'Run mode : GLPI'),(1120,15,1119,'2012-09-20 12:58:30',2,0.036324,0,'Action completed, no processing required'),(1121,16,0,'2012-09-21 05:20:30',0,0,0,'Run mode : GLPI'),(1122,16,1121,'2012-09-21 05:20:30',2,0.037437,0,'Action completed, no processing required'),(1123,20,0,'2012-09-21 07:22:35',0,0,0,'Run mode : GLPI'),(1124,20,1123,'2012-09-21 07:22:35',2,0.0213261,0,'Action completed, no processing required'),(1125,17,0,'2012-09-21 07:24:29',0,0,0,'Run mode : GLPI'),(1126,17,1125,'2012-09-21 07:24:29',2,0.0209842,0,'Action completed, no processing required'),(1127,5,0,'2012-09-21 10:00:47',0,0,0,'Run mode : GLPI'),(1128,5,1127,'2012-09-21 10:00:47',2,0.701305,0,'Action completed, no processing required'),(1129,13,0,'2012-09-21 15:32:09',0,0,0,'Run mode : GLPI'),(1130,13,1129,'2012-09-21 15:32:09',2,0.177591,0,'Action completed, no processing required'),(1131,14,0,'2012-09-21 15:46:29',0,0,0,'Run mode : GLPI'),(1132,14,1131,'2012-09-21 15:46:29',2,0.0340488,0,'Action completed, no processing required'),(1133,9,0,'2012-09-21 16:10:20',0,0,0,'Run mode : GLPI'),(1134,9,1133,'2012-09-21 16:10:20',2,0.0494261,0,'Action completed, no processing required'),(1135,15,0,'2012-09-21 16:16:16',0,0,0,'Run mode : GLPI'),(1136,15,1135,'2012-09-21 16:16:16',2,0.0382531,0,'Action completed, no processing required'),(1137,6,0,'2012-09-24 04:58:08',0,0,0,'Run mode : GLPI'),(1138,6,1137,'2012-09-24 04:58:08',2,0.0387321,0,'Action completed, no processing required'),(1139,12,0,'2012-09-24 05:00:20',0,0,0,'Run mode : GLPI'),(1140,12,1139,'2012-09-24 05:00:20',1,0.0286829,5,'Clean 5 session file(s) created since more than 180 seconds\n'),(1141,12,1139,'2012-09-24 05:00:20',2,0.0296159,5,'Action completed, fully processed'),(1142,18,0,'2012-09-24 05:27:19',0,0,0,'Run mode : GLPI'),(1143,18,1142,'2012-09-24 05:27:19',2,0.0705421,0,'Action completed, no processing required'),(1144,19,0,'2012-09-24 05:30:45',0,0,0,'Run mode : GLPI'),(1145,19,1144,'2012-09-24 05:30:45',2,0.0211229,0,'Action completed, fully processed'),(1146,17,0,'2012-09-24 05:32:25',0,0,0,'Run mode : GLPI'),(1147,17,1146,'2012-09-24 05:32:25',2,0.0203822,0,'Action completed, no processing required'),(1148,20,0,'2012-09-24 06:46:33',0,0,0,'Run mode : GLPI'),(1149,20,1148,'2012-09-24 06:46:33',2,0.0218129,0,'Action completed, no processing required'),(1150,9,0,'2012-09-24 06:49:18',0,0,0,'Run mode : GLPI'),(1151,9,1150,'2012-09-24 06:49:18',2,0.0211091,0,'Action completed, no processing required'),(1152,13,0,'2012-09-24 07:04:20',0,0,0,'Run mode : GLPI'),(1153,13,1152,'2012-09-24 07:04:20',2,0.0216601,0,'Action completed, no processing required'),(1154,14,0,'2012-09-24 11:42:45',0,0,0,'Run mode : GLPI'),(1155,14,1154,'2012-09-24 11:42:45',2,0.032665,0,'Action completed, no processing required'),(1156,16,0,'2012-09-24 12:52:25',0,0,0,'Run mode : GLPI'),(1157,16,1156,'2012-09-24 12:52:25',2,0.0298231,0,'Action completed, no processing required'),(1158,15,0,'2012-09-24 12:53:59',0,0,0,'Run mode : GLPI'),(1159,15,1158,'2012-09-24 12:53:59',2,0.0309651,0,'Action completed, no processing required'),(1160,5,0,'2012-09-24 13:00:33',0,0,0,'Run mode : GLPI'),(1161,5,1160,'2012-09-24 13:00:33',2,0.031158,0,'Action completed, no processing required'),(1162,17,0,'2012-09-24 13:06:36',0,0,0,'Run mode : GLPI'),(1163,17,1162,'2012-09-24 13:06:36',2,0.020359,0,'Action completed, no processing required'),(1164,9,0,'2012-09-24 13:07:16',0,0,0,'Run mode : GLPI'),(1165,9,1164,'2012-09-24 13:07:16',2,0.0217478,0,'Action completed, no processing required'),(1166,20,0,'2012-09-25 05:13:16',0,0,0,'Run mode : GLPI'),(1167,20,1166,'2012-09-25 05:13:16',2,0.0210309,0,'Action completed, no processing required'),(1168,13,0,'2012-09-25 05:47:07',0,0,0,'Run mode : GLPI'),(1169,13,1168,'2012-09-25 05:47:07',2,0.019758,0,'Action completed, no processing required'),(1170,14,0,'2012-09-25 09:29:18',0,0,0,'Run mode : GLPI'),(1171,14,1170,'2012-09-25 09:29:18',2,0.0293341,0,'Action completed, no processing required'),(1172,17,0,'2012-09-25 09:37:50',0,0,0,'Run mode : GLPI'),(1173,17,1172,'2012-09-25 09:37:50',2,0.0197999,0,'Action completed, no processing required'),(1174,9,0,'2012-09-25 12:51:03',0,0,0,'Run mode : GLPI'),(1175,9,1174,'2012-09-25 12:51:03',2,0.020838,0,'Action completed, no processing required'),(1176,16,0,'2012-09-26 05:59:14',0,0,0,'Run mode : GLPI'),(1177,16,1176,'2012-09-26 05:59:14',2,0.0300491,0,'Action completed, no processing required'),(1178,15,0,'2012-09-26 07:48:45',0,0,0,'Run mode : GLPI'),(1179,15,1178,'2012-09-26 07:48:45',2,0.0299351,0,'Action completed, no processing required'),(1180,6,0,'2012-09-27 05:20:59',0,0,0,'Run mode : GLPI'),(1181,6,1180,'2012-09-27 05:20:59',2,0.029443,0,'Action completed, no processing required'),(1182,12,0,'2012-09-27 05:45:09',0,0,0,'Run mode : GLPI'),(1183,12,1182,'2012-09-27 05:45:09',1,0.0218301,9,'Clean 9 session file(s) created since more than 180 seconds\n'),(1184,12,1182,'2012-09-27 05:45:09',2,0.0228021,9,'Action completed, fully processed'),(1185,18,0,'2012-10-01 04:33:29',0,0,0,'Run mode : GLPI'),(1186,18,1185,'2012-10-01 04:33:29',2,0.0340822,0,'Action completed, no processing required'),(1187,19,0,'2012-10-01 06:02:48',0,0,0,'Run mode : GLPI'),(1188,19,1187,'2012-10-01 06:02:48',2,0.0289509,0,'Action completed, fully processed'),(1189,20,0,'2012-10-01 06:02:53',0,0,0,'Run mode : GLPI'),(1190,20,1189,'2012-10-01 06:02:53',2,0.0256839,0,'Action completed, no processing required'),(1191,13,0,'2012-10-01 06:03:00',0,0,0,'Run mode : GLPI'),(1192,13,1191,'2012-10-01 06:03:00',2,0.0274129,0,'Action completed, no processing required'),(1193,17,0,'2012-10-01 06:14:24',0,0,0,'Run mode : GLPI'),(1194,17,1193,'2012-10-01 06:14:24',2,0.0256538,0,'Action completed, no processing required'),(1195,14,0,'2012-10-01 09:26:44',0,0,0,'Run mode : GLPI'),(1196,14,1195,'2012-10-01 09:26:44',2,0.0358391,0,'Action completed, no processing required'),(1197,5,0,'2012-10-01 11:01:48',0,0,0,'Run mode : GLPI'),(1198,5,1197,'2012-10-01 11:01:48',2,0.0394309,0,'Action completed, no processing required'),(1199,9,0,'2012-10-02 05:03:46',0,0,0,'Run mode : GLPI'),(1200,9,1199,'2012-10-02 05:03:46',2,0.022042,0,'Action completed, no processing required'),(1201,8,0,'2012-10-02 05:22:07',0,0,0,'Run mode : GLPI'),(1202,8,1201,'2012-10-02 05:22:07',2,0.264245,210,'Action completed, fully processed'),(1203,16,0,'2012-10-02 06:16:12',0,0,0,'Run mode : GLPI'),(1204,16,1203,'2012-10-02 06:16:12',2,0.0390551,0,'Action completed, no processing required'),(1205,15,0,'2012-10-03 04:51:42',0,0,0,'Run mode : GLPI'),(1206,15,1205,'2012-10-03 04:51:42',2,0.0381558,0,'Action completed, no processing required'),(1207,6,0,'2012-10-03 06:00:48',0,0,0,'Run mode : GLPI'),(1208,6,1207,'2012-10-03 06:00:48',2,0.0323241,0,'Action completed, no processing required'),(1209,12,0,'2012-10-03 06:22:32',0,0,0,'Run mode : GLPI'),(1210,12,1209,'2012-10-03 06:22:32',1,0.0233259,4,'Clean 4 session file(s) created since more than 180 seconds\n'),(1211,12,1209,'2012-10-03 06:22:32',2,0.0242999,4,'Action completed, fully processed'),(1212,17,0,'2012-10-03 06:59:29',0,0,0,'Run mode : GLPI'),(1213,17,1212,'2012-10-03 06:59:29',2,0.023921,0,'Action completed, no processing required'),(1214,20,0,'2012-10-04 05:28:43',0,0,0,'Run mode : GLPI'),(1215,20,1214,'2012-10-04 05:28:43',2,0.021884,0,'Action completed, no processing required'),(1216,13,0,'2012-10-04 05:53:17',0,0,0,'Run mode : GLPI'),(1217,13,1216,'2012-10-04 05:53:17',2,0.0234449,0,'Action completed, no processing required'),(1218,14,0,'2012-10-08 10:28:10',0,0,0,'Run mode : GLPI'),(1219,14,1218,'2012-10-08 10:28:10',2,0.0388689,0,'Action completed, no processing required'),(1220,18,0,'2012-10-10 07:02:51',0,0,0,'Run mode : GLPI'),(1221,18,1220,'2012-10-10 07:02:51',2,0.0298791,0,'Action completed, no processing required'),(1222,9,0,'2012-10-15 05:00:02',0,0,0,'Run mode : GLPI'),(1223,9,1222,'2012-10-15 05:00:02',2,0.028533,0,'Action completed, no processing required'),(1224,19,0,'2012-10-15 05:11:46',0,0,0,'Run mode : GLPI'),(1225,19,1224,'2012-10-15 05:11:46',2,0.0236859,0,'Action completed, fully processed'),(1226,5,0,'2012-10-15 06:12:35',0,0,0,'Run mode : GLPI'),(1227,5,1226,'2012-10-15 06:12:35',2,0.0298619,0,'Action completed, no processing required'),(1228,16,0,'2012-10-15 06:56:47',0,0,0,'Run mode : GLPI'),(1229,16,1228,'2012-10-15 06:56:47',2,0.037936,0,'Action completed, no processing required'),(1230,17,0,'2012-10-15 07:22:05',0,0,0,'Run mode : GLPI'),(1231,17,1230,'2012-10-15 07:22:05',2,0.019609,0,'Action completed, no processing required'),(1232,15,0,'2012-10-15 10:03:55',0,0,0,'Run mode : GLPI'),(1233,15,1232,'2012-10-15 10:03:55',2,0.0391161,0,'Action completed, no processing required'),(1234,6,0,'2012-10-16 06:36:34',0,0,0,'Run mode : GLPI'),(1235,6,1234,'2012-10-16 06:36:34',2,0.033679,0,'Action completed, no processing required'),(1236,12,0,'2012-10-16 06:44:02',0,0,0,'Run mode : GLPI'),(1237,12,1236,'2012-10-16 06:44:02',1,0.0193889,5,'Clean 5 session file(s) created since more than 180 seconds\n'),(1238,12,1236,'2012-10-16 06:44:02',2,0.020355,5,'Action completed, fully processed'),(1239,20,0,'2012-10-16 10:52:58',0,0,0,'Run mode : GLPI'),(1240,20,1239,'2012-10-16 10:52:58',2,0.020751,0,'Action completed, no processing required'),(1241,13,0,'2012-10-17 05:24:45',0,0,0,'Run mode : GLPI'),(1242,13,1241,'2012-10-17 05:24:45',2,0.478678,0,'Action completed, no processing required'),(1243,14,0,'2012-10-17 05:34:17',0,0,0,'Run mode : GLPI'),(1244,14,1243,'2012-10-17 05:34:17',2,0.282118,0,'Action completed, no processing required'),(1245,8,0,'2012-10-17 05:34:25',0,0,0,'Run mode : GLPI'),(1246,8,1245,'2012-10-17 05:34:25',2,0.20124,210,'Action completed, fully processed'),(1247,18,0,'2012-10-17 05:34:36',0,0,0,'Run mode : GLPI'),(1248,18,1247,'2012-10-17 05:34:36',2,0.052151,0,'Action completed, no processing required'),(1249,9,0,'2012-10-17 06:23:01',0,0,0,'Run mode : GLPI'),(1250,9,1249,'2012-10-17 06:23:01',2,0.0685802,0,'Action completed, no processing required'),(1251,17,0,'2012-10-17 06:43:35',0,0,0,'Run mode : GLPI'),(1252,17,1251,'2012-10-17 06:43:35',2,0.025192,0,'Action completed, no processing required'),(1253,16,0,'2012-10-17 11:05:04',0,0,0,'Run mode : GLPI'),(1254,16,1253,'2012-10-17 11:05:04',2,0.03158,0,'Action completed, no processing required'),(1255,15,0,'2012-10-18 07:38:07',0,0,0,'Run mode : GLPI'),(1256,15,1255,'2012-10-18 07:38:07',2,0.0363801,0,'Action completed, no processing required'),(1257,19,0,'2012-10-20 02:11:00',0,0,0,'Run mode : GLPI'),(1258,19,1257,'2012-10-20 02:11:00',2,0.021718,0,'Action completed, fully processed'),(1259,5,0,'2012-10-22 04:52:44',0,0,0,'Run mode : GLPI'),(1260,5,1259,'2012-10-22 04:52:44',2,0.109268,0,'Action completed, no processing required'),(1261,20,0,'2012-10-22 05:56:41',0,0,0,'Run mode : GLPI'),(1262,20,1261,'2012-10-22 05:56:41',2,0.0232811,0,'Action completed, no processing required'),(1263,13,0,'2012-10-22 06:18:58',0,0,0,'Run mode : GLPI'),(1264,13,1263,'2012-10-22 06:18:58',2,0.024826,0,'Action completed, no processing required'),(1265,9,0,'2012-10-22 12:54:27',0,0,0,'Run mode : GLPI'),(1266,9,1265,'2012-10-22 12:54:27',2,0.0210011,0,'Action completed, no processing required'),(1267,14,0,'2012-10-24 04:43:05',0,0,0,'Run mode : GLPI'),(1268,14,1267,'2012-10-24 04:43:05',2,0.0311549,0,'Action completed, no processing required'),(1269,6,0,'2012-10-24 06:19:39',0,0,0,'Run mode : GLPI'),(1270,6,1269,'2012-10-24 06:19:39',2,0.031384,0,'Action completed, no processing required'),(1271,12,0,'2012-10-24 10:44:39',0,0,0,'Run mode : GLPI'),(1272,12,1271,'2012-10-24 10:44:39',1,0.019635,8,'Clean 8 session file(s) created since more than 180 seconds\n'),(1273,12,1271,'2012-10-24 10:44:39',2,0.020653,8,'Action completed, fully processed'),(1274,17,0,'2012-10-24 11:09:27',0,0,0,'Run mode : GLPI'),(1275,17,1274,'2012-10-24 11:09:27',2,0.0368359,0,'Action completed, no processing required'),(1276,16,0,'2012-10-24 11:16:37',0,0,0,'Run mode : GLPI'),(1277,16,1276,'2012-10-24 11:16:37',2,0.037606,0,'Action completed, no processing required'),(1278,18,0,'2012-10-24 11:32:44',0,0,0,'Run mode : GLPI'),(1279,18,1278,'2012-10-24 11:32:44',2,0.026942,0,'Action completed, no processing required'),(1280,15,0,'2012-10-25 05:38:11',0,0,0,'Run mode : GLPI'),(1281,15,1280,'2012-10-25 05:38:11',2,0.040628,0,'Action completed, no processing required'),(1282,19,0,'2012-10-26 11:00:14',0,0,0,'Run mode : GLPI'),(1283,19,1282,'2012-10-26 11:00:14',2,0.021801,0,'Action completed, fully processed'),(1284,20,0,'2012-10-26 12:27:29',0,0,0,'Run mode : GLPI'),(1285,20,1284,'2012-10-26 12:27:29',2,0.0262299,0,'Action completed, no processing required'),(1286,13,0,'2012-10-29 04:51:10',0,0,0,'Run mode : GLPI'),(1287,13,1286,'2012-10-29 04:51:10',2,0.0274141,0,'Action completed, no processing required'),(1288,9,0,'2012-10-29 06:26:37',0,0,0,'Run mode : GLPI'),(1289,9,1288,'2012-10-29 06:26:37',2,0.0269949,0,'Action completed, no processing required'),(1290,5,0,'2012-10-29 06:32:43',0,0,0,'Run mode : GLPI'),(1291,5,1290,'2012-10-29 06:32:43',2,0.0337241,0,'Action completed, no processing required'),(1292,8,0,'2012-10-29 06:40:23',0,0,0,'Run mode : GLPI'),(1293,8,1292,'2012-10-29 06:40:23',2,0.110246,210,'Action completed, fully processed'),(1294,14,0,'2012-10-29 06:53:30',0,0,0,'Run mode : GLPI'),(1295,14,1294,'2012-10-29 06:53:30',2,0.0344191,0,'Action completed, no processing required'),(1296,17,0,'2012-10-29 06:58:04',0,0,0,'Run mode : GLPI'),(1297,17,1296,'2012-10-29 06:58:04',2,0.020015,0,'Action completed, no processing required'),(1298,16,0,'2012-10-29 09:51:18',0,0,0,'Run mode : GLPI'),(1299,16,1298,'2012-10-29 09:51:18',2,0.0425608,0,'Action completed, no processing required'),(1300,6,0,'2012-10-31 07:05:29',0,0,0,'Run mode : GLPI'),(1301,6,1300,'2012-10-31 07:05:29',2,0.033586,0,'Action completed, no processing required'),(1302,12,0,'2012-10-31 07:24:53',0,0,0,'Run mode : GLPI'),(1303,12,1302,'2012-10-31 07:24:53',1,0.0251522,5,'Clean 5 session file(s) created since more than 180 seconds\n'),(1304,12,1302,'2012-10-31 07:24:53',2,0.0261431,5,'Action completed, fully processed'),(1305,18,0,'2012-10-31 13:03:28',0,0,0,'Run mode : GLPI'),(1306,18,1305,'2012-10-31 13:03:28',2,0.0247819,0,'Action completed, no processing required'),(1307,15,0,'2012-10-31 13:25:34',0,0,0,'Run mode : GLPI'),(1308,15,1307,'2012-10-31 13:25:34',2,0.029213,0,'Action completed, no processing required'),(1309,20,0,'2012-11-01 10:00:40',0,0,0,'Run mode : GLPI'),(1310,20,1309,'2012-11-01 10:00:40',2,0.0222509,0,'Action completed, no processing required'),(1311,19,0,'2012-11-01 11:02:35',0,0,0,'Run mode : GLPI'),(1312,19,1311,'2012-11-01 11:02:35',2,0.019794,0,'Action completed, fully processed'),(1313,13,0,'2012-11-01 11:08:09',0,0,0,'Run mode : GLPI'),(1314,13,1313,'2012-11-01 11:08:09',2,0.0234239,0,'Action completed, no processing required'),(1315,9,0,'2012-11-01 11:30:06',0,0,0,'Run mode : GLPI'),(1316,9,1315,'2012-11-01 11:30:06',2,0.0270269,0,'Action completed, no processing required'),(1317,17,0,'2012-11-01 12:53:41',0,0,0,'Run mode : GLPI'),(1318,17,1317,'2012-11-01 12:53:41',2,0.0192261,0,'Action completed, no processing required'),(1319,14,0,'2012-11-02 05:12:01',0,0,0,'Run mode : GLPI'),(1320,14,1319,'2012-11-02 05:12:01',2,0.0332561,0,'Action completed, no processing required'),(1321,16,0,'2012-11-05 04:12:25',0,0,0,'Run mode : GLPI'),(1322,16,1321,'2012-11-05 04:12:25',2,0.039686,0,'Action completed, no processing required'),(1323,5,0,'2012-11-05 04:29:51',0,0,0,'Run mode : GLPI'),(1324,5,1323,'2012-11-05 04:29:51',2,0.0317791,0,'Action completed, no processing required'),(1325,15,0,'2012-11-05 06:08:05',0,0,0,'Run mode : GLPI'),(1326,15,1325,'2012-11-05 06:08:05',2,0.037483,0,'Action completed, no processing required'),(1327,6,0,'2012-11-05 06:17:00',0,0,0,'Run mode : GLPI'),(1328,6,1327,'2012-11-05 06:17:00',2,0.0372641,0,'Action completed, no processing required'),(1329,12,0,'2012-11-05 06:28:28',0,0,0,'Run mode : GLPI'),(1330,12,1329,'2012-11-05 06:28:28',1,0.018966,3,'Clean 3 session file(s) created since more than 180 seconds\n'),(1331,12,1329,'2012-11-05 06:28:28',2,0.019985,3,'Action completed, fully processed'),(1332,20,0,'2012-11-05 08:45:12',0,0,0,'Run mode : GLPI'),(1333,20,1332,'2012-11-05 08:45:12',2,0.0197792,0,'Action completed, no processing required'),(1334,9,0,'2012-11-05 10:37:01',0,0,0,'Run mode : GLPI'),(1335,9,1334,'2012-11-05 10:37:01',2,0.0221121,0,'Action completed, no processing required'),(1336,13,0,'2012-11-06 04:03:04',0,0,0,'Run mode : GLPI'),(1337,13,1336,'2012-11-06 04:03:04',2,0.0259411,0,'Action completed, no processing required'),(1338,17,0,'2012-11-06 04:43:19',0,0,0,'Run mode : GLPI'),(1339,17,1338,'2012-11-06 04:43:19',2,0.0239279,0,'Action completed, no processing required'),(1340,18,0,'2012-11-06 06:17:03',0,0,0,'Run mode : GLPI'),(1341,18,1340,'2012-11-06 06:17:03',2,0.0314209,0,'Action completed, no processing required'),(1342,14,0,'2012-11-06 12:22:55',0,0,0,'Run mode : GLPI'),(1343,14,1342,'2012-11-06 12:22:55',2,0.0279012,0,'Action completed, no processing required'),(1344,19,0,'2012-11-07 03:57:32',0,0,0,'Run mode : GLPI'),(1345,19,1344,'2012-11-07 03:57:32',2,0.023612,0,'Action completed, fully processed'),(1346,8,0,'2012-11-07 04:32:51',0,0,0,'Run mode : GLPI'),(1347,8,1346,'2012-11-07 04:32:51',2,0.120503,210,'Action completed, fully processed'),(1348,20,0,'2012-11-08 04:16:11',0,0,0,'Run mode : GLPI'),(1349,20,1348,'2012-11-08 04:16:11',2,0.0219221,0,'Action completed, no processing required'),(1350,9,0,'2012-11-09 04:48:08',0,0,0,'Run mode : GLPI'),(1351,9,1350,'2012-11-09 04:48:08',2,0.023407,0,'Action completed, no processing required'),(1352,16,0,'2012-11-12 04:29:54',0,0,0,'Run mode : GLPI'),(1353,16,1352,'2012-11-12 04:29:54',2,0.0394959,0,'Action completed, no processing required'),(1354,15,0,'2012-11-12 08:24:47',0,0,0,'Run mode : GLPI'),(1355,15,1354,'2012-11-12 08:24:47',2,0.0400341,0,'Action completed, no processing required'),(1356,5,0,'2012-11-12 08:42:45',0,0,0,'Run mode : GLPI'),(1357,5,1356,'2012-11-12 08:42:45',2,0.0372999,0,'Action completed, no processing required'),(1358,17,0,'2012-11-13 03:57:57',0,0,0,'Run mode : GLPI'),(1359,17,1358,'2012-11-13 03:57:57',2,0.0266211,0,'Action completed, no processing required'),(1360,13,0,'2012-11-13 04:07:22',0,0,0,'Run mode : GLPI'),(1361,13,1360,'2012-11-13 04:07:22',2,0.0219519,0,'Action completed, no processing required'),(1362,6,0,'2012-11-13 05:16:43',0,0,0,'Run mode : GLPI'),(1363,6,1362,'2012-11-13 05:16:43',2,0.0335891,0,'Action completed, no processing required'),(1364,12,0,'2012-11-13 05:52:07',0,0,0,'Run mode : GLPI'),(1365,12,1364,'2012-11-13 05:52:07',1,0.0236769,9,'Clean 9 session file(s) created since more than 180 seconds\n'),(1366,12,1364,'2012-11-13 05:52:07',2,0.024678,9,'Action completed, fully processed'),(1367,14,0,'2012-11-13 06:22:39',0,0,0,'Run mode : GLPI'),(1368,14,1367,'2012-11-13 06:22:39',2,0.0365999,0,'Action completed, no processing required'),(1369,18,0,'2012-11-13 06:27:54',0,0,0,'Run mode : GLPI'),(1370,18,1369,'2012-11-13 06:27:54',2,0.0314841,0,'Action completed, no processing required'),(1371,19,0,'2012-11-13 10:32:32',0,0,0,'Run mode : GLPI'),(1372,19,1371,'2012-11-13 10:32:32',2,0.023546,0,'Action completed, fully processed'),(1373,20,0,'2012-11-13 10:44:01',0,0,0,'Run mode : GLPI'),(1374,20,1373,'2012-11-13 10:44:01',2,0.0246909,0,'Action completed, no processing required'),(1375,9,0,'2012-11-14 09:12:17',0,0,0,'Run mode : GLPI'),(1376,9,1375,'2012-11-14 09:12:17',2,0.0239499,0,'Action completed, no processing required'),(1377,16,0,'2012-11-15 06:12:44',0,0,0,'Run mode : GLPI'),(1378,16,1377,'2012-11-15 06:12:44',2,0.120838,0,'Action completed, no processing required'),(1379,15,0,'2012-11-16 04:15:39',0,0,0,'Run mode : GLPI'),(1380,15,1379,'2012-11-16 04:15:39',2,0.0392981,0,'Action completed, no processing required'),(1381,17,0,'2012-11-16 05:10:29',0,0,0,'Run mode : GLPI'),(1382,17,1381,'2012-11-16 05:10:29',2,0.0233488,0,'Action completed, no processing required'),(1383,13,0,'2012-11-16 06:04:50',0,0,0,'Run mode : GLPI'),(1384,13,1383,'2012-11-16 06:04:50',2,0.0250049,0,'Action completed, no processing required'),(1385,14,0,'2012-11-16 09:02:47',0,0,0,'Run mode : GLPI'),(1386,14,1385,'2012-11-16 09:02:47',2,0.0309491,0,'Action completed, no processing required'),(1387,5,0,'2012-11-16 09:14:34',0,0,0,'Run mode : GLPI'),(1388,5,1387,'2012-11-16 09:14:34',2,0.0354991,0,'Action completed, no processing required'),(1389,20,0,'2012-11-16 09:25:33',0,0,0,'Run mode : GLPI'),(1390,20,1389,'2012-11-16 09:25:33',2,0.0261009,0,'Action completed, no processing required'),(1391,8,0,'2012-11-16 10:27:20',0,0,0,'Run mode : GLPI'),(1392,8,1391,'2012-11-16 10:27:20',2,0.118687,210,'Action completed, fully processed'),(1393,6,0,'2012-11-16 11:06:34',0,0,0,'Run mode : GLPI'),(1394,6,1393,'2012-11-16 11:06:34',2,0.037111,0,'Action completed, no processing required'),(1395,12,0,'2012-11-16 11:24:34',0,0,0,'Run mode : GLPI'),(1396,12,1395,'2012-11-16 11:24:34',1,0.023421,4,'Clean 4 session file(s) created since more than 180 seconds\n'),(1397,12,1395,'2012-11-16 11:24:34',2,0.02441,4,'Action completed, fully processed'),(1398,18,0,'2012-11-19 04:24:06',0,0,0,'Run mode : GLPI'),(1399,18,1398,'2012-11-19 04:24:06',2,0.0339849,0,'Action completed, no processing required'),(1400,9,0,'2012-11-19 12:13:08',0,0,0,'Run mode : GLPI'),(1401,9,1400,'2012-11-19 12:13:08',2,0.0270569,0,'Action completed, no processing required'),(1402,19,0,'2012-11-19 12:26:17',0,0,0,'Run mode : GLPI'),(1403,19,1402,'2012-11-19 12:26:17',2,0.021867,0,'Action completed, fully processed'),(1404,16,0,'2012-11-20 04:05:00',0,0,0,'Run mode : GLPI'),(1405,16,1404,'2012-11-20 04:05:00',2,0.038116,0,'Action completed, no processing required'),(1406,17,0,'2012-11-20 06:18:09',0,0,0,'Run mode : GLPI'),(1407,17,1406,'2012-11-20 06:18:09',2,0.0245891,0,'Action completed, no processing required'),(1408,13,0,'2012-11-21 09:03:06',0,0,0,'Run mode : GLPI'),(1409,13,1408,'2012-11-21 09:03:06',2,0.023231,0,'Action completed, no processing required'),(1410,14,0,'2012-11-21 09:18:00',0,0,0,'Run mode : GLPI'),(1411,14,1410,'2012-11-21 09:18:00',2,0.0373452,0,'Action completed, no processing required'),(1412,20,0,'2012-11-21 09:23:19',0,0,0,'Run mode : GLPI'),(1413,20,1412,'2012-11-21 09:23:19',2,0.0259919,0,'Action completed, no processing required'),(1414,15,0,'2012-11-21 10:23:16',0,0,0,'Run mode : GLPI'),(1415,15,1414,'2012-11-21 10:23:16',2,0.0374579,0,'Action completed, no processing required'),(1416,5,0,'2012-11-22 04:13:37',0,0,0,'Run mode : GLPI'),(1417,5,1416,'2012-11-22 04:13:37',2,0.0333161,0,'Action completed, no processing required'),(1418,6,0,'2012-11-23 04:12:16',0,0,0,'Run mode : GLPI'),(1419,6,1418,'2012-11-23 04:12:16',2,0.0388238,0,'Action completed, no processing required'),(1420,12,0,'2012-11-23 12:59:13',0,0,0,'Run mode : GLPI'),(1421,12,1420,'2012-11-23 12:59:13',1,0.019582,5,'Clean 5 session file(s) created since more than 180 seconds\n'),(1422,12,1420,'2012-11-23 12:59:13',2,0.0206668,5,'Action completed, fully processed'),(1423,9,0,'2012-11-26 05:04:18',0,0,0,'Run mode : GLPI'),(1424,9,1423,'2012-11-26 05:04:18',2,0.0282671,0,'Action completed, no processing required'),(1425,18,0,'2012-11-26 05:48:16',0,0,0,'Run mode : GLPI'),(1426,18,1425,'2012-11-26 05:48:16',2,0.0325332,0,'Action completed, no processing required'),(1427,17,0,'2012-11-26 11:30:58',0,0,0,'Run mode : GLPI'),(1428,17,1427,'2012-11-26 11:30:58',2,0.019491,0,'Action completed, no processing required'),(1429,19,0,'2012-11-26 11:50:27',0,0,0,'Run mode : GLPI'),(1430,19,1429,'2012-11-26 11:50:27',2,0.023571,0,'Action completed, fully processed'),(1431,16,0,'2012-11-27 06:08:47',0,0,0,'Run mode : GLPI'),(1432,16,1431,'2012-11-27 06:08:47',2,0.036556,0,'Action completed, no processing required'),(1433,13,0,'2012-11-28 04:25:25',0,0,0,'Run mode : GLPI'),(1434,13,1433,'2012-11-28 04:25:25',2,0.0236661,0,'Action completed, no processing required'),(1435,14,0,'2012-11-28 08:57:13',0,0,0,'Run mode : GLPI'),(1436,14,1435,'2012-11-28 08:57:13',2,0.0336239,0,'Action completed, no processing required'),(1437,20,0,'2012-11-29 04:25:25',0,0,0,'Run mode : GLPI'),(1438,20,1437,'2012-11-29 04:25:25',2,0.02191,0,'Action completed, no processing required'),(1439,15,0,'2012-11-29 04:33:03',0,0,0,'Run mode : GLPI'),(1440,15,1439,'2012-11-29 04:33:03',2,0.036648,0,'Action completed, no processing required'),(1441,5,0,'2012-11-30 04:08:25',0,0,0,'Run mode : GLPI'),(1442,5,1441,'2012-11-30 04:08:25',2,0.0341389,0,'Action completed, no processing required'),(1443,8,0,'2012-11-30 04:15:56',0,0,0,'Run mode : GLPI'),(1444,8,1443,'2012-11-30 04:15:56',2,0.117709,210,'Action completed, fully processed'),(1445,6,0,'2012-11-30 10:34:51',0,0,0,'Run mode : GLPI'),(1446,6,1445,'2012-11-30 10:34:51',2,0.031929,0,'Action completed, no processing required'),(1447,12,0,'2012-12-03 04:31:40',0,0,0,'Run mode : GLPI'),(1448,12,1447,'2012-12-03 04:31:40',1,0.027534,8,'Clean 8 session file(s) created since more than 180 seconds\n'),(1449,12,1447,'2012-12-03 04:31:40',2,0.028543,8,'Action completed, fully processed'),(1450,9,0,'2012-12-03 05:11:15',0,0,0,'Run mode : GLPI'),(1451,9,1450,'2012-12-03 05:11:15',2,0.0258701,0,'Action completed, no processing required'),(1452,17,0,'2012-12-03 09:04:16',0,0,0,'Run mode : GLPI'),(1453,17,1452,'2012-12-03 09:04:16',2,0.02525,0,'Action completed, no processing required'),(1454,18,0,'2012-12-05 04:01:53',0,0,0,'Run mode : GLPI'),(1455,18,1454,'2012-12-05 04:01:53',2,0.025836,0,'Action completed, no processing required'),(1456,19,0,'2012-12-05 08:41:24',0,0,0,'Run mode : GLPI'),(1457,19,1456,'2012-12-05 08:41:24',2,0.019701,0,'Action completed, fully processed'),(1458,16,0,'2012-12-06 03:55:41',0,0,0,'Run mode : GLPI'),(1459,16,1458,'2012-12-06 03:55:41',2,0.0388441,0,'Action completed, no processing required'),(1460,13,0,'2012-12-06 08:39:51',0,0,0,'Run mode : GLPI'),(1461,13,1460,'2012-12-06 08:39:51',2,0.0233579,0,'Action completed, no processing required'),(1462,14,0,'2012-12-06 09:23:00',0,0,0,'Run mode : GLPI'),(1463,14,1462,'2012-12-06 09:23:00',2,0.0287468,0,'Action completed, no processing required'),(1464,20,0,'2012-12-07 04:00:00',0,0,0,'Run mode : GLPI'),(1465,20,1464,'2012-12-07 04:00:00',2,0.022085,0,'Action completed, no processing required'),(1466,15,0,'2012-12-07 06:02:56',0,0,0,'Run mode : GLPI'),(1467,15,1466,'2012-12-07 06:02:56',2,0.03773,0,'Action completed, no processing required'),(1468,5,0,'2012-12-07 08:38:15',0,0,0,'Run mode : GLPI'),(1469,5,1468,'2012-12-07 08:38:15',2,0.0293229,0,'Action completed, no processing required'),(1470,6,0,'2012-12-07 10:19:57',0,0,0,'Run mode : GLPI'),(1471,6,1470,'2012-12-07 10:19:57',2,0.027988,0,'Action completed, no processing required'),(1472,9,0,'2012-12-10 03:25:23',0,0,0,'Run mode : GLPI'),(1473,9,1472,'2012-12-10 03:25:23',2,0.0281122,0,'Action completed, no processing required'),(1474,17,0,'2012-12-11 03:54:27',0,0,0,'Run mode : GLPI'),(1475,17,1474,'2012-12-11 03:54:27',2,0.026747,0,'Action completed, no processing required'),(1476,12,0,'2012-12-11 06:48:02',0,0,0,'Run mode : GLPI'),(1477,12,1476,'2012-12-11 06:48:02',1,0.025317,5,'Clean 5 session file(s) created since more than 180 seconds\n'),(1478,12,1476,'2012-12-11 06:48:02',2,0.0263398,5,'Action completed, fully processed'),(1479,18,0,'2012-12-11 09:48:10',0,0,0,'Run mode : GLPI'),(1480,18,1479,'2012-12-11 09:48:10',2,0.0322249,0,'Action completed, no processing required'),(1481,19,0,'2012-12-11 11:29:43',0,0,0,'Run mode : GLPI'),(1482,19,1481,'2012-12-11 11:29:43',2,0.0207181,0,'Action completed, fully processed'),(1483,13,0,'2012-12-12 06:27:15',0,0,0,'Run mode : GLPI'),(1484,13,1483,'2012-12-12 06:27:15',2,0.023562,0,'Action completed, no processing required'),(1485,14,0,'2012-12-12 10:04:36',0,0,0,'Run mode : GLPI'),(1486,14,1485,'2012-12-12 10:04:36',2,0.0388379,0,'Action completed, no processing required'),(1487,16,0,'2012-12-12 10:09:40',0,0,0,'Run mode : GLPI'),(1488,16,1487,'2012-12-12 10:09:40',2,0.027797,0,'Action completed, no processing required'),(1489,8,0,'2012-12-12 10:18:03',0,0,0,'Run mode : GLPI'),(1490,8,1489,'2012-12-12 10:18:03',2,0.118499,210,'Action completed, fully processed'),(1491,20,0,'2012-12-12 11:11:12',0,0,0,'Run mode : GLPI'),(1492,20,1491,'2012-12-12 11:11:12',2,0.0212519,0,'Action completed, no processing required'),(1493,15,0,'2012-12-12 11:16:29',0,0,0,'Run mode : GLPI'),(1494,15,1493,'2012-12-12 11:16:29',2,0.029345,0,'Action completed, no processing required'),(1495,5,0,'2012-12-12 11:34:32',0,0,0,'Run mode : GLPI'),(1496,5,1495,'2012-12-12 11:34:32',2,0.0316448,0,'Action completed, no processing required'),(1497,6,0,'2012-12-13 05:18:37',0,0,0,'Run mode : GLPI'),(1498,6,1497,'2012-12-13 05:18:37',2,0.031882,0,'Action completed, no processing required'),(1499,9,0,'2012-12-14 04:19:20',0,0,0,'Run mode : GLPI'),(1500,9,1499,'2012-12-14 04:19:20',2,0.0250089,0,'Action completed, no processing required'),(1501,17,0,'2012-12-14 12:17:08',0,0,0,'Run mode : GLPI'),(1502,17,1501,'2012-12-14 12:17:08',2,0.0194571,0,'Action completed, no processing required'),(1503,12,0,'2012-12-17 03:48:23',0,0,0,'Run mode : GLPI'),(1504,12,1503,'2012-12-17 03:48:23',1,0.0274501,4,'Clean 4 session file(s) created since more than 180 seconds\n'),(1505,12,1503,'2012-12-17 03:48:23',2,0.028461,4,'Action completed, fully processed'),(1506,13,0,'2012-12-17 10:51:26',0,0,0,'Run mode : GLPI'),(1507,13,1506,'2012-12-17 10:51:26',2,0.028496,0,'Action completed, no processing required'),(1508,18,0,'2012-12-17 10:55:17',0,0,0,'Run mode : GLPI'),(1509,18,1508,'2012-12-17 10:55:17',2,0.03198,0,'Action completed, no processing required'),(1510,14,0,'2012-12-17 10:59:56',0,0,0,'Run mode : GLPI'),(1511,14,1510,'2012-12-17 10:59:56',2,0.03392,0,'Action completed, no processing required'),(1512,19,0,'2012-12-17 11:05:00',0,0,0,'Run mode : GLPI'),(1513,19,1512,'2012-12-17 11:05:00',2,0.0201159,0,'Action completed, fully processed'),(1514,20,0,'2012-12-17 11:07:24',0,0,0,'Run mode : GLPI'),(1515,20,1514,'2012-12-17 11:07:24',2,0.019511,0,'Action completed, no processing required'),(1516,16,0,'2012-12-17 11:12:07',0,0,0,'Run mode : GLPI'),(1517,16,1516,'2012-12-17 11:12:07',2,0.0284519,0,'Action completed, no processing required'),(1518,15,0,'2012-12-17 11:20:01',0,0,0,'Run mode : GLPI'),(1519,15,1518,'2012-12-17 11:20:01',2,0.038353,0,'Action completed, no processing required'),(1520,5,0,'2012-12-17 11:20:14',0,0,0,'Run mode : GLPI'),(1521,5,1520,'2012-12-17 11:20:14',2,0.0283489,0,'Action completed, no processing required'),(1522,9,0,'2012-12-17 12:15:17',0,0,0,'Run mode : GLPI'),(1523,9,1522,'2012-12-17 12:15:17',2,0.021081,0,'Action completed, no processing required'),(1524,6,0,'2012-12-17 12:16:04',0,0,0,'Run mode : GLPI'),(1525,6,1524,'2012-12-17 12:16:04',2,0.0296519,0,'Action completed, no processing required'),(1526,17,0,'2012-12-17 12:24:51',0,0,0,'Run mode : GLPI'),(1527,17,1526,'2012-12-17 12:24:51',2,0.025367,0,'Action completed, no processing required'),(1528,13,0,'2012-12-17 12:30:08',0,0,0,'Run mode : GLPI'),(1529,13,1528,'2012-12-17 12:30:08',2,0.019794,0,'Action completed, no processing required'),(1530,14,0,'2012-12-18 03:51:56',0,0,0,'Run mode : GLPI'),(1531,14,1530,'2012-12-18 03:51:56',2,0.0321901,0,'Action completed, no processing required'),(1532,20,0,'2012-12-18 05:05:18',0,0,0,'Run mode : GLPI'),(1533,20,1532,'2012-12-18 05:05:18',2,0.0200162,0,'Action completed, no processing required'),(1534,9,0,'2012-12-18 05:27:41',0,0,0,'Run mode : GLPI'),(1535,9,1534,'2012-12-18 05:27:41',2,0.0216901,0,'Action completed, no processing required'),(1536,17,0,'2012-12-18 05:37:46',0,0,0,'Run mode : GLPI'),(1537,17,1536,'2012-12-18 05:37:46',2,0.0189998,0,'Action completed, no processing required'),(1538,13,0,'2012-12-18 09:17:32',0,0,0,'Run mode : GLPI'),(1539,13,1538,'2012-12-18 09:17:32',2,0.0191789,0,'Action completed, no processing required'),(1540,16,0,'2012-12-19 04:06:46',0,0,0,'Run mode : GLPI'),(1541,16,1540,'2012-12-19 04:06:46',2,0.030175,0,'Action completed, no processing required'),(1542,15,0,'2012-12-19 05:52:43',0,0,0,'Run mode : GLPI'),(1543,15,1542,'2012-12-19 05:52:43',2,0.029213,0,'Action completed, no processing required'),(1544,12,0,'2012-12-19 06:54:51',0,0,0,'Run mode : GLPI'),(1545,12,1544,'2012-12-19 06:54:51',1,0.0273669,3,'Clean 3 session file(s) created since more than 180 seconds\n'),(1546,12,1544,'2012-12-19 06:54:51',2,0.028384,3,'Action completed, fully processed'),(1547,14,0,'2012-12-19 09:18:25',0,0,0,'Run mode : GLPI'),(1548,14,1547,'2012-12-19 09:18:25',2,0.030858,0,'Action completed, no processing required'),(1549,9,0,'2012-12-19 09:25:25',0,0,0,'Run mode : GLPI'),(1550,9,1549,'2012-12-19 09:25:25',2,0.0274432,0,'Action completed, no processing required'),(1551,17,0,'2012-12-20 04:05:15',0,0,0,'Run mode : GLPI'),(1552,17,1551,'2012-12-20 04:05:15',2,0.0203779,0,'Action completed, no processing required'),(1553,20,0,'2012-12-20 04:22:20',0,0,0,'Run mode : GLPI'),(1554,20,1553,'2012-12-20 04:22:20',2,0.020016,0,'Action completed, no processing required'),(1555,13,0,'2012-12-21 04:21:39',0,0,0,'Run mode : GLPI'),(1556,13,1555,'2012-12-21 04:21:39',2,0.0214901,0,'Action completed, no processing required'),(1557,18,0,'2012-12-21 05:34:50',0,0,0,'Run mode : GLPI'),(1558,18,1557,'2012-12-21 05:34:50',2,0.0246689,0,'Action completed, no processing required'),(1559,19,0,'2012-12-24 04:00:35',0,0,0,'Run mode : GLPI'),(1560,19,1559,'2012-12-24 04:00:35',2,0.056535,0,'Action completed, fully processed'),(1561,5,0,'2012-12-24 10:26:09',0,0,0,'Run mode : GLPI'),(1562,5,1561,'2012-12-24 10:26:09',2,0.0396872,0,'Action completed, no processing required'),(1563,6,0,'2012-12-26 03:57:12',0,0,0,'Run mode : GLPI'),(1564,6,1563,'2012-12-26 03:57:12',2,0.038723,0,'Action completed, no processing required'),(1565,9,0,'2012-12-26 04:05:15',0,0,0,'Run mode : GLPI'),(1566,9,1565,'2012-12-26 04:05:15',2,0.0265291,0,'Action completed, no processing required'),(1567,8,0,'2012-12-26 04:39:29',0,0,0,'Run mode : GLPI'),(1568,8,1567,'2012-12-26 04:39:29',2,0.128781,210,'Action completed, fully processed'),(1569,14,0,'2012-12-26 09:23:11',0,0,0,'Run mode : GLPI'),(1570,14,1569,'2012-12-26 09:23:11',2,0.037591,0,'Action completed, no processing required'),(1571,16,0,'2012-12-26 11:05:34',0,0,0,'Run mode : GLPI'),(1572,16,1571,'2012-12-26 11:05:34',2,0.038269,0,'Action completed, no processing required'),(1573,15,0,'2012-12-26 11:55:35',0,0,0,'Run mode : GLPI'),(1574,15,1573,'2012-12-26 11:55:35',2,0.037668,0,'Action completed, no processing required'),(1575,17,0,'2012-12-27 03:58:58',0,0,0,'Run mode : GLPI'),(1576,17,1575,'2012-12-27 03:58:58',2,0.0216751,0,'Action completed, no processing required'),(1577,20,0,'2012-12-27 05:34:21',0,0,0,'Run mode : GLPI'),(1578,20,1577,'2012-12-27 05:34:21',2,0.02514,0,'Action completed, no processing required'),(1579,12,0,'2012-12-27 05:44:07',0,0,0,'Run mode : GLPI'),(1580,12,1579,'2012-12-27 05:44:07',1,0.0248499,5,'Clean 5 session file(s) created since more than 180 seconds\n'),(1581,12,1579,'2012-12-27 05:44:07',2,0.025852,5,'Action completed, fully processed'),(1582,13,0,'2012-12-27 05:52:28',0,0,0,'Run mode : GLPI'),(1583,13,1582,'2012-12-27 05:52:28',2,0.025243,0,'Action completed, no processing required'),(1584,18,0,'2012-12-27 06:04:08',0,0,0,'Run mode : GLPI'),(1585,18,1584,'2012-12-27 06:04:08',2,0.0240412,0,'Action completed, no processing required'),(1586,19,0,'2012-12-27 09:36:53',0,0,0,'Run mode : GLPI'),(1587,19,1586,'2012-12-27 09:36:53',2,0.0237601,0,'Action completed, fully processed'),(1588,5,0,'2012-12-28 04:00:28',0,0,0,'Run mode : GLPI'),(1589,5,1588,'2012-12-28 04:00:28',2,0.0353601,0,'Action completed, no processing required'),(1590,9,0,'2012-12-28 10:01:53',0,0,0,'Run mode : GLPI'),(1591,9,1590,'2012-12-28 10:01:53',2,0.0284011,0,'Action completed, no processing required'),(1592,14,0,'2012-12-28 10:04:35',0,0,0,'Run mode : GLPI'),(1593,14,1592,'2012-12-28 10:04:35',2,0.034894,0,'Action completed, no processing required'),(1594,16,0,'2012-12-28 10:57:12',0,0,0,'Run mode : GLPI'),(1595,16,1594,'2012-12-28 10:57:12',2,0.0364981,0,'Action completed, no processing required'),(1596,15,0,'2012-12-28 12:13:11',0,0,0,'Run mode : GLPI'),(1597,15,1596,'2012-12-28 12:13:11',2,0.030247,0,'Action completed, no processing required'),(1598,6,0,'2013-01-02 05:13:38',0,0,0,'Run mode : GLPI'),(1599,6,1598,'2013-01-02 05:13:38',2,0.038904,0,'Action completed, no processing required'),(1600,17,0,'2013-01-02 05:19:35',0,0,0,'Run mode : GLPI'),(1601,17,1600,'2013-01-02 05:19:35',2,0.0206521,0,'Action completed, no processing required'),(1602,20,0,'2013-01-02 06:39:06',0,0,0,'Run mode : GLPI'),(1603,20,1602,'2013-01-02 06:39:06',2,0.0262282,0,'Action completed, no processing required'),(1604,13,0,'2013-01-02 07:10:31',0,0,0,'Run mode : GLPI'),(1605,13,1604,'2013-01-02 07:10:31',2,0.0217948,0,'Action completed, no processing required'),(1606,12,0,'2013-01-02 09:30:29',0,0,0,'Run mode : GLPI'),(1607,12,1606,'2013-01-02 09:30:29',1,0.022052,5,'Clean 5 session file(s) created since more than 180 seconds\n'),(1608,12,1606,'2013-01-02 09:30:29',2,0.023093,5,'Action completed, fully processed'),(1609,18,0,'2013-01-02 09:40:37',0,0,0,'Run mode : GLPI'),(1610,18,1609,'2013-01-02 09:40:37',2,0.0239909,0,'Action completed, no processing required'),(1611,19,0,'2013-01-02 10:57:17',0,0,0,'Run mode : GLPI'),(1612,19,1611,'2013-01-02 10:57:17',2,0.0212111,0,'Action completed, fully processed'),(1613,9,0,'2013-01-02 11:41:47',0,0,0,'Run mode : GLPI'),(1614,9,1613,'2013-01-02 11:41:47',2,0.021064,0,'Action completed, no processing required'),(1615,14,0,'2013-01-03 09:49:19',0,0,0,'Run mode : GLPI'),(1616,14,1615,'2013-01-03 09:49:19',2,0.031527,0,'Action completed, no processing required'),(1617,16,0,'2013-01-03 10:01:29',0,0,0,'Run mode : GLPI'),(1618,16,1617,'2013-01-03 10:01:29',2,0.0290771,0,'Action completed, no processing required'),(1619,15,0,'2013-01-03 11:14:24',0,0,0,'Run mode : GLPI'),(1620,15,1619,'2013-01-03 11:14:24',2,0.0303171,0,'Action completed, no processing required'),(1621,5,0,'2013-01-14 04:34:47',0,0,0,'Run mode : GLPI'),(1622,5,1621,'2013-01-14 04:34:47',2,0.041604,0,'Action completed, no processing required'),(1623,8,0,'2013-01-14 04:41:33',0,0,0,'Run mode : GLPI'),(1624,8,1623,'2013-01-14 04:41:33',2,0.159137,210,'Action completed, fully processed'),(1625,17,0,'2013-01-14 04:54:29',0,0,0,'Run mode : GLPI'),(1626,17,1625,'2013-01-14 04:54:29',2,0.020294,0,'Action completed, no processing required'),(1627,20,0,'2013-01-14 05:15:23',0,0,0,'Run mode : GLPI'),(1628,20,1627,'2013-01-14 05:15:23',2,0.022939,0,'Action completed, no processing required'),(1629,13,0,'2013-01-14 05:40:03',0,0,0,'Run mode : GLPI'),(1630,13,1629,'2013-01-14 05:40:03',2,0.0250089,0,'Action completed, no processing required'),(1631,9,0,'2013-01-14 05:48:10',0,0,0,'Run mode : GLPI'),(1632,9,1631,'2013-01-14 05:48:10',2,0.0208659,0,'Action completed, no processing required'),(1633,6,0,'2013-01-14 05:53:36',0,0,0,'Run mode : GLPI'),(1634,6,1633,'2013-01-14 05:53:36',2,0.037262,0,'Action completed, no processing required'),(1635,12,0,'2013-01-14 05:59:34',0,0,0,'Run mode : GLPI'),(1636,12,1635,'2013-01-14 05:59:34',1,0.034853,2,'Clean 2 session file(s) created since more than 180 seconds\n'),(1637,12,1635,'2013-01-14 05:59:34',2,0.035893,2,'Action completed, fully processed'),(1638,18,0,'2013-01-14 09:05:55',0,0,0,'Run mode : GLPI'),(1639,18,1638,'2013-01-14 09:05:55',2,0.0250568,0,'Action completed, no processing required'),(1640,14,0,'2013-01-14 09:11:07',0,0,0,'Run mode : GLPI'),(1641,14,1640,'2013-01-14 09:11:07',2,0.034456,0,'Action completed, no processing required'),(1642,19,0,'2013-01-14 09:19:18',0,0,0,'Run mode : GLPI'),(1643,19,1642,'2013-01-14 09:19:18',2,0.0206218,0,'Action completed, fully processed'),(1644,16,0,'2013-01-16 09:21:00',0,0,0,'Run mode : GLPI'),(1645,16,1644,'2013-01-16 09:21:00',2,0.0390592,0,'Action completed, no processing required'),(1646,15,0,'2013-01-18 10:34:11',0,0,0,'Run mode : GLPI'),(1647,15,1646,'2013-01-18 10:34:11',2,0.039278,0,'Action completed, no processing required'),(1648,17,0,'2013-01-18 11:01:58',0,0,0,'Run mode : GLPI'),(1649,17,1648,'2013-01-18 11:01:58',2,0.020843,0,'Action completed, no processing required'),(1650,9,0,'2013-01-18 11:07:34',0,0,0,'Run mode : GLPI'),(1651,9,1650,'2013-01-18 11:07:34',2,0.0347018,0,'Action completed, no processing required'),(1652,20,0,'2013-01-23 10:41:39',0,0,0,'Run mode : GLPI'),(1653,20,1652,'2013-01-23 10:41:39',2,0.02736,0,'Action completed, no processing required'),(1654,13,0,'2013-01-23 10:49:46',0,0,0,'Run mode : GLPI'),(1655,13,1654,'2013-01-23 10:49:46',2,0.020757,0,'Action completed, no processing required'),(1656,14,0,'2013-01-24 10:01:53',0,0,0,'Run mode : GLPI'),(1657,14,1656,'2013-01-24 10:01:53',2,0.031898,0,'Action completed, no processing required'),(1658,5,0,'2013-01-24 11:01:44',0,0,0,'Run mode : GLPI'),(1659,5,1658,'2013-01-24 11:01:44',2,0.030561,0,'Action completed, no processing required'),(1660,6,0,'2013-01-25 05:46:27',0,0,0,'Run mode : GLPI'),(1661,6,1660,'2013-01-25 05:46:27',2,0.0388091,0,'Action completed, no processing required'),(1662,12,0,'2013-02-01 09:20:04',0,0,0,'Run mode : GLPI'),(1663,12,1662,'2013-02-01 09:20:04',1,0.0280142,7,'Clean 7 session file(s) created since more than 180 seconds\n'),(1664,12,1662,'2013-02-01 09:20:04',2,0.029022,7,'Action completed, fully processed'),(1665,18,0,'2013-02-01 09:38:22',0,0,0,'Run mode : GLPI'),(1666,18,1665,'2013-02-01 09:38:22',2,0.0322111,0,'Action completed, no processing required'),(1667,19,0,'2013-02-01 09:44:02',0,0,0,'Run mode : GLPI'),(1668,19,1667,'2013-02-01 09:44:02',2,0.0201561,0,'Action completed, fully processed'),(1669,16,0,'2013-02-01 10:02:32',0,0,0,'Run mode : GLPI'),(1670,16,1669,'2013-02-01 10:02:32',2,0.0365851,0,'Action completed, no processing required'),(1671,17,0,'2013-02-04 05:08:45',0,0,0,'Run mode : GLPI'),(1672,17,1671,'2013-02-04 05:08:45',2,0.025357,0,'Action completed, no processing required'),(1673,9,0,'2013-02-04 05:17:19',0,0,0,'Run mode : GLPI'),(1674,9,1673,'2013-02-04 05:17:19',2,0.025723,0,'Action completed, no processing required'),(1675,15,0,'2013-02-06 10:05:02',0,0,0,'Run mode : GLPI'),(1676,15,1675,'2013-02-06 10:05:02',2,0.0395029,0,'Action completed, no processing required'),(1677,8,0,'2013-02-20 05:49:57',0,0,0,'Run mode : GLPI'),(1678,8,1677,'2013-02-20 05:49:57',2,0.148247,210,'Action completed, fully processed'),(1679,20,0,'2013-02-20 11:15:56',0,0,0,'Run mode : GLPI'),(1680,20,1679,'2013-02-20 11:15:56',2,0.0312119,0,'Action completed, no processing required'),(1681,13,0,'2013-02-20 12:49:32',0,0,0,'Run mode : GLPI'),(1682,13,1681,'2013-02-20 12:49:32',2,0.0333939,0,'Action completed, no processing required'),(1683,14,0,'2013-02-22 06:11:17',0,0,0,'Run mode : GLPI'),(1684,14,1683,'2013-02-22 06:11:17',2,0.0395029,0,'Action completed, no processing required'),(1685,5,0,'2013-02-22 09:17:59',0,0,0,'Run mode : GLPI'),(1686,5,1685,'2013-02-22 09:17:59',2,0.0402639,0,'Action completed, no processing required'),(1687,6,0,'2013-02-22 09:23:02',0,0,0,'Run mode : GLPI'),(1688,6,1687,'2013-02-22 09:23:02',2,0.029505,0,'Action completed, no processing required'),(1689,16,0,'2013-02-22 09:30:15',0,0,0,'Run mode : GLPI'),(1690,16,1689,'2013-02-22 09:30:15',2,0.0376761,0,'Action completed, no processing required'),(1691,12,0,'2013-02-22 09:35:19',0,0,0,'Run mode : GLPI'),(1692,12,1691,'2013-02-22 09:35:19',1,0.0373931,1,'Clean 1 session file(s) created since more than 180 seconds\n'),(1693,12,1691,'2013-02-22 09:35:19',2,0.0383642,1,'Action completed, fully processed'),(1694,18,0,'2013-02-22 09:47:25',0,0,0,'Run mode : GLPI'),(1695,18,1694,'2013-02-22 09:47:25',2,0.026408,0,'Action completed, no processing required'),(1696,19,0,'2013-02-22 09:52:28',0,0,0,'Run mode : GLPI'),(1697,19,1696,'2013-02-22 09:52:28',2,0.0268581,0,'Action completed, fully processed'),(1698,17,0,'2013-02-22 09:57:39',0,0,0,'Run mode : GLPI'),(1699,17,1698,'2013-02-22 09:57:39',2,0.021008,0,'Action completed, no processing required'),(1700,9,0,'2013-02-22 10:00:58',0,0,0,'Run mode : GLPI'),(1701,9,1700,'2013-02-22 10:00:58',2,0.0247431,0,'Action completed, no processing required'),(1702,15,0,'2013-02-22 10:07:26',0,0,0,'Run mode : GLPI'),(1703,15,1702,'2013-02-22 10:07:26',2,0.0301909,0,'Action completed, no processing required'),(1704,20,0,'2013-02-22 10:13:22',0,0,0,'Run mode : GLPI'),(1705,20,1704,'2013-02-22 10:13:22',2,0.0194249,0,'Action completed, no processing required'),(1706,13,0,'2013-02-22 10:18:28',0,0,0,'Run mode : GLPI'),(1707,13,1706,'2013-02-22 10:18:28',2,0.0197442,0,'Action completed, no processing required'),(1708,14,0,'2013-02-22 10:27:21',0,0,0,'Run mode : GLPI'),(1709,14,1708,'2013-02-22 10:27:21',2,0.0351491,0,'Action completed, no processing required'),(1710,17,0,'2013-02-22 10:28:03',0,0,0,'Run mode : GLPI'),(1711,17,1710,'2013-02-22 10:28:03',2,0.0256312,0,'Action completed, no processing required'),(1712,9,0,'2013-02-25 05:36:43',0,0,0,'Run mode : GLPI'),(1713,9,1712,'2013-02-25 05:36:43',2,0.028553,0,'Action completed, no processing required'),(1714,17,0,'2013-02-25 05:42:25',0,0,0,'Run mode : GLPI'),(1715,17,1714,'2013-02-25 05:42:25',2,0.0199158,0,'Action completed, no processing required'),(1716,20,0,'2013-02-25 06:07:27',0,0,0,'Run mode : GLPI'),(1717,20,1716,'2013-02-25 06:07:27',2,0.019932,0,'Action completed, no processing required'),(1718,13,0,'2013-02-25 12:03:42',0,0,0,'Run mode : GLPI'),(1719,13,1718,'2013-02-25 12:03:42',2,0.021287,0,'Action completed, no processing required'),(1720,14,0,'2013-02-25 12:09:25',0,0,0,'Run mode : GLPI'),(1721,14,1720,'2013-02-25 12:09:25',2,0.029624,0,'Action completed, no processing required'),(1722,16,0,'2013-02-25 12:14:35',0,0,0,'Run mode : GLPI'),(1723,16,1722,'2013-02-25 12:14:35',2,0.0339689,0,'Action completed, no processing required'),(1724,15,0,'2013-02-25 12:24:51',0,0,0,'Run mode : GLPI'),(1725,15,1724,'2013-02-25 12:24:51',2,0.036926,0,'Action completed, no processing required'),(1726,5,0,'2013-02-25 12:32:36',0,0,0,'Run mode : GLPI'),(1727,5,1726,'2013-02-25 12:32:36',2,0.0284588,0,'Action completed, no processing required'),(1728,6,0,'2013-02-26 05:24:23',0,0,0,'Run mode : GLPI'),(1729,6,1728,'2013-02-26 05:24:23',2,0.038836,0,'Action completed, no processing required'),(1730,12,0,'2013-02-26 06:15:47',0,0,0,'Run mode : GLPI'),(1731,12,1730,'2013-02-26 06:15:47',1,0.0207841,3,'Clean 3 session file(s) created since more than 180 seconds\n'),(1732,12,1730,'2013-02-26 06:15:47',2,0.02174,3,'Action completed, fully processed'),(1733,18,0,'2013-02-27 04:50:58',0,0,0,'Run mode : GLPI'),(1734,18,1733,'2013-02-27 04:50:58',2,0.033005,0,'Action completed, no processing required'),(1735,19,0,'2013-02-27 11:32:29',0,0,0,'Run mode : GLPI'),(1736,19,1735,'2013-02-27 11:32:29',2,0.021862,0,'Action completed, fully processed'),(1737,9,0,'2013-02-27 11:42:45',0,0,0,'Run mode : GLPI'),(1738,9,1737,'2013-02-27 11:42:45',2,0.0208399,0,'Action completed, no processing required'),(1739,17,0,'2013-02-27 11:47:55',0,0,0,'Run mode : GLPI'),(1740,17,1739,'2013-02-27 11:47:55',2,0.025131,0,'Action completed, no processing required'),(1741,20,0,'2013-02-28 04:50:42',0,0,0,'Run mode : GLPI'),(1742,20,1741,'2013-02-28 04:50:42',2,0.0212638,0,'Action completed, no processing required'),(1743,13,0,'2013-02-28 04:59:17',0,0,0,'Run mode : GLPI'),(1744,13,1743,'2013-02-28 04:59:17',2,0.0323861,0,'Action completed, no processing required'),(1745,14,0,'2013-02-28 05:23:50',0,0,0,'Run mode : GLPI'),(1746,14,1745,'2013-02-28 05:23:50',2,0.0338352,0,'Action completed, no processing required'),(1747,16,0,'2013-02-28 05:30:45',0,0,0,'Run mode : GLPI'),(1748,16,1747,'2013-02-28 05:30:45',2,0.0290189,0,'Action completed, no processing required'),(1749,15,0,'2013-02-28 05:44:04',0,0,0,'Run mode : GLPI'),(1750,15,1749,'2013-02-28 05:44:04',2,0.0366509,0,'Action completed, no processing required'),(1751,5,0,'2013-02-28 05:53:13',0,0,0,'Run mode : GLPI'),(1752,5,1751,'2013-02-28 05:53:13',2,0.0285881,0,'Action completed, no processing required'),(1753,6,0,'2013-02-28 06:04:54',0,0,0,'Run mode : GLPI'),(1754,6,1753,'2013-02-28 06:04:54',2,0.0293798,0,'Action completed, no processing required'),(1755,8,0,'2013-02-28 06:12:34',0,0,0,'Run mode : GLPI'),(1756,8,1755,'2013-02-28 06:12:34',2,0.138963,210,'Action completed, fully processed'),(1757,12,0,'2013-02-28 06:18:59',0,0,0,'Run mode : GLPI'),(1758,12,1757,'2013-02-28 06:18:59',1,0.0321891,3,'Clean 3 session file(s) created since more than 180 seconds\n'),(1759,12,1757,'2013-02-28 06:18:59',2,0.033169,3,'Action completed, fully processed'),(1760,9,0,'2013-02-28 06:26:25',0,0,0,'Run mode : GLPI'),(1761,9,1760,'2013-02-28 06:26:25',2,0.020385,0,'Action completed, no processing required'),(1762,17,0,'2013-02-28 10:37:53',0,0,0,'Run mode : GLPI'),(1763,17,1762,'2013-02-28 10:37:53',2,0.021168,0,'Action completed, no processing required'),(1764,18,0,'2013-02-28 10:38:07',0,0,0,'Run mode : GLPI'),(1765,18,1764,'2013-02-28 10:38:07',2,0.03195,0,'Action completed, no processing required'),(1766,20,0,'2013-02-28 10:51:20',0,0,0,'Run mode : GLPI'),(1767,20,1766,'2013-02-28 10:51:20',2,0.0195041,0,'Action completed, no processing required'),(1768,13,0,'2013-02-28 10:57:02',0,0,0,'Run mode : GLPI'),(1769,13,1768,'2013-02-28 10:57:02',2,0.019676,0,'Action completed, no processing required'),(1770,14,0,'2013-03-01 13:40:46',0,0,0,'Run mode : GLPI'),(1771,14,1770,'2013-03-01 13:40:46',2,0.040653,0,'Action completed, no processing required'),(1772,9,0,'2013-03-04 05:02:50',0,0,0,'Run mode : GLPI'),(1773,9,1772,'2013-03-04 05:02:50',2,0.02863,0,'Action completed, no processing required'),(1774,17,0,'2013-03-04 05:08:46',0,0,0,'Run mode : GLPI'),(1775,17,1774,'2013-03-04 05:08:46',2,0.0225449,0,'Action completed, no processing required'),(1776,19,0,'2013-03-04 05:21:24',0,0,0,'Run mode : GLPI'),(1777,19,1776,'2013-03-04 05:21:24',2,0.0204461,0,'Action completed, fully processed'),(1778,20,0,'2013-03-04 05:30:01',0,0,0,'Run mode : GLPI'),(1779,20,1778,'2013-03-04 05:30:01',2,0.025291,0,'Action completed, no processing required'),(1780,13,0,'2013-03-04 05:35:04',0,0,0,'Run mode : GLPI'),(1781,13,1780,'2013-03-04 05:35:04',2,0.021904,0,'Action completed, no processing required'),(1782,16,0,'2013-03-04 05:40:11',0,0,0,'Run mode : GLPI'),(1783,16,1782,'2013-03-04 05:40:11',2,0.0275669,0,'Action completed, no processing required'),(1784,15,0,'2013-03-04 05:45:25',0,0,0,'Run mode : GLPI'),(1785,15,1784,'2013-03-04 05:45:25',2,0.0375369,0,'Action completed, no processing required'),(1786,5,0,'2013-03-04 05:50:36',0,0,0,'Run mode : GLPI'),(1787,5,1786,'2013-03-04 05:50:36',2,0.0281858,0,'Action completed, no processing required'),(1788,6,0,'2013-03-04 05:57:02',0,0,0,'Run mode : GLPI'),(1789,6,1788,'2013-03-04 05:57:02',2,0.0331681,0,'Action completed, no processing required'),(1790,12,0,'2013-03-04 08:43:06',0,0,0,'Run mode : GLPI'),(1791,12,1790,'2013-03-04 08:43:06',1,0.0196879,1,'Clean 1 session file(s) created since more than 180 seconds\n'),(1792,12,1790,'2013-03-04 08:43:06',2,0.020704,1,'Action completed, fully processed'),(1793,18,0,'2013-03-04 08:59:39',0,0,0,'Run mode : GLPI'),(1794,18,1793,'2013-03-04 08:59:39',2,0.0361669,0,'Action completed, no processing required'),(1795,14,0,'2013-03-04 10:38:55',0,0,0,'Run mode : GLPI'),(1796,14,1795,'2013-03-04 10:38:55',2,0.0292459,0,'Action completed, no processing required'),(1797,9,0,'2013-03-04 10:40:58',0,0,0,'Run mode : GLPI'),(1798,9,1797,'2013-03-04 10:40:58',2,0.021322,0,'Action completed, no processing required'),(1799,17,0,'2013-03-04 10:58:31',0,0,0,'Run mode : GLPI'),(1800,17,1799,'2013-03-04 10:58:31',2,0.02547,0,'Action completed, no processing required'),(1801,20,0,'2013-03-04 11:08:42',0,0,0,'Run mode : GLPI'),(1802,20,1801,'2013-03-04 11:08:42',2,0.026181,0,'Action completed, no processing required'),(1803,13,0,'2013-03-04 11:16:16',0,0,0,'Run mode : GLPI'),(1804,13,1803,'2013-03-04 11:16:16',2,0.020246,0,'Action completed, no processing required'),(1805,9,0,'2013-03-04 12:08:20',0,0,0,'Run mode : GLPI'),(1806,9,1805,'2013-03-04 12:08:20',2,0.0217121,0,'Action completed, no processing required'),(1807,17,0,'2013-03-04 12:29:12',0,0,0,'Run mode : GLPI'),(1808,17,1807,'2013-03-04 12:29:12',2,0.025305,0,'Action completed, no processing required'),(1809,14,0,'2013-03-04 13:20:33',0,0,0,'Run mode : GLPI'),(1810,14,1809,'2013-03-04 13:20:33',2,0.038244,0,'Action completed, no processing required'),(1811,20,0,'2013-03-04 13:39:29',0,0,0,'Run mode : GLPI'),(1812,20,1811,'2013-03-04 13:39:29',2,0.0232999,0,'Action completed, no processing required'),(1813,13,0,'2013-03-05 05:07:12',0,0,0,'Run mode : GLPI'),(1814,13,1813,'2013-03-05 05:07:12',2,0.0218341,0,'Action completed, no processing required'),(1815,9,0,'2013-03-05 05:27:13',0,0,0,'Run mode : GLPI'),(1816,9,1815,'2013-03-05 05:27:13',2,0.02544,0,'Action completed, no processing required'),(1817,17,0,'2013-03-05 05:32:38',0,0,0,'Run mode : GLPI'),(1818,17,1817,'2013-03-05 05:32:38',2,0.0216241,0,'Action completed, no processing required'),(1819,14,0,'2013-03-05 05:40:20',0,0,0,'Run mode : GLPI'),(1820,14,1819,'2013-03-05 05:40:20',2,0.035284,0,'Action completed, no processing required'),(1821,20,0,'2013-03-05 05:45:32',0,0,0,'Run mode : GLPI'),(1822,20,1821,'2013-03-05 05:45:32',2,0.0372851,0,'Action completed, no processing required'),(1823,16,0,'2013-03-05 06:03:46',0,0,0,'Run mode : GLPI'),(1824,16,1823,'2013-03-05 06:03:46',2,0.037472,0,'Action completed, no processing required'),(1825,15,0,'2013-03-05 06:08:48',0,0,0,'Run mode : GLPI'),(1826,15,1825,'2013-03-05 06:08:48',2,0.038347,0,'Action completed, no processing required'),(1827,19,0,'2013-03-05 06:32:42',0,0,0,'Run mode : GLPI'),(1828,19,1827,'2013-03-05 06:32:42',2,0.0243862,0,'Action completed, fully processed'),(1829,9,0,'2013-03-05 08:39:14',0,0,0,'Run mode : GLPI'),(1830,9,1829,'2013-03-05 08:39:14',2,0.0322549,0,'Action completed, no processing required'),(1831,17,0,'2013-03-05 09:49:03',0,0,0,'Run mode : GLPI'),(1832,17,1831,'2013-03-05 09:49:03',2,0.0302861,0,'Action completed, no processing required'),(1833,5,0,'2013-03-05 10:19:30',0,0,0,'Run mode : GLPI'),(1834,5,1833,'2013-03-05 10:19:30',2,0.0418451,0,'Action completed, no processing required'),(1835,6,0,'2013-03-05 10:25:43',0,0,0,'Run mode : GLPI'),(1836,6,1835,'2013-03-05 10:25:43',2,0.040849,0,'Action completed, no processing required'),(1837,13,0,'2013-03-05 10:30:44',0,0,0,'Run mode : GLPI'),(1838,13,1837,'2013-03-05 10:30:44',2,0.0299461,0,'Action completed, no processing required'),(1839,14,0,'2013-03-05 10:31:28',0,0,0,'Run mode : GLPI'),(1840,14,1839,'2013-03-05 10:31:28',2,0.0422342,0,'Action completed, no processing required'),(1841,20,0,'2013-03-05 10:36:32',0,0,0,'Run mode : GLPI'),(1842,20,1841,'2013-03-05 10:36:32',2,0.0395119,0,'Action completed, no processing required'),(1843,12,0,'2013-03-05 10:41:44',0,0,0,'Run mode : GLPI'),(1844,12,1843,'2013-03-05 10:41:44',1,0.0276339,1,'Clean 1 session file(s) created since more than 180 seconds\n'),(1845,12,1843,'2013-03-05 10:41:44',2,0.0286498,1,'Action completed, fully processed'),(1846,9,0,'2013-03-05 10:53:17',0,0,0,'Run mode : GLPI'),(1847,9,1846,'2013-03-05 10:53:17',2,0.0317571,0,'Action completed, no processing required'),(1848,18,0,'2013-03-05 11:08:30',0,0,0,'Run mode : GLPI'),(1849,18,1848,'2013-03-05 11:08:30',2,0.0369959,0,'Action completed, no processing required'),(1850,17,0,'2013-03-05 11:13:32',0,0,0,'Run mode : GLPI'),(1851,17,1850,'2013-03-05 11:13:32',2,0.0297449,0,'Action completed, no processing required'),(1852,9,0,'2013-03-05 11:18:38',0,0,0,'Run mode : GLPI'),(1853,9,1852,'2013-03-05 11:18:38',2,0.0316439,0,'Action completed, no processing required'),(1854,17,0,'2013-03-05 11:24:08',0,0,0,'Run mode : GLPI'),(1855,17,1854,'2013-03-05 11:24:08',2,0.0304229,0,'Action completed, no processing required'),(1856,9,0,'2013-03-05 11:29:33',0,0,0,'Run mode : GLPI'),(1857,9,1856,'2013-03-05 11:29:33',2,0.0318639,0,'Action completed, no processing required'),(1858,17,0,'2013-03-05 11:34:34',0,0,0,'Run mode : GLPI'),(1859,17,1858,'2013-03-05 11:34:34',2,0.0223322,0,'Action completed, no processing required'),(1860,13,0,'2013-03-05 11:41:15',0,0,0,'Run mode : GLPI'),(1861,13,1860,'2013-03-05 11:41:15',2,0.0309241,0,'Action completed, no processing required'),(1862,14,0,'2013-03-05 11:46:36',0,0,0,'Run mode : GLPI'),(1863,14,1862,'2013-03-05 11:46:36',2,0.0408771,0,'Action completed, no processing required'),(1864,20,0,'2013-03-05 11:47:13',0,0,0,'Run mode : GLPI'),(1865,20,1864,'2013-03-05 11:47:13',2,0.029958,0,'Action completed, no processing required'),(1866,9,0,'2013-03-05 11:52:50',0,0,0,'Run mode : GLPI'),(1867,9,1866,'2013-03-05 11:52:50',2,0.0317659,0,'Action completed, no processing required'),(1868,17,0,'2013-03-05 11:57:58',0,0,0,'Run mode : GLPI'),(1869,17,1868,'2013-03-05 11:57:58',2,0.0414169,0,'Action completed, no processing required'),(1870,9,0,'2013-03-05 12:03:04',0,0,0,'Run mode : GLPI'),(1871,9,1870,'2013-03-05 12:03:04',2,0.0237288,0,'Action completed, no processing required'),(1872,17,0,'2013-03-05 12:08:05',0,0,0,'Run mode : GLPI'),(1873,17,1872,'2013-03-05 12:08:05',2,0.0294352,0,'Action completed, no processing required'),(1874,9,0,'2013-03-05 12:13:07',0,0,0,'Run mode : GLPI'),(1875,9,1874,'2013-03-05 12:13:07',2,0.0316191,0,'Action completed, no processing required'),(1876,17,0,'2013-03-05 12:18:31',0,0,0,'Run mode : GLPI'),(1877,17,1876,'2013-03-05 12:18:31',2,0.0360959,0,'Action completed, no processing required'),(1878,9,0,'2013-03-06 04:32:41',0,0,0,'Run mode : GLPI'),(1879,9,1878,'2013-03-06 04:32:41',2,0.0415251,0,'Action completed, no processing required'),(1880,17,0,'2013-03-06 06:43:22',0,0,0,'Run mode : GLPI'),(1881,17,1880,'2013-03-06 06:43:22',2,0.0305119,0,'Action completed, no processing required'),(1882,13,0,'2013-03-06 09:55:26',0,0,0,'Run mode : GLPI'),(1883,13,1882,'2013-03-06 09:55:26',2,0.030705,0,'Action completed, no processing required'),(1884,14,0,'2013-03-06 11:25:38',0,0,0,'Run mode : GLPI'),(1885,14,1884,'2013-03-06 11:25:38',2,0.0404501,0,'Action completed, no processing required'),(1886,20,0,'2013-03-06 11:32:19',0,0,0,'Run mode : GLPI'),(1887,20,1886,'2013-03-06 11:32:19',2,0.030216,0,'Action completed, no processing required'),(1888,16,0,'2013-03-06 11:37:40',0,0,0,'Run mode : GLPI'),(1889,16,1888,'2013-03-06 11:37:40',2,0.041045,0,'Action completed, no processing required'),(1890,15,0,'2013-03-06 11:42:46',0,0,0,'Run mode : GLPI'),(1891,15,1890,'2013-03-06 11:42:46',2,0.0417719,0,'Action completed, no processing required'),(1892,9,0,'2013-03-06 11:48:08',0,0,0,'Run mode : GLPI'),(1893,9,1892,'2013-03-06 11:48:08',2,0.0405371,0,'Action completed, no processing required'),(1894,19,0,'2013-03-07 05:04:05',0,0,0,'Run mode : GLPI'),(1895,19,1894,'2013-03-07 05:04:05',2,0.0398231,0,'Action completed, fully processed'),(1896,17,0,'2013-03-07 05:18:29',0,0,0,'Run mode : GLPI'),(1897,17,1896,'2013-03-07 05:18:29',2,0.0302639,0,'Action completed, no processing required'),(1898,5,0,'2013-03-07 05:26:37',0,0,0,'Run mode : GLPI'),(1899,5,1898,'2013-03-07 05:26:37',2,0.0412979,0,'Action completed, no processing required'),(1900,6,0,'2013-03-07 05:32:40',0,0,0,'Run mode : GLPI'),(1901,6,1900,'2013-03-07 05:32:40',2,0.0406549,0,'Action completed, no processing required'),(1902,12,0,'2013-03-07 05:37:57',0,0,0,'Run mode : GLPI'),(1903,12,1902,'2013-03-07 05:37:57',1,0.029341,1,'Clean 1 session file(s) created since more than 180 seconds\n'),(1904,12,1902,'2013-03-07 05:37:57',2,0.0303679,1,'Action completed, fully processed'),(1905,13,0,'2013-03-07 05:43:01',0,0,0,'Run mode : GLPI'),(1906,13,1905,'2013-03-07 05:43:01',2,0.0380521,0,'Action completed, no processing required'),(1907,18,0,'2013-03-07 05:48:16',0,0,0,'Run mode : GLPI'),(1908,18,1907,'2013-03-07 05:48:16',2,0.0534391,0,'Action completed, no processing required'),(1909,9,0,'2013-03-07 05:53:23',0,0,0,'Run mode : GLPI'),(1910,9,1909,'2013-03-07 05:53:23',2,0.0318971,0,'Action completed, no processing required'),(1911,14,0,'2013-03-07 05:59:30',0,0,0,'Run mode : GLPI'),(1912,14,1911,'2013-03-07 05:59:30',2,0.053062,0,'Action completed, no processing required'),(1913,20,0,'2013-03-07 06:04:38',0,0,0,'Run mode : GLPI'),(1914,20,1913,'2013-03-07 06:04:38',2,0.030375,0,'Action completed, no processing required'),(1915,16,0,'2013-03-07 06:09:39',0,0,0,'Run mode : GLPI'),(1916,16,1915,'2013-03-07 06:09:39',2,0.041131,0,'Action completed, no processing required'),(1917,15,0,'2013-03-07 06:14:45',0,0,0,'Run mode : GLPI'),(1918,15,1917,'2013-03-07 06:14:45',2,0.0425,0,'Action completed, no processing required'),(1919,17,0,'2013-03-07 06:21:05',0,0,0,'Run mode : GLPI'),(1920,17,1919,'2013-03-07 06:21:05',2,0.029932,0,'Action completed, no processing required'),(1921,9,0,'2013-03-07 06:26:12',0,0,0,'Run mode : GLPI'),(1922,9,1921,'2013-03-07 06:26:12',2,0.0316641,0,'Action completed, no processing required'),(1923,8,0,'2013-03-07 07:06:31',0,0,0,'Run mode : GLPI'),(1924,8,1923,'2013-03-07 07:06:31',2,0.316024,275,'Action completed, fully processed'),(1925,17,0,'2013-03-07 07:12:03',0,0,0,'Run mode : GLPI'),(1926,17,1925,'2013-03-07 07:12:03',2,0.0303659,0,'Action completed, no processing required'),(1927,9,0,'2013-03-07 07:47:57',0,0,0,'Run mode : GLPI'),(1928,9,1927,'2013-03-07 07:47:57',2,0.0321398,0,'Action completed, no processing required'),(1929,13,0,'2013-03-07 10:50:01',0,0,0,'Run mode : GLPI'),(1930,13,1929,'2013-03-07 10:50:01',2,0.038763,0,'Action completed, no processing required'),(1931,14,0,'2013-03-08 09:33:27',0,0,0,'Run mode : GLPI'),(1932,14,1931,'2013-03-08 09:33:27',2,0.0429962,0,'Action completed, no processing required'),(1933,20,0,'2013-03-11 05:30:22',0,0,0,'Run mode : GLPI'),(1934,20,1933,'2013-03-11 05:30:22',2,0.0407369,0,'Action completed, no processing required'),(1935,17,0,'2013-03-11 06:22:02',0,0,0,'Run mode : GLPI'),(1936,17,1935,'2013-03-11 06:22:02',2,0.0402219,0,'Action completed, no processing required'),(1937,9,0,'2013-03-11 07:08:23',0,0,0,'Run mode : GLPI'),(1938,9,1937,'2013-03-11 07:08:23',2,0.0283911,0,'Action completed, no processing required'),(1939,13,0,'2013-03-11 10:14:58',0,0,0,'Run mode : GLPI'),(1940,13,1939,'2013-03-11 10:14:58',2,0.0306721,0,'Action completed, no processing required'),(1941,16,0,'2013-03-11 10:44:17',0,0,0,'Run mode : GLPI'),(1942,16,1941,'2013-03-11 10:44:17',2,0.03247,0,'Action completed, no processing required'),(1943,15,0,'2013-03-11 11:34:51',0,0,0,'Run mode : GLPI'),(1944,15,1943,'2013-03-11 11:34:51',2,0.0499299,0,'Action completed, no processing required'),(1945,19,0,'2013-03-11 11:41:25',0,0,0,'Run mode : GLPI'),(1946,19,1945,'2013-03-11 11:41:25',2,0.0228179,0,'Action completed, fully processed'),(1947,5,0,'2013-03-11 12:56:15',0,0,0,'Run mode : GLPI'),(1948,5,1947,'2013-03-11 12:56:15',2,0.032665,0,'Action completed, no processing required'),(1949,6,0,'2013-03-12 05:47:01',0,0,0,'Run mode : GLPI'),(1950,6,1949,'2013-03-12 05:47:01',2,0.033092,0,'Action completed, no processing required'),(1951,12,0,'2013-03-18 09:54:43',0,0,0,'Run mode : GLPI'),(1952,12,1951,'2013-03-18 09:54:43',1,0.0394909,5,'Clean 5 session file(s) created since more than 180 seconds\n'),(1953,12,1951,'2013-03-18 09:54:43',2,0.040499,5,'Action completed, fully processed'),(1954,18,0,'2013-03-18 10:08:39',0,0,0,'Run mode : GLPI'),(1955,18,1954,'2013-03-18 10:08:39',2,0.0369201,0,'Action completed, no processing required'),(1956,14,0,'2013-03-19 06:13:57',0,0,0,'Run mode : GLPI'),(1957,14,1956,'2013-03-19 06:13:57',2,0.043906,0,'Action completed, no processing required'),(1958,17,0,'2013-03-19 06:29:19',0,0,0,'Run mode : GLPI'),(1959,17,1958,'2013-03-19 06:29:19',2,0.0305738,0,'Action completed, no processing required'),(1960,20,0,'2013-03-19 10:50:27',0,0,0,'Run mode : GLPI'),(1961,20,1960,'2013-03-19 10:50:27',2,0.0263529,0,'Action completed, no processing required'),(1962,9,0,'2013-03-19 12:16:36',0,0,0,'Run mode : GLPI'),(1963,9,1962,'2013-03-19 12:16:36',2,0.0283151,0,'Action completed, no processing required'),(1964,13,0,'2013-03-21 06:37:57',0,0,0,'Run mode : GLPI'),(1965,13,1964,'2013-03-21 06:37:57',2,0.0307732,0,'Action completed, no processing required'),(1966,16,0,'2013-03-21 10:18:01',0,0,0,'Run mode : GLPI'),(1967,16,1966,'2013-03-21 10:18:01',2,0.051676,0,'Action completed, no processing required'),(1968,15,0,'2013-03-21 10:26:44',0,0,0,'Run mode : GLPI'),(1969,15,1968,'2013-03-21 10:26:44',2,0.0311909,0,'Action completed, no processing required'),(1970,19,0,'2013-03-21 10:33:12',0,0,0,'Run mode : GLPI'),(1971,19,1970,'2013-03-21 10:33:12',2,0.022259,0,'Action completed, fully processed'),(1972,5,0,'2013-03-21 11:01:04',0,0,0,'Run mode : GLPI'),(1973,5,1972,'2013-03-21 11:01:04',2,0.0385211,0,'Action completed, no processing required'),(1974,6,0,'2013-03-22 06:22:52',0,0,0,'Run mode : GLPI'),(1975,6,1974,'2013-03-22 06:22:52',2,0.0383542,0,'Action completed, no processing required'),(1976,8,0,'2013-03-22 06:27:56',0,0,0,'Run mode : GLPI'),(1977,8,1976,'2013-03-22 06:27:56',2,0.182085,275,'Action completed, fully processed'),(1978,17,0,'2013-03-22 06:37:09',0,0,0,'Run mode : GLPI'),(1979,17,1978,'2013-03-22 06:37:09',2,0.030046,0,'Action completed, no processing required'),(1980,14,0,'2013-03-22 07:04:51',0,0,0,'Run mode : GLPI'),(1981,14,1980,'2013-03-22 07:04:51',2,0.0316131,0,'Action completed, no processing required'),(1982,12,0,'2013-03-22 07:10:30',0,0,0,'Run mode : GLPI'),(1983,12,1982,'2013-03-22 07:10:30',1,0.0219719,3,'Clean 3 session file(s) created since more than 180 seconds\n'),(1984,12,1982,'2013-03-22 07:10:30',2,0.0229518,3,'Action completed, fully processed'),(1985,18,0,'2013-03-22 11:41:32',0,0,0,'Run mode : GLPI'),(1986,18,1985,'2013-03-22 11:41:32',2,0.037195,0,'Action completed, no processing required'),(1987,20,0,'2013-03-22 11:47:51',0,0,0,'Run mode : GLPI'),(1988,20,1987,'2013-03-22 11:47:51',2,0.030211,0,'Action completed, no processing required'),(1989,9,0,'2013-03-22 11:53:52',0,0,0,'Run mode : GLPI'),(1990,9,1989,'2013-03-22 11:53:52',2,0.031472,0,'Action completed, no processing required'),(1991,13,0,'2013-03-22 12:01:58',0,0,0,'Run mode : GLPI'),(1992,13,1991,'2013-03-22 12:01:58',2,0.0299759,0,'Action completed, no processing required'),(1993,16,0,'2013-03-25 06:17:44',0,0,0,'Run mode : GLPI'),(1994,16,1993,'2013-03-25 06:17:44',2,0.0533421,0,'Action completed, no processing required'),(1995,15,0,'2013-03-26 12:53:42',0,0,0,'Run mode : GLPI'),(1996,15,1995,'2013-03-26 12:53:42',2,0.042675,0,'Action completed, no processing required'),(1997,17,0,'2013-03-26 13:08:02',0,0,0,'Run mode : GLPI'),(1998,17,1997,'2013-03-26 13:08:02',2,0.0240409,0,'Action completed, no processing required'),(1999,14,0,'2013-03-26 13:13:24',0,0,0,'Run mode : GLPI'),(2000,14,1999,'2013-03-26 13:13:24',2,0.061348,0,'Action completed, no processing required'),(2001,19,0,'2013-03-26 13:18:27',0,0,0,'Run mode : GLPI'),(2002,19,2001,'2013-03-26 13:18:27',2,0.022573,0,'Action completed, fully processed'),(2003,5,0,'2013-03-26 13:24:57',0,0,0,'Run mode : GLPI'),(2004,5,2003,'2013-03-26 13:24:57',2,0.0304751,0,'Action completed, no processing required'),(2005,9,0,'2013-03-26 13:30:03',0,0,0,'Run mode : GLPI'),(2006,9,2005,'2013-03-26 13:30:03',2,0.0237889,0,'Action completed, no processing required'),(2007,20,0,'2013-03-26 13:35:31',0,0,0,'Run mode : GLPI'),(2008,20,2007,'2013-03-26 13:35:31',2,0.022593,0,'Action completed, no processing required'),(2009,13,0,'2013-03-28 12:42:21',0,0,0,'Run mode : GLPI'),(2010,13,2009,'2013-03-28 12:42:21',2,0.0309179,0,'Action completed, no processing required'),(2011,6,0,'2013-04-01 06:13:27',0,0,0,'Run mode : GLPI'),(2012,6,2011,'2013-04-01 06:13:27',2,0.0434361,0,'Action completed, no processing required'),(2013,12,0,'2013-04-01 06:14:40',0,0,0,'Run mode : GLPI'),(2014,12,2013,'2013-04-01 06:14:40',2,0.0336602,0,'Action completed, no processing required'),(2015,18,0,'2013-04-01 10:35:37',0,0,0,'Run mode : GLPI'),(2016,18,2015,'2013-04-01 10:35:37',2,0.0374069,0,'Action completed, no processing required'),(2017,16,0,'2013-04-01 10:40:53',0,0,0,'Run mode : GLPI'),(2018,16,2017,'2013-04-01 10:40:53',2,0.029902,0,'Action completed, no processing required'),(2019,17,0,'2013-04-01 11:47:57',0,0,0,'Run mode : GLPI'),(2020,17,2019,'2013-04-01 11:47:57',2,0.0234559,0,'Action completed, no processing required'),(2021,9,0,'2013-04-01 14:10:47',0,0,0,'Run mode : GLPI'),(2022,9,2021,'2013-04-01 14:10:47',2,0.025475,0,'Action completed, no processing required'),(2023,14,0,'2013-04-02 05:30:43',0,0,0,'Run mode : GLPI'),(2024,14,2023,'2013-04-02 05:30:43',2,0.0328498,0,'Action completed, no processing required'),(2025,20,0,'2013-04-02 07:09:04',0,0,0,'Run mode : GLPI'),(2026,20,2025,'2013-04-02 07:09:04',2,0.023998,0,'Action completed, no processing required'),(2027,15,0,'2013-04-09 06:15:44',0,0,0,'Run mode : GLPI'),(2028,15,2027,'2013-04-09 06:15:44',2,0.054745,0,'Action completed, no processing required'),(2029,19,0,'2013-04-15 05:51:57',0,0,0,'Run mode : GLPI'),(2030,19,2029,'2013-04-15 05:51:57',2,0.0401859,0,'Action completed, fully processed'),(2031,5,0,'2013-04-15 05:52:03',0,0,0,'Run mode : GLPI'),(2032,5,2031,'2013-04-15 05:52:03',2,0.0538881,0,'Action completed, no processing required'),(2033,13,0,'2013-04-15 05:52:06',0,0,0,'Run mode : GLPI'),(2034,13,2033,'2013-04-15 05:52:06',2,0.0467739,0,'Action completed, no processing required'),(2035,8,0,'2013-04-15 05:53:15',0,0,0,'Run mode : GLPI'),(2036,8,2035,'2013-04-15 05:53:15',2,0.211199,275,'Action completed, fully processed'),(2037,17,0,'2013-04-15 05:55:45',0,0,0,'Run mode : GLPI'),(2038,17,2037,'2013-04-15 05:55:45',2,0.0371819,0,'Action completed, no processing required'),(2039,9,0,'2013-04-15 05:55:52',0,0,0,'Run mode : GLPI'),(2040,9,2039,'2013-04-15 05:55:52',2,0.037586,0,'Action completed, no processing required'),(2041,16,0,'2013-04-15 05:55:59',0,0,0,'Run mode : GLPI'),(2042,16,2041,'2013-04-15 05:55:59',2,0.0560069,0,'Action completed, no processing required'),(2043,6,0,'2013-04-15 06:11:21',0,0,0,'Run mode : GLPI'),(2044,6,2043,'2013-04-15 06:11:21',2,0.040127,0,'Action completed, no processing required'),(2045,12,0,'2013-04-15 06:12:41',0,0,0,'Run mode : GLPI'),(2046,12,2045,'2013-04-15 06:12:41',1,0.038306,2,'Clean 2 session file(s) created since more than 180 seconds\n'),(2047,12,2045,'2013-04-15 06:12:41',2,0.0393052,2,'Action completed, fully processed'),(2048,14,0,'2013-04-15 06:12:49',0,0,0,'Run mode : GLPI'),(2049,14,2048,'2013-04-15 06:12:49',2,0.039571,0,'Action completed, no processing required'),(2050,20,0,'2013-04-15 06:42:22',0,0,0,'Run mode : GLPI'),(2051,20,2050,'2013-04-15 06:42:22',2,0.0259039,0,'Action completed, no processing required'),(2052,18,0,'2013-04-18 10:52:54',0,0,0,'Run mode : GLPI'),(2053,18,2052,'2013-04-18 10:52:54',2,0.0372062,0,'Action completed, no processing required'),(2054,15,0,'2013-04-22 04:57:15',0,0,0,'Run mode : GLPI'),(2055,15,2054,'2013-04-22 04:57:15',2,0.043839,0,'Action completed, no processing required'),(2056,17,0,'2013-04-22 05:26:36',0,0,0,'Run mode : GLPI'),(2057,17,2056,'2013-04-22 05:26:36',2,0.0311391,0,'Action completed, no processing required'),(2058,9,0,'2013-04-22 06:44:26',0,0,0,'Run mode : GLPI'),(2059,9,2058,'2013-04-22 06:44:26',2,0.0326469,0,'Action completed, no processing required'),(2060,13,0,'2013-04-23 11:21:09',0,0,0,'Run mode : GLPI'),(2061,13,2060,'2013-04-23 11:21:09',2,0.031595,0,'Action completed, no processing required'),(2062,14,0,'2013-04-26 05:49:57',0,0,0,'Run mode : GLPI'),(2063,14,2062,'2013-04-26 05:49:57',2,0.041517,0,'Action completed, no processing required'),(2064,20,0,'2013-05-03 10:29:04',0,0,0,'Run mode : GLPI'),(2065,20,2064,'2013-05-03 10:29:04',2,0.040647,0,'Action completed, no processing required'),(2066,16,0,'2013-05-03 10:58:53',0,0,0,'Run mode : GLPI'),(2067,16,2066,'2013-05-03 10:58:53',2,0.0431018,0,'Action completed, no processing required');
/*!40000 ALTER TABLE `glpi_crontasklogs` ENABLE KEYS */;
UNLOCK TABLES;

--
-- Table structure for table `glpi_crontasks`
--

DROP TABLE IF EXISTS `glpi_crontasks`;
/*!40101 SET @saved_cs_client     = @@character_set_client */;
/*!40101 SET character_set_client = utf8 */;
CREATE TABLE `glpi_crontasks` (
  `id` int(11) NOT NULL AUTO_INCREMENT,
  `itemtype` varchar(100) COLLATE utf8_unicode_ci NOT NULL,
  `name` varchar(150) COLLATE utf8_unicode_ci NOT NULL COMMENT 'task name',
  `frequency` int(11) NOT NULL COMMENT 'second between launch',
  `param` int(11) DEFAULT NULL COMMENT 'task specify parameter',
  `state` int(11) NOT NULL DEFAULT '1' COMMENT '0:disabled, 1:waiting, 2:running',
  `mode` int(11) NOT NULL DEFAULT '1' COMMENT '1:internal, 2:external',
  `allowmode` int(11) NOT NULL DEFAULT '3' COMMENT '1:internal, 2:external, 3:both',
  `hourmin` int(11) NOT NULL DEFAULT '0',
  `hourmax` int(11) NOT NULL DEFAULT '24',
  `logs_lifetime` int(11) NOT NULL DEFAULT '30' COMMENT 'number of days',
  `lastrun` datetime DEFAULT NULL COMMENT 'last run date',
  `lastcode` int(11) DEFAULT NULL COMMENT 'last run return code',
  `comment` text COLLATE utf8_unicode_ci,
  PRIMARY KEY (`id`),
  UNIQUE KEY `unicity` (`itemtype`,`name`),
  KEY `mode` (`mode`)
) ENGINE=MyISAM AUTO_INCREMENT=26 DEFAULT CHARSET=utf8 COLLATE=utf8_unicode_ci COMMENT='Task run by internal / external cron.';
/*!40101 SET character_set_client = @saved_cs_client */;

--
-- Dumping data for table `glpi_crontasks`
--

LOCK TABLES `glpi_crontasks` WRITE;
/*!40000 ALTER TABLE `glpi_crontasks` DISABLE KEYS */;
INSERT INTO `glpi_crontasks` VALUES (1,'OcsServer','ocsng',300,NULL,0,1,3,0,24,30,NULL,NULL,NULL),(2,'CartridgeItem','cartridge',86400,10,0,1,3,0,24,30,NULL,NULL,NULL),(3,'ConsumableItem','consumable',86400,10,0,1,3,0,24,30,NULL,NULL,NULL),(4,'SoftwareLicense','software',86400,NULL,0,1,3,0,24,30,NULL,NULL,NULL),(5,'Contract','contract',86400,NULL,1,1,3,0,24,30,'2013-04-15 05:52:03',NULL,NULL),(6,'InfoCom','infocom',86400,NULL,1,1,3,0,24,30,'2013-04-15 06:11:21',NULL,NULL),(7,'CronTask','logs',86400,30,0,1,3,0,24,30,NULL,NULL,NULL),(8,'CronTask','optimize',604800,NULL,1,1,3,0,24,30,'2013-04-15 05:53:16',NULL,NULL),(9,'MailCollector','mailgate',600,10,1,1,3,0,24,30,'2013-04-22 06:44:26',NULL,NULL),(10,'DBconnection','checkdbreplicate',300,NULL,0,1,3,0,24,30,NULL,NULL,NULL),(11,'CronTask','checkupdate',604800,NULL,0,1,3,0,24,30,NULL,NULL,NULL),(12,'CronTask','session',86400,NULL,1,1,3,0,24,30,'2013-04-15 06:12:41',NULL,NULL),(13,'CronTask','graph',3600,NULL,1,1,3,0,24,30,'2013-04-23 11:21:10',NULL,NULL),(14,'ReservationItem','reservation',3600,NULL,1,1,3,0,24,30,'2013-04-26 05:49:57',NULL,NULL),(15,'Ticket','closeticket',43200,NULL,1,1,3,0,24,30,'2013-04-22 04:57:15',NULL,NULL),(16,'Ticket','alertnotclosed',43200,NULL,1,1,3,0,24,30,'2013-05-03 10:58:54',NULL,NULL),(17,'SlaLevel_Ticket','slaticket',300,NULL,1,1,3,0,24,30,'2013-04-22 05:26:37',NULL,NULL),(18,'Ticket','createinquest',86400,NULL,1,1,3,0,24,30,'2013-04-18 10:52:54',NULL,NULL),(19,'Crontask','watcher',86400,NULL,1,1,3,0,24,30,'2013-04-15 05:51:57',NULL,NULL),(20,'TicketRecurrent','ticketrecurrent',3600,NULL,1,1,3,0,24,30,'2013-05-03 10:29:04',NULL,NULL),(21,'PluginBadgesBadge','BadgesAlert',86400,NULL,1,1,3,0,24,30,NULL,NULL,NULL),(22,'PluginResourcesResource','Resources',86400,NULL,1,1,3,0,24,30,NULL,NULL,NULL),(23,'PluginResourcesTask','ResourcesTask',86400,NULL,1,1,3,0,24,30,NULL,NULL,NULL),(24,'PluginResourcesChecklist','ResourcesChecklist',86400,NULL,1,1,3,0,24,30,NULL,NULL,NULL),(25,'PluginProjetTask','ProjetTask',604800,NULL,1,1,3,0,24,30,NULL,NULL,NULL);
/*!40000 ALTER TABLE `glpi_crontasks` ENABLE KEYS */;
UNLOCK TABLES;

--
-- Table structure for table `glpi_devicecases`
--

DROP TABLE IF EXISTS `glpi_devicecases`;
/*!40101 SET @saved_cs_client     = @@character_set_client */;
/*!40101 SET character_set_client = utf8 */;
CREATE TABLE `glpi_devicecases` (
  `id` int(11) NOT NULL AUTO_INCREMENT,
  `designation` varchar(255) COLLATE utf8_unicode_ci DEFAULT NULL,
  `devicecasetypes_id` int(11) NOT NULL DEFAULT '0',
  `comment` text COLLATE utf8_unicode_ci,
  `manufacturers_id` int(11) NOT NULL DEFAULT '0',
  PRIMARY KEY (`id`),
  KEY `designation` (`designation`),
  KEY `manufacturers_id` (`manufacturers_id`),
  KEY `devicecasetypes_id` (`devicecasetypes_id`)
) ENGINE=MyISAM DEFAULT CHARSET=utf8 COLLATE=utf8_unicode_ci;
/*!40101 SET character_set_client = @saved_cs_client */;

--
-- Dumping data for table `glpi_devicecases`
--

LOCK TABLES `glpi_devicecases` WRITE;
/*!40000 ALTER TABLE `glpi_devicecases` DISABLE KEYS */;
/*!40000 ALTER TABLE `glpi_devicecases` ENABLE KEYS */;
UNLOCK TABLES;

--
-- Table structure for table `glpi_devicecasetypes`
--

DROP TABLE IF EXISTS `glpi_devicecasetypes`;
/*!40101 SET @saved_cs_client     = @@character_set_client */;
/*!40101 SET character_set_client = utf8 */;
CREATE TABLE `glpi_devicecasetypes` (
  `id` int(11) NOT NULL AUTO_INCREMENT,
  `name` varchar(255) COLLATE utf8_unicode_ci DEFAULT NULL,
  `comment` text COLLATE utf8_unicode_ci,
  PRIMARY KEY (`id`),
  KEY `name` (`name`)
) ENGINE=MyISAM DEFAULT CHARSET=utf8 COLLATE=utf8_unicode_ci;
/*!40101 SET character_set_client = @saved_cs_client */;

--
-- Dumping data for table `glpi_devicecasetypes`
--

LOCK TABLES `glpi_devicecasetypes` WRITE;
/*!40000 ALTER TABLE `glpi_devicecasetypes` DISABLE KEYS */;
/*!40000 ALTER TABLE `glpi_devicecasetypes` ENABLE KEYS */;
UNLOCK TABLES;

--
-- Table structure for table `glpi_devicecontrols`
--

DROP TABLE IF EXISTS `glpi_devicecontrols`;
/*!40101 SET @saved_cs_client     = @@character_set_client */;
/*!40101 SET character_set_client = utf8 */;
CREATE TABLE `glpi_devicecontrols` (
  `id` int(11) NOT NULL AUTO_INCREMENT,
  `designation` varchar(255) COLLATE utf8_unicode_ci DEFAULT NULL,
  `is_raid` tinyint(1) NOT NULL DEFAULT '0',
  `comment` text COLLATE utf8_unicode_ci,
  `manufacturers_id` int(11) NOT NULL DEFAULT '0',
  `interfacetypes_id` int(11) NOT NULL DEFAULT '0',
  PRIMARY KEY (`id`),
  KEY `designation` (`designation`),
  KEY `manufacturers_id` (`manufacturers_id`),
  KEY `interfacetypes_id` (`interfacetypes_id`)
) ENGINE=MyISAM DEFAULT CHARSET=utf8 COLLATE=utf8_unicode_ci;
/*!40101 SET character_set_client = @saved_cs_client */;

--
-- Dumping data for table `glpi_devicecontrols`
--

LOCK TABLES `glpi_devicecontrols` WRITE;
/*!40000 ALTER TABLE `glpi_devicecontrols` DISABLE KEYS */;
/*!40000 ALTER TABLE `glpi_devicecontrols` ENABLE KEYS */;
UNLOCK TABLES;

--
-- Table structure for table `glpi_devicedrives`
--

DROP TABLE IF EXISTS `glpi_devicedrives`;
/*!40101 SET @saved_cs_client     = @@character_set_client */;
/*!40101 SET character_set_client = utf8 */;
CREATE TABLE `glpi_devicedrives` (
  `id` int(11) NOT NULL AUTO_INCREMENT,
  `designation` varchar(255) COLLATE utf8_unicode_ci DEFAULT NULL,
  `is_writer` tinyint(1) NOT NULL DEFAULT '1',
  `speed` varchar(255) COLLATE utf8_unicode_ci DEFAULT NULL,
  `comment` text COLLATE utf8_unicode_ci,
  `manufacturers_id` int(11) NOT NULL DEFAULT '0',
  `interfacetypes_id` int(11) NOT NULL DEFAULT '0',
  PRIMARY KEY (`id`),
  KEY `designation` (`designation`),
  KEY `manufacturers_id` (`manufacturers_id`),
  KEY `interfacetypes_id` (`interfacetypes_id`)
) ENGINE=MyISAM DEFAULT CHARSET=utf8 COLLATE=utf8_unicode_ci;
/*!40101 SET character_set_client = @saved_cs_client */;

--
-- Dumping data for table `glpi_devicedrives`
--

LOCK TABLES `glpi_devicedrives` WRITE;
/*!40000 ALTER TABLE `glpi_devicedrives` DISABLE KEYS */;
/*!40000 ALTER TABLE `glpi_devicedrives` ENABLE KEYS */;
UNLOCK TABLES;

--
-- Table structure for table `glpi_devicegraphiccards`
--

DROP TABLE IF EXISTS `glpi_devicegraphiccards`;
/*!40101 SET @saved_cs_client     = @@character_set_client */;
/*!40101 SET character_set_client = utf8 */;
CREATE TABLE `glpi_devicegraphiccards` (
  `id` int(11) NOT NULL AUTO_INCREMENT,
  `designation` varchar(255) COLLATE utf8_unicode_ci DEFAULT NULL,
  `interfacetypes_id` int(11) NOT NULL DEFAULT '0',
  `comment` text COLLATE utf8_unicode_ci,
  `manufacturers_id` int(11) NOT NULL DEFAULT '0',
  `specif_default` int(11) NOT NULL,
  PRIMARY KEY (`id`),
  KEY `designation` (`designation`),
  KEY `manufacturers_id` (`manufacturers_id`),
  KEY `interfacetypes_id` (`interfacetypes_id`)
) ENGINE=MyISAM DEFAULT CHARSET=utf8 COLLATE=utf8_unicode_ci;
/*!40101 SET character_set_client = @saved_cs_client */;

--
-- Dumping data for table `glpi_devicegraphiccards`
--

LOCK TABLES `glpi_devicegraphiccards` WRITE;
/*!40000 ALTER TABLE `glpi_devicegraphiccards` DISABLE KEYS */;
/*!40000 ALTER TABLE `glpi_devicegraphiccards` ENABLE KEYS */;
UNLOCK TABLES;

--
-- Table structure for table `glpi_deviceharddrives`
--

DROP TABLE IF EXISTS `glpi_deviceharddrives`;
/*!40101 SET @saved_cs_client     = @@character_set_client */;
/*!40101 SET character_set_client = utf8 */;
CREATE TABLE `glpi_deviceharddrives` (
  `id` int(11) NOT NULL AUTO_INCREMENT,
  `designation` varchar(255) COLLATE utf8_unicode_ci DEFAULT NULL,
  `rpm` varchar(255) COLLATE utf8_unicode_ci DEFAULT NULL,
  `interfacetypes_id` int(11) NOT NULL DEFAULT '0',
  `cache` varchar(255) COLLATE utf8_unicode_ci DEFAULT NULL,
  `comment` text COLLATE utf8_unicode_ci,
  `manufacturers_id` int(11) NOT NULL DEFAULT '0',
  `specif_default` int(11) NOT NULL,
  PRIMARY KEY (`id`),
  KEY `designation` (`designation`),
  KEY `manufacturers_id` (`manufacturers_id`),
  KEY `interfacetypes_id` (`interfacetypes_id`)
) ENGINE=MyISAM DEFAULT CHARSET=utf8 COLLATE=utf8_unicode_ci;
/*!40101 SET character_set_client = @saved_cs_client */;

--
-- Dumping data for table `glpi_deviceharddrives`
--

LOCK TABLES `glpi_deviceharddrives` WRITE;
/*!40000 ALTER TABLE `glpi_deviceharddrives` DISABLE KEYS */;
/*!40000 ALTER TABLE `glpi_deviceharddrives` ENABLE KEYS */;
UNLOCK TABLES;

--
-- Table structure for table `glpi_devicememories`
--

DROP TABLE IF EXISTS `glpi_devicememories`;
/*!40101 SET @saved_cs_client     = @@character_set_client */;
/*!40101 SET character_set_client = utf8 */;
CREATE TABLE `glpi_devicememories` (
  `id` int(11) NOT NULL AUTO_INCREMENT,
  `designation` varchar(255) COLLATE utf8_unicode_ci DEFAULT NULL,
  `frequence` varchar(255) COLLATE utf8_unicode_ci DEFAULT NULL,
  `comment` text COLLATE utf8_unicode_ci,
  `manufacturers_id` int(11) NOT NULL DEFAULT '0',
  `specif_default` int(11) NOT NULL,
  `devicememorytypes_id` int(11) NOT NULL DEFAULT '0',
  PRIMARY KEY (`id`),
  KEY `designation` (`designation`),
  KEY `manufacturers_id` (`manufacturers_id`),
  KEY `devicememorytypes_id` (`devicememorytypes_id`)
) ENGINE=MyISAM DEFAULT CHARSET=utf8 COLLATE=utf8_unicode_ci;
/*!40101 SET character_set_client = @saved_cs_client */;

--
-- Dumping data for table `glpi_devicememories`
--

LOCK TABLES `glpi_devicememories` WRITE;
/*!40000 ALTER TABLE `glpi_devicememories` DISABLE KEYS */;
/*!40000 ALTER TABLE `glpi_devicememories` ENABLE KEYS */;
UNLOCK TABLES;

--
-- Table structure for table `glpi_devicememorytypes`
--

DROP TABLE IF EXISTS `glpi_devicememorytypes`;
/*!40101 SET @saved_cs_client     = @@character_set_client */;
/*!40101 SET character_set_client = utf8 */;
CREATE TABLE `glpi_devicememorytypes` (
  `id` int(11) NOT NULL AUTO_INCREMENT,
  `name` varchar(255) COLLATE utf8_unicode_ci DEFAULT NULL,
  `comment` text COLLATE utf8_unicode_ci,
  PRIMARY KEY (`id`),
  KEY `name` (`name`)
) ENGINE=MyISAM AUTO_INCREMENT=5 DEFAULT CHARSET=utf8 COLLATE=utf8_unicode_ci;
/*!40101 SET character_set_client = @saved_cs_client */;

--
-- Dumping data for table `glpi_devicememorytypes`
--

LOCK TABLES `glpi_devicememorytypes` WRITE;
/*!40000 ALTER TABLE `glpi_devicememorytypes` DISABLE KEYS */;
INSERT INTO `glpi_devicememorytypes` VALUES (1,'EDO',NULL),(2,'DDR',NULL),(3,'SDRAM',NULL),(4,'SDRAM-2',NULL);
/*!40000 ALTER TABLE `glpi_devicememorytypes` ENABLE KEYS */;
UNLOCK TABLES;

--
-- Table structure for table `glpi_devicemotherboards`
--

DROP TABLE IF EXISTS `glpi_devicemotherboards`;
/*!40101 SET @saved_cs_client     = @@character_set_client */;
/*!40101 SET character_set_client = utf8 */;
CREATE TABLE `glpi_devicemotherboards` (
  `id` int(11) NOT NULL AUTO_INCREMENT,
  `designation` varchar(255) COLLATE utf8_unicode_ci DEFAULT NULL,
  `chipset` varchar(255) COLLATE utf8_unicode_ci DEFAULT NULL,
  `comment` text COLLATE utf8_unicode_ci,
  `manufacturers_id` int(11) NOT NULL DEFAULT '0',
  PRIMARY KEY (`id`),
  KEY `designation` (`designation`),
  KEY `manufacturers_id` (`manufacturers_id`)
) ENGINE=MyISAM DEFAULT CHARSET=utf8 COLLATE=utf8_unicode_ci;
/*!40101 SET character_set_client = @saved_cs_client */;

--
-- Dumping data for table `glpi_devicemotherboards`
--

LOCK TABLES `glpi_devicemotherboards` WRITE;
/*!40000 ALTER TABLE `glpi_devicemotherboards` DISABLE KEYS */;
/*!40000 ALTER TABLE `glpi_devicemotherboards` ENABLE KEYS */;
UNLOCK TABLES;

--
-- Table structure for table `glpi_devicenetworkcards`
--

DROP TABLE IF EXISTS `glpi_devicenetworkcards`;
/*!40101 SET @saved_cs_client     = @@character_set_client */;
/*!40101 SET character_set_client = utf8 */;
CREATE TABLE `glpi_devicenetworkcards` (
  `id` int(11) NOT NULL AUTO_INCREMENT,
  `designation` varchar(255) COLLATE utf8_unicode_ci DEFAULT NULL,
  `bandwidth` varchar(255) COLLATE utf8_unicode_ci DEFAULT NULL,
  `comment` text COLLATE utf8_unicode_ci,
  `manufacturers_id` int(11) NOT NULL DEFAULT '0',
  `specif_default` varchar(255) COLLATE utf8_unicode_ci DEFAULT NULL,
  PRIMARY KEY (`id`),
  KEY `designation` (`designation`),
  KEY `manufacturers_id` (`manufacturers_id`)
) ENGINE=MyISAM DEFAULT CHARSET=utf8 COLLATE=utf8_unicode_ci;
/*!40101 SET character_set_client = @saved_cs_client */;

--
-- Dumping data for table `glpi_devicenetworkcards`
--

LOCK TABLES `glpi_devicenetworkcards` WRITE;
/*!40000 ALTER TABLE `glpi_devicenetworkcards` DISABLE KEYS */;
/*!40000 ALTER TABLE `glpi_devicenetworkcards` ENABLE KEYS */;
UNLOCK TABLES;

--
-- Table structure for table `glpi_devicepcis`
--

DROP TABLE IF EXISTS `glpi_devicepcis`;
/*!40101 SET @saved_cs_client     = @@character_set_client */;
/*!40101 SET character_set_client = utf8 */;
CREATE TABLE `glpi_devicepcis` (
  `id` int(11) NOT NULL AUTO_INCREMENT,
  `designation` varchar(255) COLLATE utf8_unicode_ci DEFAULT NULL,
  `comment` text COLLATE utf8_unicode_ci,
  `manufacturers_id` int(11) NOT NULL DEFAULT '0',
  PRIMARY KEY (`id`),
  KEY `designation` (`designation`),
  KEY `manufacturers_id` (`manufacturers_id`)
) ENGINE=MyISAM DEFAULT CHARSET=utf8 COLLATE=utf8_unicode_ci;
/*!40101 SET character_set_client = @saved_cs_client */;

--
-- Dumping data for table `glpi_devicepcis`
--

LOCK TABLES `glpi_devicepcis` WRITE;
/*!40000 ALTER TABLE `glpi_devicepcis` DISABLE KEYS */;
/*!40000 ALTER TABLE `glpi_devicepcis` ENABLE KEYS */;
UNLOCK TABLES;

--
-- Table structure for table `glpi_devicepowersupplies`
--

DROP TABLE IF EXISTS `glpi_devicepowersupplies`;
/*!40101 SET @saved_cs_client     = @@character_set_client */;
/*!40101 SET character_set_client = utf8 */;
CREATE TABLE `glpi_devicepowersupplies` (
  `id` int(11) NOT NULL AUTO_INCREMENT,
  `designation` varchar(255) COLLATE utf8_unicode_ci DEFAULT NULL,
  `power` varchar(255) COLLATE utf8_unicode_ci DEFAULT NULL,
  `is_atx` tinyint(1) NOT NULL DEFAULT '1',
  `comment` text COLLATE utf8_unicode_ci,
  `manufacturers_id` int(11) NOT NULL DEFAULT '0',
  PRIMARY KEY (`id`),
  KEY `designation` (`designation`),
  KEY `manufacturers_id` (`manufacturers_id`)
) ENGINE=MyISAM DEFAULT CHARSET=utf8 COLLATE=utf8_unicode_ci;
/*!40101 SET character_set_client = @saved_cs_client */;

--
-- Dumping data for table `glpi_devicepowersupplies`
--

LOCK TABLES `glpi_devicepowersupplies` WRITE;
/*!40000 ALTER TABLE `glpi_devicepowersupplies` DISABLE KEYS */;
/*!40000 ALTER TABLE `glpi_devicepowersupplies` ENABLE KEYS */;
UNLOCK TABLES;

--
-- Table structure for table `glpi_deviceprocessors`
--

DROP TABLE IF EXISTS `glpi_deviceprocessors`;
/*!40101 SET @saved_cs_client     = @@character_set_client */;
/*!40101 SET character_set_client = utf8 */;
CREATE TABLE `glpi_deviceprocessors` (
  `id` int(11) NOT NULL AUTO_INCREMENT,
  `designation` varchar(255) COLLATE utf8_unicode_ci DEFAULT NULL,
  `frequence` int(11) NOT NULL DEFAULT '0',
  `comment` text COLLATE utf8_unicode_ci,
  `manufacturers_id` int(11) NOT NULL DEFAULT '0',
  `specif_default` int(11) NOT NULL,
  PRIMARY KEY (`id`),
  KEY `designation` (`designation`),
  KEY `manufacturers_id` (`manufacturers_id`)
) ENGINE=MyISAM DEFAULT CHARSET=utf8 COLLATE=utf8_unicode_ci;
/*!40101 SET character_set_client = @saved_cs_client */;

--
-- Dumping data for table `glpi_deviceprocessors`
--

LOCK TABLES `glpi_deviceprocessors` WRITE;
/*!40000 ALTER TABLE `glpi_deviceprocessors` DISABLE KEYS */;
/*!40000 ALTER TABLE `glpi_deviceprocessors` ENABLE KEYS */;
UNLOCK TABLES;

--
-- Table structure for table `glpi_devicesoundcards`
--

DROP TABLE IF EXISTS `glpi_devicesoundcards`;
/*!40101 SET @saved_cs_client     = @@character_set_client */;
/*!40101 SET character_set_client = utf8 */;
CREATE TABLE `glpi_devicesoundcards` (
  `id` int(11) NOT NULL AUTO_INCREMENT,
  `designation` varchar(255) COLLATE utf8_unicode_ci DEFAULT NULL,
  `type` varchar(255) COLLATE utf8_unicode_ci DEFAULT NULL,
  `comment` text COLLATE utf8_unicode_ci,
  `manufacturers_id` int(11) NOT NULL DEFAULT '0',
  PRIMARY KEY (`id`),
  KEY `designation` (`designation`),
  KEY `manufacturers_id` (`manufacturers_id`)
) ENGINE=MyISAM DEFAULT CHARSET=utf8 COLLATE=utf8_unicode_ci;
/*!40101 SET character_set_client = @saved_cs_client */;

--
-- Dumping data for table `glpi_devicesoundcards`
--

LOCK TABLES `glpi_devicesoundcards` WRITE;
/*!40000 ALTER TABLE `glpi_devicesoundcards` DISABLE KEYS */;
/*!40000 ALTER TABLE `glpi_devicesoundcards` ENABLE KEYS */;
UNLOCK TABLES;

--
-- Table structure for table `glpi_displaypreferences`
--

DROP TABLE IF EXISTS `glpi_displaypreferences`;
/*!40101 SET @saved_cs_client     = @@character_set_client */;
/*!40101 SET character_set_client = utf8 */;
CREATE TABLE `glpi_displaypreferences` (
  `id` int(11) NOT NULL AUTO_INCREMENT,
  `itemtype` varchar(100) COLLATE utf8_unicode_ci NOT NULL,
  `num` int(11) NOT NULL DEFAULT '0',
  `rank` int(11) NOT NULL DEFAULT '0',
  `users_id` int(11) NOT NULL DEFAULT '0',
  PRIMARY KEY (`id`),
  UNIQUE KEY `unicity` (`users_id`,`itemtype`,`num`),
  KEY `rank` (`rank`),
  KEY `num` (`num`),
  KEY `itemtype` (`itemtype`)
) ENGINE=MyISAM AUTO_INCREMENT=307 DEFAULT CHARSET=utf8 COLLATE=utf8_unicode_ci;
/*!40101 SET character_set_client = @saved_cs_client */;

--
-- Dumping data for table `glpi_displaypreferences`
--

LOCK TABLES `glpi_displaypreferences` WRITE;
/*!40000 ALTER TABLE `glpi_displaypreferences` DISABLE KEYS */;
INSERT INTO `glpi_displaypreferences` VALUES (32,'Computer',4,3,0),(34,'Computer',45,4,0),(33,'Computer',40,6,0),(31,'Computer',5,1,0),(30,'Computer',23,5,0),(86,'DocumentType',3,1,0),(49,'Monitor',31,1,0),(50,'Monitor',23,2,0),(51,'Monitor',3,3,0),(52,'Monitor',4,4,0),(44,'Printer',31,1,0),(38,'NetworkEquipment',31,1,0),(39,'NetworkEquipment',23,3,0),(45,'Printer',23,2,0),(46,'Printer',3,3,0),(63,'Software',4,3,0),(62,'Software',5,2,0),(61,'Software',23,1,0),(83,'CartridgeItem',4,2,0),(82,'CartridgeItem',34,1,0),(57,'Peripheral',3,3,0),(56,'Peripheral',23,2,0),(55,'Peripheral',31,1,0),(29,'Computer',31,9,0),(35,'Computer',3,7,0),(36,'Computer',19,10,0),(37,'Computer',17,2,0),(40,'NetworkEquipment',3,2,0),(41,'NetworkEquipment',4,5,0),(42,'NetworkEquipment',11,6,0),(43,'NetworkEquipment',19,7,0),(47,'Printer',4,4,0),(48,'Printer',19,6,0),(53,'Monitor',19,6,0),(54,'Monitor',7,7,0),(58,'Peripheral',4,4,0),(59,'Peripheral',19,6,0),(60,'Peripheral',7,7,0),(64,'Contact',3,1,0),(65,'Contact',4,2,0),(66,'Contact',5,3,0),(67,'Contact',6,4,0),(68,'Contact',9,5,0),(69,'Supplier',9,1,0),(70,'Supplier',3,2,0),(71,'Supplier',4,3,0),(72,'Supplier',5,4,0),(73,'Supplier',10,5,0),(74,'Supplier',6,6,0),(75,'Contract',4,1,0),(76,'Contract',3,2,0),(77,'Contract',5,3,0),(78,'Contract',6,4,0),(79,'Contract',7,5,0),(80,'Contract',11,6,0),(84,'CartridgeItem',23,3,0),(85,'CartridgeItem',3,4,0),(88,'DocumentType',6,2,0),(89,'DocumentType',4,3,0),(90,'DocumentType',5,4,0),(91,'Document',3,1,0),(92,'Document',4,2,0),(93,'Document',7,3,0),(94,'Document',5,4,0),(95,'Document',16,5,0),(96,'User',34,1,0),(98,'User',5,3,0),(99,'User',6,4,0),(100,'User',3,5,0),(101,'ConsumableItem',34,1,0),(102,'ConsumableItem',4,2,0),(103,'ConsumableItem',23,3,0),(104,'ConsumableItem',3,4,0),(105,'NetworkEquipment',40,4,0),(106,'Printer',40,5,0),(107,'Monitor',40,5,0),(108,'Peripheral',40,5,0),(109,'User',8,6,0),(110,'Phone',31,6,0),(111,'Phone',23,7,0),(112,'Phone',3,4,0),(222,'Phone',7,1,0),(114,'Phone',40,8,0),(115,'Phone',19,9,0),(225,'Computer',71,8,0),(117,'Group',16,1,0),(118,'States',31,1,0),(119,'ReservationItem',4,1,0),(120,'ReservationItem',3,2,0),(125,'Budget',3,2,0),(122,'Software',72,4,0),(123,'Software',163,5,0),(124,'Budget',2,1,0),(126,'Budget',4,3,0),(127,'Budget',19,4,0),(128,'Crontask',8,1,0),(129,'Crontask',3,2,0),(130,'Crontask',4,3,0),(131,'Crontask',7,4,0),(132,'RequestType',14,1,0),(133,'RequestType',15,2,0),(134,'NotificationTemplate',4,1,0),(135,'NotificationTemplate',16,2,0),(136,'Notification',5,1,0),(137,'Notification',6,2,0),(138,'Notification',2,3,0),(139,'Notification',4,4,0),(140,'Notification',80,5,0),(141,'Notification',86,6,0),(142,'MailCollector',2,1,0),(143,'MailCollector',19,2,0),(144,'AuthLDAP',3,1,0),(145,'AuthLDAP',19,2,0),(146,'AuthMail',3,1,0),(147,'AuthMail',19,2,0),(148,'OcsServer',3,1,0),(149,'OcsServer',19,2,0),(150,'Profile',2,1,0),(151,'Profile',3,2,0),(152,'Profile',19,3,0),(153,'Transfer',19,1,0),(154,'TicketValidation',3,1,0),(155,'TicketValidation',2,2,0),(156,'TicketValidation',8,3,0),(157,'TicketValidation',4,4,0),(158,'TicketValidation',9,5,0),(159,'TicketValidation',7,6,0),(160,'NotImportedEmail',2,1,0),(161,'NotImportedEmail',5,2,0),(162,'NotImportedEmail',4,3,0),(163,'NotImportedEmail',6,4,0),(164,'NotImportedEmail',16,5,0),(165,'NotImportedEmail',19,6,0),(166,'RuleRightParameter',11,1,0),(167,'Ticket',12,1,0),(168,'Ticket',19,2,0),(169,'Ticket',15,3,0),(170,'Ticket',3,4,0),(171,'Ticket',4,5,0),(172,'Ticket',5,6,0),(173,'Ticket',7,7,0),(174,'Calendar',19,1,0),(175,'Holiday',11,1,0),(176,'Holiday',12,2,0),(177,'Holiday',13,3,0),(178,'SLA',4,1,0),(179,'Ticket',18,8,0),(180,'AuthLdap',30,3,0),(181,'AuthMail',6,3,0),(182,'OcsServer',6,3,0),(183,'FieldUnicity',1,1,0),(184,'FieldUnicity',80,2,0),(185,'FieldUnicity',4,3,0),(186,'FieldUnicity',3,4,0),(187,'FieldUnicity',86,5,0),(188,'FieldUnicity',30,6,0),(189,'Problem',21,1,0),(190,'Problem',12,2,0),(191,'Problem',19,3,0),(192,'Problem',15,4,0),(193,'Problem',3,5,0),(194,'Problem',7,6,0),(195,'Problem',18,7,0),(196,'Vlan',11,1,0),(197,'TicketRecurrent',11,1,0),(198,'TicketRecurrent',12,2,0),(199,'TicketRecurrent',13,3,0),(200,'TicketRecurrent',15,4,0),(201,'TicketRecurrent',14,5,0),(202,'Reminder',2,1,0),(203,'Reminder',3,2,0),(204,'Reminder',4,3,0),(205,'Reminder',5,4,0),(206,'Reminder',6,5,0),(207,'Reminder',7,6,0),(208,'PluginGenericobjectType',10,1,0),(209,'PluginGenericobjectType',9,2,0),(210,'PluginGenericobjectType',8,3,0),(211,'PluginGenericobjectType',7,4,0),(212,'PluginGenericobjectType',6,5,0),(213,'PluginGenericobjectType',2,6,0),(214,'PluginGenericobjectType',4,7,0),(215,'PluginGenericobjectType',11,8,0),(216,'PluginGenericobjectType',12,9,0),(217,'PluginGenericobjectType',14,10,0),(218,'PluginGenericobjectType',15,11,0),(224,'Phone',71,2,0),(229,'Computer',6,11,0),(230,'PluginBadgesBadge',3,2,0),(231,'PluginBadgesBadge',4,3,0),(232,'PluginBadgesBadge',5,4,0),(233,'PluginRacksRack',2,2,0),(234,'PluginRacksRack',3,3,0),(235,'PluginRacksRack',4,4,0),(236,'PluginRacksRack',5,5,0),(237,'PluginResourcesResource',2,1,0),(238,'PluginResourcesResource',3,2,0),(239,'PluginResourcesResource',4,3,0),(240,'PluginResourcesResource',5,4,0),(241,'PluginResourcesResource',6,5,0),(242,'PluginResourcesResource',8,6,0),(243,'PluginResourcesTask',2,1,0),(244,'PluginResourcesTask',3,2,0),(245,'PluginResourcesTask',4,3,0),(246,'PluginResourcesTask',6,4,0),(247,'PluginResourcesTask',7,5,0),(248,'PluginResourcesDirectory',34,1,0),(249,'PluginResourcesDirectory',9,2,0),(250,'PluginResourcesDirectory',4320,3,0),(251,'PluginResourcesDirectory',3,4,0),(252,'PluginResourcesDirectory',5,5,0),(253,'PluginResourcesDirectory',10,6,0),(254,'PluginResourcesDirectory',6,7,0),(255,'PluginResourcesDirectory',11,8,0),(256,'PluginResourcesDirectory',4313,9,0),(257,'PluginResourcesDirectory',4314,10,0),(258,'PluginResourcesDirectory',4316,11,0),(259,'PluginResourcesChecklistconfig',2,1,0),(260,'PluginResourcesChecklistconfig',3,2,0),(261,'PluginResourcesChecklistconfig',4,3,0),(262,'PluginResourcesResourceResting',3,2,0),(263,'PluginResourcesResourceResting',4,3,0),(264,'PluginResourcesResourceResting',5,4,0),(265,'PluginResourcesResourceResting',6,5,0),(266,'PluginResourcesResourceHoliday',2,1,0),(267,'PluginResourcesResourceHoliday',3,2,0),(268,'PluginResourcesResourceHoliday',4,3,0),(269,'PluginResourcesResourceHoliday',5,4,0),(270,'PluginProjetProjet',2,1,0),(271,'PluginProjetProjet',3,2,0),(272,'PluginProjetProjet',4,3,0),(273,'PluginProjetProjet',5,4,0),(274,'PluginProjetProjet',6,5,0),(275,'PluginProjetProjet',7,6,0),(276,'PluginProjetTask',7,2,0),(277,'PluginProjetTask',10,3,0),(278,'PluginProjetTask',11,4,0),(279,'PluginProjetTask',6,5,0),(280,'PluginProjetTask',8,6,0),(281,'PluginProjetTask',9,7,0),(282,'PluginProjetTask',16,8,0),(283,'PluginArchiresLocationQuery',2,1,0),(284,'PluginArchiresLocationQuery',3,2,0),(285,'PluginArchiresLocationQuery',4,3,0),(286,'PluginArchiresLocationQuery',5,4,0),(287,'PluginArchiresLocationQuery',6,5,0),(288,'PluginArchiresLocationQuery',7,6,0),(289,'PluginArchiresLocationQuery',8,7,0),(290,'PluginArchiresNetworkEquipmentQuery',2,1,0),(291,'PluginArchiresNetworkEquipmentQuery',3,2,0),(292,'PluginArchiresNetworkEquipmentQuery',4,3,0),(293,'PluginArchiresNetworkEquipmentQuery',5,4,0),(294,'PluginArchiresNetworkEquipmentQuery',6,5,0),(295,'PluginArchiresNetworkEquipmentQuery',7,6,0),(296,'PluginArchiresApplianceQuery',2,1,0),(297,'PluginArchiresApplianceQuery',3,2,0),(298,'PluginArchiresApplianceQuery',4,3,0),(299,'PluginArchiresApplianceQuery',5,4,0),(300,'PluginArchiresApplianceQuery',6,5,0),(301,'PluginArchiresApplianceQuery',7,6,0),(302,'PluginRoutetablesRoutetable',2,1,0),(303,'PluginRoutetablesRoutetable',3,2,0),(304,'PluginRoutetablesRoutetable',4,3,0),(305,'PluginRoutetablesRoutetable',5,4,0);
/*!40000 ALTER TABLE `glpi_displaypreferences` ENABLE KEYS */;
UNLOCK TABLES;

--
-- Table structure for table `glpi_documentcategories`
--

DROP TABLE IF EXISTS `glpi_documentcategories`;
/*!40101 SET @saved_cs_client     = @@character_set_client */;
/*!40101 SET character_set_client = utf8 */;
CREATE TABLE `glpi_documentcategories` (
  `id` int(11) NOT NULL AUTO_INCREMENT,
  `name` varchar(255) COLLATE utf8_unicode_ci DEFAULT NULL,
  `comment` text COLLATE utf8_unicode_ci,
  PRIMARY KEY (`id`),
  KEY `name` (`name`)
) ENGINE=MyISAM AUTO_INCREMENT=2 DEFAULT CHARSET=utf8 COLLATE=utf8_unicode_ci;
/*!40101 SET character_set_client = @saved_cs_client */;

--
-- Dumping data for table `glpi_documentcategories`
--

LOCK TABLES `glpi_documentcategories` WRITE;
/*!40000 ALTER TABLE `glpi_documentcategories` DISABLE KEYS */;
INSERT INTO `glpi_documentcategories` VALUES (1,'Imported from US','');
/*!40000 ALTER TABLE `glpi_documentcategories` ENABLE KEYS */;
UNLOCK TABLES;

--
-- Table structure for table `glpi_documents`
--

DROP TABLE IF EXISTS `glpi_documents`;
/*!40101 SET @saved_cs_client     = @@character_set_client */;
/*!40101 SET character_set_client = utf8 */;
CREATE TABLE `glpi_documents` (
  `id` int(11) NOT NULL AUTO_INCREMENT,
  `entities_id` int(11) NOT NULL DEFAULT '0',
  `is_recursive` tinyint(1) NOT NULL DEFAULT '0',
  `name` varchar(255) COLLATE utf8_unicode_ci DEFAULT NULL,
  `filename` varchar(255) COLLATE utf8_unicode_ci DEFAULT NULL COMMENT 'for display and transfert',
  `filepath` varchar(255) COLLATE utf8_unicode_ci DEFAULT NULL COMMENT 'file storage path',
  `documentcategories_id` int(11) NOT NULL DEFAULT '0',
  `mime` varchar(255) COLLATE utf8_unicode_ci DEFAULT NULL,
  `date_mod` datetime DEFAULT NULL,
  `comment` text COLLATE utf8_unicode_ci,
  `is_deleted` tinyint(1) NOT NULL DEFAULT '0',
  `link` varchar(255) COLLATE utf8_unicode_ci DEFAULT NULL,
  `notepad` longtext COLLATE utf8_unicode_ci,
  `users_id` int(11) NOT NULL DEFAULT '0',
  `tickets_id` int(11) NOT NULL DEFAULT '0',
  `sha1sum` char(40) COLLATE utf8_unicode_ci DEFAULT NULL,
  PRIMARY KEY (`id`),
  KEY `date_mod` (`date_mod`),
  KEY `name` (`name`),
  KEY `entities_id` (`entities_id`),
  KEY `tickets_id` (`tickets_id`),
  KEY `users_id` (`users_id`),
  KEY `documentcategories_id` (`documentcategories_id`),
  KEY `is_deleted` (`is_deleted`),
  KEY `sha1sum` (`sha1sum`)
) ENGINE=MyISAM AUTO_INCREMENT=10 DEFAULT CHARSET=utf8 COLLATE=utf8_unicode_ci;
/*!40101 SET character_set_client = @saved_cs_client */;

--
-- Dumping data for table `glpi_documents`
--

LOCK TABLES `glpi_documents` WRITE;
/*!40000 ALTER TABLE `glpi_documents` DISABLE KEYS */;
INSERT INTO `glpi_documents` VALUES (1,0,0,'Document Contract - TK36','TK36.pdf','PDF/a8/eb4158bbfbd9a515acf7841f4367075e47c8fc.PDF',1,'application/pdf','2012-07-25 13:42:14',NULL,0,NULL,NULL,2,0,'a8eb4158bbfbd9a515acf7841f4367075e47c8fc'),(2,0,0,'Document Contract - TK130','TK130.pdf','PDF/df/d501f1db544c26ae25ce2082bd1b512b09fe8c.PDF',1,'application/pdf','2012-07-25 13:38:10',NULL,0,NULL,NULL,2,0,'dfd501f1db544c26ae25ce2082bd1b512b09fe8c'),(3,0,0,'Document Contract - TK134','TK134.pdf','PDF/99/1c0d957e3a9fe3205fdfddb1518cec40190e91.PDF',1,'application/pdf','2012-07-25 13:42:00',NULL,0,NULL,NULL,2,0,'991c0d957e3a9fe3205fdfddb1518cec40190e91'),(4,0,0,'Document Contract - TK135','TK135.pdf','PDF/45/6995c458a5ea72088a87d6f26e414c5e35f517.PDF',1,'application/pdf','2012-07-25 13:42:08',NULL,0,NULL,NULL,2,0,'456995c458a5ea72088a87d6f26e414c5e35f517'),(5,0,0,'Document Contract - TK1069','TK1069.pdf','PDF/ff/73310c331ec0832bf78612c2d029f6bf40b331.PDF',1,'application/pdf','2012-07-25 13:41:52',NULL,0,NULL,NULL,2,0,'ff73310c331ec0832bf78612c2d029f6bf40b331'),(6,0,0,'Document Contract - TK151','TK151.pdf','PDF/6e/ddd7547784da9ab28f4b58b34fc23b9c6eb646.PDF',0,'application/pdf','2012-07-25 13:49:14',NULL,0,NULL,NULL,2,0,'6eddd7547784da9ab28f4b58b34fc23b9c6eb646'),(7,0,0,'Document Contract - TK252','TK252.pdf','PDF/0c/d797203f070832114a08d19c67e239062c0377.PDF',0,'application/pdf','2012-07-25 13:50:52',NULL,0,NULL,NULL,2,0,'0cd797203f070832114a08d19c67e239062c0377'),(8,0,0,'TK0884','TK884.pdf','PDF/47/733eb7cacfa6a44ab8233c8c0303e1287b4f4c.PDF',0,'application/pdf','2012-08-27 13:22:14','',0,'',NULL,8,0,'47733eb7cacfa6a44ab8233c8c0303e1287b4f4c'),(9,0,0,'n c mt','Document_20121016103705.pdf','PDF/e6/7929ae4ad5705fe43ed141401038b56b5415f6.PDF',0,'application/pdf','2012-10-16 06:44:01',NULL,0,NULL,NULL,2,0,'e67929ae4ad5705fe43ed141401038b56b5415f6');
/*!40000 ALTER TABLE `glpi_documents` ENABLE KEYS */;
UNLOCK TABLES;

--
-- Table structure for table `glpi_documents_items`
--

DROP TABLE IF EXISTS `glpi_documents_items`;
/*!40101 SET @saved_cs_client     = @@character_set_client */;
/*!40101 SET character_set_client = utf8 */;
CREATE TABLE `glpi_documents_items` (
  `id` int(11) NOT NULL AUTO_INCREMENT,
  `documents_id` int(11) NOT NULL DEFAULT '0',
  `items_id` int(11) NOT NULL DEFAULT '0',
  `itemtype` varchar(100) COLLATE utf8_unicode_ci NOT NULL,
  `entities_id` int(11) NOT NULL DEFAULT '0',
  `is_recursive` tinyint(1) NOT NULL DEFAULT '0',
  PRIMARY KEY (`id`),
  UNIQUE KEY `unicity` (`documents_id`,`itemtype`,`items_id`),
  KEY `item` (`itemtype`,`items_id`,`entities_id`,`is_recursive`)
) ENGINE=MyISAM AUTO_INCREMENT=10 DEFAULT CHARSET=utf8 COLLATE=utf8_unicode_ci;
/*!40101 SET character_set_client = @saved_cs_client */;

--
-- Dumping data for table `glpi_documents_items`
--

LOCK TABLES `glpi_documents_items` WRITE;
/*!40000 ALTER TABLE `glpi_documents_items` DISABLE KEYS */;
INSERT INTO `glpi_documents_items` VALUES (1,1,6,'Contract',0,0),(2,2,3,'Contract',0,0),(3,3,2,'Contract',0,0),(4,4,1,'Contract',0,0),(5,5,4,'Contract',0,0),(6,6,9,'Contract',0,0),(7,7,10,'Contract',0,0),(8,8,11,'Contract',0,0),(9,9,80,'Computer',0,0);
/*!40000 ALTER TABLE `glpi_documents_items` ENABLE KEYS */;
UNLOCK TABLES;

--
-- Table structure for table `glpi_documenttypes`
--

DROP TABLE IF EXISTS `glpi_documenttypes`;
/*!40101 SET @saved_cs_client     = @@character_set_client */;
/*!40101 SET character_set_client = utf8 */;
CREATE TABLE `glpi_documenttypes` (
  `id` int(11) NOT NULL AUTO_INCREMENT,
  `name` varchar(255) COLLATE utf8_unicode_ci DEFAULT NULL,
  `ext` varchar(255) COLLATE utf8_unicode_ci DEFAULT NULL,
  `icon` varchar(255) COLLATE utf8_unicode_ci DEFAULT NULL,
  `mime` varchar(255) COLLATE utf8_unicode_ci DEFAULT NULL,
  `is_uploadable` tinyint(1) NOT NULL DEFAULT '1',
  `date_mod` datetime DEFAULT NULL,
  `comment` text COLLATE utf8_unicode_ci,
  PRIMARY KEY (`id`),
  UNIQUE KEY `unicity` (`ext`),
  KEY `name` (`name`),
  KEY `is_uploadable` (`is_uploadable`),
  KEY `date_mod` (`date_mod`)
) ENGINE=MyISAM AUTO_INCREMENT=73 DEFAULT CHARSET=utf8 COLLATE=utf8_unicode_ci;
/*!40101 SET character_set_client = @saved_cs_client */;

--
-- Dumping data for table `glpi_documenttypes`
--

LOCK TABLES `glpi_documenttypes` WRITE;
/*!40000 ALTER TABLE `glpi_documenttypes` DISABLE KEYS */;
INSERT INTO `glpi_documenttypes` VALUES (1,'JPEG','jpg','jpg-dist.png','',1,'2004-12-13 19:47:21',NULL),(2,'PNG','png','png-dist.png','',1,'2004-12-13 19:47:21',NULL),(3,'GIF','gif','gif-dist.png','',1,'2004-12-13 19:47:21',NULL),(4,'BMP','bmp','bmp-dist.png','',1,'2004-12-13 19:47:21',NULL),(5,'Photoshop','psd','psd-dist.png','',1,'2004-12-13 19:47:21',NULL),(6,'TIFF','tif','tif-dist.png','',1,'2004-12-13 19:47:21',NULL),(7,'AIFF','aiff','aiff-dist.png','',1,'2004-12-13 19:47:21',NULL),(8,'Windows Media','asf','asf-dist.png','',1,'2004-12-13 19:47:21',NULL),(9,'Windows Media','avi','avi-dist.png','',1,'2004-12-13 19:47:21',NULL),(44,'C source','c','c-dist.png','',1,'2011-12-06 09:48:34',NULL),(27,'RealAudio','rm','rm-dist.png','',1,'2004-12-13 19:47:21',NULL),(16,'Midi','mid','mid-dist.png','',1,'2004-12-13 19:47:21',NULL),(17,'QuickTime','mov','mov-dist.png','',1,'2004-12-13 19:47:21',NULL),(18,'MP3','mp3','mp3-dist.png','',1,'2004-12-13 19:47:21',NULL),(19,'MPEG','mpg','mpg-dist.png','',1,'2004-12-13 19:47:21',NULL),(20,'Ogg Vorbis','ogg','ogg-dist.png','',1,'2004-12-13 19:47:21',NULL),(24,'QuickTime','qt','qt-dist.png','',1,'2004-12-13 19:47:21',NULL),(10,'BZip','bz2','bz2-dist.png','',1,'2004-12-13 19:47:21',NULL),(25,'RealAudio','ra','ra-dist.png','',1,'2004-12-13 19:47:21',NULL),(26,'RealAudio','ram','ram-dist.png','',1,'2004-12-13 19:47:21',NULL),(11,'Word','doc','doc-dist.png','',1,'2004-12-13 19:47:21',NULL),(12,'DjVu','djvu','','',1,'2004-12-13 19:47:21',NULL),(42,'MNG','mng','','',1,'2004-12-13 19:47:22',NULL),(13,'PostScript','eps','ps-dist.png','',1,'2004-12-13 19:47:21',NULL),(14,'GZ','gz','gz-dist.png','',1,'2004-12-13 19:47:21',NULL),(37,'WAV','wav','wav-dist.png','',1,'2004-12-13 19:47:22',NULL),(15,'HTML','html','html-dist.png','',1,'2004-12-13 19:47:21',NULL),(34,'Flash','swf','swf-dist.png','',1,'2011-12-06 09:48:34',NULL),(21,'PDF','pdf','pdf-dist.png','',1,'2004-12-13 19:47:21',NULL),(22,'PowerPoint','ppt','ppt-dist.png','',1,'2004-12-13 19:47:21',NULL),(23,'PostScript','ps','ps-dist.png','',1,'2004-12-13 19:47:21',NULL),(40,'Windows Media','wmv','wmv-dist.png','',1,'2011-12-06 09:48:34',NULL),(28,'RTF','rtf','rtf-dist.png','',1,'2004-12-13 19:47:21',NULL),(29,'StarOffice','sdd','sdd-dist.png','',1,'2004-12-13 19:47:22',NULL),(30,'StarOffice','sdw','sdw-dist.png','',1,'2004-12-13 19:47:22',NULL),(31,'Stuffit','sit','sit-dist.png','',1,'2004-12-13 19:47:22',NULL),(43,'Adobe Illustrator','ai','ai-dist.png','',1,'2004-12-13 19:47:22',NULL),(32,'OpenOffice Impress','sxi','sxi-dist.png','',1,'2004-12-13 19:47:22',NULL),(33,'OpenOffice','sxw','sxw-dist.png','',1,'2004-12-13 19:47:22',NULL),(46,'DVI','dvi','dvi-dist.png','',1,'2004-12-13 19:47:22',NULL),(35,'TGZ','tgz','tgz-dist.png','',1,'2004-12-13 19:47:22',NULL),(36,'texte','txt','txt-dist.png','',1,'2004-12-13 19:47:22',NULL),(49,'RedHat/Mandrake/SuSE','rpm','rpm-dist.png','',1,'2004-12-13 19:47:22',NULL),(38,'Excel','xls','xls-dist.png','',1,'2004-12-13 19:47:22',NULL),(39,'XML','xml','xml-dist.png','',1,'2004-12-13 19:47:22',NULL),(41,'Zip','zip','zip-dist.png','',1,'2011-12-06 09:48:34',NULL),(45,'Debian','deb','deb-dist.png','',1,'2004-12-13 19:47:22',NULL),(47,'C header','h','h-dist.png','',1,'2011-12-06 09:48:34',NULL),(48,'Pascal','pas','pas-dist.png','',1,'2011-12-06 09:48:34',NULL),(50,'OpenOffice Calc','sxc','sxc-dist.png','',1,'2004-12-13 19:47:22',NULL),(51,'LaTeX','tex','tex-dist.png','',1,'2004-12-13 19:47:22',NULL),(52,'GIMP multi-layer','xcf','xcf-dist.png','',1,'2004-12-13 19:47:22',NULL),(53,'JPEG','jpeg','jpg-dist.png','',1,'2005-03-07 22:23:17',NULL),(54,'Oasis Open Office Writer','odt','odt-dist.png','',1,'2006-01-21 17:41:13',NULL),(55,'Oasis Open Office Calc','ods','ods-dist.png','',1,'2006-01-21 17:41:31',NULL),(56,'Oasis Open Office Impress','odp','odp-dist.png','',1,'2006-01-21 17:42:54',NULL),(57,'Oasis Open Office Impress Template','otp','odp-dist.png','',1,'2006-01-21 17:43:58',NULL),(58,'Oasis Open Office Writer Template','ott','odt-dist.png','',1,'2006-01-21 17:44:41',NULL),(59,'Oasis Open Office Calc Template','ots','ods-dist.png','',1,'2006-01-21 17:45:30',NULL),(60,'Oasis Open Office Math','odf','odf-dist.png','',1,'2006-01-21 17:48:05',NULL),(61,'Oasis Open Office Draw','odg','odg-dist.png','',1,'2006-01-21 17:48:31',NULL),(62,'Oasis Open Office Draw Template','otg','odg-dist.png','',1,'2006-01-21 17:49:46',NULL),(63,'Oasis Open Office Base','odb','odb-dist.png','',1,'2006-01-21 18:03:34',NULL),(64,'Oasis Open Office HTML','oth','oth-dist.png','',1,'2006-01-21 18:05:27',NULL),(65,'Oasis Open Office Writer Master','odm','odm-dist.png','',1,'2006-01-21 18:06:34',NULL),(66,'Oasis Open Office Chart','odc','','',1,'2006-01-21 18:07:48',NULL),(67,'Oasis Open Office Image','odi','','',1,'2006-01-21 18:08:18',NULL),(68,'Word XML','docx','doc-dist.png',NULL,1,'2011-01-18 11:40:42',NULL),(69,'Excel XML','xlsx','xls-dist.png',NULL,1,'2011-01-18 11:40:42',NULL),(70,'PowerPoint XML','pptx','ppt-dist.png',NULL,1,'2011-01-18 11:40:42',NULL),(71,'Comma-Separated Values','csv','csv-dist.png',NULL,1,'2011-12-06 09:48:34',NULL),(72,'Scalable Vector Graphics','svg','svg-dist.png',NULL,1,'2011-12-06 09:48:34',NULL);
/*!40000 ALTER TABLE `glpi_documenttypes` ENABLE KEYS */;
UNLOCK TABLES;

--
-- Table structure for table `glpi_domains`
--

DROP TABLE IF EXISTS `glpi_domains`;
/*!40101 SET @saved_cs_client     = @@character_set_client */;
/*!40101 SET character_set_client = utf8 */;
CREATE TABLE `glpi_domains` (
  `id` int(11) NOT NULL AUTO_INCREMENT,
  `name` varchar(255) COLLATE utf8_unicode_ci DEFAULT NULL,
  `comment` text COLLATE utf8_unicode_ci,
  PRIMARY KEY (`id`),
  KEY `name` (`name`)
) ENGINE=MyISAM DEFAULT CHARSET=utf8 COLLATE=utf8_unicode_ci;
/*!40101 SET character_set_client = @saved_cs_client */;

--
-- Dumping data for table `glpi_domains`
--

LOCK TABLES `glpi_domains` WRITE;
/*!40000 ALTER TABLE `glpi_domains` DISABLE KEYS */;
/*!40000 ALTER TABLE `glpi_domains` ENABLE KEYS */;
UNLOCK TABLES;

--
-- Table structure for table `glpi_entities`
--

DROP TABLE IF EXISTS `glpi_entities`;
/*!40101 SET @saved_cs_client     = @@character_set_client */;
/*!40101 SET character_set_client = utf8 */;
CREATE TABLE `glpi_entities` (
  `id` int(11) NOT NULL AUTO_INCREMENT,
  `name` varchar(255) COLLATE utf8_unicode_ci DEFAULT NULL,
  `entities_id` int(11) NOT NULL DEFAULT '0',
  `completename` text COLLATE utf8_unicode_ci,
  `comment` text COLLATE utf8_unicode_ci,
  `level` int(11) NOT NULL DEFAULT '0',
  `sons_cache` longtext COLLATE utf8_unicode_ci,
  `ancestors_cache` longtext COLLATE utf8_unicode_ci,
  PRIMARY KEY (`id`),
  UNIQUE KEY `unicity` (`entities_id`,`name`),
  KEY `entities_id` (`entities_id`)
) ENGINE=MyISAM AUTO_INCREMENT=2 DEFAULT CHARSET=utf8 COLLATE=utf8_unicode_ci;
/*!40101 SET character_set_client = @saved_cs_client */;

--
-- Dumping data for table `glpi_entities`
--

LOCK TABLES `glpi_entities` WRITE;
/*!40000 ALTER TABLE `glpi_entities` DISABLE KEYS */;
/*!40000 ALTER TABLE `glpi_entities` ENABLE KEYS */;
UNLOCK TABLES;

--
-- Table structure for table `glpi_entities_knowbaseitems`
--

DROP TABLE IF EXISTS `glpi_entities_knowbaseitems`;
/*!40101 SET @saved_cs_client     = @@character_set_client */;
/*!40101 SET character_set_client = utf8 */;
CREATE TABLE `glpi_entities_knowbaseitems` (
  `id` int(11) NOT NULL AUTO_INCREMENT,
  `knowbaseitems_id` int(11) NOT NULL DEFAULT '0',
  `entities_id` int(11) NOT NULL DEFAULT '0',
  `is_recursive` tinyint(1) NOT NULL DEFAULT '0',
  PRIMARY KEY (`id`),
  KEY `knowbaseitems_id` (`knowbaseitems_id`),
  KEY `entities_id` (`entities_id`),
  KEY `is_recursive` (`is_recursive`)
) ENGINE=MyISAM DEFAULT CHARSET=utf8 COLLATE=utf8_unicode_ci;
/*!40101 SET character_set_client = @saved_cs_client */;

--
-- Dumping data for table `glpi_entities_knowbaseitems`
--

LOCK TABLES `glpi_entities_knowbaseitems` WRITE;
/*!40000 ALTER TABLE `glpi_entities_knowbaseitems` DISABLE KEYS */;
/*!40000 ALTER TABLE `glpi_entities_knowbaseitems` ENABLE KEYS */;
UNLOCK TABLES;

--
-- Table structure for table `glpi_entities_reminders`
--

DROP TABLE IF EXISTS `glpi_entities_reminders`;
/*!40101 SET @saved_cs_client     = @@character_set_client */;
/*!40101 SET character_set_client = utf8 */;
CREATE TABLE `glpi_entities_reminders` (
  `id` int(11) NOT NULL AUTO_INCREMENT,
  `reminders_id` int(11) NOT NULL DEFAULT '0',
  `entities_id` int(11) NOT NULL DEFAULT '0',
  `is_recursive` tinyint(1) NOT NULL DEFAULT '0',
  PRIMARY KEY (`id`),
  KEY `reminders_id` (`reminders_id`),
  KEY `entities_id` (`entities_id`),
  KEY `is_recursive` (`is_recursive`)
) ENGINE=MyISAM DEFAULT CHARSET=utf8 COLLATE=utf8_unicode_ci;
/*!40101 SET character_set_client = @saved_cs_client */;

--
-- Dumping data for table `glpi_entities_reminders`
--

LOCK TABLES `glpi_entities_reminders` WRITE;
/*!40000 ALTER TABLE `glpi_entities_reminders` DISABLE KEYS */;
/*!40000 ALTER TABLE `glpi_entities_reminders` ENABLE KEYS */;
UNLOCK TABLES;

--
-- Table structure for table `glpi_entitydatas`
--

DROP TABLE IF EXISTS `glpi_entitydatas`;
/*!40101 SET @saved_cs_client     = @@character_set_client */;
/*!40101 SET character_set_client = utf8 */;
CREATE TABLE `glpi_entitydatas` (
  `id` int(11) NOT NULL AUTO_INCREMENT,
  `entities_id` int(11) NOT NULL DEFAULT '0',
  `address` text COLLATE utf8_unicode_ci,
  `postcode` varchar(255) COLLATE utf8_unicode_ci DEFAULT NULL,
  `town` varchar(255) COLLATE utf8_unicode_ci DEFAULT NULL,
  `state` varchar(255) COLLATE utf8_unicode_ci DEFAULT NULL,
  `country` varchar(255) COLLATE utf8_unicode_ci DEFAULT NULL,
  `website` varchar(255) COLLATE utf8_unicode_ci DEFAULT NULL,
  `phonenumber` varchar(255) COLLATE utf8_unicode_ci DEFAULT NULL,
  `fax` varchar(255) COLLATE utf8_unicode_ci DEFAULT NULL,
  `email` varchar(255) COLLATE utf8_unicode_ci DEFAULT NULL,
  `admin_email` varchar(255) COLLATE utf8_unicode_ci DEFAULT NULL,
  `admin_email_name` varchar(255) COLLATE utf8_unicode_ci DEFAULT NULL,
  `admin_reply` varchar(255) COLLATE utf8_unicode_ci DEFAULT NULL,
  `admin_reply_name` varchar(255) COLLATE utf8_unicode_ci DEFAULT NULL,
  `notification_subject_tag` varchar(255) COLLATE utf8_unicode_ci DEFAULT NULL,
  `notepad` longtext COLLATE utf8_unicode_ci,
  `ldap_dn` varchar(255) COLLATE utf8_unicode_ci DEFAULT NULL,
  `tag` varchar(255) COLLATE utf8_unicode_ci DEFAULT NULL,
  `authldaps_id` int(11) NOT NULL DEFAULT '0',
  `mail_domain` varchar(255) COLLATE utf8_unicode_ci DEFAULT NULL,
  `entity_ldapfilter` text COLLATE utf8_unicode_ci,
  `mailing_signature` text COLLATE utf8_unicode_ci,
  `cartridges_alert_repeat` int(11) NOT NULL DEFAULT '-2',
  `consumables_alert_repeat` int(11) NOT NULL DEFAULT '-2',
  `use_licenses_alert` int(11) NOT NULL DEFAULT '-2',
  `use_contracts_alert` int(11) NOT NULL DEFAULT '-2',
  `use_infocoms_alert` int(11) NOT NULL DEFAULT '-2',
  `use_reservations_alert` int(11) NOT NULL DEFAULT '-2',
  `autoclose_delay` int(11) NOT NULL DEFAULT '-2',
  `notclosed_delay` int(11) NOT NULL DEFAULT '-2',
  `calendars_id` int(11) NOT NULL DEFAULT '-2',
  `auto_assign_mode` int(11) NOT NULL DEFAULT '-2',
  `tickettype` int(11) NOT NULL DEFAULT '-2',
  `max_closedate` datetime DEFAULT NULL,
  `inquest_config` int(11) NOT NULL DEFAULT '-2',
  `inquest_rate` int(11) NOT NULL DEFAULT '0',
  `inquest_delay` int(11) NOT NULL DEFAULT '-10',
  `inquest_URL` varchar(255) COLLATE utf8_unicode_ci DEFAULT NULL,
  `autofill_warranty_date` varchar(255) COLLATE utf8_unicode_ci DEFAULT '-2',
  `autofill_use_date` varchar(255) COLLATE utf8_unicode_ci DEFAULT '-2',
  `autofill_buy_date` varchar(255) COLLATE utf8_unicode_ci DEFAULT '-2',
  `autofill_delivery_date` varchar(255) COLLATE utf8_unicode_ci DEFAULT '-2',
  `autofill_order_date` varchar(255) COLLATE utf8_unicode_ci DEFAULT '-2',
  `tickettemplates_id` int(11) NOT NULL DEFAULT '-2',
  `entities_id_software` int(11) NOT NULL DEFAULT '-2',
  `default_contract_alert` int(11) NOT NULL DEFAULT '0',
  `default_infocom_alert` int(11) NOT NULL DEFAULT '0',
  `default_alarm_threshold` int(11) NOT NULL DEFAULT '10',
  PRIMARY KEY (`id`),
  UNIQUE KEY `unicity` (`entities_id`)
) ENGINE=MyISAM AUTO_INCREMENT=2 DEFAULT CHARSET=utf8 COLLATE=utf8_unicode_ci;
/*!40101 SET character_set_client = @saved_cs_client */;

--
-- Dumping data for table `glpi_entitydatas`
--

LOCK TABLES `glpi_entitydatas` WRITE;
/*!40000 ALTER TABLE `glpi_entitydatas` DISABLE KEYS */;
INSERT INTO `glpi_entitydatas` VALUES (1,0,NULL,NULL,NULL,NULL,NULL,NULL,NULL,NULL,NULL,NULL,NULL,NULL,NULL,NULL,NULL,NULL,NULL,0,NULL,NULL,NULL,0,0,0,0,0,0,-1,0,0,-10,1,NULL,1,0,0,NULL,'0','0','0','0','0',1,-10,0,0,10);
/*!40000 ALTER TABLE `glpi_entitydatas` ENABLE KEYS */;
UNLOCK TABLES;

--
-- Table structure for table `glpi_events`
--

DROP TABLE IF EXISTS `glpi_events`;
/*!40101 SET @saved_cs_client     = @@character_set_client */;
/*!40101 SET character_set_client = utf8 */;
CREATE TABLE `glpi_events` (
  `id` int(11) NOT NULL AUTO_INCREMENT,
  `items_id` int(11) NOT NULL DEFAULT '0',
  `type` varchar(255) COLLATE utf8_unicode_ci DEFAULT NULL,
  `date` datetime DEFAULT NULL,
  `service` varchar(255) COLLATE utf8_unicode_ci DEFAULT NULL,
  `level` int(11) NOT NULL DEFAULT '0',
  `message` text COLLATE utf8_unicode_ci,
  PRIMARY KEY (`id`),
  KEY `date` (`date`),
  KEY `level` (`level`),
  KEY `item` (`type`,`items_id`)
) ENGINE=MyISAM AUTO_INCREMENT=1746 DEFAULT CHARSET=utf8 COLLATE=utf8_unicode_ci;
/*!40101 SET character_set_client = @saved_cs_client */;

--
-- Dumping data for table `glpi_events`
--

LOCK TABLES `glpi_events` WRITE;
/*!40000 ALTER TABLE `glpi_events` DISABLE KEYS */;
INSERT INTO `glpi_events` VALUES (1,-1,'system','2012-05-07 09:32:28','login',3,'glpi IP connection: 10.38.33.87'),(2,-1,'system','2012-05-07 11:14:51','login',3,'glpi IP connection: 10.38.5.111'),(3,1,'State','2012-05-07 11:24:27','setup',4,'glpi added OK.'),(4,2,'State','2012-05-07 11:24:35','setup',4,'glpi added Fail.'),(5,3,'State','2012-05-07 11:24:42','setup',4,'glpi added In Box.'),(6,4,'State','2012-05-07 11:25:58','setup',4,'glpi added New.'),(7,1,'Manufacturer','2012-05-07 11:26:38','setup',4,'glpi added Dell.'),(8,2,'Manufacturer','2012-05-07 11:26:43','setup',4,'glpi added Lenovo.'),(9,1,'ComputerModel','2012-05-07 11:26:57','setup',4,'glpi added D630.'),(10,2,'ComputerModel','2012-05-07 11:27:03','setup',4,'glpi added E6420.'),(11,3,'ComputerModel','2012-05-07 11:27:10','setup',4,'glpi added E6410.'),(12,4,'ComputerModel','2012-05-07 11:27:22','setup',4,'glpi added E6400.'),(13,5,'ComputerModel','2012-05-07 11:27:42','setup',4,'glpi added T420s.'),(14,1,'groups','2012-05-07 11:32:53','setup',4,'glpi add the item Hardware.'),(15,2,'groups','2012-05-07 11:33:01','setup',4,'glpi add the item Validation.'),(16,3,'groups','2012-05-07 11:33:08','setup',4,'glpi add the item Transport.'),(17,4,'groups','2012-05-07 11:33:13','setup',4,'glpi add the item ASIC.'),(18,5,'groups','2012-05-07 11:33:18','setup',4,'glpi add the item Admin.'),(19,1,'computers','2012-05-07 11:33:51','inventory',4,'glpi add the item HCM.AD.AMCC.COM.'),(20,1,'infocom','2012-05-07 11:42:04','financial',4,'glpi add the item'),(21,2,'computers','2012-05-07 11:46:47','inventory',4,'glpi add the item HCM.AMCC.COM.'),(22,-1,'system','2012-05-07 11:53:27','login',3,'glpi IP connection: 10.38.6.119'),(23,-1,'system','2012-05-07 12:07:32','login',3,'glpi IP connection: 10.38.6.119'),(24,-1,'system','2012-05-07 12:17:07','login',3,'glpi IP connection: 10.38.6.119'),(25,-1,'system','2012-05-08 05:25:20','login',3,'glpi IP connection: 10.38.6.119'),(26,2,'infocom','2012-05-08 05:25:56','financial',4,'glpi add the item'),(27,-1,'system','2012-05-10 06:15:44','login',3,'glpi IP connection: 10.38.33.75'),(28,-1,'system','2012-05-10 06:53:46','login',3,'glpi IP connection: 10.38.5.152'),(29,-1,'system','2012-05-10 06:58:55','login',3,'glpi IP connection: 10.38.5.152'),(30,-1,'system','2012-05-10 07:46:17','login',3,'glpi IP connection: 10.38.5.111'),(31,1,'Entity','2012-05-10 08:06:48','setup',4,'glpi added yvo.'),(32,-1,'system','2012-05-10 09:39:01','login',3,'glpi IP connection: 10.38.5.152'),(33,1,'Entity','2012-05-10 09:54:11','setup',4,'glpi item\'s deletion'),(34,-1,'system','2012-05-10 09:55:43','login',1,'connection failed: chpham (10.38.5.152)'),(35,-1,'system','2012-05-10 09:55:57','login',3,'glpi IP connection: 10.38.5.152'),(36,-1,'system','2012-05-10 09:56:27','login',1,'connection failed: chpham@amcc.com (10.38.5.152)'),(37,-1,'system','2012-05-10 09:56:43','login',1,'connection failed: amcc\\chpham (10.38.5.152)'),(38,-1,'system','2012-05-10 09:56:52','login',3,'glpi IP connection: 10.38.5.152'),(39,-1,'system','2012-05-10 09:58:39','login',3,'Chuong Huynh Minh Pham IP connection: 10.38.5.152'),(40,6,'users','2012-05-10 09:58:44','setup',4,'glpi add a user to an entity'),(41,-1,'system','2012-05-10 10:01:10','login',3,'tduong IP connection: 10.38.5.111'),(42,-1,'system','2012-05-10 10:01:49','login',3,'tduong IP connection: 10.38.5.111'),(43,-1,'system','2012-05-10 10:02:18','login',3,'glpi IP connection: 10.38.5.111'),(44,-1,'system','2012-05-10 10:03:53','login',3,'glpi IP connection: 10.38.5.152'),(45,-1,'system','2012-05-10 10:07:56','login',3,'tduong IP connection: 10.38.5.111'),(46,-1,'system','2012-05-10 10:08:21','login',3,'glpi IP connection: 10.38.5.111'),(47,5,'groups','2012-05-10 10:10:32','setup',4,'glpi add a user to a group'),(48,-1,'system','2012-05-10 10:11:42','login',3,'tduong IP connection: 10.38.5.111'),(49,1,'ticket','2012-05-10 10:12:04','tracking',4,'Duong Trung add the item'),(50,-1,'system','2012-05-10 10:12:26','login',3,'glpi IP connection: 10.38.5.111'),(51,1,'ticket','2012-05-10 10:16:54','tracking',4,'glpi update the item'),(52,-1,'system','2012-05-10 10:17:07','login',3,'tduong IP connection: 10.38.5.152'),(53,2,'ticket','2012-05-10 10:17:24','tracking',4,'Duong Trung add the item'),(54,-1,'system','2012-05-10 10:18:08','login',3,'tduong IP connection: 10.38.5.111'),(55,-1,'system','2012-05-10 10:18:28','login',3,'glpi IP connection: 10.38.5.111'),(56,-1,'system','2012-05-10 10:20:45','login',3,'tduong IP connection: 10.38.33.75'),(57,3,'ticket','2012-05-10 10:21:23','tracking',4,'Duong Trung add the item'),(58,9,'users','2012-05-10 10:22:13','setup',4,'glpi add a user to a group'),(59,4,'ticket','2012-05-10 10:22:59','tracking',4,'Duong Trung add the item'),(60,4,'ticket','2012-05-10 10:27:31','tracking',4,'glpi update the item'),(61,7,'groups','2012-05-10 10:28:32','setup',4,'glpi add the item IT.'),(62,9,'users','2012-05-10 10:29:02','setup',4,'glpi add a user to a group'),(63,8,'users','2012-05-10 10:29:14','setup',4,'glpi add a user to a group'),(64,2,'notifications','2012-05-10 10:30:22','notification',4,'glpi update the item'),(65,-1,'system','2012-05-10 10:30:57','login',3,'glpi IP connection: 10.38.5.152'),(66,2,'notifications','2012-05-10 10:30:57','notification',4,'glpi update the item'),(67,5,'ticket','2012-05-10 10:32:23','tracking',4,'Duong Trung add the item'),(68,-1,'system','2012-05-10 10:37:35','login',3,'tduong IP connection: 10.38.33.75'),(69,10,'users','2012-05-10 10:41:39','setup',4,'glpi add a user to a group'),(70,11,'users','2012-05-10 10:42:57','setup',4,'glpi add the item hardware_test.'),(71,11,'users','2012-05-10 10:43:11','setup',4,'glpi add a user to a group'),(72,11,'users','2012-05-10 10:44:23','setup',4,'glpi add a user to an entity'),(73,-1,'system','2012-05-10 10:44:49','login',3,'hardware_test IP connection: 10.38.33.75'),(74,-1,'system','2012-05-10 10:45:15','login',1,'connection failed: harware_test (10.38.33.75)'),(75,-1,'system','2012-05-10 10:45:24','login',3,'hardware_test IP connection: 10.38.33.75'),(76,-1,'system','2012-05-10 10:47:09','login',3,'hardware_test IP connection: 10.38.33.75'),(77,3,'computers','2012-05-10 10:50:34','inventory',4,'glpi add the item HCMHGRY5Q1.'),(78,1,'OperatingSystem','2012-05-10 10:51:21','setup',4,'glpi added MS Windows 7 x64.'),(79,2,'OperatingSystem','2012-05-10 10:51:38','setup',4,'glpi added Linux RHEL 4 Server.'),(80,3,'computers','2012-05-10 10:52:32','inventory',4,'glpi update the item'),(81,1,'Network','2012-05-10 10:53:58','setup',4,'glpi added LAB Vlan @ 3rd Floor.'),(82,2,'Network','2012-05-10 10:54:11','setup',4,'glpi added LAB Vlan @ 3nd floor.'),(83,3,'Network','2012-05-10 11:01:31','setup',4,'glpi added Office VLAN @ 3Ard Floor .'),(84,4,'Network','2012-05-10 11:01:38','setup',4,'glpi added Office VLAN @ 3Brd Floor .'),(85,5,'Network','2012-05-10 11:01:48','setup',4,'glpi added Office VLAN @ 2Ard Floor .'),(86,6,'Network','2012-05-10 11:01:58','setup',4,'glpi added Office VLAN @ 2Bnd Floor .'),(87,3,'computers','2012-05-10 11:02:08','inventory',4,'glpi update the item'),(88,1,'NetworkInterface','2012-05-10 11:04:58','setup',4,'glpi added Ethernet 1G.'),(89,0,'networkport','2012-05-10 11:05:23','inventory',5,'glpi add network port'),(90,1,'networkport','2012-05-10 11:06:14','inventory',4,'glpi update the item'),(91,1,'networkport','2012-05-10 11:06:30','inventory',4,'glpi update the item'),(92,1,'Vlan','2012-05-10 11:07:07','setup',4,'glpi added VLAN-04.'),(93,0,'networkport','2012-05-10 11:07:12','inventory',5,'glpi associate a VLAN to a network port'),(94,4,'Network','2012-05-10 11:08:19','setup',4,'glpi item\'s deletion'),(95,-1,'system','2012-05-10 11:10:18','login',3,'hardware_test IP connection: 10.38.33.75'),(96,-1,'system','2012-05-10 11:14:00','login',3,'chpham IP connection: 10.38.33.230'),(97,-1,'system','2012-05-10 11:14:17','login',3,'chpham IP connection: 10.38.33.230'),(98,-1,'system','2012-05-10 11:14:29','login',1,'connection failed: glpi (10.38.33.230)'),(99,-1,'system','2012-05-10 11:14:36','login',3,'glpi IP connection: 10.38.33.230'),(100,-1,'system','2012-05-10 11:15:01','login',3,'chpham IP connection: 10.38.33.230'),(101,-1,'system','2012-05-10 11:15:19','login',3,'chpham IP connection: 10.38.33.230'),(102,-1,'system','2012-05-10 11:15:35','login',3,'glpi IP connection: 10.38.33.230'),(103,8,'groups','2012-05-10 11:19:23','setup',4,'glpi add the item Software.'),(104,-1,'system','2012-05-10 11:20:11','login',3,'hardware_test IP connection: 10.38.33.75'),(105,-1,'system','2012-05-10 11:20:45','login',3,'hardware_test IP connection: 10.38.33.75'),(106,1,'peripherals','2012-05-10 11:22:00','inventory',4,'glpi add the item .'),(107,3,'Manufacturer','2012-05-10 11:22:30','setup',4,'glpi added Cisco.'),(108,2,'peripherals','2012-05-10 11:23:02','inventory',4,'glpi add the item switch 24 port.'),(109,-1,'system','2012-05-10 11:23:19','login',3,'hardware_test IP connection: 10.38.33.75'),(110,13,'users','2012-05-10 11:26:45','setup',4,'glpi add the item sw_test.'),(111,13,'users','2012-05-10 11:27:01','setup',4,'glpi add a user to a group'),(112,13,'users','2012-05-10 11:28:56','setup',4,'glpi add a user to an entity'),(113,-1,'system','2012-05-10 11:29:43','login',3,'sw_test IP connection: 10.38.33.75'),(114,2,'peripherals','2012-05-10 11:29:57','inventory',4,'sw_test use unitary management for this item'),(115,0,'users','2012-05-10 11:32:11','setup',5,'glpi  update the item  sw_test.'),(116,14,'users','2012-05-10 11:32:36','setup',4,'glpi add the item hw_test.'),(117,0,'users','2012-05-10 11:32:51','setup',5,'glpi  update the item  hw_test.'),(118,14,'users','2012-05-10 11:32:58','setup',4,'glpi add a user to an entity'),(119,0,'users','2012-05-10 11:33:04','setup',5,'glpi  update the item  hw_test.'),(120,0,'entity','2012-05-10 11:33:10','setup',4,'glpi user\'s deletion from entity'),(121,14,'users','2012-05-10 11:33:20','setup',4,'glpi add a user to a group'),(122,-1,'system','2012-05-10 11:33:30','login',3,'hw_test IP connection: 10.38.33.75'),(123,-1,'system','2012-05-10 11:34:59','login',3,'hw_test IP connection: 10.38.33.75'),(124,-1,'system','2012-05-10 11:37:15','login',3,'glpi IP connection: 10.38.33.230'),(125,-1,'system','2012-05-10 11:43:22','login',3,'glpi IP connection: 10.38.33.230'),(126,-1,'system','2012-05-10 11:44:47','login',3,'tbui IP connection: 10.38.32.196'),(127,2,'peripherals','2012-05-10 11:48:57','inventory',4,'tbui update the item'),(128,2,'peripherals','2012-05-10 11:52:30','inventory',4,'tbui update the item'),(129,6,'rules','2012-05-10 12:28:53','setup',4,'glpi add the item'),(130,-1,'system','2012-05-11 05:39:50','login',3,'glpi IP connection: 10.38.5.152'),(131,-1,'system','2012-05-11 06:06:22','login',3,'glpi IP connection: 10.38.5.152'),(132,-1,'system','2012-05-15 05:33:39','login',3,'glpi IP connection: 10.38.5.152'),(133,-1,'system','2012-05-15 05:42:44','login',3,'glpi IP connection: 10.38.5.152'),(134,-1,'system','2012-05-15 06:10:18','login',3,'glpi IP connection: 10.38.33.230'),(135,-1,'system','2012-05-15 06:24:04','login',3,'glpi IP connection: 10.38.33.230'),(136,-1,'system','2012-05-15 06:25:45','login',1,'connection failed: glpi (10.38.33.230)'),(137,-1,'system','2012-05-15 06:25:51','login',3,'glpi IP connection: 10.38.33.230'),(138,-1,'system','2012-06-22 07:23:55','login',3,'glpi IP connection: 10.38.5.175'),(139,-1,'system','2012-07-23 11:33:28','login',3,'glpi IP connection: 10.38.32.84'),(140,1,'PhoneModel','2012-07-23 11:37:35','setup',4,'glpi added 7945G.'),(141,1,'phones','2012-07-23 11:38:02','inventory',4,'glpi add the item Cisco IP Phone 7945G.'),(142,1,'Location','2012-07-23 11:38:43','setup',4,'glpi added Hardware.'),(143,2,'phones','2012-07-23 11:39:12','inventory',4,'glpi add the item Cisco IP Phone 7945G.'),(144,2,'Location','2012-07-23 11:39:53','setup',4,'glpi added IT.'),(145,3,'phones','2012-07-23 11:40:15','inventory',4,'glpi add the item Cisco IP Phone 7945G.'),(146,4,'Manufacturer','2012-07-23 11:41:50','setup',4,'glpi added HP.'),(147,1,'printers','2012-07-23 11:41:59','inventory',4,'glpi  add the item  HP Printer M5035MFP.'),(148,2,'printers','2012-07-23 11:42:41','inventory',4,'glpi  add the item  HP Printer M5035MFP.'),(149,3,'Location','2012-07-23 11:43:05','setup',4,'glpi added 3rd Floor.'),(150,4,'Location','2012-07-23 11:43:12','setup',4,'glpi added 2nd Floor.'),(151,2,'printers','2012-07-23 11:43:18','inventory',4,'glpi update the item'),(152,3,'printers','2012-07-23 11:43:50','inventory',4,'glpi  add the item  HP Printer M5035MFP.'),(153,4,'printers','2012-07-23 11:44:17','inventory',4,'glpi  add the item  HP Printer M5035MFP.'),(154,5,'printers','2012-07-23 11:44:58','inventory',4,'glpi  add the item  Dell Color Printer 5100CN.'),(155,3,'OperatingSystem','2012-07-23 11:46:45','setup',4,'glpi added Ubuntu Client.'),(156,4,'computers','2012-07-23 11:47:27','inventory',4,'glpi add the item HCM7QHJV1S.'),(157,6,'printers','2012-07-23 11:51:24','inventory',4,'glpi  add the item  HP Printer All-in-one 3055.'),(158,1,'networkequipment','2012-07-23 11:52:25','inventory',4,'glpi add the item :  Cisco Router.'),(159,5,'Location','2012-07-23 11:53:06','setup',4,'glpi added IT Data Center.'),(160,2,'networkequipment','2012-07-23 11:53:28','inventory',4,'glpi add the item :  Cisco Router  2621.'),(161,5,'Manufacturer','2012-07-23 11:59:39','setup',4,'glpi added MicroSun.'),(162,1,'ComputerType','2012-07-23 12:00:10','setup',4,'glpi added Server.'),(163,6,'ComputerModel','2012-07-23 12:00:50','setup',4,'glpi added X4150.'),(164,4,'OperatingSystem','2012-07-23 12:01:50','setup',4,'glpi added VMware Server.'),(165,5,'computers','2012-07-23 12:02:22','inventory',4,'glpi add the item HCMESX01.'),(166,2,'ComputerType','2012-07-23 12:02:53','setup',4,'glpi added Laptop.'),(167,3,'ComputerType','2012-07-23 12:02:58','setup',4,'glpi added Client.'),(168,4,'computers','2012-07-23 12:03:05','inventory',4,'glpi update the item'),(169,3,'computers','2012-07-23 12:03:16','inventory',4,'glpi update the item'),(170,1,'NetworkEquipmentModel','2012-07-23 12:04:35','setup',4,'glpi added CISCO2851-V/K9.'),(171,3,'networkequipment','2012-07-23 12:05:04','inventory',4,'glpi add the item :  Cisco Router 2800.'),(172,7,'ComputerModel','2012-07-23 12:06:19','setup',4,'glpi added Sunfire Server X2200.'),(173,5,'OperatingSystem','2012-07-23 12:07:23','setup',4,'glpi added Linux RHEL 5 x64.'),(174,6,'OperatingSystem','2012-07-23 12:07:33','setup',4,'glpi added Linux RHEL 5 x32.'),(175,7,'OperatingSystem','2012-07-23 12:07:40','setup',4,'glpi added Linux RHEL 6 x32.'),(176,8,'OperatingSystem','2012-07-23 12:07:48','setup',4,'glpi added Linux RHEL 6 x64.'),(177,2,'computers','2012-07-23 12:08:36','inventory',4,'glpi update the item'),(178,0,'networkport','2012-07-23 12:14:43','inventory',5,'glpi add network port'),(179,0,'networkport','2012-07-23 12:14:59','inventory',5,'glpi add network port'),(180,0,'networkport','2012-07-23 12:15:33','inventory',5,'glpi deletion of several network ports'),(181,2,'NetworkEquipmentModel','2012-07-23 12:16:47','setup',4,'glpi added Cisco Core Switch 6500.'),(182,4,'networkequipment','2012-07-23 12:17:53','inventory',4,'glpi add the item :  Cisco Core Switch 6509.'),(183,0,'networkport','2012-07-23 12:18:17','inventory',5,'glpi deletion of several network ports'),(184,0,'networkport','2012-07-23 12:18:38','inventory',5,'glpi add network port'),(185,0,'networkport','2012-07-23 12:18:52','inventory',5,'glpi deletion of several network ports'),(186,0,'networkport','2012-07-23 12:19:28','inventory',5,'glpi add network port'),(187,0,'networkport','2012-07-23 12:20:12','inventory',5,'glpi deletion of several network ports'),(188,6,'computers','2012-07-23 12:20:18','inventory',4,'glpi add the item HCMLC001.'),(189,0,'networkport','2012-07-23 12:21:24','inventory',5,'glpi  48  add several network ports'),(190,0,'networkport','2012-07-23 12:22:06','inventory',5,'glpi deletion of several network ports'),(191,0,'networkport','2012-07-23 12:22:45','inventory',5,'glpi  48  add several network ports'),(192,0,'networkport','2012-07-23 12:23:01','inventory',5,'glpi deletion of several network ports'),(193,0,'networkport','2012-07-23 12:25:18','inventory',5,'glpi  48  add several network ports'),(194,4,'networkequipment','2012-07-23 12:26:07','inventory',4,'glpi update the item'),(195,0,'networkport','2012-07-23 12:26:37','inventory',5,'glpi add network port'),(196,0,'networkport','2012-07-23 12:27:17','inventory',5,'glpi deletion of several network ports'),(197,0,'networkport','2012-07-23 12:30:45','inventory',5,'glpi add network port'),(198,2,'Vlan','2012-07-23 12:36:06','setup',4,'glpi added VLAN0016.'),(199,3,'Vlan','2012-07-23 12:36:25','setup',4,'glpi added VLAN0018.'),(200,0,'networkport','2012-07-23 12:36:35','inventory',5,'glpi  associate a VLAN to several ports'),(201,0,'networkport','2012-07-23 12:37:25','inventory',5,'glpi deletion of several network ports'),(202,7,'computers','2012-07-23 12:37:33','inventory',4,'glpi add the item HCMLC002.'),(203,0,'networkport','2012-07-23 12:39:04','inventory',5,'glpi add network port'),(204,4,'networkequipment','2012-07-23 12:39:52','inventory',4,'glpi update the item'),(205,1,'PrinterModel','2012-07-23 12:49:01','setup',4,'glpi added HP Printer M5035MFP.'),(206,2,'printers','2012-07-23 12:49:05','inventory',4,'glpi update the item'),(207,2,'NetworkInterface','2012-07-23 12:49:47','setup',4,'glpi added Ethernet 100M.'),(208,0,'networkport','2012-07-23 12:50:15','inventory',5,'glpi add network port'),(209,0,'networkport','2012-07-23 12:50:54','inventory',5,'glpi add network port'),(210,0,'networkport','2012-07-23 12:51:10','inventory',5,'glpi deletion of several network ports'),(211,2,'printers','2012-07-23 12:51:29','inventory',4,'glpi update the item'),(212,0,'networkport','2012-07-23 12:57:42','inventory',5,'glpi  48  add several network ports'),(213,0,'networkport','2012-07-23 12:58:03','inventory',5,'glpi  48  add several network ports'),(214,0,'networkport','2012-07-23 12:58:56','inventory',5,'glpi deletion of several network ports'),(215,0,'networkport','2012-07-23 12:59:16','inventory',5,'glpi  48  add several network ports'),(216,0,'networkport','2012-07-23 12:59:32','inventory',5,'glpi  48  add several network ports'),(217,0,'networkport','2012-07-23 12:59:44','inventory',5,'glpi  1  add several network ports'),(218,0,'networkport','2012-07-23 12:59:58','inventory',5,'glpi  0  add several network ports'),(219,0,'networkport','2012-07-23 13:00:24','inventory',5,'glpi deletion of several network ports'),(220,0,'networkport','2012-07-23 13:00:44','inventory',5,'glpi  48  add several network ports'),(221,0,'networkport','2012-07-23 13:01:02','inventory',5,'glpi  48  add several network ports'),(222,0,'networkport','2012-07-23 13:01:24','inventory',5,'glpi  48  add several network ports'),(223,0,'networkport','2012-07-23 13:01:38','inventory',5,'glpi  48  add several network ports'),(224,0,'networkport','2012-07-23 13:01:55','inventory',5,'glpi  48  add several network ports'),(225,0,'networkport','2012-07-23 13:02:11','inventory',5,'glpi  48  add several network ports'),(226,3,'printers','2012-07-23 13:03:59','inventory',4,'glpi update the item'),(227,4,'printers','2012-07-23 13:04:19','inventory',4,'glpi update the item'),(228,2,'PrinterModel','2012-07-23 13:05:04','setup',4,'glpi added Dell Color Printer 5100CN.'),(229,5,'printers','2012-07-23 13:05:11','inventory',4,'glpi update the item'),(230,0,'networkport','2012-07-23 13:05:48','inventory',5,'glpi add network port'),(231,1,'ContractType','2012-07-23 13:09:37','setup',4,'glpi added Import from US.'),(232,1,'contracts','2012-07-23 13:09:58','financial',4,'glpi add the item 135.'),(233,1,'contracts','2012-07-23 13:10:21','financial',4,'glpi add link with an item'),(234,1,'contracts','2012-07-23 13:10:36','financial',4,'glpi add link with an item'),(235,0,'networkport','2012-07-23 13:13:38','inventory',5,'glpi add network port'),(236,2,'printers','2012-07-23 13:14:01','inventory',4,'glpi update the item'),(237,638,'networkport','2012-07-23 13:15:55','inventory',4,'glpi update the item'),(238,0,'networkport','2012-07-23 13:15:59','inventory',5,'glpi associate a VLAN to a network port'),(239,0,'networkport','2012-07-23 13:16:23','inventory',5,'glpi associate a VLAN to a network port'),(240,637,'networkport','2012-07-23 13:16:26','inventory',4,'glpi update the item'),(241,-1,'system','2012-07-24 05:07:22','login',3,'glpi IP connection: 10.38.32.84'),(242,-1,'system','2012-07-24 07:32:48','login',3,'glpi IP connection: 10.38.33.87'),(243,3,'phones','2012-07-24 07:48:11','inventory',4,'glpi update the item'),(244,2,'phones','2012-07-24 07:54:59','inventory',4,'glpi update the item'),(245,2,'phones','2012-07-24 09:26:50','inventory',4,'glpi update the item'),(246,3,'phones','2012-07-24 09:27:06','inventory',4,'glpi update the item'),(247,4,'phones','2012-07-24 09:29:50','inventory',4,'glpi add the item 3886.'),(248,3,'phones','2012-07-24 09:31:24','inventory',4,'glpi update the item'),(249,2,'phones','2012-07-24 09:31:33','inventory',4,'glpi update the item'),(250,1,'phones','2012-07-24 09:34:49','inventory',4,'glpi update the item'),(251,5,'phones','2012-07-24 09:35:16','inventory',4,'glpi add the item 3868.'),(252,6,'phones','2012-07-24 09:36:13','inventory',4,'glpi add the item 3872.'),(253,7,'phones','2012-07-24 09:46:52','inventory',4,'glpi add the item 3874.'),(254,8,'phones','2012-07-24 09:47:19','inventory',4,'glpi add the item 3896.'),(255,9,'phones','2012-07-24 09:49:04','inventory',4,'glpi add the item 3765.'),(256,10,'phones','2012-07-24 09:49:45','inventory',4,'glpi add the item 3814.'),(257,-1,'system','2012-07-24 09:51:24','login',3,'glpi IP connection: 10.38.5.84'),(258,11,'phones','2012-07-24 09:54:52','inventory',4,'glpi add the item 3815.'),(259,1,'phones','2012-07-24 09:55:13','inventory',4,'glpi update the item'),(260,12,'phones','2012-07-24 09:56:00','inventory',4,'glpi add the item 3817.'),(261,13,'phones','2012-07-24 09:56:41','inventory',4,'glpi add the item 3827.'),(262,14,'phones','2012-07-24 09:57:04','inventory',4,'glpi add the item 3837.'),(263,15,'phones','2012-07-24 09:57:33','inventory',4,'glpi add the item 3840.'),(264,16,'phones','2012-07-24 09:57:46','inventory',4,'glpi add the item 3844.'),(265,17,'phones','2012-07-24 09:58:03','inventory',4,'glpi add the item 3845.'),(266,18,'phones','2012-07-24 09:58:19','inventory',4,'glpi add the item 3863.'),(267,19,'phones','2012-07-24 09:58:35','inventory',4,'glpi add the item 3864.'),(268,20,'phones','2012-07-24 09:59:53','inventory',4,'glpi add the item 3865.'),(269,21,'phones','2012-07-24 10:00:07','inventory',4,'glpi add the item 3881.'),(270,3,'phones','2012-07-24 10:01:08','inventory',4,'glpi update the item'),(271,2,'phones','2012-07-24 10:01:33','inventory',4,'glpi update the item'),(272,22,'phones','2012-07-24 10:02:29','inventory',4,'glpi add the item 3882.'),(273,23,'phones','2012-07-24 10:02:47','inventory',4,'glpi add the item 3883.'),(274,24,'phones','2012-07-24 10:03:23','inventory',4,'glpi add the item 3884.'),(275,25,'phones','2012-07-24 10:03:39','inventory',4,'glpi add the item 3889.'),(276,26,'phones','2012-07-24 10:03:59','inventory',4,'glpi add the item 3891.'),(277,27,'phones','2012-07-24 10:05:02','inventory',4,'glpi add the item 3893.'),(278,28,'phones','2012-07-24 10:12:59','inventory',4,'glpi add the item 3898.'),(279,29,'phones','2012-07-24 10:13:17','inventory',4,'glpi add the item 3733.'),(280,30,'phones','2012-07-24 10:13:32','inventory',4,'glpi add the item 3734.'),(281,31,'phones','2012-07-24 10:13:46','inventory',4,'glpi add the item 3735.'),(282,32,'phones','2012-07-24 10:14:01','inventory',4,'glpi add the item 3736.'),(283,33,'phones','2012-07-24 10:14:19','inventory',4,'glpi add the item 3737.'),(284,1,'phones','2012-07-24 10:31:19','inventory',4,'glpi update the item'),(285,34,'phones','2012-07-24 11:26:59','inventory',4,'glpi add the item 3715.'),(286,35,'phones','2012-07-24 11:27:21','inventory',4,'glpi add the item 3717.'),(287,36,'phones','2012-07-24 11:27:43','inventory',4,'glpi add the item 3718.'),(288,37,'phones','2012-07-24 11:28:01','inventory',4,'glpi add the item 3719.'),(289,38,'phones','2012-07-24 11:28:31','inventory',4,'glpi add the item 3721.'),(290,39,'phones','2012-07-24 11:29:27','inventory',4,'glpi add the item 3809.'),(291,40,'phones','2012-07-24 11:29:42','inventory',4,'glpi add the item 3813.'),(292,41,'phones','2012-07-24 11:30:10','inventory',4,'glpi add the item 3816.'),(293,42,'phones','2012-07-24 11:32:08','inventory',4,'glpi add the item 3825.'),(294,43,'phones','2012-07-24 11:32:30','inventory',4,'glpi add the item 3830.'),(295,44,'phones','2012-07-24 11:32:51','inventory',4,'glpi add the item 3836.'),(296,45,'phones','2012-07-24 11:33:37','inventory',4,'glpi add the item 3838.'),(297,46,'phones','2012-07-24 11:34:04','inventory',4,'glpi add the item 3841.'),(298,47,'phones','2012-07-24 11:34:22','inventory',4,'glpi add the item 3842.'),(299,48,'phones','2012-07-24 11:36:15','inventory',4,'glpi add the item 3847.'),(300,49,'phones','2012-07-24 11:36:28','inventory',4,'glpi add the item 3852.'),(301,50,'phones','2012-07-24 11:36:49','inventory',4,'glpi add the item 3854.'),(302,51,'phones','2012-07-24 11:37:04','inventory',4,'glpi add the item 3857.'),(303,52,'phones','2012-07-24 11:37:59','inventory',4,'glpi add the item 3867.'),(304,53,'phones','2012-07-24 11:38:22','inventory',4,'glpi add the item 3892.'),(305,54,'phones','2012-07-24 11:38:47','inventory',4,'glpi add the item 3839.'),(306,55,'phones','2012-07-24 11:39:04','inventory',4,'glpi add the item 3717.'),(307,1,'phones','2012-07-24 11:40:24','inventory',4,'glpi update the item'),(308,56,'phones','2012-07-24 11:40:48','inventory',4,'glpi add the item 37`3.'),(309,57,'phones','2012-07-24 11:41:19','inventory',4,'glpi add the item 3723.'),(310,58,'phones','2012-07-24 11:41:31','inventory',4,'glpi add the item 3741.'),(311,59,'phones','2012-07-24 11:41:45','inventory',4,'glpi add the item 3742.'),(312,60,'phones','2012-07-24 11:42:10','inventory',4,'glpi add the item 3743.'),(313,61,'phones','2012-07-24 11:42:21','inventory',4,'glpi add the item 3744.'),(314,62,'phones','2012-07-24 11:42:41','inventory',4,'glpi add the item 3745.'),(315,63,'phones','2012-07-24 11:43:21','inventory',4,'glpi add the item 3746.'),(316,64,'phones','2012-07-24 11:43:41','inventory',4,'glpi add the item 3759.'),(317,65,'phones','2012-07-24 11:43:56','inventory',4,'glpi add the item 3766.'),(318,1,'phones','2012-07-24 11:46:51','inventory',4,'glpi update the item'),(319,66,'phones','2012-07-24 11:47:33','inventory',4,'glpi add the item 3725.'),(320,67,'phones','2012-07-24 11:47:53','inventory',4,'glpi add the item 3821.'),(321,68,'phones','2012-07-24 11:48:29','inventory',4,'glpi add the item 3829.'),(322,69,'phones','2012-07-24 11:48:49','inventory',4,'glpi add the item 3831.'),(323,70,'phones','2012-07-24 11:49:05','inventory',4,'glpi add the item 3833.'),(324,71,'phones','2012-07-24 11:49:28','inventory',4,'glpi add the item 3839.'),(325,72,'phones','2012-07-24 11:49:41','inventory',4,'glpi add the item 3843.'),(326,73,'phones','2012-07-24 11:50:23','inventory',4,'glpi add the item 3838.'),(327,74,'phones','2012-07-24 11:50:38','inventory',4,'glpi add the item 3851.'),(328,75,'phones','2012-07-24 11:51:01','inventory',4,'glpi add the item 3866.'),(329,76,'phones','2012-07-24 11:51:40','inventory',4,'glpi add the item 3870.'),(330,77,'phones','2012-07-24 11:52:07','inventory',4,'glpi add the item 3871.'),(331,78,'phones','2012-07-24 11:52:26','inventory',4,'glpi add the item 3873.'),(332,79,'phones','2012-07-24 11:52:44','inventory',4,'glpi add the item 3894.'),(333,80,'phones','2012-07-24 11:53:07','inventory',4,'glpi add the item 3895.'),(334,81,'phones','2012-07-24 11:53:21','inventory',4,'glpi add the item 3747.'),(335,82,'phones','2012-07-24 11:53:33','inventory',4,'glpi add the item 3738.'),(336,83,'phones','2012-07-24 11:53:52','inventory',4,'glpi add the item 3749.'),(337,84,'phones','2012-07-24 11:54:11','inventory',4,'glpi add the item 3750.'),(338,85,'phones','2012-07-24 11:54:26','inventory',4,'glpi add the item 3751.'),(339,86,'phones','2012-07-24 11:54:50','inventory',4,'glpi add the item 3752.'),(340,87,'phones','2012-07-24 11:55:12','inventory',4,'glpi add the item 3743.'),(341,88,'phones','2012-07-24 11:55:27','inventory',4,'glpi add the item 3754.'),(342,89,'phones','2012-07-24 11:55:42','inventory',4,'glpi add the item 3738.'),(343,90,'phones','2012-07-24 11:55:55','inventory',4,'glpi add the item 3770.'),(344,91,'phones','2012-07-24 11:56:08','inventory',4,'glpi add the item 3764.'),(345,92,'phones','2012-07-24 11:56:21','inventory',4,'glpi add the item 3722.'),(346,-1,'system','2012-07-25 05:15:19','login',3,'glpi IP connection: 10.38.6.119'),(347,56,'phones','2012-07-25 05:25:33','inventory',4,'glpi update the item'),(348,1,'phones','2012-07-25 05:27:48','inventory',4,'glpi update the item'),(349,93,'phones','2012-07-25 05:28:04','inventory',4,'glpi add the item 3818.'),(350,94,'phones','2012-07-25 05:28:16','inventory',4,'glpi add the item 3819.'),(351,95,'phones','2012-07-25 05:28:33','inventory',4,'glpi add the item 3824.'),(352,96,'phones','2012-07-25 05:29:32','inventory',4,'glpi add the item 3826.'),(353,97,'phones','2012-07-25 05:34:15','inventory',4,'glpi add the item 3828.'),(354,98,'phones','2012-07-25 05:34:30','inventory',4,'glpi add the item 3825.'),(355,99,'phones','2012-07-25 05:37:29','inventory',4,'glpi add the item 3850.'),(356,100,'phones','2012-07-25 05:37:46','inventory',4,'glpi add the item 3853.'),(357,101,'phones','2012-07-25 05:38:06','inventory',4,'glpi add the item 3856.'),(358,102,'phones','2012-07-25 05:38:19','inventory',4,'glpi add the item 3861.'),(359,103,'phones','2012-07-25 05:38:33','inventory',4,'glpi add the item 3869.'),(360,104,'phones','2012-07-25 05:39:04','inventory',4,'glpi add the item 3875.'),(361,105,'phones','2012-07-25 05:39:35','inventory',4,'glpi add the item 3877.'),(362,106,'phones','2012-07-25 05:40:08','inventory',4,'glpi add the item 3887.'),(363,107,'phones','2012-07-25 05:40:23','inventory',4,'glpi add the item 3888.'),(364,108,'phones','2012-07-25 05:40:58','inventory',4,'glpi add the item 3710.'),(365,109,'phones','2012-07-25 05:41:14','inventory',4,'glpi add the item 3720.'),(366,110,'phones','2012-07-25 05:41:28','inventory',4,'glpi add the item 3726.'),(367,111,'phones','2012-07-25 05:41:41','inventory',4,'glpi add the item 3727.'),(368,112,'phones','2012-07-25 05:41:55','inventory',4,'glpi add the item 3724.'),(369,113,'phones','2012-07-25 05:42:17','inventory',4,'glpi add the item 3728.'),(370,114,'phones','2012-07-25 05:45:26','inventory',4,'glpi add the item 3729.'),(371,115,'phones','2012-07-25 05:45:52','inventory',4,'glpi add the item 3730.'),(372,116,'phones','2012-07-25 05:46:20','inventory',4,'glpi add the item 3828.'),(373,117,'phones','2012-07-25 05:46:36','inventory',4,'glpi add the item 3860.'),(374,118,'phones','2012-07-25 05:47:05','inventory',4,'glpi add the item 3890.'),(375,119,'phones','2012-07-25 05:47:23','inventory',4,'glpi add the item 3759.'),(376,120,'phones','2012-07-25 05:47:40','inventory',4,'glpi add the item 3760.'),(377,121,'phones','2012-07-25 05:47:56','inventory',4,'glpi add the item 3761.'),(378,122,'phones','2012-07-25 05:48:12','inventory',4,'glpi add the item 3763.'),(379,9,'groups','2012-07-25 05:48:45','setup',4,'glpi add the item BE.'),(380,10,'groups','2012-07-25 05:49:16','setup',4,'glpi add the item EXPAT.'),(381,1,'phones','2012-07-25 05:49:44','inventory',4,'glpi update the item'),(382,1,'phones','2012-07-25 05:52:23','inventory',4,'glpi update the item'),(383,123,'phones','2012-07-25 05:53:04','inventory',4,'glpi add the item 3823.'),(384,1,'phones','2012-07-25 05:53:18','inventory',4,'glpi update the item'),(385,124,'phones','2012-07-25 05:53:38','inventory',4,'glpi add the item 3876.'),(386,125,'phones','2012-07-25 05:53:55','inventory',4,'glpi add the item 3897.'),(387,126,'phones','2012-07-25 05:54:16','inventory',4,'glpi add the item 3731.'),(388,127,'phones','2012-07-25 05:54:28','inventory',4,'glpi add the item 3732.'),(389,128,'phones','2012-07-25 05:55:35','inventory',4,'glpi add the item 3810.'),(390,129,'phones','2012-07-25 05:56:03','inventory',4,'glpi add the item 3811.'),(391,130,'phones','2012-07-25 05:56:26','inventory',4,'glpi add the item 3812.'),(392,131,'phones','2012-07-25 05:56:47','inventory',4,'glpi add the item 3832.'),(393,132,'phones','2012-07-25 05:59:22','inventory',4,'glpi add the item 3714.'),(394,133,'phones','2012-07-25 06:00:49','inventory',4,'glpi add the item 3808.'),(395,134,'phones','2012-07-25 06:01:13','inventory',4,'glpi add the item 3758.'),(396,135,'phones','2012-07-25 06:26:06','inventory',4,'glpi add the item 3762.'),(397,-1,'system','2012-07-25 07:31:30','login',3,'glpi IP connection: 10.38.6.119'),(398,4,'computers','2012-07-25 07:42:05','inventory',4,'glpi update the item'),(399,5,'computers','2012-07-25 07:46:36','inventory',4,'glpi update the item'),(400,3,'computers','2012-07-25 07:47:12','inventory',4,'glpi update the item'),(401,6,'computers','2012-07-25 07:47:36','inventory',4,'glpi update the item'),(402,7,'computers','2012-07-25 07:47:52','inventory',4,'glpi update the item'),(403,-1,'system','2012-07-25 07:51:05','login',3,'glpi IP connection: 10.38.32.84'),(404,8,'computers','2012-07-25 09:40:29','inventory',4,'glpi add the item HCMLC003.'),(405,2,'computers','2012-07-25 09:40:46','inventory',4,'glpi update the item'),(406,9,'computers','2012-07-25 09:41:19','inventory',4,'glpi add the item HCMLC004.'),(407,0,'networkport','2012-07-25 10:02:20','inventory',5,'glpi add network port'),(408,0,'networkport','2012-07-25 10:02:59','inventory',5,'glpi associate a VLAN to a network port'),(409,0,'networkport','2012-07-25 10:09:27','inventory',5,'glpi add network port'),(410,0,'networkport','2012-07-25 10:09:54','inventory',5,'glpi associate a VLAN to a network port'),(411,0,'networkport','2012-07-25 10:18:11','inventory',5,'glpi add network port'),(412,10,'computers','2012-07-25 10:18:47','inventory',4,'glpi add the item HCMLC005.'),(413,11,'computers','2012-07-25 10:20:48','inventory',4,'glpi add the item HCMLC006.'),(414,0,'networkport','2012-07-25 10:22:28','inventory',5,'glpi associate a VLAN to a network port'),(415,642,'networkport','2012-07-25 10:22:43','inventory',4,'glpi update the item'),(416,642,'networkport','2012-07-25 10:23:16','inventory',4,'glpi update the item'),(417,643,'networkport','2012-07-25 10:26:22','inventory',4,'glpi update the item'),(418,0,'networkport','2012-07-25 10:26:26','inventory',5,'glpi associate a VLAN to a network port'),(419,643,'networkport','2012-07-25 10:29:01','inventory',4,'glpi update the item'),(420,12,'computers','2012-07-25 10:29:50','inventory',4,'glpi add the item HCMLC007.'),(421,644,'networkport','2012-07-25 10:30:41','inventory',4,'glpi update the item'),(422,0,'networkport','2012-07-25 10:30:46','inventory',5,'glpi associate a VLAN to a network port'),(423,13,'computers','2012-07-25 10:31:52','inventory',4,'glpi add the item HCMLC008.'),(424,645,'networkport','2012-07-25 10:32:51','inventory',4,'glpi update the item'),(425,0,'networkport','2012-07-25 10:32:54','inventory',5,'glpi associate a VLAN to a network port'),(426,10,'computers','2012-07-25 10:36:15','inventory',4,'glpi update the item'),(427,642,'networkport','2012-07-25 10:37:42','inventory',4,'glpi update the item'),(428,14,'computers','2012-07-25 10:39:00','inventory',4,'glpi add the item HCMLC005.'),(429,646,'networkport','2012-07-25 10:39:50','inventory',4,'glpi update the item'),(430,0,'networkport','2012-07-25 10:39:52','inventory',5,'glpi associate a VLAN to a network port'),(431,15,'computers','2012-07-25 10:40:16','inventory',4,'glpi add the item HCMLC010.'),(432,647,'networkport','2012-07-25 10:43:37','inventory',4,'glpi update the item'),(433,0,'networkport','2012-07-25 10:43:41','inventory',5,'glpi associate a VLAN to a network port'),(434,16,'computers','2012-07-25 10:45:06','inventory',4,'glpi add the item HCMLC011.'),(435,648,'networkport','2012-07-25 10:45:59','inventory',4,'glpi update the item'),(436,0,'networkport','2012-07-25 10:46:02','inventory',5,'glpi associate a VLAN to a network port'),(437,8,'ComputerModel','2012-07-25 10:59:11','setup',4,'glpi added X4100.'),(438,9,'ComputerModel','2012-07-25 10:59:17','setup',4,'glpi added V100.'),(439,17,'computers','2012-07-25 10:59:32','inventory',4,'glpi add the item HCMNBU01.'),(440,649,'networkport','2012-07-25 11:07:23','inventory',4,'glpi update the item'),(441,0,'networkport','2012-07-25 11:07:27','inventory',5,'glpi associate a VLAN to a network port'),(442,0,'networkport','2012-07-25 11:08:32','inventory',5,'glpi  vlan dissociated from a network port'),(443,0,'networkport','2012-07-25 11:08:36','inventory',5,'glpi associate a VLAN to a network port'),(444,18,'computers','2012-07-25 11:10:04','inventory',4,'glpi add the item HCMLIC01.'),(445,650,'networkport','2012-07-25 11:11:52','inventory',4,'glpi update the item'),(446,0,'networkport','2012-07-25 11:11:55','inventory',5,'glpi associate a VLAN to a network port'),(447,19,'computers','2012-07-25 11:12:25','inventory',4,'glpi add the item HCMLIC02.'),(448,19,'computers','2012-07-25 11:12:37','inventory',4,'glpi update the item'),(449,651,'networkport','2012-07-25 11:13:22','inventory',4,'glpi update the item'),(450,651,'networkport','2012-07-25 11:13:37','inventory',4,'glpi update the item'),(451,0,'networkport','2012-07-25 11:13:40','inventory',5,'glpi associate a VLAN to a network port'),(452,650,'networkport','2012-07-25 11:14:26','inventory',4,'glpi update the item'),(453,651,'networkport','2012-07-25 11:15:04','inventory',4,'glpi update the item'),(454,20,'computers','2012-07-25 11:15:42','inventory',4,'glpi add the item HCMLIC03.'),(455,20,'computers','2012-07-25 11:15:56','inventory',4,'glpi update the item'),(456,652,'networkport','2012-07-25 11:16:50','inventory',4,'glpi update the item'),(457,0,'networkport','2012-07-25 11:16:54','inventory',5,'glpi associate a VLAN to a network port'),(458,650,'networkport','2012-07-25 11:28:12','inventory',4,'glpi update the item'),(459,651,'networkport','2012-07-25 11:29:01','inventory',4,'glpi update the item'),(460,652,'networkport','2012-07-25 11:29:16','inventory',4,'glpi update the item'),(461,21,'computers','2012-07-25 11:34:39','inventory',4,'glpi add the item HCMJuMP01.'),(462,21,'computers','2012-07-25 11:35:28','inventory',4,'glpi update the item'),(463,21,'computers','2012-07-25 11:36:00','inventory',4,'glpi update the item'),(464,653,'networkport','2012-07-25 11:38:00','inventory',4,'glpi update the item'),(465,653,'networkport','2012-07-25 11:38:58','inventory',4,'glpi update the item'),(466,0,'networkport','2012-07-25 11:39:01','inventory',5,'glpi associate a VLAN to a network port'),(467,22,'computers','2012-07-25 11:43:16','inventory',4,'glpi add the item HCMESX01.'),(468,13,'computers','2012-07-25 11:47:16','inventory',4,'glpi update the item'),(469,-1,'system','2012-07-25 12:52:22','login',3,'glpi IP connection: 10.38.5.84'),(470,1,'contracts','2012-07-25 12:59:48','financial',4,'glpi add link with an item'),(471,1,'contracts','2012-07-25 13:00:10','financial',4,'glpi add link with an item'),(472,1,'contracts','2012-07-25 13:00:22','financial',4,'glpi add link with an item'),(473,1,'contracts','2012-07-25 13:00:29','financial',4,'glpi add link with an item'),(474,1,'contracts','2012-07-25 13:00:42','financial',4,'glpi add link with an item'),(475,1,'contracts','2012-07-25 13:00:51','financial',4,'glpi add link with an item'),(476,1,'contracts','2012-07-25 13:01:05','financial',4,'glpi add link with an item'),(477,1,'contracts','2012-07-25 13:01:15','financial',4,'glpi add link with an item'),(478,1,'SupplierType','2012-07-25 13:02:08','setup',4,'glpi added APM US.'),(479,2,'SupplierType','2012-07-25 13:02:28','setup',4,'glpi added Domestic Suppliers.'),(480,1,'suppliers','2012-07-25 13:02:43','financial',4,'glpi add the item Tecapro.'),(481,1,'suppliers','2012-07-25 13:03:14','financial',4,'glpi update the item'),(482,1,'suppliers','2012-07-25 13:03:35','financial',4,'glpi update the item'),(483,1,'suppliers','2012-07-25 13:03:52','financial',4,'glpi update the item'),(484,1,'suppliers','2012-07-25 13:04:10','financial',4,'glpi update the item'),(485,2,'suppliers','2012-07-25 13:04:36','financial',4,'glpi add the item Tecapro.'),(486,3,'suppliers','2012-07-25 13:04:52','financial',4,'glpi add the item FPT Telecom.'),(487,4,'suppliers','2012-07-25 13:05:10','financial',4,'glpi add the item Viettel Telecom.'),(488,5,'suppliers','2012-07-25 13:07:00','financial',4,'glpi add the item APM Sunnyvale.'),(489,1,'contracts','2012-07-25 13:07:34','financial',4,'glpi add a link with a supplier'),(490,1,'contracts','2012-07-25 13:08:30','financial',4,'glpi add link with an item'),(491,2,'contracts','2012-07-25 13:11:54','financial',4,'glpi add the item .'),(492,3,'contracts','2012-07-25 13:12:04','financial',4,'glpi add the item .'),(493,4,'contracts','2012-07-25 13:12:40','financial',4,'glpi add the item .'),(494,5,'contracts','2012-07-25 13:13:02','financial',4,'glpi add the item .'),(495,2,'contracts','2012-07-25 13:13:43','financial',4,'glpi add link with an item'),(496,2,'contracts','2012-07-25 13:13:53','financial',4,'glpi update the item'),(497,3,'contracts','2012-07-25 13:14:04','financial',4,'glpi update the item'),(498,4,'contracts','2012-07-25 13:14:13','financial',4,'glpi update the item'),(499,5,'contracts','2012-07-25 13:14:22','financial',4,'glpi update the item'),(500,4,'contracts','2012-07-25 13:14:43','financial',4,'glpi add a link with a supplier'),(501,3,'contracts','2012-07-25 13:15:02','financial',4,'glpi add a link with a supplier'),(502,2,'contracts','2012-07-25 13:15:08','financial',4,'glpi add a link with a supplier'),(503,2,'contracts','2012-07-25 13:15:45','financial',4,'glpi add link with an item'),(504,2,'contracts','2012-07-25 13:15:59','financial',4,'glpi add link with an item'),(505,2,'contracts','2012-07-25 13:16:12','financial',4,'glpi add link with an item'),(506,1,'ContractType','2012-07-25 13:18:35','setup',4,'glpi update the item'),(507,1,'contracts','2012-07-25 13:21:47','financial',4,'glpi add link with an item'),(508,1,'contracts','2012-07-25 13:22:25','financial',4,'glpi add link with an item'),(509,17,'computers','2012-07-25 13:23:04','inventory',4,'glpi update the item'),(510,5,'computers','2012-07-25 13:23:44','inventory',4,'glpi update the item'),(511,6,'contracts','2012-07-25 13:24:14','financial',4,'glpi add the item 36.'),(512,4,'contracts','2012-07-25 13:25:49','financial',4,'glpi update the item'),(513,-1,'system','2012-07-25 13:27:59','login',3,'glpi IP connection: 10.38.32.84'),(514,6,'contracts','2012-07-25 13:28:35','financial',4,'glpi add a link with a supplier'),(515,1,'documents','2012-07-25 13:29:04','document',4,'glpi add link with an item'),(516,1,'documents','2012-07-25 13:29:04','document',4,'glpi add the item .'),(517,-1,'system','2012-07-25 13:33:19','login',3,'glpi IP connection: 10.38.5.84'),(518,1,'contracts','2012-07-25 13:34:05','financial',4,'glpi deletion link with an item'),(519,21,'computers','2012-07-25 13:34:08','inventory',4,'glpi update the item'),(520,-1,'system','2012-07-25 13:34:42','login',3,'glpi IP connection: 10.38.32.84'),(521,6,'contracts','2012-07-25 13:35:56','financial',4,'glpi update the item'),(522,1,'DocumentCategory','2012-07-25 13:38:00','setup',4,'glpi added TK130.'),(523,2,'documents','2012-07-25 13:38:10','document',4,'glpi add link with an item'),(524,2,'documents','2012-07-25 13:38:10','document',4,'glpi add the item .'),(525,3,'documents','2012-07-25 13:38:52','document',4,'glpi add link with an item'),(526,3,'documents','2012-07-25 13:38:52','document',4,'glpi add the item .'),(527,4,'documents','2012-07-25 13:39:47','document',4,'glpi add link with an item'),(528,4,'documents','2012-07-25 13:39:47','document',4,'glpi add the item .'),(529,1,'contracts','2012-07-25 13:39:51','financial',4,'glpi update the item'),(530,5,'documents','2012-07-25 13:40:37','document',4,'glpi add link with an item'),(531,5,'documents','2012-07-25 13:40:37','document',4,'glpi add the item .'),(532,1,'DocumentCategory','2012-07-25 13:41:30','setup',4,'glpi update the item'),(533,5,'documents','2012-07-25 13:41:52','document',4,'glpi update the item'),(534,3,'documents','2012-07-25 13:42:00','document',4,'glpi update the item'),(535,4,'documents','2012-07-25 13:42:08','document',4,'glpi update the item'),(536,1,'documents','2012-07-25 13:42:14','document',4,'glpi update the item'),(537,7,'contracts','2012-07-25 13:46:21','financial',4,'glpi add the item .'),(538,2,'ContractType','2012-07-25 13:46:53','setup',4,'glpi added Local Vietnam.'),(539,8,'contracts','2012-07-25 13:46:59','financial',4,'glpi add the item .'),(540,9,'contracts','2012-07-25 13:48:52','financial',4,'glpi add the item 151.'),(541,9,'contracts','2012-07-25 13:49:05','financial',4,'glpi add a link with a supplier'),(542,6,'documents','2012-07-25 13:49:14','document',4,'glpi add link with an item'),(543,6,'documents','2012-07-25 13:49:14','document',4,'glpi add the item .'),(544,9,'contracts','2012-07-25 13:49:28','financial',4,'glpi update the item'),(545,10,'contracts','2012-07-25 13:50:34','financial',4,'glpi add the item 252.'),(546,7,'documents','2012-07-25 13:50:52','document',4,'glpi add link with an item'),(547,7,'documents','2012-07-25 13:50:52','document',4,'glpi add the item .'),(548,10,'contracts','2012-07-25 13:50:56','financial',4,'glpi update the item'),(549,10,'contracts','2012-07-25 13:52:04','financial',4,'glpi update the item'),(550,3,'contracts','2012-07-25 13:52:37','financial',4,'glpi update the item'),(551,6,'contracts','2012-07-25 13:53:06','financial',4,'glpi update the item'),(552,2,'contracts','2012-07-25 13:54:49','financial',4,'glpi update the item'),(553,1,'contracts','2012-07-25 13:55:24','financial',4,'glpi update the item'),(554,9,'contracts','2012-07-25 13:56:07','financial',4,'glpi update the item'),(555,1,'contracts','2012-07-25 13:57:26','financial',4,'glpi deletion link with an item'),(556,1,'contracts','2012-07-25 13:57:29','financial',4,'glpi update the item'),(557,1,'contracts','2012-07-25 13:57:49','financial',4,'glpi add link with an item'),(558,1,'contracts','2012-07-25 13:58:23','financial',4,'glpi add link with an item'),(559,1,'contracts','2012-07-25 13:58:48','financial',4,'glpi update the item'),(560,-1,'system','2012-07-26 05:06:16','login',3,'glpi IP connection: 10.38.6.119'),(561,-1,'system','2012-07-26 05:27:49','login',3,'glpi IP connection: 10.38.6.119'),(562,23,'computers','2012-07-26 05:42:28','inventory',4,'glpi add the item HCM6QFDWM1.'),(563,9,'OperatingSystem','2012-07-26 05:43:46','setup',4,'glpi added MS Windows XP x32.'),(564,1,'computers','2012-07-26 05:44:09','inventory',4,'glpi update the item'),(565,0,'networkport','2012-07-26 05:52:33','inventory',5,'glpi add network port'),(566,23,'computers','2012-07-26 05:54:46','inventory',4,'glpi update the item'),(567,3,'peripherals','2012-07-26 05:56:14','inventory',4,'glpi add the item test.'),(568,23,'computers','2012-07-26 05:56:20','inventory',5,'glpi item\'s connection'),(569,23,'computers','2012-07-26 05:56:47','inventory',5,'glpi item\'s connection'),(570,23,'computers','2012-07-26 05:57:53','inventory',5,'glpi disconnect the item'),(571,23,'computers','2012-07-26 05:57:56','inventory',5,'glpi disconnect the item'),(572,-1,'system','2012-07-26 05:58:29','login',3,'glpi IP connection: 10.38.32.84'),(573,10,'OperatingSystem','2012-07-26 05:59:03','setup',4,'glpi added SunOS Sparc.'),(574,18,'computers','2012-07-26 05:59:08','inventory',4,'glpi update the item'),(575,18,'computers','2012-07-26 05:59:19','inventory',4,'glpi update the item'),(576,6,'Manufacturer','2012-07-26 06:45:44','setup',4,'glpi added PaloAlto.'),(577,3,'NetworkEquipmentModel','2012-07-26 06:46:31','setup',4,'glpi added PA-500.'),(578,5,'networkequipment','2012-07-26 06:47:20','inventory',4,'glpi add the item :  HCMPAN01.'),(579,6,'networkequipment','2012-07-26 06:48:07','inventory',4,'glpi add the item :  HCMPAN02.'),(580,-1,'system','2012-07-26 10:05:49','login',3,'glpi IP connection: 10.38.32.84'),(581,24,'computers','2012-07-26 10:25:03','inventory',4,'glpi add the item HCMR9LM2P6.'),(582,0,'networkport','2012-07-26 10:35:11','inventory',5,'glpi add network port'),(583,25,'computers','2012-07-26 10:53:49','inventory',4,'glpi add the item HCMDXR752S.'),(584,0,'networkport','2012-07-26 10:54:08','inventory',5,'glpi add network port'),(585,0,'networkport','2012-07-26 10:54:23','inventory',5,'glpi associate a VLAN to a network port'),(586,0,'networkport','2012-07-26 10:56:09','inventory',5,'glpi associate a VLAN to a network port'),(587,1,'computers','2012-07-26 10:56:30','inventory',4,'glpi update the item'),(588,0,'networkport','2012-07-26 10:56:44','inventory',5,'glpi add network port'),(589,26,'computers','2012-07-26 11:07:37','inventory',4,'glpi add the item HCM3YR752S.'),(590,27,'computers','2012-07-26 11:12:33','inventory',4,'glpi add the item HCMR9LM2NV.'),(591,28,'computers','2012-07-26 11:16:43','inventory',4,'glpi add the item HCM.'),(592,1,'computers','2012-07-26 11:17:20','inventory',4,'glpi update the item'),(593,28,'computers','2012-07-26 11:18:13','inventory',4,'glpi update the item'),(594,28,'computers','2012-07-26 11:20:01','inventory',4,'glpi update the item'),(595,28,'computers','2012-07-26 11:20:23','inventory',4,'glpi update the item'),(596,29,'computers','2012-07-26 11:22:07','inventory',4,'glpi add the item HCMGKQY5Q1.'),(597,30,'computers','2012-07-26 11:26:11','inventory',4,'glpi add the item HCMBYR752S.'),(598,31,'computers','2012-07-26 11:30:07','inventory',4,'glpi add the item HCMD5DDWM1.'),(599,32,'computers','2012-07-26 11:33:52','inventory',4,'glpi add the item HCMBXR752S.'),(600,33,'computers','2012-07-26 11:45:51','inventory',4,'glpi add the item HCMBHLDWM1.'),(601,34,'computers','2012-07-26 11:47:29','inventory',4,'glpi add the item HCMGXR752S.'),(602,35,'computers','2012-07-26 11:51:35','inventory',4,'glpi add the item HCMHTQY5Q1.'),(603,36,'computers','2012-07-26 12:05:37','inventory',4,'glpi add the item HCMHPZ58F1.'),(604,-1,'system','2012-07-26 12:09:10','login',3,'glpi IP connection: 10.38.5.84'),(605,4,'computers','2012-07-26 12:09:41','inventory',4,'glpi update the item'),(606,37,'computers','2012-07-26 12:15:40','inventory',4,'glpi add the item HCM7YR752S.'),(607,-1,'system','2012-07-26 12:23:31','login',3,'glpi IP connection: 10.38.32.84'),(608,38,'computers','2012-07-26 12:23:56','inventory',4,'glpi add the item HCM5YR752S.'),(609,39,'computers','2012-07-26 12:25:53','inventory',4,'glpi add the item HCMHXR752S.'),(610,17,'computers','2012-07-26 13:15:27','inventory',4,'glpi update the item'),(611,16,'computers','2012-07-26 13:15:43','inventory',4,'glpi update the item'),(612,15,'computers','2012-07-26 13:15:58','inventory',4,'glpi update the item'),(613,-1,'system','2012-07-27 04:57:08','login',3,'glpi IP connection: 10.38.6.119'),(614,40,'computers','2012-07-27 05:14:20','inventory',4,'glpi add the item HCMFXR752S.'),(615,41,'computers','2012-07-27 05:24:38','inventory',4,'glpi add the item HCMR9LM2P1.'),(616,-1,'system','2012-07-27 07:33:35','login',3,'glpi IP connection: 10.38.32.84'),(617,42,'computers','2012-07-27 12:27:58','inventory',4,'glpi add the item HCMCXR752S.'),(618,43,'computers','2012-07-27 12:30:41','inventory',4,'glpi add the item HCM2YR752S.'),(619,44,'computers','2012-07-27 12:38:05','inventory',4,'glpi add the item HCMR9LM2P8.'),(620,45,'computers','2012-07-27 12:47:18','inventory',4,'glpi add the item HCMGLQY5Q1.'),(621,46,'computers','2012-07-27 12:49:27','inventory',4,'glpi add the item HCMGDDWM1.'),(622,-1,'system','2012-07-30 05:07:26','login',3,'glpi IP connection: 10.38.6.119'),(623,47,'computers','2012-07-30 05:50:39','inventory',4,'glpi add the item HCM6MQY5Q1.'),(624,48,'computers','2012-07-30 06:20:18','inventory',4,'glpi add the item HCM3PHJV1S.'),(625,48,'computers','2012-07-30 06:20:34','inventory',4,'glpi update the item'),(626,1,'computers','2012-07-30 10:04:47','inventory',4,'glpi update the item'),(627,49,'computers','2012-07-30 10:07:38','inventory',4,'glpi add the item HCM8NJDWM1.'),(628,-1,'system','2012-07-30 10:12:41','login',3,'glpi IP connection: 10.38.6.119'),(629,0,'networkport','2012-07-30 10:14:17','inventory',5,'glpi deletion of several network ports'),(630,0,'networkport','2012-07-30 10:14:46','inventory',5,'glpi  48  add several network ports'),(631,50,'computers','2012-07-30 10:20:34','inventory',4,'glpi add the item HCMR9LM2PR.'),(632,51,'computers','2012-07-30 10:24:24','inventory',4,'glpi add the item HCM7PFDWM1.'),(633,52,'computers','2012-07-30 10:30:02','inventory',4,'glpi add the item HCM8FDDWM1.'),(634,53,'computers','2012-07-30 10:34:06','inventory',4,'glpi add the item HCMDDGGWM1.'),(635,51,'computers','2012-07-30 10:36:22','inventory',4,'glpi update the item'),(636,54,'computers','2012-07-30 10:39:31','inventory',4,'glpi add the item HCM6QHJV1S.'),(637,55,'computers','2012-07-30 10:41:57','inventory',4,'glpi add the item HCMBJJDWM1.'),(638,56,'computers','2012-07-30 10:46:36','inventory',4,'glpi add the item HCM5LFDWM1 .'),(639,57,'computers','2012-07-30 10:48:43','inventory',4,'glpi add the item HCM3J1RT1S.'),(640,58,'computers','2012-07-30 10:55:23','inventory',4,'glpi add the item HCM77KDWM1.'),(641,59,'computers','2012-07-30 10:56:47','inventory',4,'glpi add the item HCMC4FDWM1.'),(642,120,'phones','2012-07-30 11:05:02','inventory',4,'glpi update the item'),(643,1,'computers','2012-07-30 11:28:03','inventory',4,'glpi update the item'),(644,60,'computers','2012-07-30 11:29:17','inventory',4,'glpi add the item HCM5MKDWM1.'),(645,61,'computers','2012-07-30 11:32:56','inventory',4,'glpi add the item HCM4TWQY5Q1.'),(646,62,'computers','2012-07-30 11:34:59','inventory',4,'glpi add the item HCM3KQY5Q1.'),(647,63,'computers','2012-07-30 11:38:23','inventory',4,'glpi add the item HCM55SY5Q1.'),(648,125,'phones','2012-07-30 11:39:40','inventory',4,'glpi update the item'),(649,-1,'system','2012-07-30 11:45:40','login',3,'glpi IP connection: 10.38.32.84'),(650,-1,'system','2012-07-31 05:04:15','login',3,'glpi IP connection: 10.38.6.119'),(651,64,'computers','2012-07-31 05:07:35','inventory',4,'glpi add the item HCM76FDWM1.'),(652,65,'computers','2012-07-31 06:37:04','inventory',4,'glpi add the item HCMCQHJV1S.'),(653,66,'computers','2012-07-31 06:40:40','inventory',4,'glpi add the item HCMFDHDWM1.'),(654,67,'computers','2012-07-31 06:49:16','inventory',4,'glpi add the item HCMF8DDWM1.'),(655,68,'computers','2012-07-31 09:40:25','inventory',4,'glpi add the item HCMDGFDWM1.'),(656,-1,'system','2012-07-31 12:49:33','login',3,'glpi IP connection: 10.38.5.85'),(657,-1,'system','2012-08-01 05:20:39','login',3,'glpi IP connection: 10.38.33.87'),(658,-1,'system','2012-08-02 05:42:18','login',3,'glpi IP connection: 10.38.32.118'),(659,-1,'system','2012-08-02 06:14:27','login',3,'glpi IP connection: 10.38.6.83'),(660,1,'computers','2012-08-02 07:40:43','inventory',4,'glpi update the item'),(661,69,'computers','2012-08-02 07:41:40','inventory',4,'glpi add the item HCM84SY5Q1.'),(662,70,'computers','2012-08-02 07:47:18','inventory',4,'glpi add the item APM-laptop.'),(663,71,'computers','2012-08-02 10:32:00','inventory',4,'glpi add the item HCMR9LM2P7.'),(664,72,'computers','2012-08-02 10:33:16','inventory',4,'glpi add the item HCMGTDDWM1.'),(665,73,'computers','2012-08-02 10:35:37','inventory',4,'glpi add the item HCM2RQY5Q1.'),(666,74,'computers','2012-08-02 10:36:25','inventory',4,'glpi add the item HCMGSQY5Q1.'),(667,75,'computers','2012-08-02 10:38:44','inventory',4,'glpi add the item HCMH7FDWM1.'),(668,76,'computers','2012-08-02 10:40:05','inventory',4,'glpi add the item HCM4CDDWM1.'),(669,-1,'system','2012-08-02 10:41:33','login',3,'glpi IP connection: 10.38.5.201'),(670,-1,'system','2012-08-06 07:24:12','login',3,'glpi IP connection: 10.38.6.42'),(671,77,'computers','2012-08-06 09:38:46','inventory',4,'glpi add the item HCMR9LM2PM.'),(672,78,'computers','2012-08-06 09:42:12','inventory',4,'glpi add the item HCMFYKT9F1.'),(673,79,'computers','2012-08-06 09:43:32','inventory',4,'glpi add the item HCM.'),(674,78,'computers','2012-08-06 09:43:49','inventory',4,'glpi update the item'),(675,80,'computers','2012-08-06 12:02:55','inventory',4,'glpi add the item HCMBLFDWM1.'),(676,81,'computers','2012-08-06 12:15:31','inventory',4,'glpi add the item HCM86DDWM1.'),(677,82,'computers','2012-08-06 12:18:41','inventory',4,'glpi add the item HCM2BDDWM1.'),(678,83,'computers','2012-08-06 12:22:25','inventory',4,'glpi add the item HCMR9LM2PL.'),(679,-1,'system','2012-08-07 05:22:27','login',3,'glpi IP connection: 10.38.6.42'),(680,84,'computers','2012-08-07 05:25:21','inventory',4,'glpi add the item HCMF5K4Y1S.'),(681,85,'computers','2012-08-07 05:26:12','inventory',4,'glpi add the item HCMCH1RT1S.'),(682,24,'computers','2012-08-07 06:11:35','inventory',4,'glpi update the item'),(683,86,'computers','2012-08-07 06:13:41','inventory',4,'glpi add the item HCM.'),(684,87,'computers','2012-08-07 06:42:59','inventory',4,'glpi add the item HCMR9LM2PC.'),(685,88,'computers','2012-08-07 06:44:14','inventory',4,'glpi add the item HCM.'),(686,89,'computers','2012-08-07 10:30:51','inventory',4,'glpi add the item HCM6NHJV1S.'),(687,90,'computers','2012-08-07 10:32:46','inventory',4,'glpi add the item HCMR9PRP57.'),(688,-1,'system','2012-08-08 09:32:30','login',3,'glpi IP connection: 10.38.33.87'),(689,91,'computers','2012-08-08 09:38:24','inventory',4,'glpi add the item HCMR9PRP5L.'),(690,92,'computers','2012-08-08 09:40:17','inventory',4,'glpi add the item HCMR9PRP5P.'),(691,93,'computers','2012-08-08 09:43:04','inventory',4,'glpi add the item HCMR9PRP61.'),(692,54,'computers','2012-08-08 10:36:22','inventory',4,'glpi update the item'),(693,65,'computers','2012-08-08 10:36:49','inventory',4,'glpi update the item'),(694,57,'computers','2012-08-08 10:37:13','inventory',4,'glpi update the item'),(695,-1,'system','2012-08-09 05:11:01','login',3,'glpi IP connection: 10.38.33.87'),(696,136,'phones','2012-08-09 05:42:44','inventory',4,'glpi add the item 3740.'),(697,-1,'system','2012-08-09 05:51:00','login',3,'glpi IP connection: 10.38.7.50'),(698,94,'computers','2012-08-09 06:20:55','inventory',4,'glpi add the item HCMR9LM2P3.'),(699,95,'computers','2012-08-09 06:25:07','inventory',4,'glpi add the item HCMR9LM2P2.'),(700,96,'computers','2012-08-09 06:27:16','inventory',4,'glpi add the item HCMR9LM2PH.'),(701,97,'computers','2012-08-09 06:32:13','inventory',4,'glpi add the item HCMR9LM2PE.'),(702,98,'computers','2012-08-09 06:33:14','inventory',4,'glpi add the item HCMR9LM2PP.'),(703,99,'computers','2012-08-09 06:35:13','inventory',4,'glpi add the item HCMR9LM2PG.'),(704,100,'computers','2012-08-09 07:04:52','inventory',4,'glpi add the item HCMR9LM2PK.'),(705,101,'computers','2012-08-09 07:07:03','inventory',4,'glpi add the item HCMR9LM2PT.'),(706,102,'computers','2012-08-09 07:08:34','inventory',4,'glpi add the item HCMR9LM2PA.'),(707,103,'computers','2012-08-09 07:10:07','inventory',4,'glpi add the item HCMR9LM2PB.'),(708,104,'computers','2012-08-09 07:13:46','inventory',4,'glpi add the item HCMR9LM2P4.'),(709,105,'computers','2012-08-09 07:15:54','inventory',4,'glpi add the item HCMR9LM2NY.'),(710,106,'computers','2012-08-09 07:18:19','inventory',4,'glpi add the item HCMR9LM2NX.'),(711,107,'computers','2012-08-09 07:20:11','inventory',4,'glpi add the item HCMR9LM2NW.'),(712,108,'computers','2012-08-09 07:51:14','inventory',4,'glpi add the item HCMR9LM2NZ.'),(713,109,'computers','2012-08-09 07:54:51','inventory',4,'glpi add the item HCMR9LM2P5.'),(714,110,'computers','2012-08-09 07:56:47','inventory',4,'glpi add the item HCMR9LM2PD.'),(715,-1,'system','2012-08-09 07:58:23','login',3,'glpi IP connection: 10.38.7.50'),(716,111,'computers','2012-08-09 08:00:11','inventory',4,'glpi add the item HCMR9LM2P9.'),(717,137,'phones','2012-08-09 09:41:18','inventory',4,'glpi add the item 3767.'),(718,112,'computers','2012-08-09 09:52:27','inventory',4,'glpi add the item HCMR9LM2PN.'),(719,113,'computers','2012-08-09 09:55:10','inventory',4,'glpi add the item HCMR9LM2PF.'),(720,114,'computers','2012-08-09 10:01:59','inventory',4,'glpi add the item HCMR9LM2P0.'),(721,1,'computers','2012-08-09 11:20:38','inventory',4,'glpi update the item'),(722,115,'computers','2012-08-09 11:23:31','inventory',4,'glpi add the item HCM48DDWM1.'),(723,116,'computers','2012-08-09 11:42:27','inventory',4,'glpi add the item HCMFH1RT1S.'),(724,117,'computers','2012-08-09 11:47:25','inventory',4,'glpi add the item HCM20DCWB1.'),(725,118,'computers','2012-08-09 11:56:10','inventory',4,'glpi add the item HCMCQDDWM1.'),(726,116,'computers','2012-08-09 11:58:41','inventory',4,'glpi update the item'),(727,117,'computers','2012-08-09 11:59:41','inventory',4,'glpi update the item'),(728,119,'computers','2012-08-09 12:02:42','inventory',4,'glpi add the item HCM8J1RT1S.'),(729,120,'computers','2012-08-09 12:04:30','inventory',4,'glpi add the item HCM.'),(730,121,'computers','2012-08-09 12:05:28','inventory',4,'glpi add the item HCM.'),(731,122,'computers','2012-08-09 12:06:17','inventory',4,'glpi add the item HCM4MFDWM1.'),(732,-1,'system','2012-08-10 04:18:44','login',3,'glpi IP connection: 10.38.33.87'),(733,123,'computers','2012-08-10 05:48:21','inventory',4,'glpi add the item HCM6YR752S.'),(734,124,'computers','2012-08-10 05:59:19','inventory',4,'glpi add the item HCMCYR752S.'),(735,125,'computers','2012-08-10 06:00:35','inventory',4,'glpi add the item HCM9SQY5Q1.'),(736,124,'computers','2012-08-10 06:02:15','inventory',4,'glpi update the item'),(737,126,'computers','2012-08-10 06:03:29','inventory',4,'glpi add the item HCM48DDWM1.'),(738,127,'computers','2012-08-10 06:08:49','inventory',4,'glpi add the item HCMG4FDWM1.'),(739,128,'computers','2012-08-10 06:09:43','inventory',4,'glpi add the item HCMJMFDWM1.'),(740,129,'computers','2012-08-10 06:10:43','inventory',4,'glpi add the item HCMH2DDWM1.'),(741,130,'computers','2012-08-10 06:12:18','inventory',4,'glpi add the item HCMFCTY5Q1.'),(742,131,'computers','2012-08-10 06:14:01','inventory',4,'glpi add the item HCM55GDWM1.'),(743,114,'computers','2012-08-10 06:42:07','inventory',4,'glpi update the item'),(744,102,'computers','2012-08-10 06:42:35','inventory',4,'glpi update the item'),(745,108,'computers','2012-08-10 06:43:07','inventory',4,'glpi update the item'),(746,132,'computers','2012-08-10 07:09:50','inventory',4,'glpi add the item HCMR9LM2NY.'),(747,133,'computers','2012-08-10 07:13:07','inventory',4,'glpi add the item HCMJ3DDWM1.'),(748,134,'computers','2012-08-10 07:15:24','inventory',4,'glpi add the item HCMH6MDWM1.'),(749,134,'computers','2012-08-10 07:16:00','inventory',4,'glpi update the item'),(750,130,'computers','2012-08-10 07:20:03','inventory',4,'glpi update the item'),(751,-1,'system','2012-08-10 09:56:41','login',3,'glpi IP connection: 10.38.7.50'),(752,135,'computers','2012-08-10 11:53:59','inventory',4,'glpi add the item HCMCXTY5Q1.'),(753,-1,'system','2012-08-13 04:58:40','login',3,'glpi IP connection: 10.38.33.87'),(754,136,'computers','2012-08-13 10:35:32','inventory',4,'glpi add the item HCM9WJ14R1.'),(755,-1,'system','2012-08-14 07:22:18','login',3,'glpi IP connection: 10.38.6.42'),(756,137,'computers','2012-08-14 12:42:18','inventory',4,'glpi add the item HCM4BH1LF1.'),(757,138,'computers','2012-08-14 12:44:35','inventory',4,'glpi add the item HCM56K4Y1S.'),(758,139,'computers','2012-08-14 12:45:58','inventory',4,'glpi add the item HCMG4DDWM1.'),(759,140,'computers','2012-08-14 12:47:04','inventory',4,'glpi add the item HCMBMFDWM1.'),(760,140,'computers','2012-08-14 12:47:32','inventory',4,'glpi update the item'),(761,141,'computers','2012-08-14 12:48:27','inventory',4,'glpi add the item HCMFKFDWM1.'),(762,142,'computers','2012-08-14 12:49:23','inventory',4,'glpi add the item HCM2BH1LF1.'),(763,143,'computers','2012-08-14 12:50:34','inventory',4,'glpi add the item HCM3RQY5Q1.'),(764,-1,'system','2012-08-15 05:03:30','login',3,'glpi IP connection: 10.38.6.42'),(765,144,'computers','2012-08-15 05:06:07','inventory',4,'glpi add the item HCMR9PRP59.'),(766,145,'computers','2012-08-15 06:23:05','inventory',4,'glpi add the item HCM9H1RT1S.'),(767,146,'computers','2012-08-15 06:33:16','inventory',4,'glpi add the item HCMDH1RT1S.'),(768,147,'computers','2012-08-15 06:41:16','inventory',4,'glpi add the item hcmdell630.'),(769,1,'computers','2012-08-15 06:42:01','inventory',4,'glpi update the item'),(770,148,'computers','2012-08-15 06:44:16','inventory',4,'glpi add the item HCM9YR752S.'),(771,148,'computers','2012-08-15 06:45:16','inventory',4,'glpi update the item'),(772,149,'computers','2012-08-15 06:46:40','inventory',4,'glpi add the item HCM7J1RT1S.'),(773,149,'computers','2012-08-15 06:46:57','inventory',4,'glpi update the item'),(774,150,'computers','2012-08-15 06:52:14','inventory',4,'glpi add the item HCMR29LM2PP.'),(775,150,'computers','2012-08-15 06:54:03','inventory',4,'glpi update the item'),(776,151,'computers','2012-08-15 06:56:05','inventory',4,'glpi add the item HCMJXR752S.'),(777,152,'computers','2012-08-15 07:00:41','inventory',4,'glpi add the item HCMBF0DMG1.'),(778,153,'computers','2012-08-15 07:04:09','inventory',4,'glpi add the item HCMH5K4Y1S.'),(779,154,'computers','2012-08-15 07:07:34','inventory',4,'glpi add the item HCM5FRY5Q1.'),(780,155,'computers','2012-08-15 07:09:27','inventory',4,'glpi add the item HCMTEST-001.'),(781,156,'computers','2012-08-15 07:10:19','inventory',4,'glpi add the item HCM69FDWM1.'),(782,-1,'system','2012-08-15 10:34:09','login',3,'glpi IP connection: 10.38.7.50'),(783,157,'computers','2012-08-15 11:20:20','inventory',4,'glpi add the item HCMJJ1RT1S.'),(784,117,'computers','2012-08-15 11:32:27','inventory',4,'glpi update the item'),(785,158,'computers','2012-08-15 11:34:33','inventory',4,'glpi add the item HCMBHFDWM1.'),(786,159,'computers','2012-08-15 11:37:06','inventory',4,'glpi add the item HCMG5D4NF1.'),(787,160,'computers','2012-08-15 11:41:28','inventory',4,'glpi add the item HCMCHLDWM1.'),(788,146,'computers','2012-08-15 11:43:22','inventory',4,'glpi update the item'),(789,161,'computers','2012-08-15 11:44:18','inventory',4,'glpi add the item HCM5PHJV1S.'),(790,150,'computers','2012-08-15 11:45:43','inventory',4,'glpi update the item'),(791,162,'computers','2012-08-15 11:48:19','inventory',4,'glpi add the item HCM.'),(792,163,'computers','2012-08-15 11:49:29','inventory',4,'glpi add the item HCMJQQY5Q1.'),(793,164,'computers','2012-08-15 11:51:21','inventory',4,'glpi add the item HCM.'),(794,165,'computers','2012-08-15 11:52:11','inventory',4,'glpi add the item HCM8LQY5Q1.'),(795,166,'computers','2012-08-15 11:54:16','inventory',4,'glpi add the item HCM.'),(796,167,'computers','2012-08-15 11:55:28','inventory',4,'glpi add the item HCMFWQY5Q1.'),(797,168,'computers','2012-08-15 11:57:08','inventory',4,'glpi add the item HCM2K1RT1S.'),(798,169,'computers','2012-08-15 11:57:43','inventory',4,'glpi add the item HCM.'),(799,-1,'system','2012-08-16 05:15:05','login',3,'glpi IP connection: 10.38.6.42'),(800,152,'computers','2012-08-16 05:21:04','inventory',4,'glpi update the item'),(801,162,'computers','2012-08-16 05:25:25','inventory',4,'glpi update the item'),(802,162,'computers','2012-08-16 05:25:34','inventory',4,'glpi update the item'),(803,71,'computers','2012-08-16 11:22:40','inventory',4,'glpi update the item'),(804,74,'computers','2012-08-16 11:25:10','inventory',4,'glpi update the item'),(805,52,'computers','2012-08-16 12:20:28','inventory',4,'glpi update the item'),(806,55,'computers','2012-08-16 12:20:41','inventory',4,'glpi update the item'),(807,154,'computers','2012-08-16 12:34:35','inventory',4,'glpi update the item'),(808,61,'computers','2012-08-16 12:40:18','inventory',4,'glpi update the item'),(809,61,'computers','2012-08-16 12:42:05','inventory',4,'glpi update the item'),(810,170,'computers','2012-08-16 12:43:03','inventory',4,'glpi add the item HCM9TQY5Q1.'),(811,-1,'system','2012-08-17 04:55:11','login',3,'glpi IP connection: 10.38.6.42'),(812,171,'computers','2012-08-17 05:25:10','inventory',4,'glpi add the item HCM7QFDWM1.'),(813,88,'computers','2012-08-17 05:35:14','inventory',4,'glpi update the item'),(814,172,'computers','2012-08-17 07:01:31','inventory',4,'glpi add the item HCM85K4Y1S.'),(815,173,'computers','2012-08-17 07:04:52','inventory',4,'glpi add the item HCM8BH1LF1.'),(816,174,'computers','2012-08-17 07:06:54','inventory',4,'glpi add the item HCM3J1RT1S02.'),(817,175,'computers','2012-08-17 07:11:06','inventory',4,'glpi add the item HCM2J1RT1S.'),(818,176,'computers','2012-08-17 07:21:31','inventory',4,'glpi add the item HCMG9H1LF1.'),(819,177,'computers','2012-08-17 07:23:13','inventory',4,'glpi add the item HCM9253FD1.'),(820,178,'computers','2012-08-17 07:28:14','inventory',4,'glpi add the item HCM44235D102.'),(821,179,'computers','2012-08-17 07:30:50','inventory',4,'glpi add the item HCM4K1RT1S02.'),(822,180,'computers','2012-08-17 07:34:00','inventory',4,'glpi add the item HCM26K4Y1S.'),(823,181,'computers','2012-08-17 09:38:35','inventory',4,'glpi add the item HCMGH1RT1S.'),(824,181,'computers','2012-08-17 09:38:43','inventory',4,'glpi update the item'),(825,182,'computers','2012-08-17 09:42:11','inventory',4,'glpi add the item HCM6J1RT1S.'),(826,183,'computers','2012-08-17 09:44:31','inventory',4,'glpi add the item HCM9QHJV1S.'),(827,184,'computers','2012-08-17 09:47:13','inventory',4,'glpi add the item HCMCNHJV1S.'),(828,185,'computers','2012-08-17 09:50:42','inventory',4,'glpi add the item HCM9NHJV1S.'),(829,186,'computers','2012-08-17 09:52:45','inventory',4,'glpi add the item HCM.'),(830,187,'computers','2012-08-17 09:55:56','inventory',4,'glpi add the item HCMB5K4Y1S.'),(831,188,'computers','2012-08-17 10:35:38','inventory',4,'glpi add the item HCM.'),(832,1,'computers','2012-08-17 10:36:04','inventory',4,'glpi update the item'),(833,189,'computers','2012-08-17 10:36:48','inventory',4,'glpi add the item HCM.'),(834,190,'computers','2012-08-17 10:37:03','inventory',4,'glpi add the item HCM.'),(835,191,'computers','2012-08-17 10:37:18','inventory',4,'glpi add the item HCM.'),(836,192,'computers','2012-08-17 10:37:34','inventory',4,'glpi add the item HCM.'),(837,193,'computers','2012-08-17 10:37:48','inventory',4,'glpi add the item HCM.'),(838,-1,'system','2012-08-20 05:13:40','login',3,'glpi IP connection: 10.38.6.42'),(839,194,'computers','2012-08-20 05:15:40','inventory',4,'glpi add the item HCMR9LM2PB.'),(840,103,'computers','2012-08-20 05:16:23','inventory',4,'glpi update the item'),(841,194,'computers','2012-08-20 05:17:24','inventory',4,'glpi update the item'),(842,194,'computers','2012-08-20 05:17:40','inventory',4,'glpi update the item'),(843,195,'computers','2012-08-20 05:36:54','inventory',4,'glpi add the item HCM.'),(844,196,'computers','2012-08-20 05:37:30','inventory',4,'glpi add the item HCM.'),(845,197,'computers','2012-08-20 05:38:08','inventory',4,'glpi add the item HCM.'),(846,198,'computers','2012-08-20 05:38:42','inventory',4,'glpi add the item HCM.'),(847,199,'computers','2012-08-20 05:39:18','inventory',4,'glpi add the item HCM.'),(848,187,'computers','2012-08-20 05:40:02','inventory',4,'glpi update the item'),(849,200,'computers','2012-08-20 06:28:11','inventory',4,'glpi add the item HCM4YR752S.'),(850,201,'computers','2012-08-20 06:30:50','inventory',4,'glpi add the item HCMDYR752S.'),(851,202,'computers','2012-08-20 06:31:57','inventory',4,'glpi add the item HCM44235D1.'),(852,78,'computers','2012-08-20 06:32:58','inventory',4,'glpi update the item'),(853,162,'computers','2012-08-20 06:33:39','inventory',4,'glpi update the item'),(854,157,'computers','2012-08-20 06:34:03','inventory',4,'glpi update the item'),(855,180,'computers','2012-08-20 06:36:24','inventory',4,'glpi update the item'),(856,172,'computers','2012-08-20 06:37:02','inventory',4,'glpi update the item'),(857,174,'computers','2012-08-20 06:39:27','inventory',4,'glpi update the item'),(858,174,'computers','2012-08-20 06:39:35','inventory',4,'glpi update the item'),(859,179,'computers','2012-08-20 06:40:00','inventory',4,'glpi update the item'),(860,177,'computers','2012-08-20 06:40:23','inventory',4,'glpi update the item'),(861,176,'computers','2012-08-20 06:40:46','inventory',4,'glpi update the item'),(862,173,'computers','2012-08-20 06:41:10','inventory',4,'glpi update the item'),(863,175,'computers','2012-08-20 06:41:42','inventory',4,'glpi update the item'),(864,203,'computers','2012-08-20 06:45:21','inventory',4,'glpi add the item HCM8YR752S.'),(865,-1,'system','2012-08-20 06:49:01','login',3,'glpi IP connection: 10.38.6.42'),(866,204,'computers','2012-08-20 06:51:00','inventory',4,'glpi add the item HCMHBDDWM1.'),(867,38,'computers','2012-08-20 07:16:20','inventory',4,'glpi update the item'),(868,205,'computers','2012-08-20 07:36:36','inventory',4,'glpi add the item HCM1YR752S.'),(869,-1,'system','2012-08-20 07:39:07','login',3,'glpi IP connection: 10.38.32.67'),(870,134,'computers','2012-08-20 07:48:07','inventory',4,'glpi update the item'),(871,-1,'system','2012-08-21 07:20:28','login',3,'glpi IP connection: 10.38.6.42'),(872,186,'computers','2012-08-21 07:20:52','inventory',4,'glpi update the item'),(873,113,'computers','2012-08-21 11:24:29','inventory',4,'glpi update the item'),(874,113,'computers','2012-08-21 11:24:34','inventory',4,'glpi update the item'),(875,206,'computers','2012-08-21 11:26:02','inventory',4,'glpi add the item HCMR9LM2PF.'),(876,187,'computers','2012-08-21 11:36:16','inventory',4,'glpi update the item'),(877,147,'computers','2012-08-21 11:36:36','inventory',4,'glpi update the item'),(878,-1,'system','2012-08-22 05:35:21','login',3,'glpi IP connection: 10.38.6.42'),(879,-1,'system','2012-08-23 05:34:14','login',3,'glpi IP connection: 10.38.6.42'),(880,207,'computers','2012-08-23 10:05:33','inventory',4,'glpi add the item HCM.'),(881,178,'computers','2012-08-23 10:14:20','inventory',4,'glpi update the item'),(882,-1,'system','2012-08-24 05:11:57','login',3,'glpi IP connection: 10.38.6.42'),(883,184,'computers','2012-08-24 06:19:48','inventory',4,'glpi update the item'),(884,208,'computers','2012-08-24 13:21:40','inventory',4,'glpi add the item HCM.'),(885,-1,'system','2012-08-24 13:21:52','login',3,'glpi IP connection: 10.38.33.87'),(886,209,'computers','2012-08-24 13:23:08','inventory',4,'glpi add the item HCM.'),(887,210,'computers','2012-08-24 13:24:27','inventory',4,'glpi add the item HCM.'),(888,211,'computers','2012-08-24 13:25:04','inventory',4,'glpi add the item HCM.'),(889,212,'computers','2012-08-24 13:25:32','inventory',4,'glpi add the item HCM.'),(890,213,'computers','2012-08-24 13:25:57','inventory',4,'glpi add the item HCM.'),(891,214,'computers','2012-08-24 13:26:21','inventory',4,'glpi add the item HCM.'),(892,215,'computers','2012-08-24 13:26:42','inventory',4,'glpi add the item HCM.'),(893,216,'computers','2012-08-24 13:27:01','inventory',4,'glpi add the item HCM.'),(894,-1,'system','2012-08-27 04:53:46','login',3,'glpi IP connection: 10.38.33.87'),(895,-1,'system','2012-08-27 06:20:55','login',3,'glpi IP connection: 10.38.7.50'),(896,-1,'system','2012-08-27 11:19:38','login',3,'tduong IP connection: 10.38.32.67'),(897,-1,'system','2012-08-27 11:19:52','login',3,'glpi IP connection: 10.38.32.67'),(898,8,'users','2012-08-27 11:20:17','setup',4,'glpi add a user to an entity'),(899,-1,'system','2012-08-27 11:20:29','login',3,'tduong IP connection: 10.38.32.67'),(900,6,'computers','2012-08-27 11:59:54','inventory',4,'tduong update the item'),(901,7,'computers','2012-08-27 12:00:14','inventory',4,'tduong update the item'),(902,8,'computers','2012-08-27 12:00:31','inventory',4,'tduong update the item'),(903,9,'computers','2012-08-27 12:00:45','inventory',4,'tduong update the item'),(904,14,'computers','2012-08-27 12:01:00','inventory',4,'tduong update the item'),(905,2,'State','2012-08-27 12:01:56','setup',4,'tduong item\'s deletion'),(906,5,'State','2012-08-27 12:02:42','setup',4,'tduong added Failure.'),(907,15,'computers','2012-08-27 12:02:55','inventory',4,'tduong update the item'),(908,15,'computers','2012-08-27 12:03:17','inventory',4,'tduong update the item'),(909,15,'computers','2012-08-27 12:03:21','inventory',4,'tduong update the item'),(910,10,'computers','2012-08-27 12:03:42','inventory',4,'tduong update the item'),(911,13,'computers','2012-08-27 12:03:56','inventory',4,'tduong update the item'),(912,12,'computers','2012-08-27 12:04:10','inventory',4,'tduong update the item'),(913,11,'computers','2012-08-27 12:04:23','inventory',4,'tduong update the item'),(914,5,'computers','2012-08-27 12:07:37','inventory',4,'tduong update the item'),(915,5,'printers','2012-08-27 12:09:07','inventory',4,'tduong update the item'),(916,1,'PrinterType','2012-08-27 12:09:47','setup',4,'tduong added Color.'),(917,2,'PrinterType','2012-08-27 12:10:07','setup',4,'tduong added Back&White.'),(918,5,'printers','2012-08-27 12:10:12','inventory',4,'tduong update the item'),(919,17,'computers','2012-08-27 12:10:51','inventory',4,'tduong update the item'),(920,217,'computers','2012-08-27 12:15:11','inventory',4,'tduong add the item HCMRTM01.'),(921,217,'computers','2012-08-27 12:15:28','inventory',4,'tduong update the item'),(922,16,'computers','2012-08-27 12:16:35','inventory',4,'tduong update the item'),(923,1,'ComputerType','2012-08-27 12:17:01','setup',4,'tduong update the item'),(924,1,'ComputerType','2012-08-27 12:17:52','setup',4,'tduong update the item'),(925,4,'ComputerType','2012-08-27 12:18:57','setup',4,'tduong added LSF-Server.'),(926,5,'ComputerType','2012-08-27 12:19:15','setup',4,'tduong added Infrastructure Server.'),(927,16,'computers','2012-08-27 12:19:21','inventory',4,'tduong update the item'),(928,-1,'system','2012-08-27 12:19:28','login',3,'glpi IP connection: 10.38.33.87'),(929,21,'computers','2012-08-27 12:21:28','inventory',4,'tduong update the item'),(930,218,'computers','2012-08-27 12:21:43','inventory',4,'glpi add the item HCM.'),(931,18,'computers','2012-08-27 12:21:58','inventory',4,'tduong update the item'),(932,19,'computers','2012-08-27 12:22:11','inventory',4,'tduong update the item'),(933,219,'computers','2012-08-27 12:22:15','inventory',4,'glpi add the item HCM.'),(934,20,'computers','2012-08-27 12:22:24','inventory',4,'tduong update the item'),(935,220,'computers','2012-08-27 12:22:37','inventory',4,'glpi add the item HCM.'),(936,11,'OperatingSystem','2012-08-27 12:25:07','setup',4,'tduong added ONTAP 8.0.1P3.'),(937,7,'Manufacturer','2012-08-27 12:25:30','setup',4,'tduong added NetApp.'),(938,6,'ComputerType','2012-08-27 12:26:04','setup',4,'tduong added Storage Server.'),(939,221,'computers','2012-08-27 12:26:14','inventory',4,'tduong add the item hcmna01.'),(940,222,'computers','2012-08-27 12:27:09','inventory',4,'tduong add the item hcmna02.'),(941,10,'ComputerModel','2012-08-27 12:27:53','setup',4,'tduong added FAS3240.'),(942,221,'computers','2012-08-27 12:27:59','inventory',4,'tduong update the item'),(943,222,'computers','2012-08-27 12:28:20','inventory',4,'tduong update the item'),(944,222,'computers','2012-08-27 12:28:25','inventory',4,'tduong update the item'),(945,2,'computers','2012-08-27 12:29:53','inventory',4,'tduong update the item'),(946,11,'ComputerModel','2012-08-27 12:30:30','setup',4,'tduong added SL500.'),(947,7,'ComputerType','2012-08-27 12:30:47','setup',4,'tduong added Tape Library.'),(948,223,'computers','2012-08-27 12:31:19','inventory',4,'tduong add the item HCMSL500.'),(949,224,'computers','2012-08-27 12:31:23','inventory',4,'tduong add the item HCM.....'),(950,224,'computers','2012-08-27 12:33:01','inventory',4,'tduong update the item'),(951,224,'computers','2012-08-27 12:33:16','inventory',4,'tduong update the item'),(952,224,'computers','2012-08-27 12:33:38','inventory',4,'tduong update the item'),(953,6,'State','2012-08-27 12:34:25','setup',4,'tduong added Retired.'),(954,12,'ComputerModel','2012-08-27 12:34:50','setup',4,'tduong added 1950.'),(955,12,'OperatingSystem','2012-08-27 12:35:03','setup',4,'tduong added Checkpoint.'),(956,224,'computers','2012-08-27 12:35:14','inventory',4,'tduong update the item'),(957,225,'computers','2012-08-27 12:36:01','inventory',4,'tduong add the item HCMFW12.'),(958,2,'computers','2012-08-27 12:36:34','inventory',4,'tduong update the item'),(959,8,'Manufacturer','2012-08-27 12:38:59','setup',4,'tduong added Avocent.'),(960,13,'ComputerModel','2012-08-27 12:39:11','setup',4,'tduong added ACS32.'),(961,226,'computers','2012-08-27 12:39:30','inventory',4,'tduong add the item hcmcon01.'),(962,9,'Manufacturer','2012-08-27 12:41:54','setup',4,'tduong added NetBotz.'),(963,227,'computers','2012-08-27 12:42:15','inventory',4,'tduong add the item hcmbotz01.'),(964,3,'networkequipment','2012-08-27 12:43:36','inventory',4,'tduong update the item'),(965,4,'NetworkEquipmentModel','2012-08-27 12:44:47','setup',4,'tduong added 2600.'),(966,2,'networkequipment','2012-08-27 12:45:20','inventory',4,'tduong update the item'),(967,1,'NetworkEquipmentType','2012-08-27 12:46:24','setup',4,'tduong added Router.'),(968,2,'NetworkEquipmentType','2012-08-27 12:46:34','setup',4,'tduong added Switch.'),(969,3,'NetworkEquipmentType','2012-08-27 12:46:49','setup',4,'tduong added Core Switch.'),(970,4,'NetworkEquipmentType','2012-08-27 12:46:54','setup',4,'tduong added Hub.'),(971,5,'NetworkEquipmentType','2012-08-27 12:47:03','setup',4,'tduong added WIFI Router.'),(972,6,'NetworkEquipmentType','2012-08-27 12:47:16','setup',4,'tduong added Layer 2 Switch.'),(973,7,'NetworkEquipmentType','2012-08-27 12:47:40','setup',4,'tduong added Firewall.'),(974,4,'networkequipment','2012-08-27 12:48:09','inventory',4,'tduong update the item'),(975,1,'networkequipment','2012-08-27 12:49:04','inventory',4,'tduong update the item'),(976,5,'NetworkEquipmentModel','2012-08-27 12:49:37','setup',4,'tduong added 2950.'),(977,7,'networkequipment','2012-08-27 12:50:14','inventory',4,'tduong add the item :  hcmsw3a99.'),(978,8,'networkequipment','2012-08-27 12:50:58','inventory',4,'tduong add the item :  hcmswcr01.'),(979,10,'Manufacturer','2012-08-27 12:51:58','setup',4,'tduong added Riverbed.'),(980,9,'networkequipment','2012-08-27 12:53:15','inventory',4,'tduong add the item :  HCMWANACC01.'),(981,6,'NetworkEquipmentModel','2012-08-27 12:58:27','setup',4,'tduong added ASA 5000.'),(982,10,'networkequipment','2012-08-27 12:59:23','inventory',4,'tduong add the item :  hcmasa01.'),(983,11,'networkequipment','2012-08-27 12:59:38','inventory',4,'tduong add the item :  hcmasa02.'),(984,10,'networkequipment','2012-08-27 12:59:58','inventory',4,'tduong update the item'),(985,11,'networkequipment','2012-08-27 13:00:08','inventory',4,'tduong update the item'),(986,6,'printers','2012-08-27 13:00:43','inventory',4,'tduong update the item'),(987,223,'computers','2012-08-27 13:01:21','inventory',4,'tduong update the item'),(988,8,'ComputerType','2012-08-27 13:12:09','setup',4,'tduong added Chassis.'),(989,14,'ComputerModel','2012-08-27 13:12:34','setup',4,'tduong added HP BLC7000 CTO 3 IN LSC ROHS ENCLOSURE.'),(990,228,'computers','2012-08-27 13:13:28','inventory',4,'tduong add the item C7000 Chassis.'),(991,14,'ComputerModel','2012-08-27 13:14:03','setup',4,'tduong update the item'),(992,-1,'system','2012-08-27 13:18:26','login',3,'glpi IP connection: 10.38.7.50'),(993,8,'documents','2012-08-27 13:22:14','document',4,'tduong add the item TK0884.'),(994,11,'contracts','2012-08-27 13:23:14','financial',4,'tduong add the item 884.'),(995,8,'documents','2012-08-27 13:23:43','document',4,'tduong add link with an item'),(996,11,'contracts','2012-08-27 13:23:56','financial',4,'tduong add link with an item'),(997,11,'contracts','2012-08-27 13:24:00','financial',4,'tduong update the item'),(998,15,'ComputerModel','2012-08-27 13:26:45','setup',4,'tduong added BL460C.'),(999,229,'computers','2012-08-27 13:28:11','inventory',4,'tduong add the item HCMESXI01.'),(1000,229,'computers','2012-08-27 13:29:13','inventory',4,'tduong update the item'),(1001,11,'contracts','2012-08-27 13:29:23','financial',4,'tduong add link with an item'),(1002,230,'computers','2012-08-27 13:30:48','inventory',4,'tduong add the item HCMESXi02.'),(1003,231,'computers','2012-08-27 13:31:27','inventory',4,'tduong add the item HCMLC018.'),(1004,232,'computers','2012-08-27 13:31:53','inventory',4,'tduong add the item HCMLC017.'),(1005,233,'computers','2012-08-27 13:32:44','inventory',4,'tduong add the item HCMLC.'),(1006,234,'computers','2012-08-27 13:33:26','inventory',4,'tduong add the item HCMLC016.'),(1007,235,'computers','2012-08-27 13:33:40','inventory',4,'tduong add the item HCMLC015.'),(1008,236,'computers','2012-08-27 13:33:56','inventory',4,'tduong add the item HCMLC014.'),(1009,237,'computers','2012-08-27 13:34:12','inventory',4,'tduong add the item HCMLC013.'),(1010,238,'computers','2012-08-27 13:34:27','inventory',4,'tduong add the item HCMLC012.'),(1011,11,'contracts','2012-08-27 13:39:32','financial',4,'tduong update the item'),(1012,3,'PrinterModel','2012-08-27 13:41:24','setup',4,'tduong added HP Color LJ CP3535DN.'),(1013,7,'printers','2012-08-27 13:42:35','inventory',4,'tduong  add the item  HCMCLJ02.'),(1014,-1,'system','2012-08-28 04:53:00','login',3,'glpi IP connection: 10.38.33.87'),(1015,179,'computers','2012-08-28 05:22:27','inventory',4,'glpi update the item'),(1016,143,'computers','2012-08-28 06:47:42','inventory',4,'glpi update the item'),(1017,239,'computers','2012-08-28 12:30:05','inventory',4,'glpi add the item HCM.'),(1018,-1,'system','2012-08-29 05:03:27','login',3,'glpi IP connection: 10.38.33.87'),(1019,79,'computers','2012-08-29 06:49:30','inventory',4,'glpi update the item'),(1020,-1,'system','2012-08-30 07:15:18','login',3,'glpi IP connection: 10.38.33.87'),(1021,201,'computers','2012-08-30 09:41:51','inventory',4,'glpi update the item'),(1022,143,'computers','2012-08-30 10:15:16','inventory',4,'glpi update the item'),(1023,240,'computers','2012-08-30 11:00:01','inventory',4,'glpi add the item HCM4J1KT1S.'),(1024,116,'computers','2012-08-30 12:11:37','inventory',4,'glpi update the item'),(1025,-1,'system','2012-08-31 05:56:34','login',3,'glpi IP connection: 10.38.6.42'),(1026,-1,'system','2012-08-31 06:08:50','login',3,'tduong IP connection: 10.38.7.50'),(1027,143,'computers','2012-08-31 06:18:21','inventory',4,'tduong update the item'),(1028,-1,'system','2012-09-05 07:14:42','login',3,'glpi IP connection: 10.38.6.42'),(1029,183,'computers','2012-09-05 07:39:26','inventory',4,'glpi update the item'),(1030,-1,'system','2012-09-06 12:55:05','login',3,'glpi IP connection: 10.38.6.42'),(1031,-1,'system','2012-09-07 05:12:15','login',3,'glpi IP connection: 10.38.6.42'),(1032,-1,'system','2012-09-10 06:08:09','login',3,'glpi IP connection: 10.38.6.42'),(1033,-1,'system','2012-09-10 06:22:02','login',3,'tduong IP connection: 10.38.32.67'),(1034,-1,'system','2012-09-10 13:36:46','login',3,'glpi IP connection: 10.38.6.42'),(1035,241,'computers','2012-09-10 13:37:13','inventory',4,'glpi add the item HCM.'),(1036,-1,'system','2012-09-11 06:47:48','login',3,'glpi IP connection: 10.38.6.42'),(1037,-1,'system','2012-09-12 05:40:45','login',3,'glpi IP connection: 10.38.6.42'),(1038,201,'computers','2012-09-12 06:39:14','inventory',4,'glpi update the item'),(1039,161,'computers','2012-09-12 06:39:36','inventory',4,'glpi update the item'),(1040,-1,'system','2012-09-13 05:24:47','login',3,'glpi IP connection: 10.38.6.42'),(1041,242,'computers','2012-09-13 05:27:00','inventory',4,'glpi add the item HCM.'),(1042,159,'computers','2012-09-13 10:49:30','inventory',4,'glpi update the item'),(1043,-1,'system','2012-09-14 10:23:39','login',3,'glpi IP connection: 10.38.6.42'),(1044,154,'computers','2012-09-14 10:24:34','inventory',4,'glpi update the item'),(1045,-1,'system','2012-09-14 11:31:04','login',3,'glpi IP connection: 10.38.6.42'),(1046,-1,'system','2012-09-17 06:54:33','login',3,'glpi IP connection: 10.38.33.87'),(1047,103,'computers','2012-09-17 06:55:24','inventory',4,'glpi update the item'),(1048,-1,'system','2012-09-17 10:40:13','login',3,'glpi IP connection: 10.38.32.67'),(1049,-1,'system','2012-09-17 10:51:01','login',3,'glpi IP connection: 10.38.32.67'),(1050,-1,'system','2012-09-17 10:59:56','login',3,'glpi IP connection: 10.38.33.87'),(1051,-1,'system','2012-09-17 11:06:29','login',3,'tduong IP connection: 10.38.6.207'),(1052,-1,'system','2012-09-17 13:25:30','login',3,'tduong IP connection: 10.38.7.201'),(1053,-1,'system','2012-09-18 05:31:15','login',3,'glpi IP connection: 10.38.7.187'),(1054,182,'computers','2012-09-18 06:11:25','inventory',4,'glpi update the item'),(1055,243,'computers','2012-09-18 07:50:42','inventory',4,'glpi add the item HCM.'),(1056,155,'computers','2012-09-18 07:54:24','inventory',4,'glpi update the item'),(1057,207,'computers','2012-09-18 10:36:47','inventory',4,'glpi update the item'),(1058,244,'computers','2012-09-18 10:40:58','inventory',4,'glpi add the item HCM.'),(1059,-1,'system','2012-09-19 06:27:41','login',3,'glpi IP connection: 10.38.7.141'),(1060,173,'computers','2012-09-19 06:32:32','inventory',4,'glpi update the item'),(1061,174,'computers','2012-09-19 06:33:12','inventory',4,'glpi update the item'),(1062,175,'computers','2012-09-19 06:33:45','inventory',4,'glpi update the item'),(1063,179,'computers','2012-09-19 06:34:13','inventory',4,'glpi update the item'),(1064,180,'computers','2012-09-19 06:34:40','inventory',4,'glpi update the item'),(1065,176,'computers','2012-09-19 06:35:10','inventory',4,'glpi update the item'),(1066,177,'computers','2012-09-19 06:35:43','inventory',4,'glpi update the item'),(1067,85,'computers','2012-09-19 06:36:07','inventory',4,'glpi update the item'),(1068,84,'computers','2012-09-19 06:36:31','inventory',4,'glpi update the item'),(1069,178,'computers','2012-09-19 06:36:57','inventory',4,'glpi update the item'),(1070,172,'computers','2012-09-19 06:37:23','inventory',4,'glpi update the item'),(1071,-1,'system','2012-09-19 07:45:00','login',3,'tduong IP connection: 10.38.6.216'),(1072,0,'users','2012-09-19 10:23:44','setup',5,'glpi  update the item  glpi.'),(1073,-1,'system','2012-09-19 10:31:53','login',3,'glpi IP connection: 10.38.7.141'),(1074,0,'users','2012-09-19 10:33:46','setup',5,'glpi  update the item  glpi.'),(1075,-1,'system','2012-09-19 10:33:55','login',1,'connection failed: glpi (10.38.7.141)'),(1076,-1,'system','2012-09-19 10:34:06','login',3,'glpi IP connection: 10.38.7.141'),(1077,-1,'system','2012-09-20 05:09:46','login',1,'connection failed: glpi (10.38.5.21)'),(1078,-1,'system','2012-09-20 05:10:02','login',3,'glpi IP connection: 10.38.5.21'),(1079,113,'computers','2012-09-20 05:46:12','inventory',4,'glpi update the item'),(1080,86,'computers','2012-09-20 05:46:37','inventory',4,'glpi update the item'),(1081,245,'computers','2012-09-20 05:52:52','inventory',4,'glpi add the item HCM.'),(1082,159,'computers','2012-09-20 06:26:38','inventory',4,'glpi update the item'),(1083,-1,'system','2012-09-20 10:52:05','login',3,'tduong IP connection: 10.38.32.67'),(1084,246,'computers','2012-09-20 12:54:14','inventory',4,'glpi add the item HCM.'),(1085,245,'computers','2012-09-20 12:55:03','inventory',4,'glpi update the item'),(1086,113,'computers','2012-09-20 12:55:32','inventory',4,'glpi update the item'),(1087,154,'computers','2012-09-20 12:58:22','inventory',4,'glpi update the item'),(1088,-1,'system','2012-09-21 05:20:32','login',3,'glpi IP connection: 10.38.5.21'),(1089,-1,'system','2012-09-21 10:00:49','login',3,'glpi IP connection: 10.38.5.21'),(1090,245,'computers','2012-09-21 10:01:31','inventory',4,'glpi update the item'),(1091,245,'computers','2012-09-21 10:02:50','inventory',4,'glpi update the item'),(1092,-1,'system','2012-09-21 15:32:13','login',3,'tduong IP connection: 10.38.7.201'),(1093,-1,'system','2012-09-21 16:10:24','login',3,'tduong IP connection: 10.38.7.201'),(1094,15,'users','2012-09-21 16:11:13','setup',4,'tduong add the item admin.'),(1095,0,'users','2012-09-21 16:12:08','setup',5,'tduong  update the item  admin.'),(1096,0,'users','2012-09-21 16:13:58','setup',5,'tduong  update the item  glpi.'),(1097,-1,'system','2012-09-21 16:16:22','login',3,'glpi IP connection: 10.38.7.201'),(1098,-1,'system','2012-09-24 04:58:10','login',1,'connection failed: glpi (10.38.5.21)'),(1099,-1,'system','2012-09-24 05:00:28','login',3,'glpi IP connection: 10.38.5.21'),(1100,-1,'system','2012-09-24 05:30:50','login',3,'tduong IP connection: 10.38.7.201'),(1101,-1,'system','2012-09-24 05:32:31','login',3,'tduong IP connection: 10.38.7.201'),(1102,154,'computers','2012-09-24 05:33:10','inventory',4,'tduong update the item'),(1103,154,'computers','2012-09-24 05:33:32','inventory',4,'tduong update the item'),(1104,-1,'system','2012-09-24 06:46:37','login',3,'tduong IP connection: 10.38.6.133'),(1105,-1,'system','2012-09-24 07:04:22','login',3,'glpi IP connection: 10.38.5.21'),(1106,173,'computers','2012-09-24 11:42:56','inventory',4,'glpi update the item'),(1107,-1,'system','2012-09-24 12:52:28','login',3,'tduong IP connection: 10.38.6.133'),(1108,-1,'system','2012-09-24 13:00:37','login',3,'tduong IP connection: 10.38.7.201'),(1109,-1,'system','2012-09-24 13:07:20','login',3,'tduong IP connection: 10.38.7.201'),(1110,-1,'system','2012-09-25 05:13:17','login',3,'glpi IP connection: 10.38.5.21'),(1111,194,'computers','2012-09-25 05:47:56','inventory',4,'glpi update the item'),(1112,113,'computers','2012-09-25 05:48:40','inventory',4,'glpi update the item'),(1113,194,'computers','2012-09-25 05:49:29','inventory',4,'glpi update the item'),(1114,113,'computers','2012-09-25 05:49:43','inventory',4,'glpi update the item'),(1115,201,'computers','2012-09-25 09:38:20','inventory',4,'glpi update the item'),(1116,169,'computers','2012-09-25 09:39:22','inventory',4,'glpi update the item'),(1117,-1,'system','2012-09-26 05:59:22','login',3,'glpi IP connection: 10.38.5.209'),(1118,-1,'system','2012-09-26 07:48:47','login',3,'glpi IP connection: 10.38.5.155'),(1119,-1,'system','2012-09-27 05:21:03','login',3,'glpi IP connection: 10.38.5.176'),(1120,-1,'system','2012-09-27 05:45:13','login',3,'tduong IP connection: 10.38.7.201'),(1121,-1,'system','2012-10-01 04:33:30','login',3,'glpi IP connection: 10.38.5.21'),(1122,-1,'system','2012-10-01 06:02:49','login',1,'connection failed: glpi (10.38.7.201)'),(1123,-1,'system','2012-10-01 06:02:57','login',1,'connection failed: tduong (10.38.7.201)'),(1124,-1,'system','2012-10-01 06:03:05','login',3,'tduong IP connection: 10.38.7.201'),(1125,173,'computers','2012-10-01 11:01:58','inventory',4,'glpi update the item'),(1126,-1,'system','2012-10-02 05:03:53','login',3,'tduong IP connection: 10.38.7.201'),(1127,-1,'system','2012-10-02 06:16:15','login',3,'glpi IP connection: 10.38.5.21'),(1128,-1,'system','2012-10-03 04:51:44','login',3,'glpi IP connection: 10.38.6.42'),(1129,181,'computers','2012-10-03 06:59:50','inventory',4,'glpi update the item'),(1130,173,'computers','2012-10-03 07:00:18','inventory',4,'glpi update the item'),(1131,173,'computers','2012-10-03 07:00:26','inventory',4,'glpi update the item'),(1132,-1,'system','2012-10-04 05:28:44','login',3,'glpi IP connection: 10.38.6.42'),(1133,247,'computers','2012-10-04 05:54:22','inventory',4,'glpi add the item HCMR9PRP5W.'),(1134,-1,'system','2012-10-08 10:28:12','login',3,'tduong IP connection: 10.38.7.201'),(1135,-1,'system','2012-10-10 07:02:53','login',3,'glpi IP connection: 10.38.6.42'),(1136,-1,'system','2012-10-15 05:00:11','login',3,'glpi IP connection: 10.38.5.214'),(1137,248,'computers','2012-10-15 05:12:22','inventory',4,'glpi add the item HCM.'),(1138,41,'computers','2012-10-15 05:13:25','inventory',4,'glpi update the item'),(1139,248,'computers','2012-10-15 05:13:48','inventory',4,'glpi update the item'),(1140,41,'computers','2012-10-15 06:12:45','inventory',4,'glpi update the item'),(1141,80,'computers','2012-10-15 07:23:37','inventory',4,'glpi update the item'),(1142,-1,'system','2012-10-16 06:36:36','login',3,'glpi IP connection: 10.38.5.214'),(1143,0,'documents','2012-10-16 06:37:44','document',4,'glpi add the item .'),(1144,9,'documents','2012-10-16 06:38:28','document',4,'glpi add link with an item'),(1145,9,'documents','2012-10-16 06:38:28','document',4,'glpi add the item .'),(1146,9,'documents','2012-10-16 06:44:01','document',4,'glpi update the item'),(1147,-1,'system','2012-10-16 10:53:00','login',3,'tduong IP connection: 10.38.6.133'),(1148,-1,'system','2012-10-17 05:24:47','login',3,'glpi IP connection: 10.38.5.214'),(1149,179,'computers','2012-10-17 05:25:28','inventory',4,'glpi update the item'),(1150,-1,'system','2012-10-17 06:23:05','login',3,'tduong IP connection: 10.38.6.133'),(1151,-1,'system','2012-10-18 07:38:08','login',3,'glpi IP connection: 10.38.5.214'),(1152,-1,'system','2012-10-20 02:11:01','login',3,'tduong IP connection: 10.38.55.163'),(1153,-1,'system','2012-10-22 04:52:52','login',3,'glpi IP connection: 10.38.5.214'),(1154,76,'computers','2012-10-22 05:57:00','inventory',4,'glpi update the item'),(1155,197,'computers','2012-10-22 06:19:25','inventory',4,'glpi update the item'),(1156,-1,'system','2012-10-24 04:43:06','login',3,'tduong IP connection: 10.38.6.177'),(1157,-1,'system','2012-10-24 06:19:41','login',3,'glpi IP connection: 10.38.32.105'),(1158,-1,'system','2012-10-24 10:44:40','login',3,'glpi IP connection: 10.38.32.105'),(1159,-1,'system','2012-10-25 05:39:08','login',3,'glpi IP connection: 10.38.7.43'),(1160,-1,'system','2012-10-26 11:00:16','login',3,'glpi IP connection: 10.38.32.105'),(1161,-1,'system','2012-10-29 04:51:17','login',3,'glpi IP connection: 10.38.6.237'),(1162,-1,'system','2012-10-29 06:24:04','login',3,'tduong IP connection: 10.38.6.177'),(1163,201,'computers','2012-10-29 06:53:54','inventory',4,'glpi update the item'),(1164,-1,'system','2012-10-31 07:05:30','login',3,'glpi IP connection: 10.38.32.105'),(1165,45,'computers','2012-10-31 13:25:49','inventory',4,'glpi update the item'),(1166,-1,'system','2012-11-01 10:00:41','login',3,'glpi IP connection: 10.38.32.105'),(1167,113,'computers','2012-11-01 10:02:12','inventory',4,'glpi update the item'),(1168,194,'computers','2012-11-01 10:02:46','inventory',4,'glpi update the item'),(1169,-1,'system','2012-11-02 05:12:03','login',3,'glpi IP connection: 10.38.6.237'),(1170,-1,'system','2012-11-05 04:12:26','login',3,'glpi IP connection: 10.38.6.237'),(1171,-1,'system','2012-11-05 10:37:24','login',3,'glpi IP connection: 10.38.6.237'),(1172,-1,'system','2012-11-06 04:03:28','login',3,'glpi IP connection: 10.38.6.237'),(1173,-1,'system','2012-11-06 04:43:21','login',3,'glpi IP connection: 10.38.6.237'),(1174,203,'computers','2012-11-06 12:23:05','inventory',4,'glpi update the item'),(1175,-1,'system','2012-11-07 03:57:34','login',3,'glpi IP connection: 10.38.6.237'),(1176,-1,'system','2012-11-07 04:32:56','login',3,'tduong IP connection: 10.38.5.45'),(1177,-1,'system','2012-11-08 04:16:13','login',3,'glpi IP connection: 10.38.6.237'),(1178,-1,'system','2012-11-09 04:48:09','login',3,'glpi IP connection: 10.38.6.237'),(1179,-1,'system','2012-11-12 04:29:56','login',3,'glpi IP connection: 10.38.6.237'),(1180,116,'computers','2012-11-12 08:25:03','inventory',4,'glpi update the item'),(1181,-1,'system','2012-11-13 03:58:02','login',3,'glpi IP connection: 10.38.32.105'),(1182,-1,'system','2012-11-13 05:16:47','login',3,'tduong IP connection: 10.38.6.177'),(1183,249,'computers','2012-11-13 05:53:24','inventory',4,'glpi add the item HCMR9PRP5M.'),(1184,250,'computers','2012-11-13 06:24:42','inventory',4,'glpi add the item HCMR9PRP5V.'),(1185,251,'computers','2012-11-13 10:33:08','inventory',4,'glpi add the item HCM.'),(1186,145,'computers','2012-11-13 10:34:59','inventory',4,'glpi update the item'),(1187,142,'computers','2012-11-13 10:35:41','inventory',4,'glpi update the item'),(1188,251,'computers','2012-11-13 10:44:44','inventory',4,'glpi update the item'),(1189,107,'computers','2012-11-13 10:45:32','inventory',4,'glpi update the item'),(1190,-1,'system','2012-11-14 09:12:19','login',3,'glpi IP connection: 10.38.6.237'),(1191,36,'computers','2012-11-14 09:12:59','inventory',4,'glpi update the item'),(1192,-1,'system','2012-11-15 06:12:48','login',3,'glpi IP connection: 10.38.6.237'),(1193,-1,'system','2012-11-16 04:15:41','login',3,'glpi IP connection: 10.38.7.43'),(1194,-1,'system','2012-11-16 05:10:32','login',3,'tduong IP connection: 10.38.6.177'),(1195,151,'computers','2012-11-16 10:27:33','inventory',4,'glpi update the item'),(1196,79,'computers','2012-11-16 10:30:32','inventory',4,'glpi update the item'),(1197,78,'computers','2012-11-16 10:31:23','inventory',4,'glpi update the item'),(1198,77,'computers','2012-11-16 11:06:44','inventory',4,'glpi update the item'),(1199,-1,'system','2012-11-19 04:24:08','login',3,'glpi IP connection: 10.38.32.105'),(1200,116,'computers','2012-11-19 12:26:28','inventory',4,'glpi update the item'),(1201,-1,'system','2012-11-20 04:05:09','login',3,'glpi IP connection: 10.38.6.237'),(1202,-1,'system','2012-11-21 09:03:08','login',3,'glpi IP connection: 10.38.6.237'),(1203,-1,'system','2012-11-22 04:13:39','login',3,'glpi IP connection: 10.38.6.237'),(1204,-1,'system','2012-11-23 04:12:18','login',3,'glpi IP connection: 10.38.6.237'),(1205,132,'computers','2012-11-23 12:59:24','inventory',4,'glpi update the item'),(1206,-1,'system','2012-11-26 05:04:20','login',3,'glpi IP connection: 10.38.6.237'),(1207,41,'computers','2012-11-26 05:48:35','inventory',4,'glpi update the item'),(1208,248,'computers','2012-11-26 05:49:16','inventory',4,'glpi update the item'),(1209,132,'computers','2012-11-26 11:32:00','inventory',4,'glpi update the item'),(1210,77,'computers','2012-11-26 11:32:41','inventory',4,'glpi update the item'),(1211,206,'computers','2012-11-26 11:50:39','inventory',4,'glpi update the item'),(1212,-1,'system','2012-11-27 06:08:49','login',3,'glpi IP connection: 10.38.6.237'),(1213,-1,'system','2012-11-28 04:25:26','login',3,'glpi IP connection: 10.38.6.237'),(1214,-1,'system','2012-11-28 08:57:19','login',3,'glpi IP connection: 10.38.6.42'),(1215,64,'computers','2012-11-28 08:58:53','inventory',4,'glpi update the item'),(1216,-1,'system','2012-11-29 04:25:26','login',3,'glpi IP connection: 10.38.6.42'),(1217,-1,'system','2012-11-30 04:08:28','login',3,'glpi IP connection: 10.38.6.42'),(1218,-1,'system','2012-11-30 10:34:56','login',3,'tduong IP connection: 10.38.5.45'),(1219,37,'computers','2012-11-30 10:36:15','inventory',4,'tduong update the item'),(1220,-1,'system','2012-12-03 04:31:46','login',3,'glpi IP connection: 10.38.6.42'),(1221,203,'computers','2012-12-03 05:11:35','inventory',4,'glpi update the item'),(1222,25,'computers','2012-12-03 05:12:04','inventory',4,'glpi update the item'),(1223,37,'computers','2012-12-03 09:04:48','inventory',4,'glpi update the item'),(1224,-1,'system','2012-12-05 04:02:01','login',3,'glpi IP connection: 10.38.6.42'),(1225,173,'computers','2012-12-05 08:42:05','inventory',4,'glpi update the item'),(1226,173,'computers','2012-12-05 08:42:44','inventory',4,'glpi update the item'),(1227,196,'computers','2012-12-05 08:43:20','inventory',4,'glpi update the item'),(1228,-1,'system','2012-12-06 03:55:58','login',3,'glpi IP connection: 10.38.6.42'),(1229,-1,'system','2012-12-07 04:00:36','login',3,'glpi IP connection: 10.38.6.42'),(1230,117,'computers','2012-12-07 10:20:54','inventory',4,'glpi update the item'),(1231,240,'computers','2012-12-07 10:22:55','inventory',4,'glpi update the item'),(1232,-1,'system','2012-12-10 03:25:28','login',3,'glpi IP connection: 10.38.5.21'),(1233,-1,'system','2012-12-11 03:54:31','login',3,'glpi IP connection: 10.38.5.21'),(1234,-1,'system','2012-12-12 06:27:17','login',3,'glpi IP connection: 10.38.5.21'),(1235,12,'networkequipment','2012-12-12 10:09:16','inventory',4,'glpi add the item :  Infoblox Trinzic 800.'),(1236,12,'networkequipment','2012-12-12 10:09:39','inventory',4,'glpi update the item'),(1237,12,'networkequipment','2012-12-12 10:18:02','inventory',4,'glpi update the item'),(1238,206,'computers','2012-12-12 11:16:52','inventory',4,'glpi update the item'),(1239,113,'computers','2012-12-12 11:17:20','inventory',4,'glpi update the item'),(1240,103,'computers','2012-12-12 11:34:39','inventory',4,'glpi update the item'),(1241,194,'computers','2012-12-12 11:35:00','inventory',4,'glpi update the item'),(1242,-1,'system','2012-12-13 05:18:39','login',3,'glpi IP connection: 10.38.5.21'),(1243,-1,'system','2012-12-14 04:19:21','login',3,'glpi IP connection: 10.38.6.42'),(1244,196,'computers','2012-12-14 12:17:18','inventory',4,'glpi update the item'),(1245,173,'computers','2012-12-14 12:17:44','inventory',4,'glpi update the item'),(1246,-1,'system','2012-12-17 03:48:37','login',3,'glpi IP connection: 10.38.33.87'),(1247,-1,'system','2012-12-17 10:51:30','login',3,'tduong IP connection: 10.38.5.45'),(1248,7,'State','2012-12-17 11:01:05','setup',4,'tduong added Free.'),(1249,64,'computers','2012-12-17 11:01:12','inventory',4,'tduong update the item'),(1250,248,'computers','2012-12-17 11:04:00','inventory',4,'tduong update the item'),(1251,-1,'system','2012-12-17 12:16:06','login',3,'glpi IP connection: 10.38.33.87'),(1252,88,'computers','2012-12-17 12:25:06','inventory',4,'glpi update the item'),(1253,45,'computers','2012-12-17 12:30:07','inventory',4,'glpi update the item'),(1254,-1,'system','2012-12-18 03:51:58','login',3,'glpi IP connection: 10.38.6.42'),(1255,248,'computers','2012-12-18 05:05:52','inventory',4,'glpi update the item'),(1256,248,'computers','2012-12-18 05:06:01','inventory',4,'glpi update the item'),(1257,113,'computers','2012-12-18 05:28:25','inventory',4,'glpi update the item'),(1258,206,'computers','2012-12-18 05:29:21','inventory',4,'glpi update the item'),(1259,-1,'system','2012-12-19 04:06:48','login',3,'glpi IP connection: 10.38.6.42'),(1260,37,'computers','2012-12-19 09:18:48','inventory',4,'glpi update the item'),(1261,-1,'system','2012-12-20 04:05:33','login',3,'glpi IP connection: 10.38.6.42'),(1262,-1,'system','2012-12-21 04:21:54','login',3,'glpi IP connection: 10.38.6.42'),(1263,-1,'system','2012-12-24 04:00:37','login',3,'glpi IP connection: 10.38.6.42'),(1264,252,'computers','2012-12-24 10:27:41','inventory',4,'glpi add the item HCMR9PRP5C.'),(1265,-1,'system','2012-12-26 03:57:14','login',3,'glpi IP connection: 10.38.6.42'),(1266,252,'computers','2012-12-26 04:39:52','inventory',4,'glpi update the item'),(1267,252,'computers','2012-12-26 04:39:58','inventory',4,'glpi update the item'),(1268,64,'computers','2012-12-26 09:24:27','inventory',4,'glpi update the item'),(1269,-1,'system','2012-12-27 03:58:59','login',3,'glpi IP connection: 10.38.6.42'),(1270,242,'computers','2012-12-27 05:45:44','inventory',4,'glpi update the item'),(1271,37,'computers','2012-12-27 06:05:25','inventory',4,'glpi update the item'),(1272,183,'computers','2012-12-27 09:37:52','inventory',4,'glpi update the item'),(1273,-1,'system','2012-12-28 04:00:31','login',3,'glpi IP connection: 10.38.6.42'),(1274,-1,'system','2012-12-28 10:01:57','login',3,'tduong IP connection: 10.38.6.177'),(1275,57,'computers','2012-12-28 10:03:33','inventory',4,'tduong update the item'),(1276,57,'computers','2012-12-28 10:03:43','inventory',4,'tduong update the item'),(1277,-1,'system','2012-12-28 10:09:44','login',3,'tduong IP connection: 10.38.6.177'),(1278,-1,'system','2012-12-28 10:51:54','login',3,'tduong IP connection: 10.38.6.177'),(1279,67,'computers','2012-12-28 12:13:38','inventory',4,'tduong update the item'),(1280,23,'computers','2012-12-28 12:16:05','inventory',4,'tduong update the item'),(1281,-1,'system','2013-01-02 05:13:38','login',3,'tduong IP connection: 10.38.6.177'),(1282,88,'computers','2013-01-02 05:19:34','inventory',4,'tduong update the item'),(1283,88,'computers','2013-01-02 05:23:18','inventory',4,'tduong update the item'),(1284,-1,'system','2013-01-02 06:39:11','login',3,'tduong IP connection: 10.38.6.177'),(1285,47,'computers','2013-01-02 06:41:26','inventory',4,'tduong update the item'),(1286,-1,'system','2013-01-02 07:10:35','login',3,'tduong IP connection: 10.38.6.177'),(1287,183,'computers','2013-01-02 09:32:09','inventory',4,'tduong update the item'),(1288,68,'computers','2013-01-02 09:40:36','inventory',4,'tduong update the item'),(1289,183,'computers','2013-01-02 09:40:56','inventory',4,'tduong update the item'),(1290,242,'computers','2013-01-02 10:58:20','inventory',4,'tduong update the item'),(1291,-1,'system','2013-01-03 09:49:20','login',3,'tduong IP connection: 10.38.6.177'),(1292,242,'computers','2013-01-03 09:49:56','inventory',4,'tduong update the item'),(1293,242,'computers','2013-01-03 11:15:47','inventory',4,'tduong update the item'),(1294,202,'computers','2013-01-03 11:16:51','inventory',4,'tduong update the item'),(1295,-1,'system','2013-01-14 04:34:48','login',3,'tduong IP connection: 10.38.6.177'),(1296,67,'computers','2013-01-14 04:36:25','inventory',4,'tduong update the item'),(1297,67,'computers','2013-01-14 04:36:36','inventory',4,'tduong update the item'),(1298,97,'computers','2013-01-14 04:42:33','inventory',4,'tduong update the item'),(1299,23,'computers','2013-01-14 04:55:08','inventory',4,'tduong update the item'),(1300,89,'computers','2013-01-14 05:49:46','inventory',4,'tduong update the item'),(1301,135,'computers','2013-01-14 05:50:08','inventory',4,'tduong update the item'),(1302,89,'computers','2013-01-14 05:58:09','inventory',4,'tduong update the item'),(1303,89,'computers','2013-01-14 05:58:15','inventory',4,'tduong update the item'),(1304,195,'computers','2013-01-14 05:59:34','inventory',4,'tduong update the item'),(1305,-1,'system','2013-01-14 09:05:56','login',3,'tduong IP connection: 10.38.6.177'),(1306,-1,'system','2013-01-16 09:21:04','login',3,'tduong IP connection: 10.38.5.45'),(1307,89,'computers','2013-01-16 09:22:04','inventory',4,'tduong update the item'),(1308,89,'computers','2013-01-16 09:22:08','inventory',4,'tduong update the item'),(1309,-1,'system','2013-01-18 10:34:17','login',3,'tduong IP connection: 10.38.6.177'),(1310,118,'computers','2013-01-18 10:36:19','inventory',4,'tduong update the item'),(1311,118,'computers','2013-01-18 11:01:57','inventory',4,'tduong update the item'),(1312,62,'computers','2013-01-18 11:07:39','inventory',4,'tduong update the item'),(1313,159,'computers','2013-01-18 11:08:15','inventory',4,'tduong update the item'),(1314,-1,'system','2013-01-23 10:41:39','login',3,'tduong IP connection: 10.38.6.128'),(1315,96,'computers','2013-01-23 10:42:31','inventory',4,'tduong update the item'),(1316,122,'computers','2013-01-23 10:46:17','inventory',4,'tduong update the item'),(1317,-1,'system','2013-01-24 11:01:46','login',3,'tduong IP connection: 10.38.6.128'),(1318,-1,'system','2013-01-25 05:46:32','login',3,'tduong IP connection: 10.38.6.128'),(1319,113,'computers','2013-01-25 05:49:01','inventory',4,'tduong update the item'),(1320,-1,'system','2013-02-01 09:20:05','login',3,'tduong IP connection: 10.38.7.123'),(1321,112,'computers','2013-02-01 09:38:52','inventory',4,'tduong update the item'),(1322,0,'networkport','2013-02-01 09:42:21','inventory',5,'tduong deletion of several network ports'),(1323,0,'networkport','2013-02-01 09:46:09','inventory',5,'tduong add network port'),(1324,0,'networkport','2013-02-01 09:46:46','inventory',5,'tduong associate a VLAN to a network port'),(1325,928,'networkport','2013-02-01 09:48:16','inventory',4,'tduong update the item'),(1326,-1,'system','2013-02-04 05:08:47','login',3,'tduong IP connection: 10.38.6.128'),(1327,-1,'system','2013-02-06 10:05:06','login',3,'tduong IP connection: 10.38.6.128'),(1328,89,'computers','2013-02-06 10:07:17','inventory',4,'tduong update the item'),(1329,187,'computers','2013-02-06 10:08:35','inventory',4,'tduong update the item'),(1330,-1,'system','2013-02-20 05:49:58','login',3,'tduong IP connection: 10.38.7.190'),(1331,253,'computers','2013-02-20 05:53:41','inventory',4,'tduong add the item HCMR9PRP58.'),(1332,253,'computers','2013-02-20 11:15:56','inventory',4,'tduong update the item'),(1333,-1,'system','2013-02-22 06:11:18','login',3,'tduong IP connection: 10.38.7.190'),(1334,-1,'system','2013-02-22 09:17:57','login',1,'connection failed:  (10.38.7.190)'),(1335,-1,'system','2013-02-22 09:18:00','login',3,'tduong IP connection: 10.38.7.190'),(1336,254,'computers','2013-02-22 09:23:53','inventory',4,'tduong add the item HCMR9PRP5Y.'),(1337,86,'computers','2013-02-22 09:24:55','inventory',4,'tduong update the item'),(1338,246,'computers','2013-02-22 09:25:27','inventory',4,'tduong update the item'),(1339,206,'computers','2013-02-22 09:25:41','inventory',4,'tduong update the item'),(1340,88,'computers','2013-02-22 09:25:53','inventory',4,'tduong update the item'),(1341,255,'computers','2013-02-22 09:30:59','inventory',4,'tduong add the item HCMR9PRP60.'),(1342,23,'computers','2013-02-22 09:32:42','inventory',4,'tduong update the item'),(1343,122,'computers','2013-02-22 09:33:30','inventory',4,'tduong update the item'),(1344,118,'computers','2013-02-22 09:34:03','inventory',4,'tduong update the item'),(1345,118,'computers','2013-02-22 09:34:07','inventory',4,'tduong update the item'),(1346,76,'computers','2013-02-22 09:35:01','inventory',4,'tduong update the item'),(1347,80,'computers','2013-02-22 09:35:25','inventory',4,'tduong update the item'),(1348,82,'computers','2013-02-22 09:40:10','inventory',4,'tduong update the item'),(1349,1,'computers','2013-02-22 09:52:48','inventory',4,'tduong update the item'),(1350,1,'computers','2013-02-22 10:00:03','inventory',4,'tduong update the item'),(1351,-1,'system','2013-02-22 10:01:00','login',3,'tduong IP connection: 10.38.7.190'),(1352,256,'computers','2013-02-22 10:01:34','inventory',4,'tduong add the item HCMR9PRP5E.'),(1353,1,'computers','2013-02-22 10:01:56','inventory',4,'tduong update the item'),(1354,257,'computers','2013-02-22 10:02:24','inventory',4,'tduong add the item HCMR9PRP62.'),(1355,258,'computers','2013-02-22 10:02:45','inventory',4,'tduong add the item HCMR9PRP54.'),(1356,259,'computers','2013-02-22 10:02:56','inventory',4,'tduong add the item HCMR9PRP5Z.'),(1357,260,'computers','2013-02-22 10:03:04','inventory',4,'tduong add the item HCMR9PRP56.'),(1358,261,'computers','2013-02-22 10:03:11','inventory',4,'tduong add the item HCMR9PRP5H.'),(1359,262,'computers','2013-02-22 10:03:19','inventory',4,'tduong add the item HCMR9PRP5N.'),(1360,263,'computers','2013-02-22 10:03:26','inventory',4,'tduong add the item HCMR9PRP5B.'),(1361,264,'computers','2013-02-22 10:03:33','inventory',4,'tduong add the item HCMR9PRP5T.'),(1362,265,'computers','2013-02-22 10:03:40','inventory',4,'tduong add the item HCMR9PRP5R.'),(1363,266,'computers','2013-02-22 10:03:47','inventory',4,'tduong add the item HCMR9PRP5C.'),(1364,267,'computers','2013-02-22 10:03:53','inventory',4,'tduong add the item HCMR9PRP5K.'),(1365,107,'computers','2013-02-22 10:08:37','inventory',4,'tduong update the item'),(1366,107,'computers','2013-02-22 10:08:49','inventory',4,'tduong update the item'),(1367,107,'computers','2013-02-22 10:09:02','inventory',4,'tduong update the item'),(1368,261,'computers','2013-02-22 10:11:25','inventory',4,'tduong item\'s deletion HCMR9PRP5H'),(1369,-1,'system','2013-02-22 10:28:00','login',1,'connection failed:  (10.38.7.190)'),(1370,-1,'system','2013-02-22 10:28:04','login',3,'tduong IP connection: 10.38.7.190'),(1371,268,'computers','2013-02-22 10:28:45','inventory',4,'tduong add the item HCMR9PRP5F.'),(1372,-1,'system','2013-02-25 05:36:45','login',3,'tduong IP connection: 10.38.7.190'),(1373,255,'computers','2013-02-25 05:39:24','inventory',4,'tduong update the item'),(1374,-1,'system','2013-02-25 12:03:46','login',3,'tduong IP connection: 10.38.7.190'),(1375,263,'computers','2013-02-25 12:09:53','inventory',4,'tduong update the item'),(1376,254,'computers','2013-02-25 12:14:11','inventory',4,'tduong update the item'),(1377,263,'computers','2013-02-25 12:16:17','inventory',4,'tduong update the item'),(1378,37,'computers','2013-02-25 12:18:49','inventory',4,'tduong update the item'),(1379,37,'computers','2013-02-25 12:18:54','inventory',4,'tduong update the item'),(1380,43,'computers','2013-02-25 12:25:07','inventory',4,'tduong update the item'),(1381,-1,'system','2013-02-26 05:24:24','login',3,'tduong IP connection: 10.38.7.190'),(1382,-1,'system','2013-02-26 06:15:43','login',1,'connection failed:  (10.38.7.190)'),(1383,-1,'system','2013-02-26 06:15:48','login',3,'tduong IP connection: 10.38.7.190'),(1384,148,'computers','2013-02-26 06:16:26','inventory',4,'tduong update the item'),(1385,-1,'system','2013-02-27 04:50:59','login',3,'tduong IP connection: 10.38.7.190'),(1386,43,'computers','2013-02-27 04:51:26','inventory',4,'tduong update the item'),(1387,-1,'system','2013-02-27 11:32:30','login',3,'tduong IP connection: 10.38.7.190'),(1388,122,'computers','2013-02-27 11:33:34','inventory',4,'tduong update the item'),(1389,122,'computers','2013-02-27 11:34:15','inventory',4,'tduong update the item'),(1390,122,'computers','2013-02-27 11:45:14','inventory',4,'tduong update the item'),(1391,204,'computers','2013-02-27 11:45:34','inventory',4,'tduong update the item'),(1392,204,'computers','2013-02-27 11:45:46','inventory',4,'tduong update the item'),(1393,23,'computers','2013-02-27 11:47:54','inventory',4,'tduong update the item'),(1394,-1,'system','2013-02-28 04:50:44','login',3,'tduong IP connection: 10.38.7.190'),(1395,23,'computers','2013-02-28 04:59:16','inventory',4,'tduong update the item'),(1396,26,'computers','2013-02-28 05:48:56','inventory',4,'tduong update the item'),(1397,194,'computers','2013-02-28 06:09:15','inventory',4,'tduong update the item'),(1398,107,'computers','2013-02-28 06:19:06','inventory',4,'tduong update the item'),(1399,-1,'system','2013-02-28 10:37:49','login',1,'connection failed:  (10.38.7.190)'),(1400,-1,'system','2013-02-28 10:37:56','login',3,'tduong IP connection: 10.38.7.190'),(1401,-1,'system','2013-02-28 10:38:10','login',3,'tduong IP connection: 10.38.7.190'),(1402,148,'computers','2013-02-28 10:39:05','inventory',4,'tduong update the item'),(1403,26,'computers','2013-02-28 10:51:52','inventory',4,'tduong update the item'),(1404,-1,'system','2013-03-01 13:40:51','login',3,'tduong IP connection: 10.38.7.190'),(1405,-1,'system','2013-03-04 05:02:51','login',3,'tduong IP connection: 10.38.7.190'),(1406,1,'ticket','2013-03-04 05:03:14','tracking',4,'tduong item\'s deletion test'),(1407,265,'computers','2013-03-04 05:04:09','inventory',4,'tduong update the item'),(1408,265,'computers','2013-03-04 05:05:09','inventory',4,'tduong update the item'),(1409,265,'computers','2013-03-04 05:07:43','inventory',4,'tduong update the item'),(1410,257,'computers','2013-03-04 05:11:05','inventory',4,'tduong update the item'),(1411,257,'computers','2013-03-04 05:11:38','inventory',4,'tduong update the item'),(1412,93,'computers','2013-03-04 05:30:09','inventory',4,'tduong update the item'),(1413,249,'computers','2013-03-04 05:33:44','inventory',4,'tduong update the item'),(1414,253,'computers','2013-03-04 05:36:51','inventory',4,'tduong update the item'),(1415,50,'computers','2013-03-04 05:39:04','inventory',4,'tduong update the item'),(1416,186,'computers','2013-03-04 05:40:20','inventory',4,'tduong update the item'),(1417,104,'computers','2013-03-04 05:43:58','inventory',4,'tduong update the item'),(1418,104,'computers','2013-03-04 05:44:00','inventory',4,'tduong update the item'),(1419,132,'computers','2013-03-04 05:48:24','inventory',4,'tduong update the item'),(1420,132,'computers','2013-03-04 05:48:26','inventory',4,'tduong update the item'),(1421,-1,'system','2013-03-04 08:43:06','login',3,'tduong IP connection: 10.38.7.190'),(1422,257,'computers','2013-03-04 08:59:48','inventory',4,'tduong update the item'),(1423,265,'computers','2013-03-04 09:00:01','inventory',4,'tduong update the item'),(1424,1,'reminder','2013-03-04 10:40:54','tools',4,'tduong added HP Printer at 2nd floor.'),(1425,-1,'system','2013-03-04 10:40:59','login',3,'tduong IP connection: 10.38.7.190'),(1426,-1,'system','2013-03-04 10:58:33','login',3,'tduong IP connection: 10.38.7.190'),(1427,-1,'system','2013-03-04 13:20:34','login',3,'tduong IP connection: 10.38.7.190'),(1428,-1,'system','2013-03-05 05:07:14','login',3,'tduong IP connection: 10.38.7.190'),(1429,-1,'system','2013-03-05 05:40:21','login',3,'tduong IP connection: 10.38.7.190'),(1430,-1,'system','2013-03-05 06:03:46','login',3,'tduong IP connection: 10.38.7.190'),(1431,70,'computers','2013-03-05 10:22:25','inventory',4,'tduong update the item'),(1432,51,'computers','2013-03-05 10:22:37','inventory',4,'tduong update the item'),(1433,26,'computers','2013-03-05 10:23:21','inventory',4,'tduong update the item'),(1434,-1,'system','2013-03-05 10:31:29','login',3,'tduong IP connection: 10.38.7.190'),(1435,1,'PluginRacksRoomLocation','2013-03-05 10:42:41','setup',4,'tduong added Server Room.'),(1436,2,'PluginRacksRoomLocation','2013-03-05 10:43:14','setup',4,'tduong added .'),(1437,16,'computers','2013-03-05 11:09:50','inventory',4,'tduong update the item'),(1438,7,'ComputerModel','2013-03-05 11:11:33','setup',4,'tduong update the item'),(1439,6,'ComputerModel','2013-03-05 11:11:45','setup',4,'tduong update the item'),(1440,12,'ComputerModel','2013-03-05 11:12:48','setup',4,'tduong update the item'),(1441,8,'ComputerModel','2013-03-05 11:13:12','setup',4,'tduong update the item'),(1442,5,'ComputerModel','2013-03-05 11:13:29','setup',4,'tduong update the item'),(1443,9,'ComputerModel','2013-03-05 11:13:41','setup',4,'tduong update the item'),(1444,3,'ComputerModel','2013-03-05 11:14:24','setup',4,'tduong update the item'),(1445,1,'ComputerModel','2013-03-05 11:14:42','setup',4,'tduong update the item'),(1446,4,'ComputerModel','2013-03-05 11:15:05','setup',4,'tduong update the item'),(1447,2,'ComputerModel','2013-03-05 11:15:22','setup',4,'tduong update the item'),(1448,11,'ComputerModel','2013-03-05 11:16:05','setup',4,'tduong update the item'),(1449,15,'ComputerModel','2013-03-05 11:16:17','setup',4,'tduong update the item'),(1450,13,'ComputerModel','2013-03-05 11:16:28','setup',4,'tduong update the item'),(1451,10,'ComputerModel','2013-03-05 11:16:42','setup',4,'tduong update the item'),(1452,1,'Location','2013-03-05 11:19:39','setup',4,'tduong update the item'),(1453,2,'Location','2013-03-05 11:19:51','setup',4,'tduong update the item'),(1454,6,'Location','2013-03-05 11:20:18','setup',4,'tduong added Software.'),(1455,7,'Location','2013-03-05 11:20:36','setup',4,'tduong added ASIC.'),(1456,8,'Location','2013-03-05 11:20:54','setup',4,'tduong added TransportASIC.'),(1457,9,'Location','2013-03-05 11:21:13','setup',4,'tduong added Validation & Diag.'),(1458,10,'Location','2013-03-05 11:21:32','setup',4,'tduong added BackEnd.'),(1459,1,'Vlan','2013-03-05 11:22:07','setup',4,'tduong update the item'),(1460,7,'State','2013-03-05 11:22:48','setup',4,'tduong update the item'),(1461,9,'ComputerType','2013-03-05 11:25:23','setup',4,'tduong added Virtual Machine.'),(1462,4,'NetworkEquipmentModel','2013-03-05 11:27:01','setup',4,'tduong update the item'),(1463,5,'NetworkEquipmentModel','2013-03-05 11:27:10','setup',4,'tduong update the item'),(1464,3,'NetworkEquipmentModel','2013-03-05 11:27:25','setup',4,'tduong update the item'),(1465,1,'PhoneModel','2013-03-05 11:28:02','setup',4,'tduong update the item'),(1466,3,'PluginRacksRoomLocation','2013-03-05 11:33:49','setup',4,'tduong added Server Room.'),(1467,1,'PluginRacksRackModel','2013-03-05 11:42:26','setup',4,'tduong added 1U.'),(1468,-1,'system','2013-03-05 11:47:15','login',3,'tduong IP connection: 10.38.7.190'),(1469,229,'computers','2013-03-05 11:48:16','inventory',4,'tduong update the item'),(1470,2,'networkequipment','2013-03-05 12:10:41','inventory',4,'tduong update the item'),(1471,82,'computers','2013-03-05 12:15:12','inventory',4,'tduong update the item'),(1472,82,'infocom','2013-03-05 12:15:28','financial',4,'tduong update the item'),(1473,70,'infocom','2013-03-05 12:18:55','financial',4,'tduong update the item'),(1474,-1,'system','2013-03-06 04:32:43','login',3,'tduong IP connection: 10.38.7.190'),(1475,0,'networkport','2013-03-06 11:26:20','inventory',5,'tduong associate a VLAN to a network port'),(1476,1,'Netpoint','2013-03-06 11:28:18','setup',4,'tduong added 2A-D-09.'),(1477,930,'networkport','2013-03-06 11:28:27','inventory',4,'tduong update the item'),(1478,2,'Netpoint','2013-03-06 11:28:52','setup',4,'tduong added 2A-D-09.'),(1479,3,'Netpoint','2013-03-06 11:29:08','setup',4,'tduong added 2AD09.'),(1480,1,'Netpoint','2013-03-06 11:34:45','setup',4,'tduong update the item'),(1481,930,'networkport','2013-03-06 11:35:04','inventory',4,'tduong update the item'),(1482,930,'networkport','2013-03-06 11:35:28','inventory',4,'tduong update the item'),(1483,254,'computers','2013-03-06 11:36:00','inventory',4,'tduong update the item'),(1484,254,'computers','2013-03-06 11:36:18','inventory',5,'tduong item\'s connection'),(1485,248,'infocom','2013-03-06 11:36:38','financial',4,'tduong update the item'),(1486,4,'Netpoint','2013-03-06 11:38:47','setup',4,'tduong added 2A-D-02.'),(1487,0,'networkport','2013-03-06 11:38:55','inventory',5,'tduong associate a VLAN to a network port'),(1488,752,'networkport','2013-03-06 11:38:58','inventory',4,'tduong update the item'),(1489,5,'Netpoint','2013-03-06 11:39:30','setup',4,'tduong added 2A-D-01.'),(1490,6,'Netpoint','2013-03-06 11:39:39','setup',4,'tduong added 2A-d-03.'),(1491,6,'Netpoint','2013-03-06 11:39:52','setup',4,'tduong update the item'),(1492,7,'Netpoint','2013-03-06 11:40:05','setup',4,'tduong added 2A-D-04.'),(1493,8,'Netpoint','2013-03-06 11:40:24','setup',4,'tduong added 2A-D-05.'),(1494,9,'Netpoint','2013-03-06 11:40:33','setup',4,'tduong added 2A-D-06.'),(1495,10,'Netpoint','2013-03-06 11:40:41','setup',4,'tduong added 2A-D-07.'),(1496,11,'Netpoint','2013-03-06 11:40:51','setup',4,'tduong added 2A-D-08.'),(1497,12,'Netpoint','2013-03-06 11:40:59','setup',4,'tduong added 2A-D-10.'),(1498,13,'Netpoint','2013-03-06 11:41:18','setup',4,'tduong added 2A-D-11.'),(1499,14,'Netpoint','2013-03-06 11:41:57','setup',4,'tduong added 2A-D-12.'),(1500,15,'Netpoint','2013-03-06 11:42:04','setup',4,'tduong added 2A-D-13.'),(1501,16,'Netpoint','2013-03-06 11:42:13','setup',4,'tduong added 2A-D-14.'),(1502,17,'Netpoint','2013-03-06 11:42:18','setup',4,'tduong added 2A-D-15.'),(1503,18,'Netpoint','2013-03-06 11:42:23','setup',4,'tduong added 2A-D-16.'),(1504,19,'Netpoint','2013-03-06 11:42:29','setup',4,'tduong added 2A-D-17.'),(1505,20,'Netpoint','2013-03-06 11:42:39','setup',4,'tduong added 2A-D-18.'),(1506,21,'Netpoint','2013-03-06 11:42:45','setup',4,'tduong added 2A-D-19.'),(1507,22,'Netpoint','2013-03-06 11:42:56','setup',4,'tduong added 2A-D-20.'),(1508,23,'Netpoint','2013-03-06 11:43:00','setup',4,'tduong added 2A-D-21.'),(1509,24,'Netpoint','2013-03-06 11:43:04','setup',4,'tduong added 2A-D-22.'),(1510,25,'Netpoint','2013-03-06 11:43:09','setup',4,'tduong added 2A-D-23.'),(1511,26,'Netpoint','2013-03-06 11:43:14','setup',4,'tduong added 2A-D-24.'),(1512,27,'Netpoint','2013-03-06 11:43:18','setup',4,'tduong added 25.'),(1513,27,'Netpoint','2013-03-06 11:43:29','setup',4,'tduong update the item'),(1514,28,'Netpoint','2013-03-06 11:43:37','setup',4,'tduong added 2A-D-26.'),(1515,29,'Netpoint','2013-03-06 11:43:42','setup',4,'tduong added 2A-D-27.'),(1516,30,'Netpoint','2013-03-06 11:43:47','setup',4,'tduong added 2A-D-28.'),(1517,31,'Netpoint','2013-03-06 11:43:52','setup',4,'tduong added 2A-D-29.'),(1518,32,'Netpoint','2013-03-06 11:44:00','setup',4,'tduong added 2A-D-30.'),(1519,0,'networkport','2013-03-06 11:45:42','inventory',5,'tduong associate a VLAN to a network port'),(1520,805,'networkport','2013-03-06 11:45:53','inventory',4,'tduong update the item'),(1521,13,'networkequipment','2013-03-06 11:48:07','inventory',4,'tduong add the item :  HCMWAP2A01.'),(1522,0,'networkport','2013-03-06 11:48:47','inventory',5,'tduong add network port'),(1523,4,'Vlan','2013-03-06 11:49:33','setup',4,'tduong added VLAN0032.'),(1524,0,'networkport','2013-03-06 11:49:37','inventory',5,'tduong associate a VLAN to a network port'),(1525,945,'networkport','2013-03-06 11:49:40','inventory',4,'tduong update the item'),(1526,-1,'system','2013-03-07 05:04:07','login',3,'tduong IP connection: 10.38.7.190'),(1527,0,'networkport','2013-03-07 05:06:19','inventory',5,'tduong add network port'),(1528,166,'computers','2013-03-07 05:18:46','inventory',4,'tduong update the item'),(1529,166,'computers','2013-03-07 05:26:49','inventory',4,'tduong update the item'),(1530,165,'computers','2013-03-07 05:27:34','inventory',4,'tduong update the item'),(1531,165,'computers','2013-03-07 05:28:31','inventory',4,'tduong update the item'),(1532,0,'networkport','2013-03-07 05:33:31','inventory',5,'tduong  48  add several network ports'),(1533,0,'networkport','2013-03-07 05:34:12','inventory',5,'tduong  48  add several network ports'),(1534,637,'networkport','2013-03-07 05:39:20','inventory',4,'tduong update the item'),(1535,0,'networkport','2013-03-07 05:39:46','inventory',5,'tduong associate a VLAN to a network port'),(1536,740,'networkport','2013-03-07 05:39:54','inventory',4,'tduong update the item'),(1537,0,'networkport','2013-03-07 05:40:43','inventory',5,'tduong associate a VLAN to a network port'),(1538,737,'networkport','2013-03-07 05:40:53','inventory',4,'tduong update the item'),(1539,649,'networkport','2013-03-07 05:41:44','inventory',4,'tduong update the item'),(1540,733,'networkport','2013-03-07 05:42:05','inventory',4,'tduong update the item'),(1541,0,'networkport','2013-03-07 05:42:13','inventory',5,'tduong associate a VLAN to a network port'),(1542,928,'networkport','2013-03-07 05:43:00','inventory',4,'tduong update the item'),(1543,751,'networkport','2013-03-07 05:43:33','inventory',4,'tduong update the item'),(1544,0,'networkport','2013-03-07 05:43:37','inventory',5,'tduong associate a VLAN to a network port'),(1545,751,'networkport','2013-03-07 05:44:37','inventory',4,'tduong update the item'),(1546,837,'networkport','2013-03-07 05:45:12','inventory',4,'tduong update the item'),(1547,0,'networkport','2013-03-07 05:45:15','inventory',5,'tduong associate a VLAN to a network port'),(1548,762,'networkport','2013-03-07 05:45:44','inventory',4,'tduong update the item'),(1549,0,'networkport','2013-03-07 05:45:48','inventory',5,'tduong associate a VLAN to a network port'),(1550,152,'networkport','2013-03-07 05:48:27','inventory',4,'tduong update the item'),(1551,153,'networkport','2013-03-07 05:48:44','inventory',4,'tduong update the item'),(1552,0,'networkport','2013-03-07 05:48:49','inventory',5,'tduong associate a VLAN to a network port'),(1553,15,'computers','2013-03-07 05:50:23','inventory',4,'tduong update the item'),(1554,647,'networkport','2013-03-07 05:50:33','inventory',4,'tduong update the item'),(1555,5,'ComputerType','2013-03-07 05:51:57','setup',4,'tduong item\'s deletion'),(1556,4,'ComputerType','2013-03-07 05:53:22','setup',4,'tduong item\'s deletion'),(1557,6,'ComputerType','2013-03-07 05:54:02','setup',4,'tduong item\'s deletion'),(1558,7,'ComputerType','2013-03-07 05:54:27','setup',4,'tduong item\'s deletion'),(1559,228,'computers','2013-03-07 05:54:53','inventory',4,'tduong update the item'),(1560,8,'ComputerType','2013-03-07 05:54:56','setup',4,'tduong item\'s deletion'),(1561,222,'computers','2013-03-07 05:56:18','inventory',4,'tduong update the item'),(1562,221,'computers','2013-03-07 05:56:31','inventory',4,'tduong update the item'),(1563,221,'computers','2013-03-07 05:59:37','inventory',4,'tduong update the item'),(1564,13,'OperatingSystem','2013-03-07 05:59:51','setup',4,'tduong added ONTAP 8.0.1P3 7-Mode.'),(1565,221,'computers','2013-03-07 06:00:03','inventory',4,'tduong update the item'),(1566,222,'computers','2013-03-07 06:02:08','inventory',4,'tduong update the item'),(1567,226,'computers','2013-03-07 06:02:53','inventory',4,'tduong update the item'),(1568,907,'networkport','2013-03-07 06:03:04','inventory',4,'tduong update the item'),(1569,227,'computers','2013-03-07 06:03:30','inventory',4,'tduong update the item'),(1570,908,'networkport','2013-03-07 06:03:36','inventory',4,'tduong update the item'),(1571,263,'computers','2013-03-07 06:04:43','inventory',4,'tduong update the item'),(1572,107,'computers','2013-03-07 06:05:04','inventory',4,'tduong update the item'),(1573,202,'computers','2013-03-07 06:05:31','inventory',4,'tduong update the item'),(1574,202,'computers','2013-03-07 06:05:38','inventory',4,'tduong update the item'),(1575,206,'computers','2013-03-07 06:05:55','inventory',4,'tduong update the item'),(1576,265,'computers','2013-03-07 06:06:52','inventory',4,'tduong update the item'),(1577,941,'networkport','2013-03-07 06:07:00','inventory',4,'tduong update the item'),(1578,36,'computers','2013-03-07 06:07:38','inventory',4,'tduong update the item'),(1579,54,'computers','2013-03-07 06:08:05','inventory',4,'tduong update the item'),(1580,4,'State','2013-03-07 06:15:26','setup',4,'tduong update the item'),(1581,183,'computers','2013-03-07 06:18:11','inventory',4,'tduong update the item'),(1582,817,'networkport','2013-03-07 07:06:56','inventory',4,'tduong update the item'),(1583,0,'networkport','2013-03-07 07:06:59','inventory',5,'tduong associate a VLAN to a network port'),(1584,71,'computers','2013-03-07 07:08:46','inventory',4,'tduong update the item'),(1585,136,'computers','2013-03-07 07:12:20','inventory',4,'tduong update the item'),(1586,-1,'system','2013-03-07 10:50:02','login',3,'tduong IP connection: 10.38.7.190'),(1587,-1,'system','2013-03-08 09:33:29','login',3,'tduong IP connection: 10.38.7.190'),(1588,-1,'system','2013-03-11 05:30:23','login',3,'tduong IP connection: 10.38.7.190'),(1589,194,'computers','2013-03-11 05:31:08','inventory',4,'tduong update the item'),(1590,-1,'system','2013-03-11 06:22:03','login',3,'tduong IP connection: 10.38.7.190'),(1591,147,'computers','2013-03-11 06:22:33','inventory',4,'tduong update the item'),(1592,147,'computers','2013-03-11 06:22:59','inventory',4,'tduong update the item'),(1593,147,'computers','2013-03-11 06:23:10','inventory',4,'tduong update the item'),(1594,147,'infocom','2013-03-11 06:23:24','financial',4,'tduong update the item'),(1595,828,'networkport','2013-03-11 06:23:36','inventory',4,'tduong update the item'),(1596,0,'networkport','2013-03-11 06:23:39','inventory',5,'tduong associate a VLAN to a network port'),(1597,147,'computers','2013-03-11 07:08:22','inventory',4,'tduong update the item'),(1598,-1,'system','2013-03-11 10:15:00','login',3,'tduong IP connection: 10.38.7.190'),(1599,174,'computers','2013-03-11 10:44:52','inventory',4,'tduong update the item'),(1600,174,'computers','2013-03-11 10:45:21','inventory',4,'tduong update the item'),(1601,174,'computers','2013-03-11 11:34:56','inventory',4,'tduong update the item'),(1602,855,'networkport','2013-03-11 11:35:10','inventory',4,'tduong update the item'),(1603,0,'networkport','2013-03-11 11:35:13','inventory',5,'tduong associate a VLAN to a network port'),(1604,57,'computers','2013-03-11 12:56:35','inventory',4,'tduong update the item'),(1605,-1,'system','2013-03-12 05:47:02','login',3,'tduong IP connection: 10.38.7.190'),(1606,-1,'system','2013-03-18 09:54:44','login',3,'tduong IP connection: 10.38.7.230'),(1607,129,'computers','2013-03-18 09:55:14','inventory',4,'tduong update the item'),(1608,810,'networkport','2013-03-18 09:55:23','inventory',4,'tduong update the item'),(1609,810,'networkport','2013-03-18 09:55:38','inventory',4,'tduong update the item'),(1610,0,'networkport','2013-03-18 09:55:41','inventory',5,'tduong associate a VLAN to a network port'),(1611,129,'computers','2013-03-18 09:57:10','inventory',4,'tduong update the item'),(1612,129,'computers','2013-03-18 09:57:16','inventory',4,'tduong update the item'),(1613,810,'networkport','2013-03-18 10:09:19','inventory',4,'tduong update the item'),(1614,129,'computers','2013-03-18 10:10:21','inventory',4,'tduong update the item'),(1615,-1,'system','2013-03-19 06:14:06','login',3,'tduong IP connection: 10.38.7.230'),(1616,84,'computers','2013-03-19 06:16:48','inventory',4,'tduong update the item'),(1617,84,'computers','2013-03-19 06:17:15','inventory',4,'tduong update the item'),(1618,175,'computers','2013-03-19 06:18:33','inventory',4,'tduong update the item'),(1619,-1,'system','2013-03-19 10:50:28','login',3,'tduong IP connection: 10.38.7.230'),(1620,175,'computers','2013-03-19 10:51:27','inventory',4,'tduong update the item'),(1621,175,'computers','2013-03-19 10:51:36','inventory',4,'tduong update the item'),(1622,-1,'system','2013-03-21 06:37:58','login',3,'tduong IP connection: 10.38.7.230'),(1623,-1,'system','2013-03-21 10:18:02','login',3,'tduong IP connection: 10.38.7.230'),(1624,118,'computers','2013-03-21 10:18:44','inventory',4,'tduong update the item'),(1625,122,'computers','2013-03-21 10:19:38','inventory',4,'tduong update the item'),(1626,118,'computers','2013-03-21 10:28:45','inventory',4,'tduong update the item'),(1627,118,'computers','2013-03-21 10:29:48','inventory',4,'tduong update the item'),(1628,57,'computers','2013-03-21 10:33:49','inventory',4,'tduong update the item'),(1629,-1,'system','2013-03-22 06:22:52','login',3,'tduong IP connection: 10.38.7.230'),(1630,28,'computers','2013-03-22 06:23:21','inventory',4,'tduong update the item'),(1631,28,'computers','2013-03-22 06:23:30','inventory',4,'tduong update the item'),(1632,661,'networkport','2013-03-22 06:25:40','inventory',4,'tduong update the item'),(1633,0,'networkport','2013-03-22 06:25:43','inventory',5,'tduong associate a VLAN to a network port'),(1634,661,'networkport','2013-03-22 06:25:52','inventory',4,'tduong update the item'),(1635,0,'networkport','2013-03-22 06:26:27','inventory',5,'tduong associate a VLAN to a network port'),(1636,799,'networkport','2013-03-22 06:27:53','inventory',4,'tduong update the item'),(1637,0,'networkport','2013-03-22 06:27:56','inventory',5,'tduong associate a VLAN to a network port'),(1638,675,'networkport','2013-03-22 07:05:38','inventory',4,'tduong update the item'),(1639,0,'networkport','2013-03-22 07:05:43','inventory',5,'tduong associate a VLAN to a network port'),(1640,33,'Netpoint','2013-03-22 07:06:39','setup',4,'tduong added 3B-D-10.'),(1641,675,'networkport','2013-03-22 07:06:51','inventory',4,'tduong update the item'),(1642,675,'networkport','2013-03-22 07:06:56','inventory',4,'tduong update the item'),(1643,34,'Netpoint','2013-03-22 07:07:39','setup',4,'tduong added 3B-D-01.'),(1644,35,'Netpoint','2013-03-22 07:07:49','setup',4,'tduong added 3B-D-02.'),(1645,36,'Netpoint','2013-03-22 07:08:00','setup',4,'tduong added 3B-D-03.'),(1646,37,'Netpoint','2013-03-22 07:08:06','setup',4,'tduong added 3B-D-04.'),(1647,38,'Netpoint','2013-03-22 07:08:11','setup',4,'tduong added 3B-D-05.'),(1648,39,'Netpoint','2013-03-22 07:08:16','setup',4,'tduong added 3B-D-06.'),(1649,40,'Netpoint','2013-03-22 07:08:23','setup',4,'tduong added 3B-D-07.'),(1650,41,'Netpoint','2013-03-22 07:08:29','setup',4,'tduong added 3B-D-08.'),(1651,42,'Netpoint','2013-03-22 07:08:34','setup',4,'tduong added 3B-D-09.'),(1652,43,'Netpoint','2013-03-22 07:08:48','setup',4,'tduong added 3B-D-10.'),(1653,44,'Netpoint','2013-03-22 07:08:53','setup',4,'tduong added 3B-D-11.'),(1654,45,'Netpoint','2013-03-22 07:08:57','setup',4,'tduong added 3B-D-12.'),(1655,46,'Netpoint','2013-03-22 07:09:03','setup',4,'tduong added 3B-D-13.'),(1656,47,'Netpoint','2013-03-22 07:09:08','setup',4,'tduong added 3B-D-14.'),(1657,48,'Netpoint','2013-03-22 07:09:17','setup',4,'tduong added 3B-D-15.'),(1658,49,'Netpoint','2013-03-22 07:09:22','setup',4,'tduong added 3B-D-16.'),(1659,50,'Netpoint','2013-03-22 07:09:28','setup',4,'tduong added 3B-D-17.'),(1660,51,'Netpoint','2013-03-22 07:10:41','setup',4,'tduong added 3B-D-18.'),(1661,52,'Netpoint','2013-03-22 07:10:47','setup',4,'tduong added 3B-D-19.'),(1662,53,'Netpoint','2013-03-22 07:10:55','setup',4,'tduong added 3B-D-20.'),(1663,54,'Netpoint','2013-03-22 07:11:01','setup',4,'tduong added 3B-D-21.'),(1664,55,'Netpoint','2013-03-22 07:11:06','setup',4,'tduong added 3B-D-22.'),(1665,56,'Netpoint','2013-03-22 07:11:12','setup',4,'tduong added 3B-D-23.'),(1666,57,'Netpoint','2013-03-22 07:11:17','setup',4,'tduong added 3B-D-24.'),(1667,58,'Netpoint','2013-03-22 07:11:23','setup',4,'tduong added 3B-D-25.'),(1668,59,'Netpoint','2013-03-22 07:11:29','setup',4,'tduong added 3B-D-26.'),(1669,60,'Netpoint','2013-03-22 07:11:34','setup',4,'tduong added 3B-D-27.'),(1670,61,'Netpoint','2013-03-22 07:11:40','setup',4,'tduong added 3B-D-28.'),(1671,62,'Netpoint','2013-03-22 07:11:46','setup',4,'tduong added 3B-D-29.'),(1672,63,'Netpoint','2013-03-22 07:11:52','setup',4,'tduong added 3B-D-30.'),(1673,64,'Netpoint','2013-03-22 07:11:59','setup',4,'tduong added 3B-D-31.'),(1674,65,'Netpoint','2013-03-22 07:12:07','setup',4,'tduong added 3B-D-32.'),(1675,66,'Netpoint','2013-03-22 07:12:14','setup',4,'tduong added 3B-D-33.'),(1676,67,'Netpoint','2013-03-22 07:13:02','setup',4,'tduong added 3B-D-34.'),(1677,68,'Netpoint','2013-03-22 07:13:07','setup',4,'tduong added 3B-D-35.'),(1678,69,'Netpoint','2013-03-22 07:13:12','setup',4,'tduong added 3B-D-36.'),(1679,70,'Netpoint','2013-03-22 07:13:17','setup',4,'tduong added 3B-D-37.'),(1680,661,'networkport','2013-03-22 07:14:19','inventory',4,'tduong update the item'),(1681,127,'computers','2013-03-22 11:42:59','inventory',4,'tduong update the item'),(1682,127,'computers','2013-03-22 11:43:24','inventory',4,'tduong update the item'),(1683,127,'computers','2013-03-22 11:47:59','inventory',4,'tduong update the item'),(1684,808,'networkport','2013-03-22 11:48:08','inventory',4,'tduong update the item'),(1685,0,'networkport','2013-03-22 11:48:12','inventory',5,'tduong associate a VLAN to a network port'),(1686,808,'networkport','2013-03-22 11:48:49','inventory',4,'tduong update the item'),(1687,138,'computers','2013-03-22 11:54:12','inventory',4,'tduong update the item'),(1688,819,'networkport','2013-03-22 11:54:22','inventory',4,'tduong update the item'),(1689,0,'networkport','2013-03-22 11:54:26','inventory',5,'tduong associate a VLAN to a network port'),(1690,118,'computers','2013-03-22 11:55:16','inventory',4,'tduong update the item'),(1691,118,'computers','2013-03-22 11:55:58','inventory',4,'tduong update the item'),(1692,118,'computers','2013-03-22 11:56:14','inventory',4,'tduong update the item'),(1693,122,'computers','2013-03-22 12:02:17','inventory',4,'tduong update the item'),(1694,-1,'system','2013-03-25 06:17:46','login',3,'tduong IP connection: 10.38.7.230'),(1695,-1,'system','2013-03-26 12:53:43','login',3,'tduong IP connection: 10.38.7.230'),(1696,1,'PluginBadgesBadgeType','2013-03-26 13:09:32','setup',4,'tduong added Employees.'),(1697,2,'PluginBadgesBadgeType','2013-03-26 13:09:39','setup',4,'tduong added Contractors.'),(1698,3,'PluginBadgesBadgeType','2013-03-26 13:09:48','setup',4,'tduong added Managers.'),(1699,4,'PluginBadgesBadgeType','2013-03-26 13:09:57','setup',4,'tduong added Temporary.'),(1700,1,'PluginResourcesContractType','2013-03-26 13:15:49','setup',4,'tduong update the item'),(1701,1,'PluginResourcesContractType','2013-03-26 13:16:07','setup',4,'tduong update the item'),(1702,1,'PluginResourcesDepartment','2013-03-26 13:17:03','setup',4,'tduong added IT.'),(1703,2,'PluginResourcesDepartment','2013-03-26 13:17:53','setup',4,'tduong added Validation.'),(1704,3,'PluginResourcesDepartment','2013-03-26 13:18:01','setup',4,'tduong added Hardware.'),(1705,4,'PluginResourcesDepartment','2013-03-26 13:18:06','setup',4,'tduong added Software.'),(1706,5,'PluginResourcesDepartment','2013-03-26 13:18:17','setup',4,'tduong added ASIC-Chips.'),(1707,6,'PluginResourcesDepartment','2013-03-26 13:18:27','setup',4,'tduong added ASIC-Transport.'),(1708,7,'PluginResourcesDepartment','2013-03-26 13:18:49','setup',4,'tduong added Admin&Finance.'),(1709,8,'PluginResourcesDepartment','2013-03-26 13:19:06','setup',4,'tduong added BOD.'),(1710,8,'PluginResourcesDepartment','2013-03-26 13:19:16','setup',4,'tduong update the item'),(1711,1,'PluginResourcesResourceState','2013-03-26 13:20:40','setup',4,'tduong added Employeeing.'),(1712,2,'PluginResourcesResourceState','2013-03-26 13:20:57','setup',4,'tduong added Terminated.'),(1713,0,'users','2013-03-26 13:30:47','setup',5,'tduong  update the item  thtran.'),(1714,118,'users','2013-03-26 13:31:01','setup',4,'tduong add a user to a group'),(1715,-1,'system','2013-03-28 12:42:22','login',3,'tduong IP connection: 10.38.7.230'),(1716,-1,'system','2013-04-01 06:13:27','login',3,'tduong IP connection: 10.38.7.230'),(1717,-1,'system','2013-04-01 06:14:42','login',3,'tduong IP connection: 10.38.7.230'),(1718,-1,'system','2013-04-01 10:35:37','login',3,'tduong IP connection: 10.38.7.230'),(1719,26,'computers','2013-04-01 10:38:54','inventory',4,'tduong update the item'),(1720,43,'computers','2013-04-01 10:40:03','inventory',4,'tduong update the item'),(1721,205,'computers','2013-04-01 10:40:36','inventory',4,'tduong update the item'),(1722,174,'computers','2013-04-01 10:42:32','inventory',4,'tduong update the item'),(1723,174,'computers','2013-04-01 10:43:20','inventory',4,'tduong update the item'),(1724,-1,'system','2013-04-01 11:47:57','login',3,'tduong IP connection: 10.38.7.230'),(1725,-1,'system','2013-04-02 05:30:45','login',3,'tduong IP connection: 10.38.7.230'),(1726,26,'computers','2013-04-02 05:31:48','inventory',4,'tduong update the item'),(1727,174,'computers','2013-04-02 07:10:04','inventory',4,'tduong update the item'),(1728,-1,'system','2013-04-09 06:15:45','login',3,'tduong IP connection: 10.38.7.230'),(1729,-1,'system','2013-04-15 05:52:00','login',1,'connection failed: tduong (10.38.7.230)'),(1730,-1,'system','2013-04-15 05:52:04','login',1,'connection failed: tduong (10.38.7.230)'),(1731,-1,'system','2013-04-15 05:53:13','login',1,'connection failed: glpi (10.38.7.230)'),(1732,-1,'system','2013-04-15 05:54:06','login',3,'glpi IP connection: 10.38.7.230'),(1733,-1,'system','2013-04-15 05:55:50','login',1,'connection failed: tduong (10.38.7.230)'),(1734,-1,'system','2013-04-15 05:55:57','login',1,'connection failed: tduong (10.38.7.230)'),(1735,-1,'system','2013-04-15 05:56:00','login',3,'glpi IP connection: 10.38.7.230'),(1736,-1,'system','2013-04-15 06:12:46','login',1,'connection failed: tduong (10.38.7.230)'),(1737,-1,'system','2013-04-15 06:12:50','login',3,'glpi IP connection: 10.38.7.230'),(1738,-1,'system','2013-04-18 10:53:08','login',3,'glpi IP connection: 10.38.7.230'),(1739,269,'computers','2013-04-18 10:55:48','inventory',4,'glpi add the item HCM8H1RT1S.'),(1740,-1,'system','2013-04-22 04:57:16','login',3,'glpi IP connection: 10.38.7.230'),(1741,-1,'system','2013-04-23 11:21:15','login',3,'glpi IP connection: 10.38.7.230'),(1742,-1,'system','2013-04-26 05:49:58','login',3,'glpi IP connection: 10.38.7.212'),(1743,1,'consumables','2013-04-26 05:51:20','inventory',4,'glpi add the item HDD.'),(1744,1,'consumables','2013-04-26 05:53:36','inventory',4,'glpi update the item'),(1745,-1,'system','2013-05-03 10:29:05','login',3,'glpi IP connection: 10.38.5.215');
/*!40000 ALTER TABLE `glpi_events` ENABLE KEYS */;
UNLOCK TABLES;

--
-- Table structure for table `glpi_fieldblacklists`
--

DROP TABLE IF EXISTS `glpi_fieldblacklists`;
/*!40101 SET @saved_cs_client     = @@character_set_client */;
/*!40101 SET character_set_client = utf8 */;
CREATE TABLE `glpi_fieldblacklists` (
  `id` int(11) NOT NULL AUTO_INCREMENT,
  `name` varchar(255) COLLATE utf8_unicode_ci NOT NULL DEFAULT '',
  `field` varchar(255) COLLATE utf8_unicode_ci NOT NULL DEFAULT '',
  `value` varchar(255) COLLATE utf8_unicode_ci NOT NULL DEFAULT '',
  `itemtype` varchar(255) COLLATE utf8_unicode_ci NOT NULL DEFAULT '',
  `entities_id` int(11) NOT NULL DEFAULT '0',
  `is_recursive` tinyint(1) NOT NULL DEFAULT '0',
  `comment` text COLLATE utf8_unicode_ci,
  PRIMARY KEY (`id`),
  KEY `name` (`name`)
) ENGINE=MyISAM DEFAULT CHARSET=utf8 COLLATE=utf8_unicode_ci;
/*!40101 SET character_set_client = @saved_cs_client */;

--
-- Dumping data for table `glpi_fieldblacklists`
--

LOCK TABLES `glpi_fieldblacklists` WRITE;
/*!40000 ALTER TABLE `glpi_fieldblacklists` DISABLE KEYS */;
/*!40000 ALTER TABLE `glpi_fieldblacklists` ENABLE KEYS */;
UNLOCK TABLES;

--
-- Table structure for table `glpi_fieldunicities`
--

DROP TABLE IF EXISTS `glpi_fieldunicities`;
/*!40101 SET @saved_cs_client     = @@character_set_client */;
/*!40101 SET character_set_client = utf8 */;
CREATE TABLE `glpi_fieldunicities` (
  `id` int(11) NOT NULL AUTO_INCREMENT,
  `name` varchar(255) COLLATE utf8_unicode_ci NOT NULL DEFAULT '',
  `is_recursive` tinyint(1) NOT NULL DEFAULT '0',
  `itemtype` varchar(255) COLLATE utf8_unicode_ci NOT NULL DEFAULT '',
  `entities_id` int(11) NOT NULL DEFAULT '-1',
  `fields` text COLLATE utf8_unicode_ci,
  `is_active` tinyint(1) NOT NULL DEFAULT '0',
  `action_refuse` tinyint(1) NOT NULL DEFAULT '0',
  `action_notify` tinyint(1) NOT NULL DEFAULT '0',
  `comment` text COLLATE utf8_unicode_ci,
  PRIMARY KEY (`id`)
) ENGINE=MyISAM AUTO_INCREMENT=2 DEFAULT CHARSET=utf8 COLLATE=utf8_unicode_ci COMMENT='Stores field unicity criterias';
/*!40101 SET character_set_client = @saved_cs_client */;

--
-- Dumping data for table `glpi_fieldunicities`
--

LOCK TABLES `glpi_fieldunicities` WRITE;
/*!40000 ALTER TABLE `glpi_fieldunicities` DISABLE KEYS */;
INSERT INTO `glpi_fieldunicities` VALUES (1,'Resources creation',1,'PluginResourcesResource',0,'name,firstname',1,1,1,'');
/*!40000 ALTER TABLE `glpi_fieldunicities` ENABLE KEYS */;
UNLOCK TABLES;

--
-- Table structure for table `glpi_filesystems`
--

DROP TABLE IF EXISTS `glpi_filesystems`;
/*!40101 SET @saved_cs_client     = @@character_set_client */;
/*!40101 SET character_set_client = utf8 */;
CREATE TABLE `glpi_filesystems` (
  `id` int(11) NOT NULL AUTO_INCREMENT,
  `name` varchar(255) COLLATE utf8_unicode_ci DEFAULT NULL,
  `comment` text COLLATE utf8_unicode_ci,
  PRIMARY KEY (`id`),
  KEY `name` (`name`)
) ENGINE=MyISAM AUTO_INCREMENT=21 DEFAULT CHARSET=utf8 COLLATE=utf8_unicode_ci;
/*!40101 SET character_set_client = @saved_cs_client */;

--
-- Dumping data for table `glpi_filesystems`
--

LOCK TABLES `glpi_filesystems` WRITE;
/*!40000 ALTER TABLE `glpi_filesystems` DISABLE KEYS */;
INSERT INTO `glpi_filesystems` VALUES (1,'ext',NULL),(2,'ext2',NULL),(3,'ext3',NULL),(4,'ext4',NULL),(5,'FAT',NULL),(6,'FAT32',NULL),(7,'VFAT',NULL),(8,'HFS',NULL),(9,'HPFS',NULL),(10,'HTFS',NULL),(11,'JFS',NULL),(12,'JFS2',NULL),(13,'NFS',NULL),(14,'NTFS',NULL),(15,'ReiserFS',NULL),(16,'SMBFS',NULL),(17,'UDF',NULL),(18,'UFS',NULL),(19,'XFS',NULL),(20,'ZFS',NULL);
/*!40000 ALTER TABLE `glpi_filesystems` ENABLE KEYS */;
UNLOCK TABLES;

--
-- Table structure for table `glpi_groups`
--

DROP TABLE IF EXISTS `glpi_groups`;
/*!40101 SET @saved_cs_client     = @@character_set_client */;
/*!40101 SET character_set_client = utf8 */;
CREATE TABLE `glpi_groups` (
  `id` int(11) NOT NULL AUTO_INCREMENT,
  `entities_id` int(11) NOT NULL DEFAULT '0',
  `is_recursive` tinyint(1) NOT NULL DEFAULT '0',
  `name` varchar(255) COLLATE utf8_unicode_ci DEFAULT NULL,
  `comment` text COLLATE utf8_unicode_ci,
  `ldap_field` varchar(255) COLLATE utf8_unicode_ci DEFAULT NULL,
  `ldap_value` text COLLATE utf8_unicode_ci,
  `ldap_group_dn` text COLLATE utf8_unicode_ci,
  `date_mod` datetime DEFAULT NULL,
  `groups_id` int(11) NOT NULL DEFAULT '0',
  `completename` text COLLATE utf8_unicode_ci,
  `level` int(11) NOT NULL DEFAULT '0',
  `ancestors_cache` longtext COLLATE utf8_unicode_ci,
  `sons_cache` longtext COLLATE utf8_unicode_ci,
  `is_requester` tinyint(1) NOT NULL DEFAULT '1',
  `is_assign` tinyint(1) NOT NULL DEFAULT '1',
  `is_notify` tinyint(1) NOT NULL DEFAULT '1',
  `is_itemgroup` tinyint(1) NOT NULL DEFAULT '1',
  `is_usergroup` tinyint(1) NOT NULL DEFAULT '1',
  PRIMARY KEY (`id`),
  KEY `name` (`name`),
  KEY `ldap_field` (`ldap_field`),
  KEY `entities_id` (`entities_id`),
  KEY `date_mod` (`date_mod`),
  KEY `ldap_value` (`ldap_value`(200)),
  KEY `ldap_group_dn` (`ldap_group_dn`(200)),
  KEY `groups_id` (`groups_id`),
  KEY `is_requester` (`is_requester`),
  KEY `is_assign` (`is_assign`),
  KEY `is_notify` (`is_notify`),
  KEY `is_itemgroup` (`is_itemgroup`),
  KEY `is_usergroup` (`is_usergroup`)
) ENGINE=MyISAM AUTO_INCREMENT=11 DEFAULT CHARSET=utf8 COLLATE=utf8_unicode_ci;
/*!40101 SET character_set_client = @saved_cs_client */;

--
-- Dumping data for table `glpi_groups`
--

LOCK TABLES `glpi_groups` WRITE;
/*!40000 ALTER TABLE `glpi_groups` DISABLE KEYS */;
INSERT INTO `glpi_groups` VALUES (1,0,0,'Hardware','',NULL,NULL,NULL,'2012-05-07 11:32:53',0,'Hardware',1,NULL,NULL,1,1,1,1,1),(2,0,0,'Validation','',NULL,NULL,NULL,'2012-05-07 11:33:01',0,'Validation',1,NULL,NULL,1,1,1,1,1),(3,0,0,'Transport','',NULL,NULL,NULL,'2012-05-07 11:33:08',0,'Transport',1,NULL,NULL,1,1,1,1,1),(4,0,0,'ASIC','',NULL,NULL,NULL,'2012-05-07 11:33:13',0,'ASIC',1,NULL,NULL,1,1,1,1,1),(5,0,0,'Admin','',NULL,NULL,NULL,'2012-05-07 11:33:18',0,'Admin',1,NULL,'{\"5\":\"5\"}',1,1,1,1,1),(7,0,0,'IT','',NULL,NULL,NULL,'2012-05-10 10:28:32',0,'IT',1,NULL,'{\"7\":\"7\"}',1,1,1,1,1),(8,0,0,'Software','',NULL,NULL,NULL,'2012-05-10 11:19:23',0,'Software',1,NULL,NULL,1,1,1,1,1),(9,0,0,'BE','',NULL,NULL,NULL,'2012-07-25 05:48:45',0,'BE',1,NULL,NULL,1,1,1,1,1),(10,0,0,'EXPAT','',NULL,NULL,NULL,'2012-07-25 05:49:16',0,'EXPAT',1,NULL,NULL,1,1,1,1,1);
/*!40000 ALTER TABLE `glpi_groups` ENABLE KEYS */;
UNLOCK TABLES;

--
-- Table structure for table `glpi_groups_knowbaseitems`
--

DROP TABLE IF EXISTS `glpi_groups_knowbaseitems`;
/*!40101 SET @saved_cs_client     = @@character_set_client */;
/*!40101 SET character_set_client = utf8 */;
CREATE TABLE `glpi_groups_knowbaseitems` (
  `id` int(11) NOT NULL AUTO_INCREMENT,
  `knowbaseitems_id` int(11) NOT NULL DEFAULT '0',
  `groups_id` int(11) NOT NULL DEFAULT '0',
  `entities_id` int(11) NOT NULL DEFAULT '-1',
  `is_recursive` tinyint(1) NOT NULL DEFAULT '0',
  PRIMARY KEY (`id`),
  KEY `knowbaseitems_id` (`knowbaseitems_id`),
  KEY `groups_id` (`groups_id`),
  KEY `entities_id` (`entities_id`),
  KEY `is_recursive` (`is_recursive`)
) ENGINE=MyISAM DEFAULT CHARSET=utf8 COLLATE=utf8_unicode_ci;
/*!40101 SET character_set_client = @saved_cs_client */;

--
-- Dumping data for table `glpi_groups_knowbaseitems`
--

LOCK TABLES `glpi_groups_knowbaseitems` WRITE;
/*!40000 ALTER TABLE `glpi_groups_knowbaseitems` DISABLE KEYS */;
/*!40000 ALTER TABLE `glpi_groups_knowbaseitems` ENABLE KEYS */;
UNLOCK TABLES;

--
-- Table structure for table `glpi_groups_problems`
--

DROP TABLE IF EXISTS `glpi_groups_problems`;
/*!40101 SET @saved_cs_client     = @@character_set_client */;
/*!40101 SET character_set_client = utf8 */;
CREATE TABLE `glpi_groups_problems` (
  `id` int(11) NOT NULL AUTO_INCREMENT,
  `problems_id` int(11) NOT NULL DEFAULT '0',
  `groups_id` int(11) NOT NULL DEFAULT '0',
  `type` int(11) NOT NULL DEFAULT '1',
  PRIMARY KEY (`id`),
  UNIQUE KEY `unicity` (`problems_id`,`type`,`groups_id`),
  KEY `group` (`groups_id`,`type`)
) ENGINE=MyISAM DEFAULT CHARSET=utf8 COLLATE=utf8_unicode_ci;
/*!40101 SET character_set_client = @saved_cs_client */;

--
-- Dumping data for table `glpi_groups_problems`
--

LOCK TABLES `glpi_groups_problems` WRITE;
/*!40000 ALTER TABLE `glpi_groups_problems` DISABLE KEYS */;
/*!40000 ALTER TABLE `glpi_groups_problems` ENABLE KEYS */;
UNLOCK TABLES;

--
-- Table structure for table `glpi_groups_reminders`
--

DROP TABLE IF EXISTS `glpi_groups_reminders`;
/*!40101 SET @saved_cs_client     = @@character_set_client */;
/*!40101 SET character_set_client = utf8 */;
CREATE TABLE `glpi_groups_reminders` (
  `id` int(11) NOT NULL AUTO_INCREMENT,
  `reminders_id` int(11) NOT NULL DEFAULT '0',
  `groups_id` int(11) NOT NULL DEFAULT '0',
  `entities_id` int(11) NOT NULL DEFAULT '-1',
  `is_recursive` tinyint(1) NOT NULL DEFAULT '0',
  PRIMARY KEY (`id`),
  KEY `reminders_id` (`reminders_id`),
  KEY `groups_id` (`groups_id`),
  KEY `entities_id` (`entities_id`),
  KEY `is_recursive` (`is_recursive`)
) ENGINE=MyISAM DEFAULT CHARSET=utf8 COLLATE=utf8_unicode_ci;
/*!40101 SET character_set_client = @saved_cs_client */;

--
-- Dumping data for table `glpi_groups_reminders`
--

LOCK TABLES `glpi_groups_reminders` WRITE;
/*!40000 ALTER TABLE `glpi_groups_reminders` DISABLE KEYS */;
/*!40000 ALTER TABLE `glpi_groups_reminders` ENABLE KEYS */;
UNLOCK TABLES;

--
-- Table structure for table `glpi_groups_tickets`
--

DROP TABLE IF EXISTS `glpi_groups_tickets`;
/*!40101 SET @saved_cs_client     = @@character_set_client */;
/*!40101 SET character_set_client = utf8 */;
CREATE TABLE `glpi_groups_tickets` (
  `id` int(11) NOT NULL AUTO_INCREMENT,
  `tickets_id` int(11) NOT NULL DEFAULT '0',
  `groups_id` int(11) NOT NULL DEFAULT '0',
  `type` int(11) NOT NULL DEFAULT '1',
  PRIMARY KEY (`id`),
  UNIQUE KEY `unicity` (`tickets_id`,`type`,`groups_id`),
  KEY `group` (`groups_id`,`type`)
) ENGINE=MyISAM AUTO_INCREMENT=2 DEFAULT CHARSET=utf8 COLLATE=utf8_unicode_ci;
/*!40101 SET character_set_client = @saved_cs_client */;

--
-- Dumping data for table `glpi_groups_tickets`
--

LOCK TABLES `glpi_groups_tickets` WRITE;
/*!40000 ALTER TABLE `glpi_groups_tickets` DISABLE KEYS */;
INSERT INTO `glpi_groups_tickets` VALUES (1,4,5,2);
/*!40000 ALTER TABLE `glpi_groups_tickets` ENABLE KEYS */;
UNLOCK TABLES;

--
-- Table structure for table `glpi_groups_users`
--

DROP TABLE IF EXISTS `glpi_groups_users`;
/*!40101 SET @saved_cs_client     = @@character_set_client */;
/*!40101 SET character_set_client = utf8 */;
CREATE TABLE `glpi_groups_users` (
  `id` int(11) NOT NULL AUTO_INCREMENT,
  `users_id` int(11) NOT NULL DEFAULT '0',
  `groups_id` int(11) NOT NULL DEFAULT '0',
  `is_dynamic` tinyint(1) NOT NULL DEFAULT '0',
  `is_manager` tinyint(1) NOT NULL DEFAULT '0',
  `is_userdelegate` tinyint(1) NOT NULL DEFAULT '0',
  PRIMARY KEY (`id`),
  UNIQUE KEY `unicity` (`users_id`,`groups_id`),
  KEY `groups_id` (`groups_id`),
  KEY `is_manager` (`is_manager`),
  KEY `is_userdelegate` (`is_userdelegate`)
) ENGINE=MyISAM AUTO_INCREMENT=10 DEFAULT CHARSET=utf8 COLLATE=utf8_unicode_ci;
/*!40101 SET character_set_client = @saved_cs_client */;

--
-- Dumping data for table `glpi_groups_users`
--

LOCK TABLES `glpi_groups_users` WRITE;
/*!40000 ALTER TABLE `glpi_groups_users` DISABLE KEYS */;
INSERT INTO `glpi_groups_users` VALUES (1,8,5,0,0,0),(4,8,7,0,0,0),(5,10,1,0,0,0),(7,13,8,0,0,0),(8,14,1,0,0,0),(9,118,1,0,0,0);
/*!40000 ALTER TABLE `glpi_groups_users` ENABLE KEYS */;
UNLOCK TABLES;

--
-- Table structure for table `glpi_holidays`
--

DROP TABLE IF EXISTS `glpi_holidays`;
/*!40101 SET @saved_cs_client     = @@character_set_client */;
/*!40101 SET character_set_client = utf8 */;
CREATE TABLE `glpi_holidays` (
  `id` int(11) NOT NULL AUTO_INCREMENT,
  `name` varchar(255) COLLATE utf8_unicode_ci DEFAULT NULL,
  `entities_id` int(11) NOT NULL DEFAULT '0',
  `is_recursive` tinyint(1) NOT NULL DEFAULT '0',
  `comment` text COLLATE utf8_unicode_ci,
  `begin_date` date DEFAULT NULL,
  `end_date` date DEFAULT NULL,
  `is_perpetual` tinyint(1) NOT NULL DEFAULT '0',
  PRIMARY KEY (`id`),
  KEY `name` (`name`),
  KEY `begin_date` (`begin_date`),
  KEY `end_date` (`end_date`),
  KEY `is_perpetual` (`is_perpetual`)
) ENGINE=MyISAM DEFAULT CHARSET=utf8 COLLATE=utf8_unicode_ci;
/*!40101 SET character_set_client = @saved_cs_client */;

--
-- Dumping data for table `glpi_holidays`
--

LOCK TABLES `glpi_holidays` WRITE;
/*!40000 ALTER TABLE `glpi_holidays` DISABLE KEYS */;
/*!40000 ALTER TABLE `glpi_holidays` ENABLE KEYS */;
UNLOCK TABLES;

--
-- Table structure for table `glpi_infocoms`
--

DROP TABLE IF EXISTS `glpi_infocoms`;
/*!40101 SET @saved_cs_client     = @@character_set_client */;
/*!40101 SET character_set_client = utf8 */;
CREATE TABLE `glpi_infocoms` (
  `id` int(11) NOT NULL AUTO_INCREMENT,
  `items_id` int(11) NOT NULL DEFAULT '0',
  `itemtype` varchar(100) COLLATE utf8_unicode_ci NOT NULL,
  `entities_id` int(11) NOT NULL DEFAULT '0',
  `is_recursive` tinyint(1) NOT NULL DEFAULT '0',
  `buy_date` date DEFAULT NULL,
  `use_date` date DEFAULT NULL,
  `warranty_duration` int(11) NOT NULL DEFAULT '0',
  `warranty_info` varchar(255) COLLATE utf8_unicode_ci DEFAULT NULL,
  `suppliers_id` int(11) NOT NULL DEFAULT '0',
  `order_number` varchar(255) COLLATE utf8_unicode_ci DEFAULT NULL,
  `delivery_number` varchar(255) COLLATE utf8_unicode_ci DEFAULT NULL,
  `immo_number` varchar(255) COLLATE utf8_unicode_ci DEFAULT NULL,
  `value` decimal(20,4) NOT NULL DEFAULT '0.0000',
  `warranty_value` decimal(20,4) NOT NULL DEFAULT '0.0000',
  `sink_time` int(11) NOT NULL DEFAULT '0',
  `sink_type` int(11) NOT NULL DEFAULT '0',
  `sink_coeff` float NOT NULL DEFAULT '0',
  `comment` text COLLATE utf8_unicode_ci,
  `bill` varchar(255) COLLATE utf8_unicode_ci DEFAULT NULL,
  `budgets_id` int(11) NOT NULL DEFAULT '0',
  `alert` int(11) NOT NULL DEFAULT '0',
  `order_date` date DEFAULT NULL,
  `delivery_date` date DEFAULT NULL,
  `inventory_date` date DEFAULT NULL,
  `warranty_date` date DEFAULT NULL,
  PRIMARY KEY (`id`),
  UNIQUE KEY `unicity` (`itemtype`,`items_id`),
  KEY `buy_date` (`buy_date`),
  KEY `alert` (`alert`),
  KEY `budgets_id` (`budgets_id`),
  KEY `suppliers_id` (`suppliers_id`),
  KEY `entities_id` (`entities_id`),
  KEY `is_recursive` (`is_recursive`)
) ENGINE=MyISAM AUTO_INCREMENT=264 DEFAULT CHARSET=utf8 COLLATE=utf8_unicode_ci;
/*!40101 SET character_set_client = @saved_cs_client */;

--
-- Dumping data for table `glpi_infocoms`
--

LOCK TABLES `glpi_infocoms` WRITE;
/*!40000 ALTER TABLE `glpi_infocoms` DISABLE KEYS */;
INSERT INTO `glpi_infocoms` VALUES (1,1,'Computer',0,0,NULL,NULL,0,NULL,0,NULL,NULL,NULL,'0.0000','0.0000',0,0,0,NULL,NULL,0,0,NULL,NULL,NULL,NULL),(2,2,'Computer',0,0,NULL,NULL,0,NULL,0,NULL,NULL,NULL,'0.0000','0.0000',0,0,0,NULL,NULL,0,0,NULL,NULL,NULL,NULL),(3,3,'Computer',0,0,NULL,NULL,0,'',0,'','','','0.0000','0.0000',0,0,0,'','',0,0,NULL,NULL,NULL,NULL),(4,4,'Computer',0,0,NULL,NULL,0,'',0,'','','','0.0000','0.0000',0,0,0,'','',0,0,NULL,NULL,NULL,NULL),(5,5,'Computer',0,0,NULL,NULL,0,'',0,'','','','0.0000','0.0000',0,0,0,'','',0,0,NULL,NULL,NULL,NULL),(6,6,'Computer',0,0,NULL,NULL,0,'',0,'','','','0.0000','0.0000',0,0,0,'','',0,0,NULL,NULL,NULL,NULL),(7,7,'Computer',0,0,NULL,NULL,0,'',0,'','','','0.0000','0.0000',0,0,0,'','',0,0,NULL,NULL,NULL,NULL),(8,8,'Computer',0,0,NULL,NULL,0,'',0,'','','','0.0000','0.0000',0,0,0,'','',0,0,NULL,NULL,NULL,NULL),(9,9,'Computer',0,0,NULL,NULL,0,'',0,'','','','0.0000','0.0000',0,0,0,'','',0,0,NULL,NULL,NULL,NULL),(10,10,'Computer',0,0,NULL,NULL,0,'',0,'','','','0.0000','0.0000',0,0,0,'','',0,0,NULL,NULL,NULL,NULL),(11,11,'Computer',0,0,NULL,NULL,0,'',0,'','','','0.0000','0.0000',0,0,0,'','',0,0,NULL,NULL,NULL,NULL),(12,12,'Computer',0,0,NULL,NULL,0,'',0,'','','','0.0000','0.0000',0,0,0,'','',0,0,NULL,NULL,NULL,NULL),(13,13,'Computer',0,0,NULL,NULL,0,'',0,'','','','0.0000','0.0000',0,0,0,'','',0,0,NULL,NULL,NULL,NULL),(14,14,'Computer',0,0,NULL,NULL,0,'',0,'','','','0.0000','0.0000',0,0,0,'','',0,0,NULL,NULL,NULL,NULL),(15,15,'Computer',0,0,NULL,NULL,0,'',0,'','','','0.0000','0.0000',0,0,0,'','',0,0,NULL,NULL,NULL,NULL),(16,16,'Computer',0,0,NULL,NULL,0,'',0,'','','','0.0000','0.0000',0,0,0,'','',0,0,NULL,NULL,NULL,NULL),(17,17,'Computer',0,0,NULL,NULL,0,'',0,'','','','0.0000','0.0000',0,0,0,'','',0,0,NULL,NULL,NULL,NULL),(18,18,'Computer',0,0,NULL,NULL,0,'',0,'','','','0.0000','0.0000',0,0,0,'','',0,0,NULL,NULL,NULL,NULL),(19,19,'Computer',0,0,NULL,NULL,0,'',0,'','','','0.0000','0.0000',0,0,0,'','',0,0,NULL,NULL,NULL,NULL),(20,20,'Computer',0,0,NULL,NULL,0,'',0,'','','','0.0000','0.0000',0,0,0,'','',0,0,NULL,NULL,NULL,NULL),(21,21,'Computer',0,0,NULL,NULL,0,'',0,'','','','0.0000','0.0000',0,0,0,'','',0,0,NULL,NULL,NULL,NULL),(22,22,'Computer',0,0,NULL,NULL,0,'',0,'','','','0.0000','0.0000',0,0,0,'','',0,0,NULL,NULL,NULL,NULL),(23,23,'Computer',0,0,NULL,NULL,0,'',0,'','','','0.0000','0.0000',0,0,0,'','',0,0,NULL,NULL,NULL,NULL),(24,24,'Computer',0,0,NULL,NULL,0,'',0,'','','','0.0000','0.0000',0,0,0,'','',0,0,NULL,NULL,NULL,NULL),(25,25,'Computer',0,0,NULL,NULL,0,'',0,'','','','0.0000','0.0000',0,0,0,'','',0,0,NULL,NULL,NULL,NULL),(26,26,'Computer',0,0,NULL,NULL,0,'',0,'','','','0.0000','0.0000',0,0,0,'','',0,0,NULL,NULL,NULL,NULL),(27,27,'Computer',0,0,NULL,NULL,0,'',0,'','','','0.0000','0.0000',0,0,0,'','',0,0,NULL,NULL,NULL,NULL),(28,28,'Computer',0,0,NULL,NULL,0,'',0,'','','','0.0000','0.0000',0,0,0,'','',0,0,NULL,NULL,NULL,NULL),(29,29,'Computer',0,0,NULL,NULL,0,'',0,'','','','0.0000','0.0000',0,0,0,'','',0,0,NULL,NULL,NULL,NULL),(30,30,'Computer',0,0,NULL,NULL,0,'',0,'','','','0.0000','0.0000',0,0,0,'','',0,0,NULL,NULL,NULL,NULL),(31,31,'Computer',0,0,NULL,NULL,0,'',0,'','','','0.0000','0.0000',0,0,0,'','',0,0,NULL,NULL,NULL,NULL),(32,32,'Computer',0,0,NULL,NULL,0,'',0,'','','','0.0000','0.0000',0,0,0,'','',0,0,NULL,NULL,NULL,NULL),(33,33,'Computer',0,0,NULL,NULL,0,'',0,'','','','0.0000','0.0000',0,0,0,'','',0,0,NULL,NULL,NULL,NULL),(34,34,'Computer',0,0,NULL,NULL,0,'',0,'','','','0.0000','0.0000',0,0,0,'','',0,0,NULL,NULL,NULL,NULL),(35,35,'Computer',0,0,NULL,NULL,0,'',0,'','','','0.0000','0.0000',0,0,0,'','',0,0,NULL,NULL,NULL,NULL),(36,36,'Computer',0,0,NULL,NULL,0,'',0,'','','','0.0000','0.0000',0,0,0,'','',0,0,NULL,NULL,NULL,NULL),(37,37,'Computer',0,0,NULL,NULL,0,'',0,'','','','0.0000','0.0000',0,0,0,'','',0,0,NULL,NULL,NULL,NULL),(38,38,'Computer',0,0,NULL,NULL,0,'',0,'','','','0.0000','0.0000',0,0,0,'','',0,0,NULL,NULL,NULL,NULL),(39,39,'Computer',0,0,NULL,NULL,0,'',0,'','','','0.0000','0.0000',0,0,0,'','',0,0,NULL,NULL,NULL,NULL),(40,40,'Computer',0,0,NULL,NULL,0,'',0,'','','','0.0000','0.0000',0,0,0,'','',0,0,NULL,NULL,NULL,NULL),(41,41,'Computer',0,0,NULL,NULL,0,'',0,'','','','0.0000','0.0000',0,0,0,'','',0,0,NULL,NULL,NULL,NULL),(42,42,'Computer',0,0,NULL,NULL,0,'',0,'','','','0.0000','0.0000',0,0,0,'','',0,0,NULL,NULL,NULL,NULL),(43,43,'Computer',0,0,NULL,NULL,0,'',0,'','','','0.0000','0.0000',0,0,0,'','',0,0,NULL,NULL,NULL,NULL),(44,44,'Computer',0,0,NULL,NULL,0,'',0,'','','','0.0000','0.0000',0,0,0,'','',0,0,NULL,NULL,NULL,NULL),(45,45,'Computer',0,0,NULL,NULL,0,'',0,'','','','0.0000','0.0000',0,0,0,'','',0,0,NULL,NULL,NULL,NULL),(46,46,'Computer',0,0,NULL,NULL,0,'',0,'','','','0.0000','0.0000',0,0,0,'','',0,0,NULL,NULL,NULL,NULL),(47,47,'Computer',0,0,NULL,NULL,0,'',0,'','','','0.0000','0.0000',0,0,0,'','',0,0,NULL,NULL,NULL,NULL),(48,48,'Computer',0,0,NULL,NULL,0,'',0,'','','','0.0000','0.0000',0,0,0,'','',0,0,NULL,NULL,NULL,NULL),(49,49,'Computer',0,0,NULL,NULL,0,'',0,'','','','0.0000','0.0000',0,0,0,'','',0,0,NULL,NULL,NULL,NULL),(50,50,'Computer',0,0,NULL,NULL,0,'',0,'','','','0.0000','0.0000',0,0,0,'','',0,0,NULL,NULL,NULL,NULL),(51,51,'Computer',0,0,NULL,NULL,0,'',0,'','','','0.0000','0.0000',0,0,0,'','',0,0,NULL,NULL,NULL,NULL),(52,52,'Computer',0,0,NULL,NULL,0,'',0,'','','','0.0000','0.0000',0,0,0,'','',0,0,NULL,NULL,NULL,NULL),(53,53,'Computer',0,0,NULL,NULL,0,'',0,'','','','0.0000','0.0000',0,0,0,'','',0,0,NULL,NULL,NULL,NULL),(54,54,'Computer',0,0,NULL,NULL,0,'',0,'','','','0.0000','0.0000',0,0,0,'','',0,0,NULL,NULL,NULL,NULL),(55,55,'Computer',0,0,NULL,NULL,0,'',0,'','','','0.0000','0.0000',0,0,0,'','',0,0,NULL,NULL,NULL,NULL),(56,56,'Computer',0,0,NULL,NULL,0,'',0,'','','','0.0000','0.0000',0,0,0,'','',0,0,NULL,NULL,NULL,NULL),(57,57,'Computer',0,0,NULL,NULL,0,'',0,'','','','0.0000','0.0000',0,0,0,'','',0,0,NULL,NULL,NULL,NULL),(58,58,'Computer',0,0,NULL,NULL,0,'',0,'','','','0.0000','0.0000',0,0,0,'','',0,0,NULL,NULL,NULL,NULL),(59,59,'Computer',0,0,NULL,NULL,0,'',0,'','','','0.0000','0.0000',0,0,0,'','',0,0,NULL,NULL,NULL,NULL),(60,60,'Computer',0,0,NULL,NULL,0,'',0,'','','','0.0000','0.0000',0,0,0,'','',0,0,NULL,NULL,NULL,NULL),(61,61,'Computer',0,0,NULL,NULL,0,'',0,'','','','0.0000','0.0000',0,0,0,'','',0,0,NULL,NULL,NULL,NULL),(62,62,'Computer',0,0,NULL,NULL,0,'',0,'','','','0.0000','0.0000',0,0,0,'','',0,0,NULL,NULL,NULL,NULL),(63,63,'Computer',0,0,NULL,NULL,0,'',0,'','','','0.0000','0.0000',0,0,0,'','',0,0,NULL,NULL,NULL,NULL),(64,64,'Computer',0,0,NULL,NULL,0,'',0,'','','','0.0000','0.0000',0,0,0,'','',0,0,NULL,NULL,NULL,NULL),(65,65,'Computer',0,0,NULL,NULL,0,'',0,'','','','0.0000','0.0000',0,0,0,'','',0,0,NULL,NULL,NULL,NULL),(66,66,'Computer',0,0,NULL,NULL,0,'',0,'','','','0.0000','0.0000',0,0,0,'','',0,0,NULL,NULL,NULL,NULL),(67,67,'Computer',0,0,NULL,NULL,0,'',0,'','','','0.0000','0.0000',0,0,0,'','',0,0,NULL,NULL,NULL,NULL),(68,68,'Computer',0,0,NULL,NULL,0,'',0,'','','','0.0000','0.0000',0,0,0,'','',0,0,NULL,NULL,NULL,NULL),(69,69,'Computer',0,0,NULL,NULL,0,'',0,'','','','0.0000','0.0000',0,0,0,'','',0,0,NULL,NULL,NULL,NULL),(70,70,'Computer',0,0,NULL,NULL,0,'',2,'','','','0.0000','0.0000',0,0,0,'','',0,0,NULL,NULL,NULL,NULL),(71,71,'Computer',0,0,NULL,NULL,0,'',0,'','','','0.0000','0.0000',0,0,0,'','',0,0,NULL,NULL,NULL,NULL),(72,72,'Computer',0,0,NULL,NULL,0,'',0,'','','','0.0000','0.0000',0,0,0,'','',0,0,NULL,NULL,NULL,NULL),(73,73,'Computer',0,0,NULL,NULL,0,'',0,'','','','0.0000','0.0000',0,0,0,'','',0,0,NULL,NULL,NULL,NULL),(74,74,'Computer',0,0,NULL,NULL,0,'',0,'','','','0.0000','0.0000',0,0,0,'','',0,0,NULL,NULL,NULL,NULL),(75,75,'Computer',0,0,NULL,NULL,0,'',0,'','','','0.0000','0.0000',0,0,0,'','',0,0,NULL,NULL,NULL,NULL),(76,76,'Computer',0,0,NULL,NULL,0,'',0,'','','','0.0000','0.0000',0,0,0,'','',0,0,NULL,NULL,NULL,NULL),(77,77,'Computer',0,0,NULL,NULL,0,'',0,'','','','0.0000','0.0000',0,0,0,'','',0,0,NULL,NULL,NULL,NULL),(78,78,'Computer',0,0,NULL,NULL,0,'',0,'','','','0.0000','0.0000',0,0,0,'','',0,0,NULL,NULL,NULL,NULL),(79,79,'Computer',0,0,NULL,NULL,0,'',0,'','','','0.0000','0.0000',0,0,0,'','',0,0,NULL,NULL,NULL,NULL),(80,80,'Computer',0,0,NULL,NULL,0,'',0,'','','','0.0000','0.0000',0,0,0,'','',0,0,NULL,NULL,NULL,NULL),(81,81,'Computer',0,0,NULL,NULL,0,'',0,'','','','0.0000','0.0000',0,0,0,'','',0,0,NULL,NULL,NULL,NULL),(82,82,'Computer',0,0,NULL,NULL,0,'',2,'','','','0.0000','0.0000',0,0,0,'','',0,0,NULL,NULL,NULL,NULL),(83,83,'Computer',0,0,NULL,NULL,0,'',0,'','','','0.0000','0.0000',0,0,0,'','',0,0,NULL,NULL,NULL,NULL),(84,84,'Computer',0,0,NULL,NULL,0,'',0,'','','','0.0000','0.0000',0,0,0,'','',0,0,NULL,NULL,NULL,NULL),(85,85,'Computer',0,0,NULL,NULL,0,'',0,'','','','0.0000','0.0000',0,0,0,'','',0,0,NULL,NULL,NULL,NULL),(86,86,'Computer',0,0,NULL,NULL,0,'',0,'','','','0.0000','0.0000',0,0,0,'','',0,0,NULL,NULL,NULL,NULL),(87,87,'Computer',0,0,NULL,NULL,0,'',0,'','','','0.0000','0.0000',0,0,0,'','',0,0,NULL,NULL,NULL,NULL),(88,88,'Computer',0,0,NULL,NULL,0,'',0,'','','','0.0000','0.0000',0,0,0,'','',0,0,NULL,NULL,NULL,NULL),(89,89,'Computer',0,0,NULL,NULL,0,'',0,'','','','0.0000','0.0000',0,0,0,'','',0,0,NULL,NULL,NULL,NULL),(90,90,'Computer',0,0,NULL,NULL,0,'',0,'','','','0.0000','0.0000',0,0,0,'','',0,0,NULL,NULL,NULL,NULL),(91,91,'Computer',0,0,NULL,NULL,0,'',0,'','','','0.0000','0.0000',0,0,0,'','',0,0,NULL,NULL,NULL,NULL),(92,92,'Computer',0,0,NULL,NULL,0,'',0,'','','','0.0000','0.0000',0,0,0,'','',0,0,NULL,NULL,NULL,NULL),(93,93,'Computer',0,0,NULL,NULL,0,'',0,'','','','0.0000','0.0000',0,0,0,'','',0,0,NULL,NULL,NULL,NULL),(94,94,'Computer',0,0,NULL,NULL,0,'',0,'','','','0.0000','0.0000',0,0,0,'','',0,0,NULL,NULL,NULL,NULL),(95,95,'Computer',0,0,NULL,NULL,0,'',0,'','','','0.0000','0.0000',0,0,0,'','',0,0,NULL,NULL,NULL,NULL),(96,96,'Computer',0,0,NULL,NULL,0,'',0,'','','','0.0000','0.0000',0,0,0,'','',0,0,NULL,NULL,NULL,NULL),(97,97,'Computer',0,0,NULL,NULL,0,'',0,'','','','0.0000','0.0000',0,0,0,'','',0,0,NULL,NULL,NULL,NULL),(98,98,'Computer',0,0,NULL,NULL,0,'',0,'','','','0.0000','0.0000',0,0,0,'','',0,0,NULL,NULL,NULL,NULL),(99,99,'Computer',0,0,NULL,NULL,0,'',0,'','','','0.0000','0.0000',0,0,0,'','',0,0,NULL,NULL,NULL,NULL),(100,100,'Computer',0,0,NULL,NULL,0,'',0,'','','','0.0000','0.0000',0,0,0,'','',0,0,NULL,NULL,NULL,NULL),(101,101,'Computer',0,0,NULL,NULL,0,'',0,'','','','0.0000','0.0000',0,0,0,'','',0,0,NULL,NULL,NULL,NULL),(102,102,'Computer',0,0,NULL,NULL,0,'',0,'','','','0.0000','0.0000',0,0,0,'','',0,0,NULL,NULL,NULL,NULL),(103,103,'Computer',0,0,NULL,NULL,0,'',0,'','','','0.0000','0.0000',0,0,0,'','',0,0,NULL,NULL,NULL,NULL),(104,104,'Computer',0,0,NULL,NULL,0,'',0,'','','','0.0000','0.0000',0,0,0,'','',0,0,NULL,NULL,NULL,NULL),(105,105,'Computer',0,0,NULL,NULL,0,'',0,'','','','0.0000','0.0000',0,0,0,'','',0,0,NULL,NULL,NULL,NULL),(106,106,'Computer',0,0,NULL,NULL,0,'',0,'','','','0.0000','0.0000',0,0,0,'','',0,0,NULL,NULL,NULL,NULL),(107,107,'Computer',0,0,NULL,NULL,0,'',0,'','','','0.0000','0.0000',0,0,0,'','',0,0,NULL,NULL,NULL,NULL),(108,108,'Computer',0,0,NULL,NULL,0,'',0,'','','','0.0000','0.0000',0,0,0,'','',0,0,NULL,NULL,NULL,NULL),(109,109,'Computer',0,0,NULL,NULL,0,'',0,'','','','0.0000','0.0000',0,0,0,'','',0,0,NULL,NULL,NULL,NULL),(110,110,'Computer',0,0,NULL,NULL,0,'',0,'','','','0.0000','0.0000',0,0,0,'','',0,0,NULL,NULL,NULL,NULL),(111,111,'Computer',0,0,NULL,NULL,0,'',0,'','','','0.0000','0.0000',0,0,0,'','',0,0,NULL,NULL,NULL,NULL),(112,112,'Computer',0,0,NULL,NULL,0,'',0,'','','','0.0000','0.0000',0,0,0,'','',0,0,NULL,NULL,NULL,NULL),(113,113,'Computer',0,0,NULL,NULL,0,'',0,'','','','0.0000','0.0000',0,0,0,'','',0,0,NULL,NULL,NULL,NULL),(114,114,'Computer',0,0,NULL,NULL,0,'',0,'','','','0.0000','0.0000',0,0,0,'','',0,0,NULL,NULL,NULL,NULL),(115,115,'Computer',0,0,NULL,NULL,0,'',0,'','','','0.0000','0.0000',0,0,0,'','',0,0,NULL,NULL,NULL,NULL),(116,116,'Computer',0,0,NULL,NULL,0,'',0,'','','','0.0000','0.0000',0,0,0,'','',0,0,NULL,NULL,NULL,NULL),(117,117,'Computer',0,0,NULL,NULL,0,'',0,'','','','0.0000','0.0000',0,0,0,'','',0,0,NULL,NULL,NULL,NULL),(118,118,'Computer',0,0,NULL,NULL,0,'',0,'','','','0.0000','0.0000',0,0,0,'','',0,0,NULL,NULL,NULL,NULL),(119,119,'Computer',0,0,NULL,NULL,0,'',0,'','','','0.0000','0.0000',0,0,0,'','',0,0,NULL,NULL,NULL,NULL),(120,120,'Computer',0,0,NULL,NULL,0,'',0,'','','','0.0000','0.0000',0,0,0,'','',0,0,NULL,NULL,NULL,NULL),(121,121,'Computer',0,0,NULL,NULL,0,'',0,'','','','0.0000','0.0000',0,0,0,'','',0,0,NULL,NULL,NULL,NULL),(122,122,'Computer',0,0,NULL,NULL,0,'',0,'','','','0.0000','0.0000',0,0,0,'','',0,0,NULL,NULL,NULL,NULL),(123,123,'Computer',0,0,NULL,NULL,0,'',0,'','','','0.0000','0.0000',0,0,0,'','',0,0,NULL,NULL,NULL,NULL),(124,124,'Computer',0,0,NULL,NULL,0,'',0,'','','','0.0000','0.0000',0,0,0,'','',0,0,NULL,NULL,NULL,NULL),(125,125,'Computer',0,0,NULL,NULL,0,'',0,'','','','0.0000','0.0000',0,0,0,'','',0,0,NULL,NULL,NULL,NULL),(126,126,'Computer',0,0,NULL,NULL,0,'',0,'','','','0.0000','0.0000',0,0,0,'','',0,0,NULL,NULL,NULL,NULL),(127,127,'Computer',0,0,NULL,NULL,0,'',0,'','','','0.0000','0.0000',0,0,0,'','',0,0,NULL,NULL,NULL,NULL),(128,128,'Computer',0,0,NULL,NULL,0,'',0,'','','','0.0000','0.0000',0,0,0,'','',0,0,NULL,NULL,NULL,NULL),(129,129,'Computer',0,0,NULL,NULL,0,'',0,'','','','0.0000','0.0000',0,0,0,'','',0,0,NULL,NULL,NULL,NULL),(130,130,'Computer',0,0,NULL,NULL,0,'',0,'','','','0.0000','0.0000',0,0,0,'','',0,0,NULL,NULL,NULL,NULL),(131,131,'Computer',0,0,NULL,NULL,0,'',0,'','','','0.0000','0.0000',0,0,0,'','',0,0,NULL,NULL,NULL,NULL),(132,132,'Computer',0,0,NULL,NULL,0,'',0,'','','','0.0000','0.0000',0,0,0,'','',0,0,NULL,NULL,NULL,NULL),(133,133,'Computer',0,0,NULL,NULL,0,'',0,'','','','0.0000','0.0000',0,0,0,'','',0,0,NULL,NULL,NULL,NULL),(134,134,'Computer',0,0,NULL,NULL,0,'',0,'','','','0.0000','0.0000',0,0,0,'','',0,0,NULL,NULL,NULL,NULL),(135,135,'Computer',0,0,NULL,NULL,0,'',0,'','','','0.0000','0.0000',0,0,0,'','',0,0,NULL,NULL,NULL,NULL),(136,136,'Computer',0,0,NULL,NULL,0,'',0,'','','','0.0000','0.0000',0,0,0,'','',0,0,NULL,NULL,NULL,NULL),(137,137,'Computer',0,0,NULL,NULL,0,'',0,'','','','0.0000','0.0000',0,0,0,'','',0,0,NULL,NULL,NULL,NULL),(138,138,'Computer',0,0,NULL,NULL,0,'',0,'','','','0.0000','0.0000',0,0,0,'','',0,0,NULL,NULL,NULL,NULL),(139,139,'Computer',0,0,NULL,NULL,0,'',0,'','','','0.0000','0.0000',0,0,0,'','',0,0,NULL,NULL,NULL,NULL),(140,140,'Computer',0,0,NULL,NULL,0,'',0,'','','','0.0000','0.0000',0,0,0,'','',0,0,NULL,NULL,NULL,NULL),(141,141,'Computer',0,0,NULL,NULL,0,'',0,'','','','0.0000','0.0000',0,0,0,'','',0,0,NULL,NULL,NULL,NULL),(142,142,'Computer',0,0,NULL,NULL,0,'',0,'','','','0.0000','0.0000',0,0,0,'','',0,0,NULL,NULL,NULL,NULL),(143,143,'Computer',0,0,NULL,NULL,0,'',0,'','','','0.0000','0.0000',0,0,0,'','',0,0,NULL,NULL,NULL,NULL),(144,144,'Computer',0,0,NULL,NULL,0,'',0,'','','','0.0000','0.0000',0,0,0,'','',0,0,NULL,NULL,NULL,NULL),(145,145,'Computer',0,0,NULL,NULL,0,'',0,'','','','0.0000','0.0000',0,0,0,'','',0,0,NULL,NULL,NULL,NULL),(146,146,'Computer',0,0,NULL,NULL,0,'',0,'','','','0.0000','0.0000',0,0,0,'','',0,0,NULL,NULL,NULL,NULL),(147,147,'Computer',0,0,NULL,NULL,0,'',5,'','','','0.0000','0.0000',0,0,0,'','',0,0,NULL,NULL,NULL,NULL),(148,148,'Computer',0,0,NULL,NULL,0,'',0,'','','','0.0000','0.0000',0,0,0,'','',0,0,NULL,NULL,NULL,NULL),(149,149,'Computer',0,0,NULL,NULL,0,'',0,'','','','0.0000','0.0000',0,0,0,'','',0,0,NULL,NULL,NULL,NULL),(150,150,'Computer',0,0,NULL,NULL,0,'',0,'','','','0.0000','0.0000',0,0,0,'','',0,0,NULL,NULL,NULL,NULL),(151,151,'Computer',0,0,NULL,NULL,0,'',0,'','','','0.0000','0.0000',0,0,0,'','',0,0,NULL,NULL,NULL,NULL),(152,152,'Computer',0,0,NULL,NULL,0,'',0,'','','','0.0000','0.0000',0,0,0,'','',0,0,NULL,NULL,NULL,NULL),(153,153,'Computer',0,0,NULL,NULL,0,'',0,'','','','0.0000','0.0000',0,0,0,'','',0,0,NULL,NULL,NULL,NULL),(154,154,'Computer',0,0,NULL,NULL,0,'',0,'','','','0.0000','0.0000',0,0,0,'','',0,0,NULL,NULL,NULL,NULL),(155,155,'Computer',0,0,NULL,NULL,0,'',0,'','','','0.0000','0.0000',0,0,0,'','',0,0,NULL,NULL,NULL,NULL),(156,156,'Computer',0,0,NULL,NULL,0,'',0,'','','','0.0000','0.0000',0,0,0,'','',0,0,NULL,NULL,NULL,NULL),(157,157,'Computer',0,0,NULL,NULL,0,'',0,'','','','0.0000','0.0000',0,0,0,'','',0,0,NULL,NULL,NULL,NULL),(158,158,'Computer',0,0,NULL,NULL,0,'',0,'','','','0.0000','0.0000',0,0,0,'','',0,0,NULL,NULL,NULL,NULL),(159,159,'Computer',0,0,NULL,NULL,0,'',0,'','','','0.0000','0.0000',0,0,0,'','',0,0,NULL,NULL,NULL,NULL),(160,160,'Computer',0,0,NULL,NULL,0,'',0,'','','','0.0000','0.0000',0,0,0,'','',0,0,NULL,NULL,NULL,NULL),(161,161,'Computer',0,0,NULL,NULL,0,'',0,'','','','0.0000','0.0000',0,0,0,'','',0,0,NULL,NULL,NULL,NULL),(162,162,'Computer',0,0,NULL,NULL,0,'',0,'','','','0.0000','0.0000',0,0,0,'','',0,0,NULL,NULL,NULL,NULL),(163,163,'Computer',0,0,NULL,NULL,0,'',0,'','','','0.0000','0.0000',0,0,0,'','',0,0,NULL,NULL,NULL,NULL),(164,164,'Computer',0,0,NULL,NULL,0,'',0,'','','','0.0000','0.0000',0,0,0,'','',0,0,NULL,NULL,NULL,NULL),(165,165,'Computer',0,0,NULL,NULL,0,'',0,'','','','0.0000','0.0000',0,0,0,'','',0,0,NULL,NULL,NULL,NULL),(166,166,'Computer',0,0,NULL,NULL,0,'',0,'','','','0.0000','0.0000',0,0,0,'','',0,0,NULL,NULL,NULL,NULL),(167,167,'Computer',0,0,NULL,NULL,0,'',0,'','','','0.0000','0.0000',0,0,0,'','',0,0,NULL,NULL,NULL,NULL),(168,168,'Computer',0,0,NULL,NULL,0,'',0,'','','','0.0000','0.0000',0,0,0,'','',0,0,NULL,NULL,NULL,NULL),(169,169,'Computer',0,0,NULL,NULL,0,'',0,'','','','0.0000','0.0000',0,0,0,'','',0,0,NULL,NULL,NULL,NULL),(170,170,'Computer',0,0,NULL,NULL,0,'',0,'','','','0.0000','0.0000',0,0,0,'','',0,0,NULL,NULL,NULL,NULL),(171,171,'Computer',0,0,NULL,NULL,0,'',0,'','','','0.0000','0.0000',0,0,0,'','',0,0,NULL,NULL,NULL,NULL),(172,172,'Computer',0,0,NULL,NULL,0,'',0,'','','','0.0000','0.0000',0,0,0,'','',0,0,NULL,NULL,NULL,NULL),(173,173,'Computer',0,0,NULL,NULL,0,'',0,'','','','0.0000','0.0000',0,0,0,'','',0,0,NULL,NULL,NULL,NULL),(174,174,'Computer',0,0,NULL,NULL,0,'',0,'','','','0.0000','0.0000',0,0,0,'','',0,0,NULL,NULL,NULL,NULL),(175,175,'Computer',0,0,NULL,NULL,0,'',0,'','','','0.0000','0.0000',0,0,0,'','',0,0,NULL,NULL,NULL,NULL),(176,176,'Computer',0,0,NULL,NULL,0,'',0,'','','','0.0000','0.0000',0,0,0,'','',0,0,NULL,NULL,NULL,NULL),(177,177,'Computer',0,0,NULL,NULL,0,'',0,'','','','0.0000','0.0000',0,0,0,'','',0,0,NULL,NULL,NULL,NULL),(178,178,'Computer',0,0,NULL,NULL,0,'',0,'','','','0.0000','0.0000',0,0,0,'','',0,0,NULL,NULL,NULL,NULL),(179,179,'Computer',0,0,NULL,NULL,0,'',0,'','','','0.0000','0.0000',0,0,0,'','',0,0,NULL,NULL,NULL,NULL),(180,180,'Computer',0,0,NULL,NULL,0,'',0,'','','','0.0000','0.0000',0,0,0,'','',0,0,NULL,NULL,NULL,NULL),(181,181,'Computer',0,0,NULL,NULL,0,'',0,'','','','0.0000','0.0000',0,0,0,'','',0,0,NULL,NULL,NULL,NULL),(182,182,'Computer',0,0,NULL,NULL,0,'',0,'','','','0.0000','0.0000',0,0,0,'','',0,0,NULL,NULL,NULL,NULL),(183,183,'Computer',0,0,NULL,NULL,0,'',0,'','','','0.0000','0.0000',0,0,0,'','',0,0,NULL,NULL,NULL,NULL),(184,184,'Computer',0,0,NULL,NULL,0,'',0,'','','','0.0000','0.0000',0,0,0,'','',0,0,NULL,NULL,NULL,NULL),(185,185,'Computer',0,0,NULL,NULL,0,'',0,'','','','0.0000','0.0000',0,0,0,'','',0,0,NULL,NULL,NULL,NULL),(186,186,'Computer',0,0,NULL,NULL,0,'',0,'','','','0.0000','0.0000',0,0,0,'','',0,0,NULL,NULL,NULL,NULL),(187,187,'Computer',0,0,NULL,NULL,0,'',0,'','','','0.0000','0.0000',0,0,0,'','',0,0,NULL,NULL,NULL,NULL),(188,188,'Computer',0,0,NULL,NULL,0,'',0,'','','','0.0000','0.0000',0,0,0,'','',0,0,NULL,NULL,NULL,NULL),(189,189,'Computer',0,0,NULL,NULL,0,'',0,'','','','0.0000','0.0000',0,0,0,'','',0,0,NULL,NULL,NULL,NULL),(190,190,'Computer',0,0,NULL,NULL,0,'',0,'','','','0.0000','0.0000',0,0,0,'','',0,0,NULL,NULL,NULL,NULL),(191,191,'Computer',0,0,NULL,NULL,0,'',0,'','','','0.0000','0.0000',0,0,0,'','',0,0,NULL,NULL,NULL,NULL),(192,192,'Computer',0,0,NULL,NULL,0,'',0,'','','','0.0000','0.0000',0,0,0,'','',0,0,NULL,NULL,NULL,NULL),(193,193,'Computer',0,0,NULL,NULL,0,'',0,'','','','0.0000','0.0000',0,0,0,'','',0,0,NULL,NULL,NULL,NULL),(194,194,'Computer',0,0,NULL,NULL,0,'',0,'','','','0.0000','0.0000',0,0,0,'','',0,0,NULL,NULL,NULL,NULL),(195,195,'Computer',0,0,NULL,NULL,0,'',0,'','','','0.0000','0.0000',0,0,0,'','',0,0,NULL,NULL,NULL,NULL),(196,196,'Computer',0,0,NULL,NULL,0,'',0,'','','','0.0000','0.0000',0,0,0,'','',0,0,NULL,NULL,NULL,NULL),(197,197,'Computer',0,0,NULL,NULL,0,'',0,'','','','0.0000','0.0000',0,0,0,'','',0,0,NULL,NULL,NULL,NULL),(198,198,'Computer',0,0,NULL,NULL,0,'',0,'','','','0.0000','0.0000',0,0,0,'','',0,0,NULL,NULL,NULL,NULL),(199,199,'Computer',0,0,NULL,NULL,0,'',0,'','','','0.0000','0.0000',0,0,0,'','',0,0,NULL,NULL,NULL,NULL),(200,200,'Computer',0,0,NULL,NULL,0,'',0,'','','','0.0000','0.0000',0,0,0,'','',0,0,NULL,NULL,NULL,NULL),(201,201,'Computer',0,0,NULL,NULL,0,'',0,'','','','0.0000','0.0000',0,0,0,'','',0,0,NULL,NULL,NULL,NULL),(202,202,'Computer',0,0,NULL,NULL,0,'',0,'','','','0.0000','0.0000',0,0,0,'','',0,0,NULL,NULL,NULL,NULL),(203,203,'Computer',0,0,NULL,NULL,0,'',0,'','','','0.0000','0.0000',0,0,0,'','',0,0,NULL,NULL,NULL,NULL),(204,204,'Computer',0,0,NULL,NULL,0,'',0,'','','','0.0000','0.0000',0,0,0,'','',0,0,NULL,NULL,NULL,NULL),(205,205,'Computer',0,0,NULL,NULL,0,'',0,'','','','0.0000','0.0000',0,0,0,'','',0,0,NULL,NULL,NULL,NULL),(206,206,'Computer',0,0,NULL,NULL,0,'',0,'','','','0.0000','0.0000',0,0,0,'','',0,0,NULL,NULL,NULL,NULL),(207,207,'Computer',0,0,NULL,NULL,0,'',0,'','','','0.0000','0.0000',0,0,0,'','',0,0,NULL,NULL,NULL,NULL),(208,208,'Computer',0,0,NULL,NULL,0,'',0,'','','','0.0000','0.0000',0,0,0,'','',0,0,NULL,NULL,NULL,NULL),(209,209,'Computer',0,0,NULL,NULL,0,'',0,'','','','0.0000','0.0000',0,0,0,'','',0,0,NULL,NULL,NULL,NULL),(210,210,'Computer',0,0,NULL,NULL,0,'',0,'','','','0.0000','0.0000',0,0,0,'','',0,0,NULL,NULL,NULL,NULL),(211,211,'Computer',0,0,NULL,NULL,0,'',0,'','','','0.0000','0.0000',0,0,0,'','',0,0,NULL,NULL,NULL,NULL),(212,212,'Computer',0,0,NULL,NULL,0,'',0,'','','','0.0000','0.0000',0,0,0,'','',0,0,NULL,NULL,NULL,NULL),(213,213,'Computer',0,0,NULL,NULL,0,'',0,'','','','0.0000','0.0000',0,0,0,'','',0,0,NULL,NULL,NULL,NULL),(214,214,'Computer',0,0,NULL,NULL,0,'',0,'','','','0.0000','0.0000',0,0,0,'','',0,0,NULL,NULL,NULL,NULL),(215,215,'Computer',0,0,NULL,NULL,0,'',0,'','','','0.0000','0.0000',0,0,0,'','',0,0,NULL,NULL,NULL,NULL),(216,216,'Computer',0,0,NULL,NULL,0,'',0,'','','','0.0000','0.0000',0,0,0,'','',0,0,NULL,NULL,NULL,NULL),(217,217,'Computer',0,0,NULL,NULL,0,'',0,'','','','0.0000','0.0000',0,0,0,'','',0,0,NULL,NULL,NULL,NULL),(218,218,'Computer',0,0,NULL,NULL,0,'',0,'','','','0.0000','0.0000',0,0,0,'','',0,0,NULL,NULL,NULL,NULL),(219,219,'Computer',0,0,NULL,NULL,0,'',0,'','','','0.0000','0.0000',0,0,0,'','',0,0,NULL,NULL,NULL,NULL),(220,220,'Computer',0,0,NULL,NULL,0,'',0,'','','','0.0000','0.0000',0,0,0,'','',0,0,NULL,NULL,NULL,NULL),(221,221,'Computer',0,0,NULL,NULL,0,'',0,'','','','0.0000','0.0000',0,0,0,'','',0,0,NULL,NULL,NULL,NULL),(222,222,'Computer',0,0,NULL,NULL,0,'',0,'','','','0.0000','0.0000',0,0,0,'','',0,0,NULL,NULL,NULL,NULL),(223,223,'Computer',0,0,NULL,NULL,0,'',0,'','','','0.0000','0.0000',0,0,0,'','',0,0,NULL,NULL,NULL,NULL),(224,224,'Computer',0,0,NULL,NULL,0,'',0,'','','','0.0000','0.0000',0,0,0,'','',0,0,NULL,NULL,NULL,NULL),(225,225,'Computer',0,0,NULL,NULL,0,'',0,'','','','0.0000','0.0000',0,0,0,'','',0,0,NULL,NULL,NULL,NULL),(226,226,'Computer',0,0,NULL,NULL,0,'',0,'','','','0.0000','0.0000',0,0,0,'','',0,0,NULL,NULL,NULL,NULL),(227,227,'Computer',0,0,NULL,NULL,0,'',0,'','','','0.0000','0.0000',0,0,0,'','',0,0,NULL,NULL,NULL,NULL),(228,228,'Computer',0,0,NULL,NULL,0,'',0,'','','','0.0000','0.0000',0,0,0,'','',0,0,NULL,NULL,NULL,NULL),(229,229,'Computer',0,0,NULL,NULL,0,'',0,'','','','0.0000','0.0000',0,0,0,'','',0,0,NULL,NULL,NULL,NULL),(230,230,'Computer',0,0,NULL,NULL,0,'',0,'','','','0.0000','0.0000',0,0,0,'','',0,0,NULL,NULL,NULL,NULL),(231,231,'Computer',0,0,NULL,NULL,0,'',0,'','','','0.0000','0.0000',0,0,0,'','',0,0,NULL,NULL,NULL,NULL),(232,232,'Computer',0,0,NULL,NULL,0,'',0,'','','','0.0000','0.0000',0,0,0,'','',0,0,NULL,NULL,NULL,NULL),(233,239,'Computer',0,0,NULL,NULL,0,'',0,'','','','0.0000','0.0000',0,0,0,'','',0,0,NULL,NULL,NULL,NULL),(234,240,'Computer',0,0,NULL,NULL,0,'',0,'','','','0.0000','0.0000',0,0,0,'','',0,0,NULL,NULL,NULL,NULL),(235,241,'Computer',0,0,NULL,NULL,0,'',0,'','','','0.0000','0.0000',0,0,0,'','',0,0,NULL,NULL,NULL,NULL),(236,242,'Computer',0,0,NULL,NULL,0,'',0,'','','','0.0000','0.0000',0,0,0,'','',0,0,NULL,NULL,NULL,NULL),(237,243,'Computer',0,0,NULL,NULL,0,'',0,'','','','0.0000','0.0000',0,0,0,'','',0,0,NULL,NULL,NULL,NULL),(238,244,'Computer',0,0,NULL,NULL,0,'',0,'','','','0.0000','0.0000',0,0,0,'','',0,0,NULL,NULL,NULL,NULL),(239,245,'Computer',0,0,NULL,NULL,0,'',0,'','','','0.0000','0.0000',0,0,0,'','',0,0,NULL,NULL,NULL,NULL),(240,246,'Computer',0,0,NULL,NULL,0,'',0,'','','','0.0000','0.0000',0,0,0,'','',0,0,NULL,NULL,NULL,NULL),(241,247,'Computer',0,0,NULL,NULL,0,'',0,'','','','0.0000','0.0000',0,0,0,'','',0,0,NULL,NULL,NULL,NULL),(242,248,'Computer',0,0,NULL,NULL,0,'',0,'','','','0.0000','0.0000',0,0,0,'','',0,0,NULL,NULL,NULL,NULL),(243,249,'Computer',0,0,NULL,NULL,0,'',0,'','','','0.0000','0.0000',0,0,0,'','',0,0,NULL,NULL,NULL,NULL),(244,250,'Computer',0,0,NULL,NULL,0,'',0,'','','','0.0000','0.0000',0,0,0,'','',0,0,NULL,NULL,NULL,NULL),(245,251,'Computer',0,0,NULL,NULL,0,'',0,'','','','0.0000','0.0000',0,0,0,'','',0,0,NULL,NULL,NULL,NULL),(246,252,'Computer',0,0,NULL,NULL,0,'',0,'','','','0.0000','0.0000',0,0,0,'','',0,0,NULL,NULL,NULL,NULL),(247,253,'Computer',0,0,NULL,NULL,0,'',0,'','','','0.0000','0.0000',0,0,0,'','',0,0,NULL,NULL,NULL,NULL),(248,254,'Computer',0,0,NULL,NULL,0,'',2,'','','','0.0000','0.0000',0,0,0,'','',0,0,NULL,NULL,NULL,NULL),(249,255,'Computer',0,0,NULL,NULL,0,'',0,'','','','0.0000','0.0000',0,0,0,'','',0,0,NULL,NULL,NULL,NULL),(250,256,'Computer',0,0,NULL,NULL,0,'',0,'','','','0.0000','0.0000',0,0,0,'','',0,0,NULL,NULL,NULL,NULL),(251,257,'Computer',0,0,NULL,NULL,0,'',0,'','','','0.0000','0.0000',0,0,0,'','',0,0,NULL,NULL,NULL,NULL),(252,258,'Computer',0,0,NULL,NULL,0,'',0,'','','','0.0000','0.0000',0,0,0,'','',0,0,NULL,NULL,NULL,NULL),(253,259,'Computer',0,0,NULL,NULL,0,'',0,'','','','0.0000','0.0000',0,0,0,'','',0,0,NULL,NULL,NULL,NULL),(254,260,'Computer',0,0,NULL,NULL,0,'',0,'','','','0.0000','0.0000',0,0,0,'','',0,0,NULL,NULL,NULL,NULL),(255,261,'Computer',0,0,NULL,NULL,0,'',0,'','','','0.0000','0.0000',0,0,0,'','',0,0,NULL,NULL,NULL,NULL),(256,262,'Computer',0,0,NULL,NULL,0,'',0,'','','','0.0000','0.0000',0,0,0,'','',0,0,NULL,NULL,NULL,NULL),(257,263,'Computer',0,0,NULL,NULL,0,'',0,'','','','0.0000','0.0000',0,0,0,'','',0,0,NULL,NULL,NULL,NULL),(258,264,'Computer',0,0,NULL,NULL,0,'',0,'','','','0.0000','0.0000',0,0,0,'','',0,0,NULL,NULL,NULL,NULL),(259,265,'Computer',0,0,NULL,NULL,0,'',0,'','','','0.0000','0.0000',0,0,0,'','',0,0,NULL,NULL,NULL,NULL),(260,266,'Computer',0,0,NULL,NULL,0,'',0,'','','','0.0000','0.0000',0,0,0,'','',0,0,NULL,NULL,NULL,NULL),(261,267,'Computer',0,0,NULL,NULL,0,'',0,'','','','0.0000','0.0000',0,0,0,'','',0,0,NULL,NULL,NULL,NULL),(262,268,'Computer',0,0,NULL,NULL,0,'',0,'','','','0.0000','0.0000',0,0,0,'','',0,0,NULL,NULL,NULL,NULL),(263,269,'Computer',0,0,NULL,NULL,0,'',0,'','','','0.0000','0.0000',0,0,0,'','',0,0,NULL,NULL,NULL,NULL);
/*!40000 ALTER TABLE `glpi_infocoms` ENABLE KEYS */;
UNLOCK TABLES;

--
-- Table structure for table `glpi_interfacetypes`
--

DROP TABLE IF EXISTS `glpi_interfacetypes`;
/*!40101 SET @saved_cs_client     = @@character_set_client */;
/*!40101 SET character_set_client = utf8 */;
CREATE TABLE `glpi_interfacetypes` (
  `id` int(11) NOT NULL AUTO_INCREMENT,
  `name` varchar(255) COLLATE utf8_unicode_ci DEFAULT NULL,
  `comment` text COLLATE utf8_unicode_ci,
  PRIMARY KEY (`id`),
  KEY `name` (`name`)
) ENGINE=MyISAM AUTO_INCREMENT=9 DEFAULT CHARSET=utf8 COLLATE=utf8_unicode_ci;
/*!40101 SET character_set_client = @saved_cs_client */;

--
-- Dumping data for table `glpi_interfacetypes`
--

LOCK TABLES `glpi_interfacetypes` WRITE;
/*!40000 ALTER TABLE `glpi_interfacetypes` DISABLE KEYS */;
INSERT INTO `glpi_interfacetypes` VALUES (1,'IDE',NULL),(2,'SATA',NULL),(3,'SCSI',NULL),(4,'USB',NULL),(5,'AGP',''),(6,'PCI',''),(7,'PCIe',''),(8,'PCI-X','');
/*!40000 ALTER TABLE `glpi_interfacetypes` ENABLE KEYS */;
UNLOCK TABLES;

--
-- Table structure for table `glpi_items_problems`
--

DROP TABLE IF EXISTS `glpi_items_problems`;
/*!40101 SET @saved_cs_client     = @@character_set_client */;
/*!40101 SET character_set_client = utf8 */;
CREATE TABLE `glpi_items_problems` (
  `id` int(11) NOT NULL AUTO_INCREMENT,
  `problems_id` int(11) NOT NULL DEFAULT '0',
  `itemtype` varchar(100) COLLATE utf8_unicode_ci DEFAULT NULL,
  `items_id` int(11) NOT NULL DEFAULT '0',
  PRIMARY KEY (`id`),
  UNIQUE KEY `unicity` (`problems_id`,`itemtype`,`items_id`),
  KEY `item` (`itemtype`,`items_id`)
) ENGINE=MyISAM DEFAULT CHARSET=utf8 COLLATE=utf8_unicode_ci;
/*!40101 SET character_set_client = @saved_cs_client */;

--
-- Dumping data for table `glpi_items_problems`
--

LOCK TABLES `glpi_items_problems` WRITE;
/*!40000 ALTER TABLE `glpi_items_problems` DISABLE KEYS */;
/*!40000 ALTER TABLE `glpi_items_problems` ENABLE KEYS */;
UNLOCK TABLES;

--
-- Table structure for table `glpi_itilcategories`
--

DROP TABLE IF EXISTS `glpi_itilcategories`;
/*!40101 SET @saved_cs_client     = @@character_set_client */;
/*!40101 SET character_set_client = utf8 */;
CREATE TABLE `glpi_itilcategories` (
  `id` int(11) NOT NULL AUTO_INCREMENT,
  `entities_id` int(11) NOT NULL DEFAULT '0',
  `is_recursive` tinyint(1) NOT NULL DEFAULT '0',
  `itilcategories_id` int(11) NOT NULL DEFAULT '0',
  `name` varchar(255) COLLATE utf8_unicode_ci DEFAULT NULL,
  `completename` text COLLATE utf8_unicode_ci,
  `comment` text COLLATE utf8_unicode_ci,
  `level` int(11) NOT NULL DEFAULT '0',
  `knowbaseitemcategories_id` int(11) NOT NULL DEFAULT '0',
  `users_id` int(11) NOT NULL DEFAULT '0',
  `groups_id` int(11) NOT NULL DEFAULT '0',
  `ancestors_cache` longtext COLLATE utf8_unicode_ci,
  `sons_cache` longtext COLLATE utf8_unicode_ci,
  `is_helpdeskvisible` tinyint(1) NOT NULL DEFAULT '1',
  `tickettemplates_id_incident` int(11) NOT NULL DEFAULT '0',
  `tickettemplates_id_demand` int(11) NOT NULL DEFAULT '0',
  `is_incident` int(11) NOT NULL DEFAULT '1',
  `is_request` int(11) NOT NULL DEFAULT '1',
  `is_problem` int(11) NOT NULL DEFAULT '1',
  PRIMARY KEY (`id`),
  KEY `name` (`name`),
  KEY `entities_id` (`entities_id`),
  KEY `is_recursive` (`is_recursive`),
  KEY `knowbaseitemcategories_id` (`knowbaseitemcategories_id`),
  KEY `users_id` (`users_id`),
  KEY `groups_id` (`groups_id`),
  KEY `is_helpdeskvisible` (`is_helpdeskvisible`),
  KEY `itilcategories_id` (`itilcategories_id`),
  KEY `tickettemplates_id_incident` (`tickettemplates_id_incident`),
  KEY `tickettemplates_id_demand` (`tickettemplates_id_demand`),
  KEY `is_incident` (`is_incident`),
  KEY `is_request` (`is_request`),
  KEY `is_problem` (`is_problem`)
) ENGINE=MyISAM DEFAULT CHARSET=utf8 COLLATE=utf8_unicode_ci;
/*!40101 SET character_set_client = @saved_cs_client */;

--
-- Dumping data for table `glpi_itilcategories`
--

LOCK TABLES `glpi_itilcategories` WRITE;
/*!40000 ALTER TABLE `glpi_itilcategories` DISABLE KEYS */;
/*!40000 ALTER TABLE `glpi_itilcategories` ENABLE KEYS */;
UNLOCK TABLES;

--
-- Table structure for table `glpi_knowbaseitemcategories`
--

DROP TABLE IF EXISTS `glpi_knowbaseitemcategories`;
/*!40101 SET @saved_cs_client     = @@character_set_client */;
/*!40101 SET character_set_client = utf8 */;
CREATE TABLE `glpi_knowbaseitemcategories` (
  `id` int(11) NOT NULL AUTO_INCREMENT,
  `entities_id` int(11) NOT NULL DEFAULT '0',
  `is_recursive` tinyint(1) NOT NULL DEFAULT '0',
  `knowbaseitemcategories_id` int(11) NOT NULL DEFAULT '0',
  `name` varchar(255) COLLATE utf8_unicode_ci DEFAULT NULL,
  `completename` text COLLATE utf8_unicode_ci,
  `comment` text COLLATE utf8_unicode_ci,
  `level` int(11) NOT NULL DEFAULT '0',
  `sons_cache` longtext COLLATE utf8_unicode_ci,
  `ancestors_cache` longtext COLLATE utf8_unicode_ci,
  PRIMARY KEY (`id`),
  UNIQUE KEY `unicity` (`entities_id`,`knowbaseitemcategories_id`,`name`),
  KEY `name` (`name`),
  KEY `entities_id` (`entities_id`),
  KEY `is_recursive` (`is_recursive`)
) ENGINE=MyISAM DEFAULT CHARSET=utf8 COLLATE=utf8_unicode_ci;
/*!40101 SET character_set_client = @saved_cs_client */;

--
-- Dumping data for table `glpi_knowbaseitemcategories`
--

LOCK TABLES `glpi_knowbaseitemcategories` WRITE;
/*!40000 ALTER TABLE `glpi_knowbaseitemcategories` DISABLE KEYS */;
/*!40000 ALTER TABLE `glpi_knowbaseitemcategories` ENABLE KEYS */;
UNLOCK TABLES;

--
-- Table structure for table `glpi_knowbaseitems`
--

DROP TABLE IF EXISTS `glpi_knowbaseitems`;
/*!40101 SET @saved_cs_client     = @@character_set_client */;
/*!40101 SET character_set_client = utf8 */;
CREATE TABLE `glpi_knowbaseitems` (
  `id` int(11) NOT NULL AUTO_INCREMENT,
  `knowbaseitemcategories_id` int(11) NOT NULL DEFAULT '0',
  `name` text COLLATE utf8_unicode_ci,
  `answer` longtext COLLATE utf8_unicode_ci,
  `is_faq` tinyint(1) NOT NULL DEFAULT '0',
  `users_id` int(11) NOT NULL DEFAULT '0',
  `view` int(11) NOT NULL DEFAULT '0',
  `date` datetime DEFAULT NULL,
  `date_mod` datetime DEFAULT NULL,
  PRIMARY KEY (`id`),
  KEY `users_id` (`users_id`),
  KEY `knowbaseitemcategories_id` (`knowbaseitemcategories_id`),
  KEY `is_faq` (`is_faq`),
  KEY `date_mod` (`date_mod`),
  FULLTEXT KEY `fulltext` (`name`,`answer`)
) ENGINE=MyISAM DEFAULT CHARSET=utf8 COLLATE=utf8_unicode_ci;
/*!40101 SET character_set_client = @saved_cs_client */;

--
-- Dumping data for table `glpi_knowbaseitems`
--

LOCK TABLES `glpi_knowbaseitems` WRITE;
/*!40000 ALTER TABLE `glpi_knowbaseitems` DISABLE KEYS */;
/*!40000 ALTER TABLE `glpi_knowbaseitems` ENABLE KEYS */;
UNLOCK TABLES;

--
-- Table structure for table `glpi_knowbaseitems_profiles`
--

DROP TABLE IF EXISTS `glpi_knowbaseitems_profiles`;
/*!40101 SET @saved_cs_client     = @@character_set_client */;
/*!40101 SET character_set_client = utf8 */;
CREATE TABLE `glpi_knowbaseitems_profiles` (
  `id` int(11) NOT NULL AUTO_INCREMENT,
  `knowbaseitems_id` int(11) NOT NULL DEFAULT '0',
  `profiles_id` int(11) NOT NULL DEFAULT '0',
  `entities_id` int(11) NOT NULL DEFAULT '-1',
  `is_recursive` tinyint(1) NOT NULL DEFAULT '0',
  PRIMARY KEY (`id`),
  KEY `knowbaseitems_id` (`knowbaseitems_id`),
  KEY `profiles_id` (`profiles_id`),
  KEY `entities_id` (`entities_id`),
  KEY `is_recursive` (`is_recursive`)
) ENGINE=MyISAM DEFAULT CHARSET=utf8 COLLATE=utf8_unicode_ci;
/*!40101 SET character_set_client = @saved_cs_client */;

--
-- Dumping data for table `glpi_knowbaseitems_profiles`
--

LOCK TABLES `glpi_knowbaseitems_profiles` WRITE;
/*!40000 ALTER TABLE `glpi_knowbaseitems_profiles` DISABLE KEYS */;
/*!40000 ALTER TABLE `glpi_knowbaseitems_profiles` ENABLE KEYS */;
UNLOCK TABLES;

--
-- Table structure for table `glpi_knowbaseitems_users`
--

DROP TABLE IF EXISTS `glpi_knowbaseitems_users`;
/*!40101 SET @saved_cs_client     = @@character_set_client */;
/*!40101 SET character_set_client = utf8 */;
CREATE TABLE `glpi_knowbaseitems_users` (
  `id` int(11) NOT NULL AUTO_INCREMENT,
  `knowbaseitems_id` int(11) NOT NULL DEFAULT '0',
  `users_id` int(11) NOT NULL DEFAULT '0',
  PRIMARY KEY (`id`),
  KEY `knowbaseitems_id` (`knowbaseitems_id`),
  KEY `users_id` (`users_id`)
) ENGINE=MyISAM DEFAULT CHARSET=utf8 COLLATE=utf8_unicode_ci;
/*!40101 SET character_set_client = @saved_cs_client */;

--
-- Dumping data for table `glpi_knowbaseitems_users`
--

LOCK TABLES `glpi_knowbaseitems_users` WRITE;
/*!40000 ALTER TABLE `glpi_knowbaseitems_users` DISABLE KEYS */;
/*!40000 ALTER TABLE `glpi_knowbaseitems_users` ENABLE KEYS */;
UNLOCK TABLES;

--
-- Table structure for table `glpi_links`
--

DROP TABLE IF EXISTS `glpi_links`;
/*!40101 SET @saved_cs_client     = @@character_set_client */;
/*!40101 SET character_set_client = utf8 */;
CREATE TABLE `glpi_links` (
  `id` int(11) NOT NULL AUTO_INCREMENT,
  `entities_id` int(11) NOT NULL DEFAULT '0',
  `is_recursive` tinyint(1) NOT NULL DEFAULT '1',
  `name` varchar(255) COLLATE utf8_unicode_ci DEFAULT NULL,
  `link` varchar(255) COLLATE utf8_unicode_ci DEFAULT NULL,
  `data` text COLLATE utf8_unicode_ci,
  PRIMARY KEY (`id`),
  KEY `entities_id` (`entities_id`)
) ENGINE=MyISAM DEFAULT CHARSET=utf8 COLLATE=utf8_unicode_ci;
/*!40101 SET character_set_client = @saved_cs_client */;

--
-- Dumping data for table `glpi_links`
--

LOCK TABLES `glpi_links` WRITE;
/*!40000 ALTER TABLE `glpi_links` DISABLE KEYS */;
/*!40000 ALTER TABLE `glpi_links` ENABLE KEYS */;
UNLOCK TABLES;

--
-- Table structure for table `glpi_links_itemtypes`
--

DROP TABLE IF EXISTS `glpi_links_itemtypes`;
/*!40101 SET @saved_cs_client     = @@character_set_client */;
/*!40101 SET character_set_client = utf8 */;
CREATE TABLE `glpi_links_itemtypes` (
  `id` int(11) NOT NULL AUTO_INCREMENT,
  `links_id` int(11) NOT NULL DEFAULT '0',
  `itemtype` varchar(100) COLLATE utf8_unicode_ci NOT NULL,
  PRIMARY KEY (`id`),
  UNIQUE KEY `unicity` (`itemtype`,`links_id`),
  KEY `links_id` (`links_id`)
) ENGINE=MyISAM DEFAULT CHARSET=utf8 COLLATE=utf8_unicode_ci;
/*!40101 SET character_set_client = @saved_cs_client */;

--
-- Dumping data for table `glpi_links_itemtypes`
--

LOCK TABLES `glpi_links_itemtypes` WRITE;
/*!40000 ALTER TABLE `glpi_links_itemtypes` DISABLE KEYS */;
/*!40000 ALTER TABLE `glpi_links_itemtypes` ENABLE KEYS */;
UNLOCK TABLES;

--
-- Table structure for table `glpi_locations`
--

DROP TABLE IF EXISTS `glpi_locations`;
/*!40101 SET @saved_cs_client     = @@character_set_client */;
/*!40101 SET character_set_client = utf8 */;
CREATE TABLE `glpi_locations` (
  `id` int(11) NOT NULL AUTO_INCREMENT,
  `entities_id` int(11) NOT NULL DEFAULT '0',
  `is_recursive` tinyint(1) NOT NULL DEFAULT '0',
  `name` varchar(255) COLLATE utf8_unicode_ci DEFAULT NULL,
  `locations_id` int(11) NOT NULL DEFAULT '0',
  `completename` text COLLATE utf8_unicode_ci,
  `comment` text COLLATE utf8_unicode_ci,
  `level` int(11) NOT NULL DEFAULT '0',
  `ancestors_cache` longtext COLLATE utf8_unicode_ci,
  `sons_cache` longtext COLLATE utf8_unicode_ci,
  `building` varchar(255) COLLATE utf8_unicode_ci DEFAULT NULL,
  `room` varchar(255) COLLATE utf8_unicode_ci DEFAULT NULL,
  PRIMARY KEY (`id`),
  UNIQUE KEY `unicity` (`entities_id`,`locations_id`,`name`),
  KEY `locations_id` (`locations_id`),
  KEY `name` (`name`),
  KEY `is_recursive` (`is_recursive`)
) ENGINE=MyISAM AUTO_INCREMENT=11 DEFAULT CHARSET=utf8 COLLATE=utf8_unicode_ci;
/*!40101 SET character_set_client = @saved_cs_client */;

--
-- Dumping data for table `glpi_locations`
--

LOCK TABLES `glpi_locations` WRITE;
/*!40000 ALTER TABLE `glpi_locations` DISABLE KEYS */;
INSERT INTO `glpi_locations` VALUES (1,0,0,'Hardware',3,'3rd Floor > Hardware','',2,NULL,'{\"1\":\"1\"}','3rd Floor','3B'),(2,0,0,'IT',3,'3rd Floor > IT','',2,NULL,'{\"2\":\"2\"}','3rd Floor','3A'),(3,0,0,'3rd Floor',0,'3rd Floor','',1,NULL,'{\"3\":\"3\",\"1\":\"1\",\"2\":\"2\",\"5\":\"5\",\"9\":\"9\"}','',''),(4,0,0,'2nd Floor',0,'2nd Floor','',1,NULL,NULL,'',''),(5,0,0,'IT Data Center',3,'3rd Floor > IT Data Center','',2,NULL,NULL,'',''),(6,0,0,'Software',4,'2nd Floor > Software','',2,NULL,NULL,'',''),(7,0,0,'ASIC',4,'2nd Floor > ASIC','',2,NULL,NULL,'',''),(9,0,0,'Validation & Diag',3,'3rd Floor > Validation & Diag','',2,NULL,NULL,'',''),(8,0,0,'TransportASIC',4,'2nd Floor > TransportASIC','',2,NULL,NULL,'',''),(10,0,0,'BackEnd',4,'2nd Floor > BackEnd','',2,NULL,NULL,'','');
/*!40000 ALTER TABLE `glpi_locations` ENABLE KEYS */;
UNLOCK TABLES;

--
-- Table structure for table `glpi_logs`
--

DROP TABLE IF EXISTS `glpi_logs`;
/*!40101 SET @saved_cs_client     = @@character_set_client */;
/*!40101 SET character_set_client = utf8 */;
CREATE TABLE `glpi_logs` (
  `id` int(11) NOT NULL AUTO_INCREMENT,
  `itemtype` varchar(100) COLLATE utf8_unicode_ci NOT NULL DEFAULT '',
  `items_id` int(11) NOT NULL DEFAULT '0',
  `itemtype_link` varchar(100) COLLATE utf8_unicode_ci NOT NULL DEFAULT '',
  `linked_action` int(11) NOT NULL DEFAULT '0' COMMENT 'see define.php HISTORY_* constant',
  `user_name` varchar(255) COLLATE utf8_unicode_ci DEFAULT NULL,
  `date_mod` datetime DEFAULT NULL,
  `id_search_option` int(11) NOT NULL DEFAULT '0' COMMENT 'see search.constant.php for value',
  `old_value` varchar(255) COLLATE utf8_unicode_ci DEFAULT NULL,
  `new_value` varchar(255) COLLATE utf8_unicode_ci DEFAULT NULL,
  PRIMARY KEY (`id`),
  KEY `date_mod` (`date_mod`),
  KEY `itemtype_link` (`itemtype_link`),
  KEY `item` (`itemtype`,`items_id`)
) ENGINE=MyISAM AUTO_INCREMENT=5524 DEFAULT CHARSET=utf8 COLLATE=utf8_unicode_ci;
/*!40101 SET character_set_client = @saved_cs_client */;

--
-- Dumping data for table `glpi_logs`
--

LOCK TABLES `glpi_logs` WRITE;
/*!40000 ALTER TABLE `glpi_logs` DISABLE KEYS */;
INSERT INTO `glpi_logs` VALUES (1,'Computer',1,'0',20,'glpi','2012-05-07 11:33:51',0,'',''),(2,'Computer',1,'Infocom',17,'glpi','2012-05-07 11:42:04',0,'','N/A (1)'),(3,'Infocom',1,'0',20,'glpi','2012-05-07 11:42:04',0,'',''),(4,'Computer',2,'0',20,'glpi','2012-05-07 11:46:47',0,'',''),(5,'Computer',2,'Infocom',17,'glpi','2012-05-08 05:25:56',0,'','N/A (2)'),(6,'Infocom',2,'0',20,'glpi','2012-05-08 05:25:56',0,'',''),(7,'AuthLDAP',1,'0',20,'glpi','2012-05-10 07:36:32',0,'',''),(8,'AuthLDAP',1,'',0,'glpi','2012-05-10 07:43:20',5,'OU=Users,OU=HCM,OU=AsiaPac,DC=ad,DC=amcc,DC=com','ou=users,ou=hcm,ou=asiapac,dc=ad,dc=amcc,dc=com'),(9,'AuthLDAP',1,'',0,'glpi','2012-05-10 07:46:38',1,'LDAP','10.64.18.59'),(10,'AuthLDAP',1,'',0,'glpi','2012-05-10 07:46:48',3,'hcmads01','10.64.18.59'),(11,'AuthLDAP',1,'',0,'glpi','2012-05-10 07:47:30',24,'0','2'),(12,'AuthLDAP',1,'',0,'glpi','2012-05-10 07:47:30',21,'','tduong'),(13,'AuthLDAP',1,'',0,'glpi','2012-05-10 07:53:05',1,'10.64.18.59','LDAP'),(14,'AuthLDAP',1,'',0,'glpi','2012-05-10 07:53:05',3,'10.64.18.59','hcmads01'),(15,'AuthLDAP',1,'',0,'glpi','2012-05-10 07:56:34',8,'uid','samaccountname'),(16,'AuthLDAP',1,'',0,'glpi','2012-05-10 08:00:54',8,'samaccountname','uid'),(17,'AuthLDAP',1,'',0,'glpi','2012-05-10 08:02:06',24,'2','0'),(18,'AuthLDAP',1,'',0,'glpi','2012-05-10 08:02:06',21,'tduong',''),(19,'AuthLDAP',1,'',0,'glpi','2012-05-10 08:02:21',9,'sn','duong'),(20,'AuthLDAP',1,'',0,'glpi','2012-05-10 08:02:21',10,'givenname','trung'),(21,'AuthLDAP',1,'',0,'glpi','2012-05-10 08:02:21',17,'mail',''),(22,'AuthLDAP',1,'',0,'glpi','2012-05-10 08:02:21',11,'telephonenumber',''),(23,'AuthLDAP',1,'',0,'glpi','2012-05-10 08:02:47',9,'duong','cn'),(24,'AuthLDAP',1,'',0,'glpi','2012-05-10 08:02:47',10,'trung','givenname'),(25,'AuthLDAP',1,'',0,'glpi','2012-05-10 08:02:47',17,'','mail'),(26,'AuthLDAP',1,'',0,'glpi','2012-05-10 08:02:47',11,'','telephonenumber'),(27,'AuthLDAP',1,'',0,'glpi','2012-05-10 08:05:17',24,'0','2'),(29,'AuthLDAP',1,'',0,'glpi','2012-05-10 08:09:25',18,'0','1'),(30,'AuthLDAP',1,'',0,'glpi','2012-05-10 08:09:44',24,'2','0'),(31,'AuthLDAP',1,'',0,'glpi','2012-05-10 09:14:19',8,'uid','samaccountname'),(32,'AuthLDAP',1,'',0,'glpi','2012-05-10 09:14:49',24,'0','2'),(33,'AuthLDAP',1,'',0,'glpi','2012-05-10 09:20:21',6,'','objectclass=person'),(34,'AuthLDAP',1,'',0,'glpi','2012-05-10 09:20:27',24,'2','0'),(35,'AuthLDAP',1,'',0,'glpi','2012-05-10 09:22:10',21,'','memberof'),(36,'AuthLDAP',1,'',0,'glpi','2012-05-10 09:24:30',6,'objectclass=person',''),(37,'AuthLDAP',1,'',0,'glpi','2012-05-10 09:25:05',21,'memberof',''),(38,'AuthLDAP',1,'',0,'glpi','2012-05-10 09:25:42',24,'0','1'),(39,'AuthLDAP',1,'',0,'glpi','2012-05-10 09:30:49',8,'samaccountname','uid'),(40,'AuthLDAP',1,'',0,'glpi','2012-05-10 09:34:47',9,'cn','sn'),(41,'AuthLDAP',1,'',0,'glpi','2012-05-10 09:37:10',8,'uid','samaccountname'),(42,'AuthLDAP',1,'',0,'glpi','2012-05-10 09:37:21',24,'1','2'),(43,'AuthLDAP',1,'',0,'glpi','2012-05-10 09:53:20',8,'samaccountname','cn'),(53,'AuthLDAP',1,'',0,'glpi','2012-05-10 10:00:25',8,'cn','samaccountname'),(54,'User',8,'UserEmail',17,'glpi','2012-05-10 10:00:55',0,'','tduong@apm.com'),(55,'User',8,'Profile_User',17,'glpi','2012-05-10 10:00:55',0,'','Self-Service, Root entity, D'),(56,'User',8,'0',20,'glpi','2012-05-10 10:00:55',0,'',''),(58,'User',8,'Group',15,'glpi','2012-05-10 10:10:32',0,'','Admin (5)'),(59,'Ticket',1,'User',15,'Duong Trung','2012-05-10 10:12:04',0,'','Duong Trung (8)'),(60,'User',8,'Ticket',15,'Duong Trung','2012-05-10 10:12:04',0,'','test (1)'),(61,'Ticket',1,'0',20,'Duong Trung','2012-05-10 10:12:04',0,'',''),(62,'Ticket',1,'',0,'glpi','2012-05-10 10:16:54',12,'New','Solved'),(63,'Ticket',1,'',0,'glpi','2012-05-10 10:16:54',64,'tduong','glpi'),(64,'Ticket',1,'',0,'glpi','2012-05-10 10:16:54',17,'','2012-05-10 10:16:54'),(65,'Ticket',2,'User',15,'Duong Trung','2012-05-10 10:17:24',0,'','Duong Trung (8)'),(66,'User',8,'Ticket',15,'Duong Trung','2012-05-10 10:17:24',0,'','testuing kherhwhrwjkr (2)'),(67,'Ticket',2,'0',20,'Duong Trung','2012-05-10 10:17:24',0,'',''),(68,'Notification',2,'NotificationTargetTicket',17,'glpi','2012-05-10 10:19:42',0,'','Group Admin (73)'),(89,'Notification',2,'NotificationTargetTicket',19,'glpi','2012-05-10 10:29:52',0,'Group Admin (73)',''),(70,'Ticket',3,'User',15,'Duong Trung','2012-05-10 10:21:23',0,'','Duong Trung (8)'),(71,'User',8,'Ticket',15,'Duong Trung','2012-05-10 10:21:23',0,'','send maill to Admin group (3)'),(72,'Ticket',3,'0',20,'Duong Trung','2012-05-10 10:21:23',0,'',''),(77,'Ticket',4,'User',15,'Duong Trung','2012-05-10 10:22:59',0,'','Duong Trung (8)'),(78,'User',8,'Ticket',15,'Duong Trung','2012-05-10 10:22:59',0,'','To admin group (4)'),(79,'Ticket',4,'0',20,'Duong Trung','2012-05-10 10:22:59',0,'',''),(80,'Ticket',3,'0',13,'glpi','2012-05-10 10:24:37',0,'',''),(81,'Ticket',2,'0',13,'glpi','2012-05-10 10:24:37',0,'',''),(82,'Ticket',4,'',0,'glpi','2012-05-10 10:27:31',150,'0','272'),(83,'Ticket',4,'',0,'glpi','2012-05-10 10:27:31',64,'tduong','glpi'),(84,'Ticket',4,'Group',15,'glpi','2012-05-10 10:27:31',0,'','Admin (5)'),(85,'Ticket',4,'',0,'glpi','2012-05-10 10:27:31',12,'New','Processing (assigned)'),(86,'Ticket',4,'',0,'glpi','2012-05-10 10:27:31',64,'tduong','glpi'),(88,'User',8,'Group',15,'glpi','2012-05-10 10:29:14',0,'','IT (7)'),(90,'Notification',2,'NotificationTargetTicket',17,'glpi','2012-05-10 10:30:11',0,'','Manager Group IT (74)'),(100,'Notification',2,'NotificationTargetTicket',19,'glpi','2012-05-10 10:30:52',0,'Manager Group IT (74)',''),(92,'Notification',2,'',0,'glpi','2012-05-10 10:30:22',86,'1','0'),(93,'Notification',2,'',0,'glpi','2012-05-10 10:30:22',1,'New Ticket','HCM Local Service New Ticket'),(94,'Notification',2,'NotificationTargetTicket',19,'glpi','2012-05-10 10:30:29',0,'Profile Admin (3)',''),(95,'Notification',2,'NotificationTargetTicket',19,'glpi','2012-05-10 10:30:34',0,'Administrator (4)',''),(96,'Notification',2,'NotificationTargetTicket',19,'glpi','2012-05-10 10:30:34',0,'Requester (10)',''),(97,'Notification',2,'NotificationTargetTicket',19,'glpi','2012-05-10 10:30:34',0,'Watcher (34)',''),(98,'Notification',2,'NotificationTargetTicket',17,'glpi','2012-05-10 10:30:48',0,'','Group IT (75)'),(99,'NotificationTargetTicket',75,'0',20,'glpi','2012-05-10 10:30:48',0,'',''),(101,'Ticket',5,'User',15,'Duong Trung','2012-05-10 10:32:23',0,'','Duong Trung (8)'),(102,'User',8,'Ticket',15,'Duong Trung','2012-05-10 10:32:23',0,'','My laptop has a problem (5)'),(103,'Ticket',5,'0',20,'Duong Trung','2012-05-10 10:32:23',0,'',''),(104,'Profile',8,'0',20,'glpi','2012-05-10 10:33:58',0,'',''),(105,'Profile',8,'',0,'glpi','2012-05-10 10:34:54',20,'','w'),(106,'Profile',8,'',0,'glpi','2012-05-10 10:34:54',21,'','w'),(107,'Profile',8,'',0,'glpi','2012-05-10 10:34:54',22,'','w'),(108,'Profile',8,'',0,'glpi','2012-05-10 10:34:54',23,'','w'),(109,'Profile',8,'',0,'glpi','2012-05-10 10:34:54',24,'','w'),(110,'Profile',8,'',0,'glpi','2012-05-10 10:34:54',26,'','w'),(111,'Profile',8,'',0,'glpi','2012-05-10 10:34:54',27,'','w'),(112,'Profile',8,'',0,'glpi','2012-05-10 10:34:54',28,'','w'),(113,'Profile',8,'',0,'glpi','2012-05-10 10:34:54',25,'','w'),(114,'Profile',8,'',0,'glpi','2012-05-10 10:34:54',30,'','w'),(115,'Profile',8,'',0,'glpi','2012-05-10 10:34:54',31,'','w'),(116,'Profile',8,'',0,'glpi','2012-05-10 10:34:54',32,'','w'),(117,'Profile',8,'',0,'glpi','2012-05-10 10:34:54',33,'','w'),(118,'Profile',8,'',0,'glpi','2012-05-10 10:34:54',101,'','w'),(119,'Profile',8,'',0,'glpi','2012-05-10 10:34:54',29,'','w'),(120,'Profile',8,'',0,'glpi','2012-05-10 10:34:54',63,'','w'),(121,'Profile',8,'',0,'glpi','2012-05-10 10:34:54',64,'','w'),(122,'Profile',8,'',0,'glpi','2012-05-10 10:34:54',35,'','w'),(123,'Profile',8,'',0,'glpi','2012-05-10 10:34:54',38,'','r'),(124,'Profile',8,'',0,'glpi','2012-05-10 10:34:54',36,'','1'),(125,'Profile',8,'',0,'glpi','2012-05-10 10:34:54',34,'','w'),(126,'Profile',8,'',0,'glpi','2012-05-10 10:34:54',37,'','w'),(127,'Profile',8,'',0,'glpi','2012-05-10 10:34:54',39,'','w'),(128,'Profile',8,'',0,'glpi','2012-05-10 10:34:54',41,'','w'),(129,'Profile',8,'',0,'glpi','2012-05-10 10:34:54',40,'','r'),(130,'Profile',8,'',0,'glpi','2012-05-10 10:36:07',102,'','1'),(131,'Profile',8,'',0,'glpi','2012-05-10 10:36:07',66,'','1'),(132,'Profile',8,'',0,'glpi','2012-05-10 10:36:07',67,'','1'),(133,'Profile',8,'',0,'glpi','2012-05-10 10:36:07',94,'','1'),(134,'Profile',8,'',0,'glpi','2012-05-10 10:36:07',95,'','1'),(135,'Profile',8,'',0,'glpi','2012-05-10 10:36:07',103,'','w'),(136,'Profile',8,'',0,'glpi','2012-05-10 10:36:07',68,'','1'),(137,'Profile',8,'',0,'glpi','2012-05-10 10:36:07',96,'','1'),(138,'Profile',8,'',0,'glpi','2012-05-10 10:36:07',97,'','1'),(139,'Profile',8,'',0,'glpi','2012-05-10 10:36:07',80,'','1'),(140,'Profile',8,'',0,'glpi','2012-05-10 10:36:07',76,'','1'),(141,'Profile',8,'',0,'glpi','2012-05-10 10:36:07',65,'','1'),(142,'Profile',8,'',0,'glpi','2012-05-10 10:36:07',81,'','1'),(143,'Profile',8,'',0,'glpi','2012-05-10 10:36:07',99,'','1'),(144,'Profile',8,'',0,'glpi','2012-05-10 10:36:07',98,'','1'),(145,'Profile',8,'',0,'glpi','2012-05-10 10:36:07',69,'','1'),(146,'Profile',8,'',0,'glpi','2012-05-10 10:36:07',70,'','1'),(147,'Profile',8,'',0,'glpi','2012-05-10 10:36:07',71,'','1'),(148,'Profile',8,'',0,'glpi','2012-05-10 10:36:07',89,'','1'),(149,'Profile',8,'',0,'glpi','2012-05-10 10:36:07',86,'0','3'),(150,'Profile',8,'',0,'glpi','2012-05-10 10:36:07',87,'','[\"Computer\"]'),(151,'Profile',8,'',0,'glpi','2012-05-10 10:36:07',73,'','1'),(152,'Profile',8,'',0,'glpi','2012-05-10 10:36:07',88,'','1'),(153,'Profile',8,'',0,'glpi','2012-05-10 10:36:07',72,'','1'),(154,'Profile',8,'',0,'glpi','2012-05-10 10:36:07',75,'','1'),(155,'Profile',8,'',0,'glpi','2012-05-10 10:36:07',74,'','1'),(156,'Profile',8,'',0,'glpi','2012-05-10 10:36:07',85,'','1'),(157,'Profile',8,'',0,'glpi','2012-05-10 10:36:07',77,'','1'),(158,'Profile',8,'',0,'glpi','2012-05-10 10:36:07',78,'','1'),(159,'Profile',8,'',0,'glpi','2012-05-10 10:36:07',79,'','1'),(160,'Profile',8,'',0,'glpi','2012-05-10 10:36:07',114,'','1'),(161,'Profile',8,'',0,'glpi','2012-05-10 10:36:07',113,'','1'),(162,'Profile',8,'',0,'glpi','2012-05-10 10:36:07',112,'','1'),(163,'Profile',8,'',0,'glpi','2012-05-10 10:37:07',56,'','w'),(164,'Profile',8,'',0,'glpi','2012-05-10 10:37:07',58,'','w'),(165,'Profile',8,'',0,'glpi','2012-05-10 10:37:07',57,'','w'),(166,'Profile',8,'',0,'glpi','2012-05-10 10:37:07',59,'','w'),(167,'Profile',8,'',0,'glpi','2012-05-10 10:37:07',60,'','w'),(168,'Profile',8,'',0,'glpi','2012-05-10 10:37:07',55,'','w'),(169,'Profile',8,'',0,'glpi','2012-05-10 10:37:07',62,'','w'),(170,'Profile',8,'',0,'glpi','2012-05-10 10:37:07',61,'','r'),(171,'Profile',8,'',0,'glpi','2012-05-10 10:37:07',104,'','w'),(172,'Profile',8,'',0,'glpi','2012-05-10 10:37:07',50,'','w'),(173,'Profile',8,'',0,'glpi','2012-05-10 10:37:07',49,'','w'),(174,'Profile',8,'',0,'glpi','2012-05-10 10:37:07',105,'','w'),(175,'Profile',8,'',0,'glpi','2012-05-10 10:37:07',51,'','w'),(176,'Profile',8,'',0,'glpi','2012-05-10 10:37:07',91,'','w'),(177,'Profile',8,'',0,'glpi','2012-05-10 10:37:07',90,'','w'),(178,'Profile',8,'',0,'glpi','2012-05-10 10:37:07',93,'','w'),(179,'Profile',8,'',0,'glpi','2012-05-10 10:37:07',47,'','w'),(180,'Profile',8,'',0,'glpi','2012-05-10 10:37:07',53,'','w'),(181,'Profile',8,'',0,'glpi','2012-05-10 10:37:07',52,'','w'),(182,'Profile',8,'',0,'glpi','2012-05-10 10:37:07',44,'','w'),(183,'Profile',8,'',0,'glpi','2012-05-10 10:37:07',42,'','w'),(184,'Profile',8,'',0,'glpi','2012-05-10 10:37:07',43,'','w'),(185,'Profile',8,'',0,'glpi','2012-05-10 10:37:07',45,'','w'),(186,'Profile',8,'',0,'glpi','2012-05-10 10:37:07',46,'','w'),(187,'Profile',8,'',0,'glpi','2012-05-10 10:37:07',54,'','r'),(188,'Profile',8,'',0,'glpi','2012-05-10 10:37:07',106,'','w'),(189,'Profile',8,'',0,'glpi','2012-05-10 10:37:07',107,'','w'),(190,'User',8,'Profile_User',17,'','2012-05-10 10:37:35',0,'','IT, Root entity, D'),(191,'User',8,'Profile_User',19,'','2012-05-10 10:37:35',0,'Self-Service, Root entity, D',''),(192,'Ticket',4,'0',13,'Duong Trung','2012-05-10 10:37:50',0,'',''),(193,'Profile',8,'',0,'glpi','2012-05-10 10:39:02',3,'1','0'),(194,'Profile',9,'0',20,'glpi','2012-05-10 10:39:40',0,'',''),(195,'Profile',9,'',0,'glpi','2012-05-10 10:40:47',20,'','r'),(196,'Profile',9,'',0,'glpi','2012-05-10 10:40:47',21,'','r'),(197,'Profile',9,'',0,'glpi','2012-05-10 10:40:47',23,'','r'),(198,'Profile',9,'',0,'glpi','2012-05-10 10:40:47',24,'','r'),(199,'Profile',9,'',0,'glpi','2012-05-10 10:40:47',27,'','w'),(200,'Profile',9,'',0,'glpi','2012-05-10 10:40:47',25,'','r'),(201,'Profile',9,'',0,'glpi','2012-05-10 10:40:47',31,'','r'),(202,'Profile',9,'',0,'glpi','2012-05-10 10:40:47',32,'','r'),(203,'Profile',9,'',0,'glpi','2012-05-10 10:40:47',29,'','w'),(204,'Profile',9,'',0,'glpi','2012-05-10 10:40:47',63,'','r'),(205,'Profile',9,'',0,'glpi','2012-05-10 10:40:47',64,'','r'),(206,'Profile',9,'',0,'glpi','2012-05-10 10:40:47',35,'','w'),(207,'Profile',9,'',0,'glpi','2012-05-10 10:40:47',38,'','r'),(208,'Profile',9,'',0,'glpi','2012-05-10 10:40:47',36,'','0'),(209,'Profile',9,'',0,'glpi','2012-05-10 10:40:47',34,'','w'),(210,'User',10,'UserEmail',17,'glpi','2012-05-10 10:41:25',0,'','tbui@amcc.com'),(211,'User',10,'0',20,'glpi','2012-05-10 10:41:25',0,'',''),(212,'User',10,'Group',15,'glpi','2012-05-10 10:41:39',0,'','Hardware (1)'),(216,'Profile',9,'',0,'glpi','2012-05-10 10:46:53',102,'','1'),(217,'Profile',9,'',0,'glpi','2012-05-10 10:46:53',66,'','1'),(218,'Profile',9,'',0,'glpi','2012-05-10 10:46:53',67,'','1'),(219,'Profile',9,'',0,'glpi','2012-05-10 10:46:53',94,'','1'),(220,'Profile',9,'',0,'glpi','2012-05-10 10:46:53',95,'','1'),(221,'Profile',9,'',0,'glpi','2012-05-10 10:46:53',68,'','0'),(222,'Profile',9,'',0,'glpi','2012-05-10 10:46:53',96,'','0'),(223,'Profile',9,'',0,'glpi','2012-05-10 10:46:53',97,'','0'),(224,'Profile',9,'',0,'glpi','2012-05-10 10:46:53',80,'','0'),(225,'Profile',9,'',0,'glpi','2012-05-10 10:46:53',76,'','0'),(226,'Profile',9,'',0,'glpi','2012-05-10 10:46:53',65,'','0'),(227,'Profile',9,'',0,'glpi','2012-05-10 10:46:53',81,'','0'),(228,'Profile',9,'',0,'glpi','2012-05-10 10:46:53',99,'','0'),(229,'Profile',9,'',0,'glpi','2012-05-10 10:46:53',98,'','0'),(230,'Profile',9,'',0,'glpi','2012-05-10 10:46:53',69,'','0'),(231,'Profile',9,'',0,'glpi','2012-05-10 10:46:53',70,'','0'),(232,'Profile',9,'',0,'glpi','2012-05-10 10:46:53',71,'','0'),(233,'Profile',9,'',0,'glpi','2012-05-10 10:46:53',89,'','0'),(234,'Profile',9,'',0,'glpi','2012-05-10 10:46:53',73,'','0'),(235,'Profile',9,'',0,'glpi','2012-05-10 10:46:53',88,'','0'),(236,'Profile',9,'',0,'glpi','2012-05-10 10:46:53',72,'','0'),(237,'Profile',9,'',0,'glpi','2012-05-10 10:46:53',75,'','0'),(238,'Profile',9,'',0,'glpi','2012-05-10 10:46:53',74,'','0'),(239,'Profile',9,'',0,'glpi','2012-05-10 10:46:53',85,'','0'),(240,'Profile',9,'',0,'glpi','2012-05-10 10:46:53',77,'','0'),(241,'Profile',9,'',0,'glpi','2012-05-10 10:46:53',78,'','0'),(242,'Profile',9,'',0,'glpi','2012-05-10 10:46:53',79,'','0'),(243,'Profile',9,'',0,'glpi','2012-05-10 10:46:53',114,'','0'),(244,'Profile',9,'',0,'glpi','2012-05-10 10:46:53',113,'','0'),(245,'Profile',9,'',0,'glpi','2012-05-10 10:46:53',112,'','0'),(246,'Profile',9,'',0,'glpi','2012-05-10 10:46:53',87,'','[]'),(315,'RuleRight',6,'0',20,'glpi','2012-05-10 12:28:53',0,'',''),(248,'Computer',3,'Infocom',17,'glpi','2012-05-10 10:50:34',0,'','N/A (3)'),(249,'Infocom',3,'0',20,'glpi','2012-05-10 10:50:34',0,'',''),(250,'Computer',3,'0',20,'glpi','2012-05-10 10:50:34',0,'',''),(251,'Computer',3,'',0,'glpi','2012-05-10 10:52:32',45,'&nbsp;','MS Windows 7 x64'),(252,'Computer',3,'',0,'glpi','2012-05-10 11:02:08',32,'&nbsp;','Office VLAN @ 3Brd Floor '),(253,'Computer',3,'NetworkPort',17,'glpi','2012-05-10 11:05:23',0,'','Network port : ID 1 (1)'),(254,'NetworkPort',1,'0',20,'glpi','2012-05-10 11:05:23',0,'',''),(255,'Computer',3,'',0,'glpi','2012-05-10 11:08:19',32,'Office VLAN @ 3Brd Floor ','LAB Vlan @ 3nd floor'),(256,'Computer',3,'',0,'glpi','2012-05-10 11:08:34',32,'LAB Vlan @ 3nd floor','&nbsp;'),(259,'User',12,'UserEmail',17,'glpi','2012-05-10 11:16:36',0,'','thpham@amcc.com'),(260,'User',12,'0',20,'glpi','2012-05-10 11:16:36',0,'',''),(261,'Profile',10,'0',20,'glpi','2012-05-10 11:17:20',0,'',''),(262,'Profile',10,'',0,'glpi','2012-05-10 11:18:18',102,'','1'),(263,'Profile',10,'',0,'glpi','2012-05-10 11:18:18',66,'','0'),(264,'Profile',10,'',0,'glpi','2012-05-10 11:18:18',75,'','0'),(265,'Profile',10,'',0,'glpi','2012-05-10 11:18:18',88,'','0'),(266,'Profile',10,'',0,'glpi','2012-05-10 11:18:18',89,'','1'),(267,'Profile',10,'',0,'glpi','2012-05-10 11:18:18',80,'','0'),(268,'Profile',10,'',0,'glpi','2012-05-10 11:18:18',86,'0','1'),(269,'Profile',10,'',0,'glpi','2012-05-10 11:18:18',99,'','0'),(270,'Profile',10,'',0,'glpi','2012-05-10 11:18:18',98,'','0'),(271,'Profile',10,'',0,'glpi','2012-05-10 11:18:18',36,'','0'),(272,'Profile',10,'',0,'glpi','2012-05-10 11:18:18',87,'','[]'),(273,'Profile',10,'',0,'glpi','2012-05-10 11:18:33',4,'0','1'),(274,'Profile',10,'',0,'glpi','2012-05-10 11:18:33',118,'0','1'),(275,'Profile',10,'',0,'glpi','2012-05-10 11:19:43',1,'Software','Software Inventory'),(276,'Profile',9,'',0,'glpi','2012-05-10 11:19:59',2,'central','helpdesk'),(277,'Profile',9,'',0,'glpi','2012-05-10 11:20:26',3,'0','1'),(278,'Profile',9,'',0,'glpi','2012-05-10 11:20:31',3,'1','0'),(279,'Profile',9,'',0,'glpi','2012-05-10 11:20:31',2,'helpdesk','central'),(280,'Peripheral',1,'0',20,'glpi','2012-05-10 11:22:00',0,'',''),(281,'Peripheral',2,'0',20,'glpi','2012-05-10 11:23:02',0,'',''),(282,'Profile',10,'',0,'glpi','2012-05-10 11:24:38',2,'helpdesk','central'),(283,'Profile',10,'',0,'glpi','2012-05-10 11:25:43',21,'','w'),(284,'Profile',10,'',0,'glpi','2012-05-10 11:25:43',23,'','r'),(285,'Profile',10,'',0,'glpi','2012-05-10 11:25:43',27,'','r'),(286,'Profile',10,'',0,'glpi','2012-05-10 11:25:43',25,'','w'),(287,'User',13,'0',20,'glpi','2012-05-10 11:26:45',0,'',''),(288,'User',13,'Group',15,'glpi','2012-05-10 11:27:01',0,'','Software (8)'),(289,'Profile',10,'',0,'glpi','2012-05-10 11:27:39',3,'0','1'),(290,'User',13,'Profile_User',17,'glpi','2012-05-10 11:28:56',0,'','Software Inventory, Root entity, R'),(291,'Peripheral',2,'',0,'SW Test','2012-05-10 11:29:57',82,'1','0'),(319,'Peripheral',2,'',0,'glpi','2012-05-11 06:06:41',24,'hardware_test','&nbsp;'),(293,'User',13,'',0,'glpi','2012-05-10 11:32:11',20,'&nbsp;','Software Inventory'),(294,'User',14,'Profile_User',17,'glpi','2012-05-10 11:32:36',0,'','Software Inventory, Root entity, D'),(295,'User',14,'0',20,'glpi','2012-05-10 11:32:36',0,'',''),(296,'User',14,'',0,'glpi','2012-05-10 11:32:51',34,'','HW Test'),(297,'User',14,'Profile_User',17,'glpi','2012-05-10 11:32:58',0,'','Hardware Inventory, Root entity, R'),(298,'User',14,'',0,'glpi','2012-05-10 11:33:04',20,'&nbsp;','Hardware Inventory'),(299,'User',14,'Profile_User',19,'glpi','2012-05-10 11:33:10',0,'Software Inventory, Root entity, D',''),(300,'User',14,'Group',15,'glpi','2012-05-10 11:33:20',0,'','Hardware (1)'),(301,'Profile',9,'',0,'glpi','2012-05-10 11:34:44',20,'r','NULL'),(302,'Profile',9,'',0,'glpi','2012-05-10 11:34:44',23,'r','NULL'),(303,'Profile',9,'',0,'glpi','2012-05-10 11:34:44',24,'r','NULL'),(304,'Profile',9,'',0,'glpi','2012-05-10 11:34:44',29,'w','NULL'),(305,'Profile',9,'',0,'glpi','2012-05-10 11:34:44',63,'r','NULL'),(306,'Profile',9,'',0,'glpi','2012-05-10 11:34:44',64,'r','NULL'),(307,'Profile',9,'',0,'glpi','2012-05-10 11:34:44',35,'w','NULL'),(308,'Profile',9,'',0,'glpi','2012-05-10 11:34:44',38,'r','NULL'),(309,'Profile',9,'',0,'glpi','2012-05-10 11:34:44',34,'w','NULL'),(310,'Profile',9,'',0,'glpi','2012-05-10 11:40:06',25,'r','w'),(314,'Peripheral',2,'',0,'Bui Ngon','2012-05-10 11:48:57',16,'','Total 10 Cisco switch 24 port :IT keeps 3, SW 2, HW 5'),(313,'User',10,'Profile_User',17,'','2012-05-10 11:44:47',0,'','Software Inventory, Root entity, D'),(316,'AuthLDAP',1,'',0,'glpi','2012-05-11 05:45:54',17,'mail','homepostaladdress'),(321,'Phone',1,'0',20,'glpi','2012-07-23 11:38:02',0,'',''),(322,'Location',1,'0',20,'glpi','2012-07-23 11:38:43',0,'',''),(323,'Phone',2,'0',20,'glpi','2012-07-23 11:39:12',0,'',''),(324,'Location',2,'0',20,'glpi','2012-07-23 11:39:53',0,'',''),(325,'Phone',3,'0',20,'glpi','2012-07-23 11:40:15',0,'',''),(326,'Printer',1,'0',20,'glpi','2012-07-23 11:41:59',0,'',''),(327,'Printer',2,'0',20,'glpi','2012-07-23 11:42:41',0,'',''),(328,'Location',3,'0',20,'glpi','2012-07-23 11:43:05',0,'',''),(329,'Location',4,'0',20,'glpi','2012-07-23 11:43:12',0,'',''),(330,'Printer',2,'',0,'glpi','2012-07-23 11:43:18',3,'IT','3rd Floor'),(331,'Printer',3,'0',20,'glpi','2012-07-23 11:43:50',0,'',''),(332,'Printer',4,'0',20,'glpi','2012-07-23 11:44:17',0,'',''),(333,'Printer',5,'0',20,'glpi','2012-07-23 11:44:58',0,'',''),(334,'Computer',4,'Infocom',17,'glpi','2012-07-23 11:47:27',0,'','N/A (4)'),(335,'Infocom',4,'0',20,'glpi','2012-07-23 11:47:27',0,'',''),(336,'Computer',4,'0',20,'glpi','2012-07-23 11:47:27',0,'',''),(337,'Printer',6,'0',20,'glpi','2012-07-23 11:51:24',0,'',''),(338,'NetworkEquipment',1,'0',20,'glpi','2012-07-23 11:52:25',0,'',''),(339,'Location',3,'Location',17,'glpi','2012-07-23 11:53:06',0,'','IT Data Center'),(340,'Location',5,'0',20,'glpi','2012-07-23 11:53:06',0,'',''),(341,'NetworkEquipment',2,'0',20,'glpi','2012-07-23 11:53:28',0,'',''),(342,'Computer',5,'Infocom',17,'glpi','2012-07-23 12:02:22',0,'','N/A (5)'),(343,'Infocom',5,'0',20,'glpi','2012-07-23 12:02:22',0,'',''),(344,'Computer',5,'0',20,'glpi','2012-07-23 12:02:22',0,'',''),(345,'Computer',4,'',0,'glpi','2012-07-23 12:03:05',4,'&nbsp;','Client'),(346,'Computer',3,'',0,'glpi','2012-07-23 12:03:16',4,'&nbsp;','Laptop'),(347,'NetworkEquipment',3,'0',20,'glpi','2012-07-23 12:05:04',0,'',''),(348,'Computer',2,'',0,'glpi','2012-07-23 12:08:36',1,'HCM.AMCC.COM','HCMLC001'),(349,'Computer',2,'',0,'glpi','2012-07-23 12:08:36',31,'&nbsp;','OK'),(350,'Computer',2,'',0,'glpi','2012-07-23 12:08:36',3,'&nbsp;','3rd Floor > IT Data Center'),(351,'Computer',2,'',0,'glpi','2012-07-23 12:08:36',4,'&nbsp;','Server'),(352,'Computer',2,'',0,'glpi','2012-07-23 12:08:36',24,'&nbsp;','tduong'),(353,'Computer',2,'',0,'glpi','2012-07-23 12:08:36',23,'&nbsp;','MicroSun'),(354,'Computer',2,'',0,'glpi','2012-07-23 12:08:36',49,'&nbsp;','IT'),(355,'Computer',2,'',0,'glpi','2012-07-23 12:08:36',40,'&nbsp;','Sunfire Server X2200'),(356,'Computer',2,'',0,'glpi','2012-07-23 12:08:36',70,'&nbsp;','tduong'),(357,'Computer',2,'',0,'glpi','2012-07-23 12:08:36',71,'&nbsp;','IT'),(358,'Computer',2,'',0,'glpi','2012-07-23 12:08:36',45,'&nbsp;','Linux RHEL 4 Server'),(359,'Computer',2,'NetworkPort',17,'glpi','2012-07-23 12:14:43',0,'','HCMSR01-Gi9/48 (2)'),(365,'Computer',2,'NetworkPort',19,'glpi','2012-07-23 12:18:17',0,'HCMSR01-Gi9/48 (2)',''),(361,'Computer',2,'NetworkPort',17,'glpi','2012-07-23 12:14:59',0,'','HCMSR01-Gi9/48 (3)'),(363,'Computer',2,'NetworkPort',19,'glpi','2012-07-23 12:15:33',0,'HCMSR01-Gi9/48 (3)',''),(364,'NetworkEquipment',4,'0',20,'glpi','2012-07-23 12:17:53',0,'',''),(366,'Computer',2,'NetworkPort',17,'glpi','2012-07-23 12:18:38',0,'','Network port : ID 4 (4)'),(368,'Computer',2,'NetworkPort',19,'glpi','2012-07-23 12:18:52',0,'N/A (4)',''),(369,'Computer',2,'NetworkPort',17,'glpi','2012-07-23 12:19:28',0,'','Network port : ID 5 (5)'),(722,'Computer',2,'NetworkPort',19,'glpi','2012-07-23 12:37:25',0,'N/A (5)',''),(371,'Computer',6,'Infocom',17,'glpi','2012-07-23 12:20:18',0,'','N/A (6)'),(372,'Infocom',6,'0',20,'glpi','2012-07-23 12:20:18',0,'',''),(373,'Computer',6,'0',20,'glpi','2012-07-23 12:20:18',0,'',''),(374,'NetworkEquipment',4,'NetworkPort',17,'glpi','2012-07-23 12:21:24',0,'','HCMSR01 Blade 101 (7)'),(470,'NetworkEquipment',4,'NetworkPort',19,'glpi','2012-07-23 12:22:06',0,'HCMSR01 Blade 101 (7)',''),(376,'NetworkEquipment',4,'NetworkPort',17,'glpi','2012-07-23 12:21:24',0,'','HCMSR01 Blade 102 (8)'),(471,'NetworkEquipment',4,'NetworkPort',19,'glpi','2012-07-23 12:22:06',0,'HCMSR01 Blade 102 (8)',''),(378,'NetworkEquipment',4,'NetworkPort',17,'glpi','2012-07-23 12:21:24',0,'','HCMSR01 Blade 103 (9)'),(472,'NetworkEquipment',4,'NetworkPort',19,'glpi','2012-07-23 12:22:06',0,'HCMSR01 Blade 103 (9)',''),(380,'NetworkEquipment',4,'NetworkPort',17,'glpi','2012-07-23 12:21:24',0,'','HCMSR01 Blade 104 (10)'),(473,'NetworkEquipment',4,'NetworkPort',19,'glpi','2012-07-23 12:22:06',0,'HCMSR01 Blade 104 (10)',''),(382,'NetworkEquipment',4,'NetworkPort',17,'glpi','2012-07-23 12:21:24',0,'','HCMSR01 Blade 105 (11)'),(474,'NetworkEquipment',4,'NetworkPort',19,'glpi','2012-07-23 12:22:06',0,'HCMSR01 Blade 105 (11)',''),(384,'NetworkEquipment',4,'NetworkPort',17,'glpi','2012-07-23 12:21:24',0,'','HCMSR01 Blade 106 (12)'),(475,'NetworkEquipment',4,'NetworkPort',19,'glpi','2012-07-23 12:22:06',0,'HCMSR01 Blade 106 (12)',''),(386,'NetworkEquipment',4,'NetworkPort',17,'glpi','2012-07-23 12:21:24',0,'','HCMSR01 Blade 107 (13)'),(476,'NetworkEquipment',4,'NetworkPort',19,'glpi','2012-07-23 12:22:06',0,'HCMSR01 Blade 107 (13)',''),(388,'NetworkEquipment',4,'NetworkPort',17,'glpi','2012-07-23 12:21:24',0,'','HCMSR01 Blade 108 (14)'),(477,'NetworkEquipment',4,'NetworkPort',19,'glpi','2012-07-23 12:22:06',0,'HCMSR01 Blade 108 (14)',''),(390,'NetworkEquipment',4,'NetworkPort',17,'glpi','2012-07-23 12:21:24',0,'','HCMSR01 Blade 109 (15)'),(478,'NetworkEquipment',4,'NetworkPort',19,'glpi','2012-07-23 12:22:06',0,'HCMSR01 Blade 109 (15)',''),(392,'NetworkEquipment',4,'NetworkPort',17,'glpi','2012-07-23 12:21:24',0,'','HCMSR01 Blade 110 (16)'),(479,'NetworkEquipment',4,'NetworkPort',19,'glpi','2012-07-23 12:22:06',0,'HCMSR01 Blade 110 (16)',''),(394,'NetworkEquipment',4,'NetworkPort',17,'glpi','2012-07-23 12:21:24',0,'','HCMSR01 Blade 111 (17)'),(480,'NetworkEquipment',4,'NetworkPort',19,'glpi','2012-07-23 12:22:06',0,'HCMSR01 Blade 111 (17)',''),(396,'NetworkEquipment',4,'NetworkPort',17,'glpi','2012-07-23 12:21:24',0,'','HCMSR01 Blade 112 (18)'),(481,'NetworkEquipment',4,'NetworkPort',19,'glpi','2012-07-23 12:22:06',0,'HCMSR01 Blade 112 (18)',''),(398,'NetworkEquipment',4,'NetworkPort',17,'glpi','2012-07-23 12:21:24',0,'','HCMSR01 Blade 113 (19)'),(482,'NetworkEquipment',4,'NetworkPort',19,'glpi','2012-07-23 12:22:06',0,'HCMSR01 Blade 113 (19)',''),(400,'NetworkEquipment',4,'NetworkPort',17,'glpi','2012-07-23 12:21:24',0,'','HCMSR01 Blade 114 (20)'),(483,'NetworkEquipment',4,'NetworkPort',19,'glpi','2012-07-23 12:22:06',0,'HCMSR01 Blade 114 (20)',''),(402,'NetworkEquipment',4,'NetworkPort',17,'glpi','2012-07-23 12:21:24',0,'','HCMSR01 Blade 115 (21)'),(484,'NetworkEquipment',4,'NetworkPort',19,'glpi','2012-07-23 12:22:06',0,'HCMSR01 Blade 115 (21)',''),(404,'NetworkEquipment',4,'NetworkPort',17,'glpi','2012-07-23 12:21:24',0,'','HCMSR01 Blade 116 (22)'),(485,'NetworkEquipment',4,'NetworkPort',19,'glpi','2012-07-23 12:22:06',0,'HCMSR01 Blade 116 (22)',''),(406,'NetworkEquipment',4,'NetworkPort',17,'glpi','2012-07-23 12:21:24',0,'','HCMSR01 Blade 117 (23)'),(486,'NetworkEquipment',4,'NetworkPort',19,'glpi','2012-07-23 12:22:06',0,'HCMSR01 Blade 117 (23)',''),(408,'NetworkEquipment',4,'NetworkPort',17,'glpi','2012-07-23 12:21:24',0,'','HCMSR01 Blade 118 (24)'),(487,'NetworkEquipment',4,'NetworkPort',19,'glpi','2012-07-23 12:22:06',0,'HCMSR01 Blade 118 (24)',''),(410,'NetworkEquipment',4,'NetworkPort',17,'glpi','2012-07-23 12:21:24',0,'','HCMSR01 Blade 119 (25)'),(488,'NetworkEquipment',4,'NetworkPort',19,'glpi','2012-07-23 12:22:06',0,'HCMSR01 Blade 119 (25)',''),(412,'NetworkEquipment',4,'NetworkPort',17,'glpi','2012-07-23 12:21:24',0,'','HCMSR01 Blade 120 (26)'),(489,'NetworkEquipment',4,'NetworkPort',19,'glpi','2012-07-23 12:22:06',0,'HCMSR01 Blade 120 (26)',''),(414,'NetworkEquipment',4,'NetworkPort',17,'glpi','2012-07-23 12:21:24',0,'','HCMSR01 Blade 121 (27)'),(490,'NetworkEquipment',4,'NetworkPort',19,'glpi','2012-07-23 12:22:06',0,'HCMSR01 Blade 121 (27)',''),(416,'NetworkEquipment',4,'NetworkPort',17,'glpi','2012-07-23 12:21:24',0,'','HCMSR01 Blade 122 (28)'),(491,'NetworkEquipment',4,'NetworkPort',19,'glpi','2012-07-23 12:22:06',0,'HCMSR01 Blade 122 (28)',''),(418,'NetworkEquipment',4,'NetworkPort',17,'glpi','2012-07-23 12:21:24',0,'','HCMSR01 Blade 123 (29)'),(492,'NetworkEquipment',4,'NetworkPort',19,'glpi','2012-07-23 12:22:06',0,'HCMSR01 Blade 123 (29)',''),(420,'NetworkEquipment',4,'NetworkPort',17,'glpi','2012-07-23 12:21:24',0,'','HCMSR01 Blade 124 (30)'),(493,'NetworkEquipment',4,'NetworkPort',19,'glpi','2012-07-23 12:22:06',0,'HCMSR01 Blade 124 (30)',''),(422,'NetworkEquipment',4,'NetworkPort',17,'glpi','2012-07-23 12:21:24',0,'','HCMSR01 Blade 125 (31)'),(494,'NetworkEquipment',4,'NetworkPort',19,'glpi','2012-07-23 12:22:06',0,'HCMSR01 Blade 125 (31)',''),(424,'NetworkEquipment',4,'NetworkPort',17,'glpi','2012-07-23 12:21:24',0,'','HCMSR01 Blade 126 (32)'),(495,'NetworkEquipment',4,'NetworkPort',19,'glpi','2012-07-23 12:22:06',0,'HCMSR01 Blade 126 (32)',''),(426,'NetworkEquipment',4,'NetworkPort',17,'glpi','2012-07-23 12:21:24',0,'','HCMSR01 Blade 127 (33)'),(496,'NetworkEquipment',4,'NetworkPort',19,'glpi','2012-07-23 12:22:06',0,'HCMSR01 Blade 127 (33)',''),(428,'NetworkEquipment',4,'NetworkPort',17,'glpi','2012-07-23 12:21:24',0,'','HCMSR01 Blade 128 (34)'),(497,'NetworkEquipment',4,'NetworkPort',19,'glpi','2012-07-23 12:22:06',0,'HCMSR01 Blade 128 (34)',''),(430,'NetworkEquipment',4,'NetworkPort',17,'glpi','2012-07-23 12:21:24',0,'','HCMSR01 Blade 129 (35)'),(498,'NetworkEquipment',4,'NetworkPort',19,'glpi','2012-07-23 12:22:06',0,'HCMSR01 Blade 129 (35)',''),(432,'NetworkEquipment',4,'NetworkPort',17,'glpi','2012-07-23 12:21:24',0,'','HCMSR01 Blade 130 (36)'),(499,'NetworkEquipment',4,'NetworkPort',19,'glpi','2012-07-23 12:22:06',0,'HCMSR01 Blade 130 (36)',''),(434,'NetworkEquipment',4,'NetworkPort',17,'glpi','2012-07-23 12:21:24',0,'','HCMSR01 Blade 131 (37)'),(500,'NetworkEquipment',4,'NetworkPort',19,'glpi','2012-07-23 12:22:06',0,'HCMSR01 Blade 131 (37)',''),(436,'NetworkEquipment',4,'NetworkPort',17,'glpi','2012-07-23 12:21:24',0,'','HCMSR01 Blade 132 (38)'),(501,'NetworkEquipment',4,'NetworkPort',19,'glpi','2012-07-23 12:22:06',0,'HCMSR01 Blade 132 (38)',''),(438,'NetworkEquipment',4,'NetworkPort',17,'glpi','2012-07-23 12:21:24',0,'','HCMSR01 Blade 133 (39)'),(502,'NetworkEquipment',4,'NetworkPort',19,'glpi','2012-07-23 12:22:06',0,'HCMSR01 Blade 133 (39)',''),(440,'NetworkEquipment',4,'NetworkPort',17,'glpi','2012-07-23 12:21:24',0,'','HCMSR01 Blade 134 (40)'),(503,'NetworkEquipment',4,'NetworkPort',19,'glpi','2012-07-23 12:22:06',0,'HCMSR01 Blade 134 (40)',''),(442,'NetworkEquipment',4,'NetworkPort',17,'glpi','2012-07-23 12:21:24',0,'','HCMSR01 Blade 135 (41)'),(504,'NetworkEquipment',4,'NetworkPort',19,'glpi','2012-07-23 12:22:06',0,'HCMSR01 Blade 135 (41)',''),(444,'NetworkEquipment',4,'NetworkPort',17,'glpi','2012-07-23 12:21:24',0,'','HCMSR01 Blade 136 (42)'),(505,'NetworkEquipment',4,'NetworkPort',19,'glpi','2012-07-23 12:22:06',0,'HCMSR01 Blade 136 (42)',''),(446,'NetworkEquipment',4,'NetworkPort',17,'glpi','2012-07-23 12:21:24',0,'','HCMSR01 Blade 137 (43)'),(506,'NetworkEquipment',4,'NetworkPort',19,'glpi','2012-07-23 12:22:06',0,'HCMSR01 Blade 137 (43)',''),(448,'NetworkEquipment',4,'NetworkPort',17,'glpi','2012-07-23 12:21:24',0,'','HCMSR01 Blade 138 (44)'),(507,'NetworkEquipment',4,'NetworkPort',19,'glpi','2012-07-23 12:22:06',0,'HCMSR01 Blade 138 (44)',''),(450,'NetworkEquipment',4,'NetworkPort',17,'glpi','2012-07-23 12:21:24',0,'','HCMSR01 Blade 139 (45)'),(508,'NetworkEquipment',4,'NetworkPort',19,'glpi','2012-07-23 12:22:06',0,'HCMSR01 Blade 139 (45)',''),(452,'NetworkEquipment',4,'NetworkPort',17,'glpi','2012-07-23 12:21:24',0,'','HCMSR01 Blade 140 (46)'),(509,'NetworkEquipment',4,'NetworkPort',19,'glpi','2012-07-23 12:22:06',0,'HCMSR01 Blade 140 (46)',''),(454,'NetworkEquipment',4,'NetworkPort',17,'glpi','2012-07-23 12:21:24',0,'','HCMSR01 Blade 141 (47)'),(510,'NetworkEquipment',4,'NetworkPort',19,'glpi','2012-07-23 12:22:06',0,'HCMSR01 Blade 141 (47)',''),(456,'NetworkEquipment',4,'NetworkPort',17,'glpi','2012-07-23 12:21:24',0,'','HCMSR01 Blade 142 (48)'),(511,'NetworkEquipment',4,'NetworkPort',19,'glpi','2012-07-23 12:22:06',0,'HCMSR01 Blade 142 (48)',''),(458,'NetworkEquipment',4,'NetworkPort',17,'glpi','2012-07-23 12:21:24',0,'','HCMSR01 Blade 143 (49)'),(512,'NetworkEquipment',4,'NetworkPort',19,'glpi','2012-07-23 12:22:06',0,'HCMSR01 Blade 143 (49)',''),(460,'NetworkEquipment',4,'NetworkPort',17,'glpi','2012-07-23 12:21:24',0,'','HCMSR01 Blade 144 (50)'),(513,'NetworkEquipment',4,'NetworkPort',19,'glpi','2012-07-23 12:22:06',0,'HCMSR01 Blade 144 (50)',''),(462,'NetworkEquipment',4,'NetworkPort',17,'glpi','2012-07-23 12:21:24',0,'','HCMSR01 Blade 145 (51)'),(514,'NetworkEquipment',4,'NetworkPort',19,'glpi','2012-07-23 12:22:06',0,'HCMSR01 Blade 145 (51)',''),(464,'NetworkEquipment',4,'NetworkPort',17,'glpi','2012-07-23 12:21:24',0,'','HCMSR01 Blade 146 (52)'),(515,'NetworkEquipment',4,'NetworkPort',19,'glpi','2012-07-23 12:22:06',0,'HCMSR01 Blade 146 (52)',''),(466,'NetworkEquipment',4,'NetworkPort',17,'glpi','2012-07-23 12:21:24',0,'','HCMSR01 Blade 147 (53)'),(516,'NetworkEquipment',4,'NetworkPort',19,'glpi','2012-07-23 12:22:06',0,'HCMSR01 Blade 147 (53)',''),(468,'NetworkEquipment',4,'NetworkPort',17,'glpi','2012-07-23 12:21:24',0,'','HCMSR01 Blade 148 (54)'),(517,'NetworkEquipment',4,'NetworkPort',19,'glpi','2012-07-23 12:22:06',0,'HCMSR01 Blade 148 (54)',''),(518,'NetworkEquipment',4,'NetworkPort',17,'glpi','2012-07-23 12:22:45',0,'','HCMSR01-Blade1/01 (55)'),(1073,'NetworkEquipment',4,'NetworkPort',19,'glpi','2012-07-23 12:58:56',0,'HCMSR01-Blade1/01 (55)',''),(520,'NetworkEquipment',4,'NetworkPort',17,'glpi','2012-07-23 12:22:45',0,'','HCMSR01-Blade1/02 (56)'),(1074,'NetworkEquipment',4,'NetworkPort',19,'glpi','2012-07-23 12:58:56',0,'HCMSR01-Blade1/02 (56)',''),(522,'NetworkEquipment',4,'NetworkPort',17,'glpi','2012-07-23 12:22:45',0,'','HCMSR01-Blade1/03 (57)'),(1075,'NetworkEquipment',4,'NetworkPort',19,'glpi','2012-07-23 12:58:56',0,'HCMSR01-Blade1/03 (57)',''),(524,'NetworkEquipment',4,'NetworkPort',17,'glpi','2012-07-23 12:22:45',0,'','HCMSR01-Blade1/04 (58)'),(1076,'NetworkEquipment',4,'NetworkPort',19,'glpi','2012-07-23 12:58:56',0,'HCMSR01-Blade1/04 (58)',''),(526,'NetworkEquipment',4,'NetworkPort',17,'glpi','2012-07-23 12:22:45',0,'','HCMSR01-Blade1/05 (59)'),(1077,'NetworkEquipment',4,'NetworkPort',19,'glpi','2012-07-23 12:58:56',0,'HCMSR01-Blade1/05 (59)',''),(528,'NetworkEquipment',4,'NetworkPort',17,'glpi','2012-07-23 12:22:45',0,'','HCMSR01-Blade1/06 (60)'),(1078,'NetworkEquipment',4,'NetworkPort',19,'glpi','2012-07-23 12:58:56',0,'HCMSR01-Blade1/06 (60)',''),(530,'NetworkEquipment',4,'NetworkPort',17,'glpi','2012-07-23 12:22:45',0,'','HCMSR01-Blade1/07 (61)'),(1079,'NetworkEquipment',4,'NetworkPort',19,'glpi','2012-07-23 12:58:56',0,'HCMSR01-Blade1/07 (61)',''),(532,'NetworkEquipment',4,'NetworkPort',17,'glpi','2012-07-23 12:22:45',0,'','HCMSR01-Blade1/08 (62)'),(1080,'NetworkEquipment',4,'NetworkPort',19,'glpi','2012-07-23 12:58:56',0,'HCMSR01-Blade1/08 (62)',''),(534,'NetworkEquipment',4,'NetworkPort',17,'glpi','2012-07-23 12:22:45',0,'','HCMSR01-Blade1/09 (63)'),(1081,'NetworkEquipment',4,'NetworkPort',19,'glpi','2012-07-23 12:58:56',0,'HCMSR01-Blade1/09 (63)',''),(536,'NetworkEquipment',4,'NetworkPort',17,'glpi','2012-07-23 12:22:45',0,'','HCMSR01-Blade1/10 (64)'),(1082,'NetworkEquipment',4,'NetworkPort',19,'glpi','2012-07-23 12:58:56',0,'HCMSR01-Blade1/10 (64)',''),(538,'NetworkEquipment',4,'NetworkPort',17,'glpi','2012-07-23 12:22:45',0,'','HCMSR01-Blade1/11 (65)'),(1083,'NetworkEquipment',4,'NetworkPort',19,'glpi','2012-07-23 12:58:56',0,'HCMSR01-Blade1/11 (65)',''),(540,'NetworkEquipment',4,'NetworkPort',17,'glpi','2012-07-23 12:22:45',0,'','HCMSR01-Blade1/12 (66)'),(1084,'NetworkEquipment',4,'NetworkPort',19,'glpi','2012-07-23 12:58:56',0,'HCMSR01-Blade1/12 (66)',''),(542,'NetworkEquipment',4,'NetworkPort',17,'glpi','2012-07-23 12:22:45',0,'','HCMSR01-Blade1/13 (67)'),(1085,'NetworkEquipment',4,'NetworkPort',19,'glpi','2012-07-23 12:58:56',0,'HCMSR01-Blade1/13 (67)',''),(544,'NetworkEquipment',4,'NetworkPort',17,'glpi','2012-07-23 12:22:45',0,'','HCMSR01-Blade1/14 (68)'),(1086,'NetworkEquipment',4,'NetworkPort',19,'glpi','2012-07-23 12:58:56',0,'HCMSR01-Blade1/14 (68)',''),(546,'NetworkEquipment',4,'NetworkPort',17,'glpi','2012-07-23 12:22:45',0,'','HCMSR01-Blade1/15 (69)'),(1087,'NetworkEquipment',4,'NetworkPort',19,'glpi','2012-07-23 12:58:56',0,'HCMSR01-Blade1/15 (69)',''),(548,'NetworkEquipment',4,'NetworkPort',17,'glpi','2012-07-23 12:22:45',0,'','HCMSR01-Blade1/16 (70)'),(1088,'NetworkEquipment',4,'NetworkPort',19,'glpi','2012-07-23 12:58:56',0,'HCMSR01-Blade1/16 (70)',''),(550,'NetworkEquipment',4,'NetworkPort',17,'glpi','2012-07-23 12:22:45',0,'','HCMSR01-Blade1/17 (71)'),(1089,'NetworkEquipment',4,'NetworkPort',19,'glpi','2012-07-23 12:58:56',0,'HCMSR01-Blade1/17 (71)',''),(552,'NetworkEquipment',4,'NetworkPort',17,'glpi','2012-07-23 12:22:45',0,'','HCMSR01-Blade1/18 (72)'),(1090,'NetworkEquipment',4,'NetworkPort',19,'glpi','2012-07-23 12:58:56',0,'HCMSR01-Blade1/18 (72)',''),(554,'NetworkEquipment',4,'NetworkPort',17,'glpi','2012-07-23 12:22:45',0,'','HCMSR01-Blade1/19 (73)'),(1091,'NetworkEquipment',4,'NetworkPort',19,'glpi','2012-07-23 12:58:56',0,'HCMSR01-Blade1/19 (73)',''),(556,'NetworkEquipment',4,'NetworkPort',17,'glpi','2012-07-23 12:22:45',0,'','HCMSR01-Blade1/20 (74)'),(1092,'NetworkEquipment',4,'NetworkPort',19,'glpi','2012-07-23 12:58:56',0,'HCMSR01-Blade1/20 (74)',''),(558,'NetworkEquipment',4,'NetworkPort',17,'glpi','2012-07-23 12:22:45',0,'','HCMSR01-Blade1/21 (75)'),(1093,'NetworkEquipment',4,'NetworkPort',19,'glpi','2012-07-23 12:58:56',0,'HCMSR01-Blade1/21 (75)',''),(560,'NetworkEquipment',4,'NetworkPort',17,'glpi','2012-07-23 12:22:45',0,'','HCMSR01-Blade1/22 (76)'),(1094,'NetworkEquipment',4,'NetworkPort',19,'glpi','2012-07-23 12:58:56',0,'HCMSR01-Blade1/22 (76)',''),(562,'NetworkEquipment',4,'NetworkPort',17,'glpi','2012-07-23 12:22:45',0,'','HCMSR01-Blade1/23 (77)'),(1095,'NetworkEquipment',4,'NetworkPort',19,'glpi','2012-07-23 12:58:56',0,'HCMSR01-Blade1/23 (77)',''),(564,'NetworkEquipment',4,'NetworkPort',17,'glpi','2012-07-23 12:22:45',0,'','HCMSR01-Blade1/24 (78)'),(1096,'NetworkEquipment',4,'NetworkPort',19,'glpi','2012-07-23 12:58:56',0,'HCMSR01-Blade1/24 (78)',''),(566,'NetworkEquipment',4,'NetworkPort',17,'glpi','2012-07-23 12:22:45',0,'','HCMSR01-Blade1/25 (79)'),(1097,'NetworkEquipment',4,'NetworkPort',19,'glpi','2012-07-23 12:58:56',0,'HCMSR01-Blade1/25 (79)',''),(568,'NetworkEquipment',4,'NetworkPort',17,'glpi','2012-07-23 12:22:45',0,'','HCMSR01-Blade1/26 (80)'),(1098,'NetworkEquipment',4,'NetworkPort',19,'glpi','2012-07-23 12:58:56',0,'HCMSR01-Blade1/26 (80)',''),(570,'NetworkEquipment',4,'NetworkPort',17,'glpi','2012-07-23 12:22:45',0,'','HCMSR01-Blade1/27 (81)'),(1099,'NetworkEquipment',4,'NetworkPort',19,'glpi','2012-07-23 12:58:56',0,'HCMSR01-Blade1/27 (81)',''),(572,'NetworkEquipment',4,'NetworkPort',17,'glpi','2012-07-23 12:22:45',0,'','HCMSR01-Blade1/28 (82)'),(1100,'NetworkEquipment',4,'NetworkPort',19,'glpi','2012-07-23 12:58:56',0,'HCMSR01-Blade1/28 (82)',''),(574,'NetworkEquipment',4,'NetworkPort',17,'glpi','2012-07-23 12:22:45',0,'','HCMSR01-Blade1/29 (83)'),(1101,'NetworkEquipment',4,'NetworkPort',19,'glpi','2012-07-23 12:58:56',0,'HCMSR01-Blade1/29 (83)',''),(576,'NetworkEquipment',4,'NetworkPort',17,'glpi','2012-07-23 12:22:45',0,'','HCMSR01-Blade1/30 (84)'),(1102,'NetworkEquipment',4,'NetworkPort',19,'glpi','2012-07-23 12:58:56',0,'HCMSR01-Blade1/30 (84)',''),(578,'NetworkEquipment',4,'NetworkPort',17,'glpi','2012-07-23 12:22:45',0,'','HCMSR01-Blade1/31 (85)'),(1103,'NetworkEquipment',4,'NetworkPort',19,'glpi','2012-07-23 12:58:56',0,'HCMSR01-Blade1/31 (85)',''),(580,'NetworkEquipment',4,'NetworkPort',17,'glpi','2012-07-23 12:22:45',0,'','HCMSR01-Blade1/32 (86)'),(1104,'NetworkEquipment',4,'NetworkPort',19,'glpi','2012-07-23 12:58:56',0,'HCMSR01-Blade1/32 (86)',''),(582,'NetworkEquipment',4,'NetworkPort',17,'glpi','2012-07-23 12:22:45',0,'','HCMSR01-Blade1/33 (87)'),(1105,'NetworkEquipment',4,'NetworkPort',19,'glpi','2012-07-23 12:58:56',0,'HCMSR01-Blade1/33 (87)',''),(584,'NetworkEquipment',4,'NetworkPort',17,'glpi','2012-07-23 12:22:45',0,'','HCMSR01-Blade1/34 (88)'),(1106,'NetworkEquipment',4,'NetworkPort',19,'glpi','2012-07-23 12:58:56',0,'HCMSR01-Blade1/34 (88)',''),(586,'NetworkEquipment',4,'NetworkPort',17,'glpi','2012-07-23 12:22:45',0,'','HCMSR01-Blade1/35 (89)'),(1107,'NetworkEquipment',4,'NetworkPort',19,'glpi','2012-07-23 12:58:56',0,'HCMSR01-Blade1/35 (89)',''),(588,'NetworkEquipment',4,'NetworkPort',17,'glpi','2012-07-23 12:22:45',0,'','HCMSR01-Blade1/36 (90)'),(1108,'NetworkEquipment',4,'NetworkPort',19,'glpi','2012-07-23 12:58:56',0,'HCMSR01-Blade1/36 (90)',''),(590,'NetworkEquipment',4,'NetworkPort',17,'glpi','2012-07-23 12:22:45',0,'','HCMSR01-Blade1/37 (91)'),(1109,'NetworkEquipment',4,'NetworkPort',19,'glpi','2012-07-23 12:58:56',0,'HCMSR01-Blade1/37 (91)',''),(592,'NetworkEquipment',4,'NetworkPort',17,'glpi','2012-07-23 12:22:45',0,'','HCMSR01-Blade1/38 (92)'),(1110,'NetworkEquipment',4,'NetworkPort',19,'glpi','2012-07-23 12:58:56',0,'HCMSR01-Blade1/38 (92)',''),(594,'NetworkEquipment',4,'NetworkPort',17,'glpi','2012-07-23 12:22:45',0,'','HCMSR01-Blade1/39 (93)'),(1111,'NetworkEquipment',4,'NetworkPort',19,'glpi','2012-07-23 12:58:56',0,'HCMSR01-Blade1/39 (93)',''),(596,'NetworkEquipment',4,'NetworkPort',17,'glpi','2012-07-23 12:22:45',0,'','HCMSR01-Blade1/40 (94)'),(1112,'NetworkEquipment',4,'NetworkPort',19,'glpi','2012-07-23 12:58:56',0,'HCMSR01-Blade1/40 (94)',''),(598,'NetworkEquipment',4,'NetworkPort',17,'glpi','2012-07-23 12:22:45',0,'','HCMSR01-Blade1/41 (95)'),(1113,'NetworkEquipment',4,'NetworkPort',19,'glpi','2012-07-23 12:58:56',0,'HCMSR01-Blade1/41 (95)',''),(600,'NetworkEquipment',4,'NetworkPort',17,'glpi','2012-07-23 12:22:45',0,'','HCMSR01-Blade1/42 (96)'),(1114,'NetworkEquipment',4,'NetworkPort',19,'glpi','2012-07-23 12:58:56',0,'HCMSR01-Blade1/42 (96)',''),(602,'NetworkEquipment',4,'NetworkPort',17,'glpi','2012-07-23 12:22:45',0,'','HCMSR01-Blade1/43 (97)'),(1115,'NetworkEquipment',4,'NetworkPort',19,'glpi','2012-07-23 12:58:56',0,'HCMSR01-Blade1/43 (97)',''),(604,'NetworkEquipment',4,'NetworkPort',17,'glpi','2012-07-23 12:22:45',0,'','HCMSR01-Blade1/44 (98)'),(1116,'NetworkEquipment',4,'NetworkPort',19,'glpi','2012-07-23 12:58:56',0,'HCMSR01-Blade1/44 (98)',''),(606,'NetworkEquipment',4,'NetworkPort',17,'glpi','2012-07-23 12:22:45',0,'','HCMSR01-Blade1/45 (99)'),(1117,'NetworkEquipment',4,'NetworkPort',19,'glpi','2012-07-23 12:58:56',0,'HCMSR01-Blade1/45 (99)',''),(608,'NetworkEquipment',4,'NetworkPort',17,'glpi','2012-07-23 12:22:45',0,'','HCMSR01-Blade1/46 (100)'),(1118,'NetworkEquipment',4,'NetworkPort',19,'glpi','2012-07-23 12:58:56',0,'HCMSR01-Blade1/46 (100)',''),(610,'NetworkEquipment',4,'NetworkPort',17,'glpi','2012-07-23 12:22:45',0,'','HCMSR01-Blade1/47 (101)'),(1119,'NetworkEquipment',4,'NetworkPort',19,'glpi','2012-07-23 12:58:56',0,'HCMSR01-Blade1/47 (101)',''),(612,'NetworkEquipment',4,'NetworkPort',17,'glpi','2012-07-23 12:22:45',0,'','HCMSR01-Blade1/48 (102)'),(1120,'NetworkEquipment',4,'NetworkPort',19,'glpi','2012-07-23 12:58:56',0,'HCMSR01-Blade1/48 (102)',''),(614,'Computer',6,'NetworkPort',19,'glpi','2012-07-23 12:23:01',0,'N/A (6)',''),(615,'NetworkEquipment',4,'NetworkPort',17,'glpi','2012-07-23 12:25:18',0,'','HCMSR01 - Blade9/01 (103)'),(1023,'NetworkEquipment',4,'NetworkPort',19,'glpi','2012-07-23 12:58:56',0,'HCMSR01 - Blade9/01 (103)',''),(617,'NetworkEquipment',4,'NetworkPort',17,'glpi','2012-07-23 12:25:18',0,'','HCMSR01 - Blade9/02 (104)'),(1024,'NetworkEquipment',4,'NetworkPort',19,'glpi','2012-07-23 12:58:56',0,'HCMSR01 - Blade9/02 (104)',''),(619,'NetworkEquipment',4,'NetworkPort',17,'glpi','2012-07-23 12:25:18',0,'','HCMSR01 - Blade9/03 (105)'),(1025,'NetworkEquipment',4,'NetworkPort',19,'glpi','2012-07-23 12:58:56',0,'HCMSR01 - Blade9/03 (105)',''),(621,'NetworkEquipment',4,'NetworkPort',17,'glpi','2012-07-23 12:25:18',0,'','HCMSR01 - Blade9/04 (106)'),(1026,'NetworkEquipment',4,'NetworkPort',19,'glpi','2012-07-23 12:58:56',0,'HCMSR01 - Blade9/04 (106)',''),(623,'NetworkEquipment',4,'NetworkPort',17,'glpi','2012-07-23 12:25:18',0,'','HCMSR01 - Blade9/05 (107)'),(1027,'NetworkEquipment',4,'NetworkPort',19,'glpi','2012-07-23 12:58:56',0,'HCMSR01 - Blade9/05 (107)',''),(625,'NetworkEquipment',4,'NetworkPort',17,'glpi','2012-07-23 12:25:18',0,'','HCMSR01 - Blade9/06 (108)'),(1028,'NetworkEquipment',4,'NetworkPort',19,'glpi','2012-07-23 12:58:56',0,'HCMSR01 - Blade9/06 (108)',''),(627,'NetworkEquipment',4,'NetworkPort',17,'glpi','2012-07-23 12:25:18',0,'','HCMSR01 - Blade9/07 (109)'),(1029,'NetworkEquipment',4,'NetworkPort',19,'glpi','2012-07-23 12:58:56',0,'HCMSR01 - Blade9/07 (109)',''),(629,'NetworkEquipment',4,'NetworkPort',17,'glpi','2012-07-23 12:25:18',0,'','HCMSR01 - Blade9/08 (110)'),(1030,'NetworkEquipment',4,'NetworkPort',19,'glpi','2012-07-23 12:58:56',0,'HCMSR01 - Blade9/08 (110)',''),(631,'NetworkEquipment',4,'NetworkPort',17,'glpi','2012-07-23 12:25:18',0,'','HCMSR01 - Blade9/09 (111)'),(1031,'NetworkEquipment',4,'NetworkPort',19,'glpi','2012-07-23 12:58:56',0,'HCMSR01 - Blade9/09 (111)',''),(633,'NetworkEquipment',4,'NetworkPort',17,'glpi','2012-07-23 12:25:18',0,'','HCMSR01 - Blade9/10 (112)'),(1032,'NetworkEquipment',4,'NetworkPort',19,'glpi','2012-07-23 12:58:56',0,'HCMSR01 - Blade9/10 (112)',''),(635,'NetworkEquipment',4,'NetworkPort',17,'glpi','2012-07-23 12:25:18',0,'','HCMSR01 - Blade9/11 (113)'),(1033,'NetworkEquipment',4,'NetworkPort',19,'glpi','2012-07-23 12:58:56',0,'HCMSR01 - Blade9/11 (113)',''),(637,'NetworkEquipment',4,'NetworkPort',17,'glpi','2012-07-23 12:25:18',0,'','HCMSR01 - Blade9/12 (114)'),(1034,'NetworkEquipment',4,'NetworkPort',19,'glpi','2012-07-23 12:58:56',0,'HCMSR01 - Blade9/12 (114)',''),(639,'NetworkEquipment',4,'NetworkPort',17,'glpi','2012-07-23 12:25:18',0,'','HCMSR01 - Blade9/13 (115)'),(1035,'NetworkEquipment',4,'NetworkPort',19,'glpi','2012-07-23 12:58:56',0,'HCMSR01 - Blade9/13 (115)',''),(641,'NetworkEquipment',4,'NetworkPort',17,'glpi','2012-07-23 12:25:18',0,'','HCMSR01 - Blade9/14 (116)'),(1036,'NetworkEquipment',4,'NetworkPort',19,'glpi','2012-07-23 12:58:56',0,'HCMSR01 - Blade9/14 (116)',''),(643,'NetworkEquipment',4,'NetworkPort',17,'glpi','2012-07-23 12:25:18',0,'','HCMSR01 - Blade9/15 (117)'),(1037,'NetworkEquipment',4,'NetworkPort',19,'glpi','2012-07-23 12:58:56',0,'HCMSR01 - Blade9/15 (117)',''),(645,'NetworkEquipment',4,'NetworkPort',17,'glpi','2012-07-23 12:25:18',0,'','HCMSR01 - Blade9/16 (118)'),(1038,'NetworkEquipment',4,'NetworkPort',19,'glpi','2012-07-23 12:58:56',0,'HCMSR01 - Blade9/16 (118)',''),(647,'NetworkEquipment',4,'NetworkPort',17,'glpi','2012-07-23 12:25:18',0,'','HCMSR01 - Blade9/17 (119)'),(1039,'NetworkEquipment',4,'NetworkPort',19,'glpi','2012-07-23 12:58:56',0,'HCMSR01 - Blade9/17 (119)',''),(649,'NetworkEquipment',4,'NetworkPort',17,'glpi','2012-07-23 12:25:18',0,'','HCMSR01 - Blade9/18 (120)'),(1040,'NetworkEquipment',4,'NetworkPort',19,'glpi','2012-07-23 12:58:56',0,'HCMSR01 - Blade9/18 (120)',''),(651,'NetworkEquipment',4,'NetworkPort',17,'glpi','2012-07-23 12:25:18',0,'','HCMSR01 - Blade9/19 (121)'),(1041,'NetworkEquipment',4,'NetworkPort',19,'glpi','2012-07-23 12:58:56',0,'HCMSR01 - Blade9/19 (121)',''),(653,'NetworkEquipment',4,'NetworkPort',17,'glpi','2012-07-23 12:25:18',0,'','HCMSR01 - Blade9/20 (122)'),(1042,'NetworkEquipment',4,'NetworkPort',19,'glpi','2012-07-23 12:58:56',0,'HCMSR01 - Blade9/20 (122)',''),(655,'NetworkEquipment',4,'NetworkPort',17,'glpi','2012-07-23 12:25:18',0,'','HCMSR01 - Blade9/21 (123)'),(1043,'NetworkEquipment',4,'NetworkPort',19,'glpi','2012-07-23 12:58:56',0,'HCMSR01 - Blade9/21 (123)',''),(657,'NetworkEquipment',4,'NetworkPort',17,'glpi','2012-07-23 12:25:18',0,'','HCMSR01 - Blade9/22 (124)'),(1044,'NetworkEquipment',4,'NetworkPort',19,'glpi','2012-07-23 12:58:56',0,'HCMSR01 - Blade9/22 (124)',''),(659,'NetworkEquipment',4,'NetworkPort',17,'glpi','2012-07-23 12:25:18',0,'','HCMSR01 - Blade9/23 (125)'),(1045,'NetworkEquipment',4,'NetworkPort',19,'glpi','2012-07-23 12:58:56',0,'HCMSR01 - Blade9/23 (125)',''),(661,'NetworkEquipment',4,'NetworkPort',17,'glpi','2012-07-23 12:25:18',0,'','HCMSR01 - Blade9/24 (126)'),(1046,'NetworkEquipment',4,'NetworkPort',19,'glpi','2012-07-23 12:58:56',0,'HCMSR01 - Blade9/24 (126)',''),(663,'NetworkEquipment',4,'NetworkPort',17,'glpi','2012-07-23 12:25:18',0,'','HCMSR01 - Blade9/25 (127)'),(1047,'NetworkEquipment',4,'NetworkPort',19,'glpi','2012-07-23 12:58:56',0,'HCMSR01 - Blade9/25 (127)',''),(665,'NetworkEquipment',4,'NetworkPort',17,'glpi','2012-07-23 12:25:18',0,'','HCMSR01 - Blade9/26 (128)'),(1048,'NetworkEquipment',4,'NetworkPort',19,'glpi','2012-07-23 12:58:56',0,'HCMSR01 - Blade9/26 (128)',''),(667,'NetworkEquipment',4,'NetworkPort',17,'glpi','2012-07-23 12:25:18',0,'','HCMSR01 - Blade9/27 (129)'),(1049,'NetworkEquipment',4,'NetworkPort',19,'glpi','2012-07-23 12:58:56',0,'HCMSR01 - Blade9/27 (129)',''),(669,'NetworkEquipment',4,'NetworkPort',17,'glpi','2012-07-23 12:25:18',0,'','HCMSR01 - Blade9/28 (130)'),(1050,'NetworkEquipment',4,'NetworkPort',19,'glpi','2012-07-23 12:58:56',0,'HCMSR01 - Blade9/28 (130)',''),(671,'NetworkEquipment',4,'NetworkPort',17,'glpi','2012-07-23 12:25:18',0,'','HCMSR01 - Blade9/29 (131)'),(1051,'NetworkEquipment',4,'NetworkPort',19,'glpi','2012-07-23 12:58:56',0,'HCMSR01 - Blade9/29 (131)',''),(673,'NetworkEquipment',4,'NetworkPort',17,'glpi','2012-07-23 12:25:18',0,'','HCMSR01 - Blade9/30 (132)'),(1052,'NetworkEquipment',4,'NetworkPort',19,'glpi','2012-07-23 12:58:56',0,'HCMSR01 - Blade9/30 (132)',''),(675,'NetworkEquipment',4,'NetworkPort',17,'glpi','2012-07-23 12:25:18',0,'','HCMSR01 - Blade9/31 (133)'),(1053,'NetworkEquipment',4,'NetworkPort',19,'glpi','2012-07-23 12:58:56',0,'HCMSR01 - Blade9/31 (133)',''),(677,'NetworkEquipment',4,'NetworkPort',17,'glpi','2012-07-23 12:25:18',0,'','HCMSR01 - Blade9/32 (134)'),(1054,'NetworkEquipment',4,'NetworkPort',19,'glpi','2012-07-23 12:58:56',0,'HCMSR01 - Blade9/32 (134)',''),(679,'NetworkEquipment',4,'NetworkPort',17,'glpi','2012-07-23 12:25:18',0,'','HCMSR01 - Blade9/33 (135)'),(1055,'NetworkEquipment',4,'NetworkPort',19,'glpi','2012-07-23 12:58:56',0,'HCMSR01 - Blade9/33 (135)',''),(681,'NetworkEquipment',4,'NetworkPort',17,'glpi','2012-07-23 12:25:18',0,'','HCMSR01 - Blade9/34 (136)'),(1056,'NetworkEquipment',4,'NetworkPort',19,'glpi','2012-07-23 12:58:56',0,'HCMSR01 - Blade9/34 (136)',''),(683,'NetworkEquipment',4,'NetworkPort',17,'glpi','2012-07-23 12:25:18',0,'','HCMSR01 - Blade9/35 (137)'),(1057,'NetworkEquipment',4,'NetworkPort',19,'glpi','2012-07-23 12:58:56',0,'HCMSR01 - Blade9/35 (137)',''),(685,'NetworkEquipment',4,'NetworkPort',17,'glpi','2012-07-23 12:25:18',0,'','HCMSR01 - Blade9/36 (138)'),(1058,'NetworkEquipment',4,'NetworkPort',19,'glpi','2012-07-23 12:58:56',0,'HCMSR01 - Blade9/36 (138)',''),(687,'NetworkEquipment',4,'NetworkPort',17,'glpi','2012-07-23 12:25:18',0,'','HCMSR01 - Blade9/37 (139)'),(1059,'NetworkEquipment',4,'NetworkPort',19,'glpi','2012-07-23 12:58:56',0,'HCMSR01 - Blade9/37 (139)',''),(689,'NetworkEquipment',4,'NetworkPort',17,'glpi','2012-07-23 12:25:18',0,'','HCMSR01 - Blade9/38 (140)'),(1060,'NetworkEquipment',4,'NetworkPort',19,'glpi','2012-07-23 12:58:56',0,'HCMSR01 - Blade9/38 (140)',''),(691,'NetworkEquipment',4,'NetworkPort',17,'glpi','2012-07-23 12:25:18',0,'','HCMSR01 - Blade9/39 (141)'),(1061,'NetworkEquipment',4,'NetworkPort',19,'glpi','2012-07-23 12:58:56',0,'HCMSR01 - Blade9/39 (141)',''),(693,'NetworkEquipment',4,'NetworkPort',17,'glpi','2012-07-23 12:25:18',0,'','HCMSR01 - Blade9/40 (142)'),(1062,'NetworkEquipment',4,'NetworkPort',19,'glpi','2012-07-23 12:58:56',0,'HCMSR01 - Blade9/40 (142)',''),(695,'NetworkEquipment',4,'NetworkPort',17,'glpi','2012-07-23 12:25:18',0,'','HCMSR01 - Blade9/41 (143)'),(1063,'NetworkEquipment',4,'NetworkPort',19,'glpi','2012-07-23 12:58:56',0,'HCMSR01 - Blade9/41 (143)',''),(697,'NetworkEquipment',4,'NetworkPort',17,'glpi','2012-07-23 12:25:18',0,'','HCMSR01 - Blade9/42 (144)'),(1064,'NetworkEquipment',4,'NetworkPort',19,'glpi','2012-07-23 12:58:56',0,'HCMSR01 - Blade9/42 (144)',''),(699,'NetworkEquipment',4,'NetworkPort',17,'glpi','2012-07-23 12:25:18',0,'','HCMSR01 - Blade9/43 (145)'),(1065,'NetworkEquipment',4,'NetworkPort',19,'glpi','2012-07-23 12:58:56',0,'HCMSR01 - Blade9/43 (145)',''),(701,'NetworkEquipment',4,'NetworkPort',17,'glpi','2012-07-23 12:25:18',0,'','HCMSR01 - Blade9/44 (146)'),(1066,'NetworkEquipment',4,'NetworkPort',19,'glpi','2012-07-23 12:58:56',0,'HCMSR01 - Blade9/44 (146)',''),(703,'NetworkEquipment',4,'NetworkPort',17,'glpi','2012-07-23 12:25:18',0,'','HCMSR01 - Blade9/45 (147)'),(1067,'NetworkEquipment',4,'NetworkPort',19,'glpi','2012-07-23 12:58:56',0,'HCMSR01 - Blade9/45 (147)',''),(705,'NetworkEquipment',4,'NetworkPort',17,'glpi','2012-07-23 12:25:18',0,'','HCMSR01 - Blade9/46 (148)'),(1068,'NetworkEquipment',4,'NetworkPort',19,'glpi','2012-07-23 12:58:56',0,'HCMSR01 - Blade9/46 (148)',''),(707,'NetworkEquipment',4,'NetworkPort',17,'glpi','2012-07-23 12:25:18',0,'','HCMSR01 - Blade9/47 (149)'),(1069,'NetworkEquipment',4,'NetworkPort',19,'glpi','2012-07-23 12:58:56',0,'HCMSR01 - Blade9/47 (149)',''),(709,'NetworkEquipment',4,'NetworkPort',17,'glpi','2012-07-23 12:25:18',0,'','HCMSR01 - Blade9/48 (150)'),(1072,'NetworkEquipment',4,'NetworkPort',19,'glpi','2012-07-23 12:58:56',0,'HCMSR01 - Blade9/48 (150)',''),(711,'Computer',6,'NetworkPort',17,'glpi','2012-07-23 12:26:37',0,'','Eth1 (151)'),(713,'Computer',6,'NetworkPort',19,'glpi','2012-07-23 12:27:17',0,'Eth1 (151)',''),(714,'Computer',6,'NetworkPort',17,'glpi','2012-07-23 12:30:45',0,'','Eth1 (152)'),(715,'NetworkPort',152,'0',20,'glpi','2012-07-23 12:30:45',0,'',''),(716,'NetworkEquipment',4,'Computer',7,'glpi','2012-07-23 12:32:06',0,'','#HCMSR01 - Blade9/48 > HCMLC001'),(717,'Computer',6,'NetworkEquipment',7,'glpi','2012-07-23 12:32:06',0,'','Cisco Core Switch 6509 > #HCMSR01 - Blade9/48'),(718,'NetworkEquipment',4,'Computer',6,'glpi','2012-07-23 12:32:31',0,'#HCMSR01 - Blade9/48 > HCMLC001',''),(719,'Computer',6,'NetworkEquipment',6,'glpi','2012-07-23 12:32:31',0,'Cisco Core Switch 6509 > #HCMSR01 - Blade9/48',''),(720,'NetworkEquipment',4,'Computer',7,'glpi','2012-07-23 12:34:38',0,'','#HCMSR01 - Blade9/48 > HCMLC001'),(721,'Computer',6,'NetworkEquipment',7,'glpi','2012-07-23 12:34:38',0,'','Cisco Core Switch 6509 > #HCMSR01 - Blade9/48'),(723,'Computer',7,'Infocom',17,'glpi','2012-07-23 12:37:33',0,'','N/A (7)'),(724,'Infocom',7,'0',20,'glpi','2012-07-23 12:37:33',0,'',''),(725,'Computer',7,'0',20,'glpi','2012-07-23 12:37:33',0,'',''),(726,'Computer',7,'NetworkPort',17,'glpi','2012-07-23 12:39:04',0,'','Eth1 (153)'),(727,'NetworkPort',153,'0',20,'glpi','2012-07-23 12:39:04',0,'',''),(728,'NetworkEquipment',4,'',0,'glpi','2012-07-23 12:39:52',1,'Cisco Core Switch 6509','HCMSR01'),(729,'Printer',2,'',0,'glpi','2012-07-23 12:49:05',1,'HP Printer M5035MFP','HCMCP3A01'),(730,'Printer',2,'NetworkPort',17,'glpi','2012-07-23 12:50:15',0,'','Eth1 (154)'),(734,'Printer',2,'NetworkPort',19,'glpi','2012-07-23 12:51:10',0,'Eth1 (154)',''),(732,'Printer',2,'NetworkPort',17,'glpi','2012-07-23 12:50:54',0,'','Eth1 (155)'),(733,'NetworkPort',155,'0',20,'glpi','2012-07-23 12:50:54',0,'',''),(735,'NetworkEquipment',4,'NetworkPort',17,'glpi','2012-07-23 12:57:42',0,'','HCMSR01 - Blade601 (156)'),(975,'NetworkEquipment',4,'NetworkPort',19,'glpi','2012-07-23 12:58:56',0,'HCMSR01 - Blade601 (156)',''),(737,'NetworkEquipment',4,'NetworkPort',17,'glpi','2012-07-23 12:57:42',0,'','HCMSR01 - Blade602 (157)'),(976,'NetworkEquipment',4,'NetworkPort',19,'glpi','2012-07-23 12:58:56',0,'HCMSR01 - Blade602 (157)',''),(739,'NetworkEquipment',4,'NetworkPort',17,'glpi','2012-07-23 12:57:42',0,'','HCMSR01 - Blade603 (158)'),(977,'NetworkEquipment',4,'NetworkPort',19,'glpi','2012-07-23 12:58:56',0,'HCMSR01 - Blade603 (158)',''),(741,'NetworkEquipment',4,'NetworkPort',17,'glpi','2012-07-23 12:57:42',0,'','HCMSR01 - Blade604 (159)'),(978,'NetworkEquipment',4,'NetworkPort',19,'glpi','2012-07-23 12:58:56',0,'HCMSR01 - Blade604 (159)',''),(743,'NetworkEquipment',4,'NetworkPort',17,'glpi','2012-07-23 12:57:42',0,'','HCMSR01 - Blade605 (160)'),(979,'NetworkEquipment',4,'NetworkPort',19,'glpi','2012-07-23 12:58:56',0,'HCMSR01 - Blade605 (160)',''),(745,'NetworkEquipment',4,'NetworkPort',17,'glpi','2012-07-23 12:57:42',0,'','HCMSR01 - Blade606 (161)'),(980,'NetworkEquipment',4,'NetworkPort',19,'glpi','2012-07-23 12:58:56',0,'HCMSR01 - Blade606 (161)',''),(747,'NetworkEquipment',4,'NetworkPort',17,'glpi','2012-07-23 12:57:42',0,'','HCMSR01 - Blade607 (162)'),(981,'NetworkEquipment',4,'NetworkPort',19,'glpi','2012-07-23 12:58:56',0,'HCMSR01 - Blade607 (162)',''),(749,'NetworkEquipment',4,'NetworkPort',17,'glpi','2012-07-23 12:57:42',0,'','HCMSR01 - Blade608 (163)'),(982,'NetworkEquipment',4,'NetworkPort',19,'glpi','2012-07-23 12:58:56',0,'HCMSR01 - Blade608 (163)',''),(751,'NetworkEquipment',4,'NetworkPort',17,'glpi','2012-07-23 12:57:42',0,'','HCMSR01 - Blade609 (164)'),(983,'NetworkEquipment',4,'NetworkPort',19,'glpi','2012-07-23 12:58:56',0,'HCMSR01 - Blade609 (164)',''),(753,'NetworkEquipment',4,'NetworkPort',17,'glpi','2012-07-23 12:57:42',0,'','HCMSR01 - Blade610 (165)'),(984,'NetworkEquipment',4,'NetworkPort',19,'glpi','2012-07-23 12:58:56',0,'HCMSR01 - Blade610 (165)',''),(755,'NetworkEquipment',4,'NetworkPort',17,'glpi','2012-07-23 12:57:42',0,'','HCMSR01 - Blade611 (166)'),(985,'NetworkEquipment',4,'NetworkPort',19,'glpi','2012-07-23 12:58:56',0,'HCMSR01 - Blade611 (166)',''),(757,'NetworkEquipment',4,'NetworkPort',17,'glpi','2012-07-23 12:57:42',0,'','HCMSR01 - Blade612 (167)'),(986,'NetworkEquipment',4,'NetworkPort',19,'glpi','2012-07-23 12:58:56',0,'HCMSR01 - Blade612 (167)',''),(759,'NetworkEquipment',4,'NetworkPort',17,'glpi','2012-07-23 12:57:42',0,'','HCMSR01 - Blade613 (168)'),(987,'NetworkEquipment',4,'NetworkPort',19,'glpi','2012-07-23 12:58:56',0,'HCMSR01 - Blade613 (168)',''),(761,'NetworkEquipment',4,'NetworkPort',17,'glpi','2012-07-23 12:57:42',0,'','HCMSR01 - Blade614 (169)'),(988,'NetworkEquipment',4,'NetworkPort',19,'glpi','2012-07-23 12:58:56',0,'HCMSR01 - Blade614 (169)',''),(763,'NetworkEquipment',4,'NetworkPort',17,'glpi','2012-07-23 12:57:42',0,'','HCMSR01 - Blade615 (170)'),(989,'NetworkEquipment',4,'NetworkPort',19,'glpi','2012-07-23 12:58:56',0,'HCMSR01 - Blade615 (170)',''),(765,'NetworkEquipment',4,'NetworkPort',17,'glpi','2012-07-23 12:57:42',0,'','HCMSR01 - Blade616 (171)'),(990,'NetworkEquipment',4,'NetworkPort',19,'glpi','2012-07-23 12:58:56',0,'HCMSR01 - Blade616 (171)',''),(767,'NetworkEquipment',4,'NetworkPort',17,'glpi','2012-07-23 12:57:42',0,'','HCMSR01 - Blade617 (172)'),(991,'NetworkEquipment',4,'NetworkPort',19,'glpi','2012-07-23 12:58:56',0,'HCMSR01 - Blade617 (172)',''),(769,'NetworkEquipment',4,'NetworkPort',17,'glpi','2012-07-23 12:57:42',0,'','HCMSR01 - Blade618 (173)'),(992,'NetworkEquipment',4,'NetworkPort',19,'glpi','2012-07-23 12:58:56',0,'HCMSR01 - Blade618 (173)',''),(771,'NetworkEquipment',4,'NetworkPort',17,'glpi','2012-07-23 12:57:42',0,'','HCMSR01 - Blade619 (174)'),(993,'NetworkEquipment',4,'NetworkPort',19,'glpi','2012-07-23 12:58:56',0,'HCMSR01 - Blade619 (174)',''),(773,'NetworkEquipment',4,'NetworkPort',17,'glpi','2012-07-23 12:57:42',0,'','HCMSR01 - Blade620 (175)'),(994,'NetworkEquipment',4,'NetworkPort',19,'glpi','2012-07-23 12:58:56',0,'HCMSR01 - Blade620 (175)',''),(775,'NetworkEquipment',4,'NetworkPort',17,'glpi','2012-07-23 12:57:42',0,'','HCMSR01 - Blade621 (176)'),(995,'NetworkEquipment',4,'NetworkPort',19,'glpi','2012-07-23 12:58:56',0,'HCMSR01 - Blade621 (176)',''),(777,'NetworkEquipment',4,'NetworkPort',17,'glpi','2012-07-23 12:57:42',0,'','HCMSR01 - Blade622 (177)'),(996,'NetworkEquipment',4,'NetworkPort',19,'glpi','2012-07-23 12:58:56',0,'HCMSR01 - Blade622 (177)',''),(779,'NetworkEquipment',4,'NetworkPort',17,'glpi','2012-07-23 12:57:42',0,'','HCMSR01 - Blade623 (178)'),(997,'NetworkEquipment',4,'NetworkPort',19,'glpi','2012-07-23 12:58:56',0,'HCMSR01 - Blade623 (178)',''),(781,'NetworkEquipment',4,'NetworkPort',17,'glpi','2012-07-23 12:57:42',0,'','HCMSR01 - Blade624 (179)'),(998,'NetworkEquipment',4,'NetworkPort',19,'glpi','2012-07-23 12:58:56',0,'HCMSR01 - Blade624 (179)',''),(783,'NetworkEquipment',4,'NetworkPort',17,'glpi','2012-07-23 12:57:42',0,'','HCMSR01 - Blade625 (180)'),(999,'NetworkEquipment',4,'NetworkPort',19,'glpi','2012-07-23 12:58:56',0,'HCMSR01 - Blade625 (180)',''),(785,'NetworkEquipment',4,'NetworkPort',17,'glpi','2012-07-23 12:57:42',0,'','HCMSR01 - Blade626 (181)'),(1000,'NetworkEquipment',4,'NetworkPort',19,'glpi','2012-07-23 12:58:56',0,'HCMSR01 - Blade626 (181)',''),(787,'NetworkEquipment',4,'NetworkPort',17,'glpi','2012-07-23 12:57:42',0,'','HCMSR01 - Blade627 (182)'),(1001,'NetworkEquipment',4,'NetworkPort',19,'glpi','2012-07-23 12:58:56',0,'HCMSR01 - Blade627 (182)',''),(789,'NetworkEquipment',4,'NetworkPort',17,'glpi','2012-07-23 12:57:42',0,'','HCMSR01 - Blade628 (183)'),(1002,'NetworkEquipment',4,'NetworkPort',19,'glpi','2012-07-23 12:58:56',0,'HCMSR01 - Blade628 (183)',''),(791,'NetworkEquipment',4,'NetworkPort',17,'glpi','2012-07-23 12:57:42',0,'','HCMSR01 - Blade629 (184)'),(1003,'NetworkEquipment',4,'NetworkPort',19,'glpi','2012-07-23 12:58:56',0,'HCMSR01 - Blade629 (184)',''),(793,'NetworkEquipment',4,'NetworkPort',17,'glpi','2012-07-23 12:57:42',0,'','HCMSR01 - Blade630 (185)'),(1004,'NetworkEquipment',4,'NetworkPort',19,'glpi','2012-07-23 12:58:56',0,'HCMSR01 - Blade630 (185)',''),(795,'NetworkEquipment',4,'NetworkPort',17,'glpi','2012-07-23 12:57:42',0,'','HCMSR01 - Blade631 (186)'),(1005,'NetworkEquipment',4,'NetworkPort',19,'glpi','2012-07-23 12:58:56',0,'HCMSR01 - Blade631 (186)',''),(797,'NetworkEquipment',4,'NetworkPort',17,'glpi','2012-07-23 12:57:42',0,'','HCMSR01 - Blade632 (187)'),(1006,'NetworkEquipment',4,'NetworkPort',19,'glpi','2012-07-23 12:58:56',0,'HCMSR01 - Blade632 (187)',''),(799,'NetworkEquipment',4,'NetworkPort',17,'glpi','2012-07-23 12:57:42',0,'','HCMSR01 - Blade633 (188)'),(1007,'NetworkEquipment',4,'NetworkPort',19,'glpi','2012-07-23 12:58:56',0,'HCMSR01 - Blade633 (188)',''),(801,'NetworkEquipment',4,'NetworkPort',17,'glpi','2012-07-23 12:57:42',0,'','HCMSR01 - Blade634 (189)'),(1008,'NetworkEquipment',4,'NetworkPort',19,'glpi','2012-07-23 12:58:56',0,'HCMSR01 - Blade634 (189)',''),(803,'NetworkEquipment',4,'NetworkPort',17,'glpi','2012-07-23 12:57:42',0,'','HCMSR01 - Blade635 (190)'),(1009,'NetworkEquipment',4,'NetworkPort',19,'glpi','2012-07-23 12:58:56',0,'HCMSR01 - Blade635 (190)',''),(805,'NetworkEquipment',4,'NetworkPort',17,'glpi','2012-07-23 12:57:42',0,'','HCMSR01 - Blade636 (191)'),(1010,'NetworkEquipment',4,'NetworkPort',19,'glpi','2012-07-23 12:58:56',0,'HCMSR01 - Blade636 (191)',''),(807,'NetworkEquipment',4,'NetworkPort',17,'glpi','2012-07-23 12:57:42',0,'','HCMSR01 - Blade637 (192)'),(1011,'NetworkEquipment',4,'NetworkPort',19,'glpi','2012-07-23 12:58:56',0,'HCMSR01 - Blade637 (192)',''),(809,'NetworkEquipment',4,'NetworkPort',17,'glpi','2012-07-23 12:57:42',0,'','HCMSR01 - Blade638 (193)'),(1012,'NetworkEquipment',4,'NetworkPort',19,'glpi','2012-07-23 12:58:56',0,'HCMSR01 - Blade638 (193)',''),(811,'NetworkEquipment',4,'NetworkPort',17,'glpi','2012-07-23 12:57:42',0,'','HCMSR01 - Blade639 (194)'),(1013,'NetworkEquipment',4,'NetworkPort',19,'glpi','2012-07-23 12:58:56',0,'HCMSR01 - Blade639 (194)',''),(813,'NetworkEquipment',4,'NetworkPort',17,'glpi','2012-07-23 12:57:42',0,'','HCMSR01 - Blade640 (195)'),(1014,'NetworkEquipment',4,'NetworkPort',19,'glpi','2012-07-23 12:58:56',0,'HCMSR01 - Blade640 (195)',''),(815,'NetworkEquipment',4,'NetworkPort',17,'glpi','2012-07-23 12:57:42',0,'','HCMSR01 - Blade641 (196)'),(1015,'NetworkEquipment',4,'NetworkPort',19,'glpi','2012-07-23 12:58:56',0,'HCMSR01 - Blade641 (196)',''),(817,'NetworkEquipment',4,'NetworkPort',17,'glpi','2012-07-23 12:57:42',0,'','HCMSR01 - Blade642 (197)'),(1016,'NetworkEquipment',4,'NetworkPort',19,'glpi','2012-07-23 12:58:56',0,'HCMSR01 - Blade642 (197)',''),(819,'NetworkEquipment',4,'NetworkPort',17,'glpi','2012-07-23 12:57:42',0,'','HCMSR01 - Blade643 (198)'),(1017,'NetworkEquipment',4,'NetworkPort',19,'glpi','2012-07-23 12:58:56',0,'HCMSR01 - Blade643 (198)',''),(821,'NetworkEquipment',4,'NetworkPort',17,'glpi','2012-07-23 12:57:42',0,'','HCMSR01 - Blade644 (199)'),(1018,'NetworkEquipment',4,'NetworkPort',19,'glpi','2012-07-23 12:58:56',0,'HCMSR01 - Blade644 (199)',''),(823,'NetworkEquipment',4,'NetworkPort',17,'glpi','2012-07-23 12:57:42',0,'','HCMSR01 - Blade645 (200)'),(1019,'NetworkEquipment',4,'NetworkPort',19,'glpi','2012-07-23 12:58:56',0,'HCMSR01 - Blade645 (200)',''),(825,'NetworkEquipment',4,'NetworkPort',17,'glpi','2012-07-23 12:57:42',0,'','HCMSR01 - Blade646 (201)'),(1020,'NetworkEquipment',4,'NetworkPort',19,'glpi','2012-07-23 12:58:56',0,'HCMSR01 - Blade646 (201)',''),(827,'NetworkEquipment',4,'NetworkPort',17,'glpi','2012-07-23 12:57:42',0,'','HCMSR01 - Blade647 (202)'),(1021,'NetworkEquipment',4,'NetworkPort',19,'glpi','2012-07-23 12:58:56',0,'HCMSR01 - Blade647 (202)',''),(829,'NetworkEquipment',4,'NetworkPort',17,'glpi','2012-07-23 12:57:42',0,'','HCMSR01 - Blade648 (203)'),(1022,'NetworkEquipment',4,'NetworkPort',19,'glpi','2012-07-23 12:58:56',0,'HCMSR01 - Blade648 (203)',''),(831,'NetworkEquipment',4,'NetworkPort',17,'glpi','2012-07-23 12:58:03',0,'','HCMSR01 - Blade201 (204)'),(927,'NetworkEquipment',4,'NetworkPort',19,'glpi','2012-07-23 12:58:56',0,'HCMSR01 - Blade201 (204)',''),(833,'NetworkEquipment',4,'NetworkPort',17,'glpi','2012-07-23 12:58:03',0,'','HCMSR01 - Blade202 (205)'),(928,'NetworkEquipment',4,'NetworkPort',19,'glpi','2012-07-23 12:58:56',0,'HCMSR01 - Blade202 (205)',''),(835,'NetworkEquipment',4,'NetworkPort',17,'glpi','2012-07-23 12:58:03',0,'','HCMSR01 - Blade203 (206)'),(929,'NetworkEquipment',4,'NetworkPort',19,'glpi','2012-07-23 12:58:56',0,'HCMSR01 - Blade203 (206)',''),(837,'NetworkEquipment',4,'NetworkPort',17,'glpi','2012-07-23 12:58:03',0,'','HCMSR01 - Blade204 (207)'),(930,'NetworkEquipment',4,'NetworkPort',19,'glpi','2012-07-23 12:58:56',0,'HCMSR01 - Blade204 (207)',''),(839,'NetworkEquipment',4,'NetworkPort',17,'glpi','2012-07-23 12:58:03',0,'','HCMSR01 - Blade205 (208)'),(931,'NetworkEquipment',4,'NetworkPort',19,'glpi','2012-07-23 12:58:56',0,'HCMSR01 - Blade205 (208)',''),(841,'NetworkEquipment',4,'NetworkPort',17,'glpi','2012-07-23 12:58:03',0,'','HCMSR01 - Blade206 (209)'),(932,'NetworkEquipment',4,'NetworkPort',19,'glpi','2012-07-23 12:58:56',0,'HCMSR01 - Blade206 (209)',''),(843,'NetworkEquipment',4,'NetworkPort',17,'glpi','2012-07-23 12:58:03',0,'','HCMSR01 - Blade207 (210)'),(933,'NetworkEquipment',4,'NetworkPort',19,'glpi','2012-07-23 12:58:56',0,'HCMSR01 - Blade207 (210)',''),(845,'NetworkEquipment',4,'NetworkPort',17,'glpi','2012-07-23 12:58:03',0,'','HCMSR01 - Blade208 (211)'),(934,'NetworkEquipment',4,'NetworkPort',19,'glpi','2012-07-23 12:58:56',0,'HCMSR01 - Blade208 (211)',''),(847,'NetworkEquipment',4,'NetworkPort',17,'glpi','2012-07-23 12:58:03',0,'','HCMSR01 - Blade209 (212)'),(935,'NetworkEquipment',4,'NetworkPort',19,'glpi','2012-07-23 12:58:56',0,'HCMSR01 - Blade209 (212)',''),(849,'NetworkEquipment',4,'NetworkPort',17,'glpi','2012-07-23 12:58:03',0,'','HCMSR01 - Blade210 (213)'),(936,'NetworkEquipment',4,'NetworkPort',19,'glpi','2012-07-23 12:58:56',0,'HCMSR01 - Blade210 (213)',''),(851,'NetworkEquipment',4,'NetworkPort',17,'glpi','2012-07-23 12:58:03',0,'','HCMSR01 - Blade211 (214)'),(937,'NetworkEquipment',4,'NetworkPort',19,'glpi','2012-07-23 12:58:56',0,'HCMSR01 - Blade211 (214)',''),(853,'NetworkEquipment',4,'NetworkPort',17,'glpi','2012-07-23 12:58:03',0,'','HCMSR01 - Blade212 (215)'),(938,'NetworkEquipment',4,'NetworkPort',19,'glpi','2012-07-23 12:58:56',0,'HCMSR01 - Blade212 (215)',''),(855,'NetworkEquipment',4,'NetworkPort',17,'glpi','2012-07-23 12:58:03',0,'','HCMSR01 - Blade213 (216)'),(939,'NetworkEquipment',4,'NetworkPort',19,'glpi','2012-07-23 12:58:56',0,'HCMSR01 - Blade213 (216)',''),(857,'NetworkEquipment',4,'NetworkPort',17,'glpi','2012-07-23 12:58:03',0,'','HCMSR01 - Blade214 (217)'),(940,'NetworkEquipment',4,'NetworkPort',19,'glpi','2012-07-23 12:58:56',0,'HCMSR01 - Blade214 (217)',''),(859,'NetworkEquipment',4,'NetworkPort',17,'glpi','2012-07-23 12:58:03',0,'','HCMSR01 - Blade215 (218)'),(941,'NetworkEquipment',4,'NetworkPort',19,'glpi','2012-07-23 12:58:56',0,'HCMSR01 - Blade215 (218)',''),(861,'NetworkEquipment',4,'NetworkPort',17,'glpi','2012-07-23 12:58:03',0,'','HCMSR01 - Blade216 (219)'),(942,'NetworkEquipment',4,'NetworkPort',19,'glpi','2012-07-23 12:58:56',0,'HCMSR01 - Blade216 (219)',''),(863,'NetworkEquipment',4,'NetworkPort',17,'glpi','2012-07-23 12:58:03',0,'','HCMSR01 - Blade217 (220)'),(943,'NetworkEquipment',4,'NetworkPort',19,'glpi','2012-07-23 12:58:56',0,'HCMSR01 - Blade217 (220)',''),(865,'NetworkEquipment',4,'NetworkPort',17,'glpi','2012-07-23 12:58:03',0,'','HCMSR01 - Blade218 (221)'),(944,'NetworkEquipment',4,'NetworkPort',19,'glpi','2012-07-23 12:58:56',0,'HCMSR01 - Blade218 (221)',''),(867,'NetworkEquipment',4,'NetworkPort',17,'glpi','2012-07-23 12:58:03',0,'','HCMSR01 - Blade219 (222)'),(945,'NetworkEquipment',4,'NetworkPort',19,'glpi','2012-07-23 12:58:56',0,'HCMSR01 - Blade219 (222)',''),(869,'NetworkEquipment',4,'NetworkPort',17,'glpi','2012-07-23 12:58:03',0,'','HCMSR01 - Blade220 (223)'),(946,'NetworkEquipment',4,'NetworkPort',19,'glpi','2012-07-23 12:58:56',0,'HCMSR01 - Blade220 (223)',''),(871,'NetworkEquipment',4,'NetworkPort',17,'glpi','2012-07-23 12:58:03',0,'','HCMSR01 - Blade221 (224)'),(947,'NetworkEquipment',4,'NetworkPort',19,'glpi','2012-07-23 12:58:56',0,'HCMSR01 - Blade221 (224)',''),(873,'NetworkEquipment',4,'NetworkPort',17,'glpi','2012-07-23 12:58:03',0,'','HCMSR01 - Blade222 (225)'),(948,'NetworkEquipment',4,'NetworkPort',19,'glpi','2012-07-23 12:58:56',0,'HCMSR01 - Blade222 (225)',''),(875,'NetworkEquipment',4,'NetworkPort',17,'glpi','2012-07-23 12:58:03',0,'','HCMSR01 - Blade223 (226)'),(949,'NetworkEquipment',4,'NetworkPort',19,'glpi','2012-07-23 12:58:56',0,'HCMSR01 - Blade223 (226)',''),(877,'NetworkEquipment',4,'NetworkPort',17,'glpi','2012-07-23 12:58:03',0,'','HCMSR01 - Blade224 (227)'),(950,'NetworkEquipment',4,'NetworkPort',19,'glpi','2012-07-23 12:58:56',0,'HCMSR01 - Blade224 (227)',''),(879,'NetworkEquipment',4,'NetworkPort',17,'glpi','2012-07-23 12:58:03',0,'','HCMSR01 - Blade225 (228)'),(951,'NetworkEquipment',4,'NetworkPort',19,'glpi','2012-07-23 12:58:56',0,'HCMSR01 - Blade225 (228)',''),(881,'NetworkEquipment',4,'NetworkPort',17,'glpi','2012-07-23 12:58:03',0,'','HCMSR01 - Blade226 (229)'),(952,'NetworkEquipment',4,'NetworkPort',19,'glpi','2012-07-23 12:58:56',0,'HCMSR01 - Blade226 (229)',''),(883,'NetworkEquipment',4,'NetworkPort',17,'glpi','2012-07-23 12:58:03',0,'','HCMSR01 - Blade227 (230)'),(953,'NetworkEquipment',4,'NetworkPort',19,'glpi','2012-07-23 12:58:56',0,'HCMSR01 - Blade227 (230)',''),(885,'NetworkEquipment',4,'NetworkPort',17,'glpi','2012-07-23 12:58:03',0,'','HCMSR01 - Blade228 (231)'),(954,'NetworkEquipment',4,'NetworkPort',19,'glpi','2012-07-23 12:58:56',0,'HCMSR01 - Blade228 (231)',''),(887,'NetworkEquipment',4,'NetworkPort',17,'glpi','2012-07-23 12:58:03',0,'','HCMSR01 - Blade229 (232)'),(955,'NetworkEquipment',4,'NetworkPort',19,'glpi','2012-07-23 12:58:56',0,'HCMSR01 - Blade229 (232)',''),(889,'NetworkEquipment',4,'NetworkPort',17,'glpi','2012-07-23 12:58:03',0,'','HCMSR01 - Blade230 (233)'),(956,'NetworkEquipment',4,'NetworkPort',19,'glpi','2012-07-23 12:58:56',0,'HCMSR01 - Blade230 (233)',''),(891,'NetworkEquipment',4,'NetworkPort',17,'glpi','2012-07-23 12:58:03',0,'','HCMSR01 - Blade231 (234)'),(957,'NetworkEquipment',4,'NetworkPort',19,'glpi','2012-07-23 12:58:56',0,'HCMSR01 - Blade231 (234)',''),(893,'NetworkEquipment',4,'NetworkPort',17,'glpi','2012-07-23 12:58:03',0,'','HCMSR01 - Blade232 (235)'),(958,'NetworkEquipment',4,'NetworkPort',19,'glpi','2012-07-23 12:58:56',0,'HCMSR01 - Blade232 (235)',''),(895,'NetworkEquipment',4,'NetworkPort',17,'glpi','2012-07-23 12:58:03',0,'','HCMSR01 - Blade233 (236)'),(959,'NetworkEquipment',4,'NetworkPort',19,'glpi','2012-07-23 12:58:56',0,'HCMSR01 - Blade233 (236)',''),(897,'NetworkEquipment',4,'NetworkPort',17,'glpi','2012-07-23 12:58:03',0,'','HCMSR01 - Blade234 (237)'),(960,'NetworkEquipment',4,'NetworkPort',19,'glpi','2012-07-23 12:58:56',0,'HCMSR01 - Blade234 (237)',''),(899,'NetworkEquipment',4,'NetworkPort',17,'glpi','2012-07-23 12:58:03',0,'','HCMSR01 - Blade235 (238)'),(961,'NetworkEquipment',4,'NetworkPort',19,'glpi','2012-07-23 12:58:56',0,'HCMSR01 - Blade235 (238)',''),(901,'NetworkEquipment',4,'NetworkPort',17,'glpi','2012-07-23 12:58:03',0,'','HCMSR01 - Blade236 (239)'),(962,'NetworkEquipment',4,'NetworkPort',19,'glpi','2012-07-23 12:58:56',0,'HCMSR01 - Blade236 (239)',''),(903,'NetworkEquipment',4,'NetworkPort',17,'glpi','2012-07-23 12:58:03',0,'','HCMSR01 - Blade237 (240)'),(963,'NetworkEquipment',4,'NetworkPort',19,'glpi','2012-07-23 12:58:56',0,'HCMSR01 - Blade237 (240)',''),(905,'NetworkEquipment',4,'NetworkPort',17,'glpi','2012-07-23 12:58:03',0,'','HCMSR01 - Blade238 (241)'),(964,'NetworkEquipment',4,'NetworkPort',19,'glpi','2012-07-23 12:58:56',0,'HCMSR01 - Blade238 (241)',''),(907,'NetworkEquipment',4,'NetworkPort',17,'glpi','2012-07-23 12:58:03',0,'','HCMSR01 - Blade239 (242)'),(965,'NetworkEquipment',4,'NetworkPort',19,'glpi','2012-07-23 12:58:56',0,'HCMSR01 - Blade239 (242)',''),(909,'NetworkEquipment',4,'NetworkPort',17,'glpi','2012-07-23 12:58:03',0,'','HCMSR01 - Blade240 (243)'),(966,'NetworkEquipment',4,'NetworkPort',19,'glpi','2012-07-23 12:58:56',0,'HCMSR01 - Blade240 (243)',''),(911,'NetworkEquipment',4,'NetworkPort',17,'glpi','2012-07-23 12:58:03',0,'','HCMSR01 - Blade241 (244)'),(967,'NetworkEquipment',4,'NetworkPort',19,'glpi','2012-07-23 12:58:56',0,'HCMSR01 - Blade241 (244)',''),(913,'NetworkEquipment',4,'NetworkPort',17,'glpi','2012-07-23 12:58:03',0,'','HCMSR01 - Blade242 (245)'),(968,'NetworkEquipment',4,'NetworkPort',19,'glpi','2012-07-23 12:58:56',0,'HCMSR01 - Blade242 (245)',''),(915,'NetworkEquipment',4,'NetworkPort',17,'glpi','2012-07-23 12:58:03',0,'','HCMSR01 - Blade243 (246)'),(969,'NetworkEquipment',4,'NetworkPort',19,'glpi','2012-07-23 12:58:56',0,'HCMSR01 - Blade243 (246)',''),(917,'NetworkEquipment',4,'NetworkPort',17,'glpi','2012-07-23 12:58:03',0,'','HCMSR01 - Blade244 (247)'),(970,'NetworkEquipment',4,'NetworkPort',19,'glpi','2012-07-23 12:58:56',0,'HCMSR01 - Blade244 (247)',''),(919,'NetworkEquipment',4,'NetworkPort',17,'glpi','2012-07-23 12:58:03',0,'','HCMSR01 - Blade245 (248)'),(971,'NetworkEquipment',4,'NetworkPort',19,'glpi','2012-07-23 12:58:56',0,'HCMSR01 - Blade245 (248)',''),(921,'NetworkEquipment',4,'NetworkPort',17,'glpi','2012-07-23 12:58:03',0,'','HCMSR01 - Blade246 (249)'),(972,'NetworkEquipment',4,'NetworkPort',19,'glpi','2012-07-23 12:58:56',0,'HCMSR01 - Blade246 (249)',''),(923,'NetworkEquipment',4,'NetworkPort',17,'glpi','2012-07-23 12:58:03',0,'','HCMSR01 - Blade247 (250)'),(973,'NetworkEquipment',4,'NetworkPort',19,'glpi','2012-07-23 12:58:56',0,'HCMSR01 - Blade247 (250)',''),(925,'NetworkEquipment',4,'NetworkPort',17,'glpi','2012-07-23 12:58:03',0,'','HCMSR01 - Blade248 (251)'),(974,'NetworkEquipment',4,'NetworkPort',19,'glpi','2012-07-23 12:58:56',0,'HCMSR01 - Blade248 (251)',''),(1070,'NetworkEquipment',4,'Computer',6,'glpi','2012-07-23 12:58:56',0,'#HCMSR01 - Blade9/48 > HCMLC001',''),(1071,'Computer',6,'NetworkEquipment',6,'glpi','2012-07-23 12:58:56',0,'HCMSR01 > #HCMSR01 - Blade9/48',''),(1121,'NetworkEquipment',4,'NetworkPort',17,'glpi','2012-07-23 12:59:16',0,'','1/01 (252)'),(1315,'NetworkEquipment',4,'NetworkPort',19,'glpi','2012-07-23 13:00:24',0,'1/01 (252)',''),(1123,'NetworkEquipment',4,'NetworkPort',17,'glpi','2012-07-23 12:59:16',0,'','1/02 (253)'),(1316,'NetworkEquipment',4,'NetworkPort',19,'glpi','2012-07-23 13:00:24',0,'1/02 (253)',''),(1125,'NetworkEquipment',4,'NetworkPort',17,'glpi','2012-07-23 12:59:16',0,'','1/03 (254)'),(1317,'NetworkEquipment',4,'NetworkPort',19,'glpi','2012-07-23 13:00:24',0,'1/03 (254)',''),(1127,'NetworkEquipment',4,'NetworkPort',17,'glpi','2012-07-23 12:59:16',0,'','1/04 (255)'),(1318,'NetworkEquipment',4,'NetworkPort',19,'glpi','2012-07-23 13:00:24',0,'1/04 (255)',''),(1129,'NetworkEquipment',4,'NetworkPort',17,'glpi','2012-07-23 12:59:16',0,'','1/05 (256)'),(1319,'NetworkEquipment',4,'NetworkPort',19,'glpi','2012-07-23 13:00:24',0,'1/05 (256)',''),(1131,'NetworkEquipment',4,'NetworkPort',17,'glpi','2012-07-23 12:59:16',0,'','1/06 (257)'),(1320,'NetworkEquipment',4,'NetworkPort',19,'glpi','2012-07-23 13:00:24',0,'1/06 (257)',''),(1133,'NetworkEquipment',4,'NetworkPort',17,'glpi','2012-07-23 12:59:16',0,'','1/07 (258)'),(1321,'NetworkEquipment',4,'NetworkPort',19,'glpi','2012-07-23 13:00:24',0,'1/07 (258)',''),(1135,'NetworkEquipment',4,'NetworkPort',17,'glpi','2012-07-23 12:59:16',0,'','1/08 (259)'),(1322,'NetworkEquipment',4,'NetworkPort',19,'glpi','2012-07-23 13:00:24',0,'1/08 (259)',''),(1137,'NetworkEquipment',4,'NetworkPort',17,'glpi','2012-07-23 12:59:16',0,'','1/09 (260)'),(1323,'NetworkEquipment',4,'NetworkPort',19,'glpi','2012-07-23 13:00:24',0,'1/09 (260)',''),(1139,'NetworkEquipment',4,'NetworkPort',17,'glpi','2012-07-23 12:59:16',0,'','1/10 (261)'),(1324,'NetworkEquipment',4,'NetworkPort',19,'glpi','2012-07-23 13:00:24',0,'1/10 (261)',''),(1141,'NetworkEquipment',4,'NetworkPort',17,'glpi','2012-07-23 12:59:16',0,'','1/11 (262)'),(1325,'NetworkEquipment',4,'NetworkPort',19,'glpi','2012-07-23 13:00:24',0,'1/11 (262)',''),(1143,'NetworkEquipment',4,'NetworkPort',17,'glpi','2012-07-23 12:59:16',0,'','1/12 (263)'),(1326,'NetworkEquipment',4,'NetworkPort',19,'glpi','2012-07-23 13:00:24',0,'1/12 (263)',''),(1145,'NetworkEquipment',4,'NetworkPort',17,'glpi','2012-07-23 12:59:16',0,'','1/13 (264)'),(1327,'NetworkEquipment',4,'NetworkPort',19,'glpi','2012-07-23 13:00:24',0,'1/13 (264)',''),(1147,'NetworkEquipment',4,'NetworkPort',17,'glpi','2012-07-23 12:59:16',0,'','1/14 (265)'),(1328,'NetworkEquipment',4,'NetworkPort',19,'glpi','2012-07-23 13:00:24',0,'1/14 (265)',''),(1149,'NetworkEquipment',4,'NetworkPort',17,'glpi','2012-07-23 12:59:16',0,'','1/15 (266)'),(1329,'NetworkEquipment',4,'NetworkPort',19,'glpi','2012-07-23 13:00:24',0,'1/15 (266)',''),(1151,'NetworkEquipment',4,'NetworkPort',17,'glpi','2012-07-23 12:59:16',0,'','1/16 (267)'),(1330,'NetworkEquipment',4,'NetworkPort',19,'glpi','2012-07-23 13:00:24',0,'1/16 (267)',''),(1153,'NetworkEquipment',4,'NetworkPort',17,'glpi','2012-07-23 12:59:16',0,'','1/17 (268)'),(1331,'NetworkEquipment',4,'NetworkPort',19,'glpi','2012-07-23 13:00:24',0,'1/17 (268)',''),(1155,'NetworkEquipment',4,'NetworkPort',17,'glpi','2012-07-23 12:59:16',0,'','1/18 (269)'),(1332,'NetworkEquipment',4,'NetworkPort',19,'glpi','2012-07-23 13:00:24',0,'1/18 (269)',''),(1157,'NetworkEquipment',4,'NetworkPort',17,'glpi','2012-07-23 12:59:16',0,'','1/19 (270)'),(1333,'NetworkEquipment',4,'NetworkPort',19,'glpi','2012-07-23 13:00:24',0,'1/19 (270)',''),(1159,'NetworkEquipment',4,'NetworkPort',17,'glpi','2012-07-23 12:59:16',0,'','1/20 (271)'),(1334,'NetworkEquipment',4,'NetworkPort',19,'glpi','2012-07-23 13:00:24',0,'1/20 (271)',''),(1161,'NetworkEquipment',4,'NetworkPort',17,'glpi','2012-07-23 12:59:16',0,'','1/21 (272)'),(1335,'NetworkEquipment',4,'NetworkPort',19,'glpi','2012-07-23 13:00:24',0,'1/21 (272)',''),(1163,'NetworkEquipment',4,'NetworkPort',17,'glpi','2012-07-23 12:59:16',0,'','1/22 (273)'),(1336,'NetworkEquipment',4,'NetworkPort',19,'glpi','2012-07-23 13:00:24',0,'1/22 (273)',''),(1165,'NetworkEquipment',4,'NetworkPort',17,'glpi','2012-07-23 12:59:16',0,'','1/23 (274)'),(1337,'NetworkEquipment',4,'NetworkPort',19,'glpi','2012-07-23 13:00:24',0,'1/23 (274)',''),(1167,'NetworkEquipment',4,'NetworkPort',17,'glpi','2012-07-23 12:59:16',0,'','1/24 (275)'),(1338,'NetworkEquipment',4,'NetworkPort',19,'glpi','2012-07-23 13:00:24',0,'1/24 (275)',''),(1169,'NetworkEquipment',4,'NetworkPort',17,'glpi','2012-07-23 12:59:16',0,'','1/25 (276)'),(1339,'NetworkEquipment',4,'NetworkPort',19,'glpi','2012-07-23 13:00:24',0,'1/25 (276)',''),(1171,'NetworkEquipment',4,'NetworkPort',17,'glpi','2012-07-23 12:59:16',0,'','1/26 (277)'),(1340,'NetworkEquipment',4,'NetworkPort',19,'glpi','2012-07-23 13:00:24',0,'1/26 (277)',''),(1173,'NetworkEquipment',4,'NetworkPort',17,'glpi','2012-07-23 12:59:16',0,'','1/27 (278)'),(1341,'NetworkEquipment',4,'NetworkPort',19,'glpi','2012-07-23 13:00:24',0,'1/27 (278)',''),(1175,'NetworkEquipment',4,'NetworkPort',17,'glpi','2012-07-23 12:59:16',0,'','1/28 (279)'),(1342,'NetworkEquipment',4,'NetworkPort',19,'glpi','2012-07-23 13:00:24',0,'1/28 (279)',''),(1177,'NetworkEquipment',4,'NetworkPort',17,'glpi','2012-07-23 12:59:16',0,'','1/29 (280)'),(1343,'NetworkEquipment',4,'NetworkPort',19,'glpi','2012-07-23 13:00:24',0,'1/29 (280)',''),(1179,'NetworkEquipment',4,'NetworkPort',17,'glpi','2012-07-23 12:59:16',0,'','1/30 (281)'),(1344,'NetworkEquipment',4,'NetworkPort',19,'glpi','2012-07-23 13:00:24',0,'1/30 (281)',''),(1181,'NetworkEquipment',4,'NetworkPort',17,'glpi','2012-07-23 12:59:16',0,'','1/31 (282)'),(1345,'NetworkEquipment',4,'NetworkPort',19,'glpi','2012-07-23 13:00:24',0,'1/31 (282)',''),(1183,'NetworkEquipment',4,'NetworkPort',17,'glpi','2012-07-23 12:59:16',0,'','1/32 (283)'),(1346,'NetworkEquipment',4,'NetworkPort',19,'glpi','2012-07-23 13:00:24',0,'1/32 (283)',''),(1185,'NetworkEquipment',4,'NetworkPort',17,'glpi','2012-07-23 12:59:16',0,'','1/33 (284)'),(1347,'NetworkEquipment',4,'NetworkPort',19,'glpi','2012-07-23 13:00:24',0,'1/33 (284)',''),(1187,'NetworkEquipment',4,'NetworkPort',17,'glpi','2012-07-23 12:59:16',0,'','1/34 (285)'),(1348,'NetworkEquipment',4,'NetworkPort',19,'glpi','2012-07-23 13:00:24',0,'1/34 (285)',''),(1189,'NetworkEquipment',4,'NetworkPort',17,'glpi','2012-07-23 12:59:16',0,'','1/35 (286)'),(1349,'NetworkEquipment',4,'NetworkPort',19,'glpi','2012-07-23 13:00:24',0,'1/35 (286)',''),(1191,'NetworkEquipment',4,'NetworkPort',17,'glpi','2012-07-23 12:59:16',0,'','1/36 (287)'),(1350,'NetworkEquipment',4,'NetworkPort',19,'glpi','2012-07-23 13:00:24',0,'1/36 (287)',''),(1193,'NetworkEquipment',4,'NetworkPort',17,'glpi','2012-07-23 12:59:16',0,'','1/37 (288)'),(1351,'NetworkEquipment',4,'NetworkPort',19,'glpi','2012-07-23 13:00:24',0,'1/37 (288)',''),(1195,'NetworkEquipment',4,'NetworkPort',17,'glpi','2012-07-23 12:59:16',0,'','1/38 (289)'),(1352,'NetworkEquipment',4,'NetworkPort',19,'glpi','2012-07-23 13:00:24',0,'1/38 (289)',''),(1197,'NetworkEquipment',4,'NetworkPort',17,'glpi','2012-07-23 12:59:16',0,'','1/39 (290)'),(1353,'NetworkEquipment',4,'NetworkPort',19,'glpi','2012-07-23 13:00:24',0,'1/39 (290)',''),(1199,'NetworkEquipment',4,'NetworkPort',17,'glpi','2012-07-23 12:59:16',0,'','1/40 (291)'),(1354,'NetworkEquipment',4,'NetworkPort',19,'glpi','2012-07-23 13:00:24',0,'1/40 (291)',''),(1201,'NetworkEquipment',4,'NetworkPort',17,'glpi','2012-07-23 12:59:16',0,'','1/41 (292)'),(1355,'NetworkEquipment',4,'NetworkPort',19,'glpi','2012-07-23 13:00:24',0,'1/41 (292)',''),(1203,'NetworkEquipment',4,'NetworkPort',17,'glpi','2012-07-23 12:59:16',0,'','1/42 (293)'),(1356,'NetworkEquipment',4,'NetworkPort',19,'glpi','2012-07-23 13:00:24',0,'1/42 (293)',''),(1205,'NetworkEquipment',4,'NetworkPort',17,'glpi','2012-07-23 12:59:16',0,'','1/43 (294)'),(1357,'NetworkEquipment',4,'NetworkPort',19,'glpi','2012-07-23 13:00:24',0,'1/43 (294)',''),(1207,'NetworkEquipment',4,'NetworkPort',17,'glpi','2012-07-23 12:59:16',0,'','1/44 (295)'),(1358,'NetworkEquipment',4,'NetworkPort',19,'glpi','2012-07-23 13:00:24',0,'1/44 (295)',''),(1209,'NetworkEquipment',4,'NetworkPort',17,'glpi','2012-07-23 12:59:16',0,'','1/45 (296)'),(1359,'NetworkEquipment',4,'NetworkPort',19,'glpi','2012-07-23 13:00:24',0,'1/45 (296)',''),(1211,'NetworkEquipment',4,'NetworkPort',17,'glpi','2012-07-23 12:59:16',0,'','1/46 (297)'),(1360,'NetworkEquipment',4,'NetworkPort',19,'glpi','2012-07-23 13:00:24',0,'1/46 (297)',''),(1213,'NetworkEquipment',4,'NetworkPort',17,'glpi','2012-07-23 12:59:16',0,'','1/47 (298)'),(1361,'NetworkEquipment',4,'NetworkPort',19,'glpi','2012-07-23 13:00:24',0,'1/47 (298)',''),(1215,'NetworkEquipment',4,'NetworkPort',17,'glpi','2012-07-23 12:59:16',0,'','1/48 (299)'),(1362,'NetworkEquipment',4,'NetworkPort',19,'glpi','2012-07-23 13:00:24',0,'1/48 (299)',''),(1217,'NetworkEquipment',4,'NetworkPort',17,'glpi','2012-07-23 12:59:32',0,'','2/01 (300)'),(1363,'NetworkEquipment',4,'NetworkPort',19,'glpi','2012-07-23 13:00:24',0,'2/01 (300)',''),(1219,'NetworkEquipment',4,'NetworkPort',17,'glpi','2012-07-23 12:59:32',0,'','2/02 (301)'),(1364,'NetworkEquipment',4,'NetworkPort',19,'glpi','2012-07-23 13:00:24',0,'2/02 (301)',''),(1221,'NetworkEquipment',4,'NetworkPort',17,'glpi','2012-07-23 12:59:32',0,'','2/03 (302)'),(1365,'NetworkEquipment',4,'NetworkPort',19,'glpi','2012-07-23 13:00:24',0,'2/03 (302)',''),(1223,'NetworkEquipment',4,'NetworkPort',17,'glpi','2012-07-23 12:59:32',0,'','2/04 (303)'),(1366,'NetworkEquipment',4,'NetworkPort',19,'glpi','2012-07-23 13:00:24',0,'2/04 (303)',''),(1225,'NetworkEquipment',4,'NetworkPort',17,'glpi','2012-07-23 12:59:32',0,'','2/05 (304)'),(1367,'NetworkEquipment',4,'NetworkPort',19,'glpi','2012-07-23 13:00:24',0,'2/05 (304)',''),(1227,'NetworkEquipment',4,'NetworkPort',17,'glpi','2012-07-23 12:59:32',0,'','2/06 (305)'),(1368,'NetworkEquipment',4,'NetworkPort',19,'glpi','2012-07-23 13:00:24',0,'2/06 (305)',''),(1229,'NetworkEquipment',4,'NetworkPort',17,'glpi','2012-07-23 12:59:32',0,'','2/07 (306)'),(1369,'NetworkEquipment',4,'NetworkPort',19,'glpi','2012-07-23 13:00:24',0,'2/07 (306)',''),(1231,'NetworkEquipment',4,'NetworkPort',17,'glpi','2012-07-23 12:59:32',0,'','2/08 (307)'),(1370,'NetworkEquipment',4,'NetworkPort',19,'glpi','2012-07-23 13:00:24',0,'2/08 (307)',''),(1233,'NetworkEquipment',4,'NetworkPort',17,'glpi','2012-07-23 12:59:32',0,'','2/09 (308)'),(1371,'NetworkEquipment',4,'NetworkPort',19,'glpi','2012-07-23 13:00:24',0,'2/09 (308)',''),(1235,'NetworkEquipment',4,'NetworkPort',17,'glpi','2012-07-23 12:59:32',0,'','2/10 (309)'),(1372,'NetworkEquipment',4,'NetworkPort',19,'glpi','2012-07-23 13:00:24',0,'2/10 (309)',''),(1237,'NetworkEquipment',4,'NetworkPort',17,'glpi','2012-07-23 12:59:32',0,'','2/11 (310)'),(1373,'NetworkEquipment',4,'NetworkPort',19,'glpi','2012-07-23 13:00:24',0,'2/11 (310)',''),(1239,'NetworkEquipment',4,'NetworkPort',17,'glpi','2012-07-23 12:59:32',0,'','2/12 (311)'),(1374,'NetworkEquipment',4,'NetworkPort',19,'glpi','2012-07-23 13:00:24',0,'2/12 (311)',''),(1241,'NetworkEquipment',4,'NetworkPort',17,'glpi','2012-07-23 12:59:32',0,'','2/13 (312)'),(1375,'NetworkEquipment',4,'NetworkPort',19,'glpi','2012-07-23 13:00:24',0,'2/13 (312)',''),(1243,'NetworkEquipment',4,'NetworkPort',17,'glpi','2012-07-23 12:59:32',0,'','2/14 (313)'),(1376,'NetworkEquipment',4,'NetworkPort',19,'glpi','2012-07-23 13:00:24',0,'2/14 (313)',''),(1245,'NetworkEquipment',4,'NetworkPort',17,'glpi','2012-07-23 12:59:32',0,'','2/15 (314)'),(1377,'NetworkEquipment',4,'NetworkPort',19,'glpi','2012-07-23 13:00:24',0,'2/15 (314)',''),(1247,'NetworkEquipment',4,'NetworkPort',17,'glpi','2012-07-23 12:59:32',0,'','2/16 (315)'),(1378,'NetworkEquipment',4,'NetworkPort',19,'glpi','2012-07-23 13:00:24',0,'2/16 (315)',''),(1249,'NetworkEquipment',4,'NetworkPort',17,'glpi','2012-07-23 12:59:32',0,'','2/17 (316)'),(1379,'NetworkEquipment',4,'NetworkPort',19,'glpi','2012-07-23 13:00:24',0,'2/17 (316)',''),(1251,'NetworkEquipment',4,'NetworkPort',17,'glpi','2012-07-23 12:59:32',0,'','2/18 (317)'),(1380,'NetworkEquipment',4,'NetworkPort',19,'glpi','2012-07-23 13:00:24',0,'2/18 (317)',''),(1253,'NetworkEquipment',4,'NetworkPort',17,'glpi','2012-07-23 12:59:32',0,'','2/19 (318)'),(1381,'NetworkEquipment',4,'NetworkPort',19,'glpi','2012-07-23 13:00:24',0,'2/19 (318)',''),(1255,'NetworkEquipment',4,'NetworkPort',17,'glpi','2012-07-23 12:59:32',0,'','2/20 (319)'),(1382,'NetworkEquipment',4,'NetworkPort',19,'glpi','2012-07-23 13:00:24',0,'2/20 (319)',''),(1257,'NetworkEquipment',4,'NetworkPort',17,'glpi','2012-07-23 12:59:32',0,'','2/21 (320)'),(1383,'NetworkEquipment',4,'NetworkPort',19,'glpi','2012-07-23 13:00:24',0,'2/21 (320)',''),(1259,'NetworkEquipment',4,'NetworkPort',17,'glpi','2012-07-23 12:59:32',0,'','2/22 (321)'),(1384,'NetworkEquipment',4,'NetworkPort',19,'glpi','2012-07-23 13:00:24',0,'2/22 (321)',''),(1261,'NetworkEquipment',4,'NetworkPort',17,'glpi','2012-07-23 12:59:32',0,'','2/23 (322)'),(1385,'NetworkEquipment',4,'NetworkPort',19,'glpi','2012-07-23 13:00:24',0,'2/23 (322)',''),(1263,'NetworkEquipment',4,'NetworkPort',17,'glpi','2012-07-23 12:59:32',0,'','2/24 (323)'),(1386,'NetworkEquipment',4,'NetworkPort',19,'glpi','2012-07-23 13:00:24',0,'2/24 (323)',''),(1265,'NetworkEquipment',4,'NetworkPort',17,'glpi','2012-07-23 12:59:32',0,'','2/25 (324)'),(1387,'NetworkEquipment',4,'NetworkPort',19,'glpi','2012-07-23 13:00:24',0,'2/25 (324)',''),(1267,'NetworkEquipment',4,'NetworkPort',17,'glpi','2012-07-23 12:59:32',0,'','2/26 (325)'),(1388,'NetworkEquipment',4,'NetworkPort',19,'glpi','2012-07-23 13:00:24',0,'2/26 (325)',''),(1269,'NetworkEquipment',4,'NetworkPort',17,'glpi','2012-07-23 12:59:32',0,'','2/27 (326)'),(1389,'NetworkEquipment',4,'NetworkPort',19,'glpi','2012-07-23 13:00:24',0,'2/27 (326)',''),(1271,'NetworkEquipment',4,'NetworkPort',17,'glpi','2012-07-23 12:59:32',0,'','2/28 (327)'),(1390,'NetworkEquipment',4,'NetworkPort',19,'glpi','2012-07-23 13:00:24',0,'2/28 (327)',''),(1273,'NetworkEquipment',4,'NetworkPort',17,'glpi','2012-07-23 12:59:32',0,'','2/29 (328)'),(1391,'NetworkEquipment',4,'NetworkPort',19,'glpi','2012-07-23 13:00:24',0,'2/29 (328)',''),(1275,'NetworkEquipment',4,'NetworkPort',17,'glpi','2012-07-23 12:59:32',0,'','2/30 (329)'),(1392,'NetworkEquipment',4,'NetworkPort',19,'glpi','2012-07-23 13:00:24',0,'2/30 (329)',''),(1277,'NetworkEquipment',4,'NetworkPort',17,'glpi','2012-07-23 12:59:32',0,'','2/31 (330)'),(1393,'NetworkEquipment',4,'NetworkPort',19,'glpi','2012-07-23 13:00:24',0,'2/31 (330)',''),(1279,'NetworkEquipment',4,'NetworkPort',17,'glpi','2012-07-23 12:59:32',0,'','2/32 (331)'),(1394,'NetworkEquipment',4,'NetworkPort',19,'glpi','2012-07-23 13:00:24',0,'2/32 (331)',''),(1281,'NetworkEquipment',4,'NetworkPort',17,'glpi','2012-07-23 12:59:32',0,'','2/33 (332)'),(1395,'NetworkEquipment',4,'NetworkPort',19,'glpi','2012-07-23 13:00:24',0,'2/33 (332)',''),(1283,'NetworkEquipment',4,'NetworkPort',17,'glpi','2012-07-23 12:59:32',0,'','2/34 (333)'),(1396,'NetworkEquipment',4,'NetworkPort',19,'glpi','2012-07-23 13:00:24',0,'2/34 (333)',''),(1285,'NetworkEquipment',4,'NetworkPort',17,'glpi','2012-07-23 12:59:32',0,'','2/35 (334)'),(1397,'NetworkEquipment',4,'NetworkPort',19,'glpi','2012-07-23 13:00:24',0,'2/35 (334)',''),(1287,'NetworkEquipment',4,'NetworkPort',17,'glpi','2012-07-23 12:59:32',0,'','2/36 (335)'),(1398,'NetworkEquipment',4,'NetworkPort',19,'glpi','2012-07-23 13:00:24',0,'2/36 (335)',''),(1289,'NetworkEquipment',4,'NetworkPort',17,'glpi','2012-07-23 12:59:32',0,'','2/37 (336)'),(1399,'NetworkEquipment',4,'NetworkPort',19,'glpi','2012-07-23 13:00:24',0,'2/37 (336)',''),(1291,'NetworkEquipment',4,'NetworkPort',17,'glpi','2012-07-23 12:59:32',0,'','2/38 (337)'),(1400,'NetworkEquipment',4,'NetworkPort',19,'glpi','2012-07-23 13:00:24',0,'2/38 (337)',''),(1293,'NetworkEquipment',4,'NetworkPort',17,'glpi','2012-07-23 12:59:32',0,'','2/39 (338)'),(1401,'NetworkEquipment',4,'NetworkPort',19,'glpi','2012-07-23 13:00:24',0,'2/39 (338)',''),(1295,'NetworkEquipment',4,'NetworkPort',17,'glpi','2012-07-23 12:59:32',0,'','2/40 (339)'),(1402,'NetworkEquipment',4,'NetworkPort',19,'glpi','2012-07-23 13:00:24',0,'2/40 (339)',''),(1297,'NetworkEquipment',4,'NetworkPort',17,'glpi','2012-07-23 12:59:32',0,'','2/41 (340)'),(1403,'NetworkEquipment',4,'NetworkPort',19,'glpi','2012-07-23 13:00:24',0,'2/41 (340)',''),(1299,'NetworkEquipment',4,'NetworkPort',17,'glpi','2012-07-23 12:59:32',0,'','2/42 (341)'),(1404,'NetworkEquipment',4,'NetworkPort',19,'glpi','2012-07-23 13:00:24',0,'2/42 (341)',''),(1301,'NetworkEquipment',4,'NetworkPort',17,'glpi','2012-07-23 12:59:32',0,'','2/43 (342)'),(1405,'NetworkEquipment',4,'NetworkPort',19,'glpi','2012-07-23 13:00:24',0,'2/43 (342)',''),(1303,'NetworkEquipment',4,'NetworkPort',17,'glpi','2012-07-23 12:59:32',0,'','2/44 (343)'),(1406,'NetworkEquipment',4,'NetworkPort',19,'glpi','2012-07-23 13:00:24',0,'2/44 (343)',''),(1305,'NetworkEquipment',4,'NetworkPort',17,'glpi','2012-07-23 12:59:32',0,'','2/45 (344)'),(1407,'NetworkEquipment',4,'NetworkPort',19,'glpi','2012-07-23 13:00:24',0,'2/45 (344)',''),(1307,'NetworkEquipment',4,'NetworkPort',17,'glpi','2012-07-23 12:59:32',0,'','2/46 (345)'),(1408,'NetworkEquipment',4,'NetworkPort',19,'glpi','2012-07-23 13:00:24',0,'2/46 (345)',''),(1309,'NetworkEquipment',4,'NetworkPort',17,'glpi','2012-07-23 12:59:32',0,'','2/47 (346)'),(1409,'NetworkEquipment',4,'NetworkPort',19,'glpi','2012-07-23 13:00:24',0,'2/47 (346)',''),(1311,'NetworkEquipment',4,'NetworkPort',17,'glpi','2012-07-23 12:59:32',0,'','2/48 (347)'),(1410,'NetworkEquipment',4,'NetworkPort',19,'glpi','2012-07-23 13:00:24',0,'2/48 (347)',''),(1313,'NetworkEquipment',4,'NetworkPort',17,'glpi','2012-07-23 12:59:44',0,'','3/00 (348)'),(1411,'NetworkEquipment',4,'NetworkPort',19,'glpi','2012-07-23 13:00:24',0,'3/00 (348)',''),(1412,'NetworkEquipment',4,'NetworkPort',17,'glpi','2012-07-23 13:00:44',0,'','Gi1/01 (349)'),(1413,'NetworkPort',349,'0',20,'glpi','2012-07-23 13:00:44',0,'',''),(1414,'NetworkEquipment',4,'NetworkPort',17,'glpi','2012-07-23 13:00:44',0,'','Gi1/02 (350)'),(1415,'NetworkPort',350,'0',20,'glpi','2012-07-23 13:00:44',0,'',''),(1416,'NetworkEquipment',4,'NetworkPort',17,'glpi','2012-07-23 13:00:44',0,'','Gi1/03 (351)'),(1417,'NetworkPort',351,'0',20,'glpi','2012-07-23 13:00:44',0,'',''),(1418,'NetworkEquipment',4,'NetworkPort',17,'glpi','2012-07-23 13:00:44',0,'','Gi1/04 (352)'),(1419,'NetworkPort',352,'0',20,'glpi','2012-07-23 13:00:44',0,'',''),(1420,'NetworkEquipment',4,'NetworkPort',17,'glpi','2012-07-23 13:00:44',0,'','Gi1/05 (353)'),(1421,'NetworkPort',353,'0',20,'glpi','2012-07-23 13:00:44',0,'',''),(1422,'NetworkEquipment',4,'NetworkPort',17,'glpi','2012-07-23 13:00:44',0,'','Gi1/06 (354)'),(1423,'NetworkPort',354,'0',20,'glpi','2012-07-23 13:00:44',0,'',''),(1424,'NetworkEquipment',4,'NetworkPort',17,'glpi','2012-07-23 13:00:44',0,'','Gi1/07 (355)'),(1425,'NetworkPort',355,'0',20,'glpi','2012-07-23 13:00:44',0,'',''),(1426,'NetworkEquipment',4,'NetworkPort',17,'glpi','2012-07-23 13:00:44',0,'','Gi1/08 (356)'),(1427,'NetworkPort',356,'0',20,'glpi','2012-07-23 13:00:44',0,'',''),(1428,'NetworkEquipment',4,'NetworkPort',17,'glpi','2012-07-23 13:00:44',0,'','Gi1/09 (357)'),(1429,'NetworkPort',357,'0',20,'glpi','2012-07-23 13:00:44',0,'',''),(1430,'NetworkEquipment',4,'NetworkPort',17,'glpi','2012-07-23 13:00:44',0,'','Gi1/10 (358)'),(1431,'NetworkPort',358,'0',20,'glpi','2012-07-23 13:00:44',0,'',''),(1432,'NetworkEquipment',4,'NetworkPort',17,'glpi','2012-07-23 13:00:44',0,'','Gi1/11 (359)'),(1433,'NetworkPort',359,'0',20,'glpi','2012-07-23 13:00:44',0,'',''),(1434,'NetworkEquipment',4,'NetworkPort',17,'glpi','2012-07-23 13:00:44',0,'','Gi1/12 (360)'),(1435,'NetworkPort',360,'0',20,'glpi','2012-07-23 13:00:44',0,'',''),(1436,'NetworkEquipment',4,'NetworkPort',17,'glpi','2012-07-23 13:00:44',0,'','Gi1/13 (361)'),(1437,'NetworkPort',361,'0',20,'glpi','2012-07-23 13:00:44',0,'',''),(1438,'NetworkEquipment',4,'NetworkPort',17,'glpi','2012-07-23 13:00:44',0,'','Gi1/14 (362)'),(1439,'NetworkPort',362,'0',20,'glpi','2012-07-23 13:00:44',0,'',''),(1440,'NetworkEquipment',4,'NetworkPort',17,'glpi','2012-07-23 13:00:44',0,'','Gi1/15 (363)'),(1441,'NetworkPort',363,'0',20,'glpi','2012-07-23 13:00:44',0,'',''),(1442,'NetworkEquipment',4,'NetworkPort',17,'glpi','2012-07-23 13:00:44',0,'','Gi1/16 (364)'),(1443,'NetworkPort',364,'0',20,'glpi','2012-07-23 13:00:44',0,'',''),(1444,'NetworkEquipment',4,'NetworkPort',17,'glpi','2012-07-23 13:00:44',0,'','Gi1/17 (365)'),(1445,'NetworkPort',365,'0',20,'glpi','2012-07-23 13:00:44',0,'',''),(1446,'NetworkEquipment',4,'NetworkPort',17,'glpi','2012-07-23 13:00:44',0,'','Gi1/18 (366)'),(1447,'NetworkPort',366,'0',20,'glpi','2012-07-23 13:00:44',0,'',''),(1448,'NetworkEquipment',4,'NetworkPort',17,'glpi','2012-07-23 13:00:44',0,'','Gi1/19 (367)'),(1449,'NetworkPort',367,'0',20,'glpi','2012-07-23 13:00:44',0,'',''),(1450,'NetworkEquipment',4,'NetworkPort',17,'glpi','2012-07-23 13:00:44',0,'','Gi1/20 (368)'),(1451,'NetworkPort',368,'0',20,'glpi','2012-07-23 13:00:44',0,'',''),(1452,'NetworkEquipment',4,'NetworkPort',17,'glpi','2012-07-23 13:00:44',0,'','Gi1/21 (369)'),(1453,'NetworkPort',369,'0',20,'glpi','2012-07-23 13:00:44',0,'',''),(1454,'NetworkEquipment',4,'NetworkPort',17,'glpi','2012-07-23 13:00:44',0,'','Gi1/22 (370)'),(1455,'NetworkPort',370,'0',20,'glpi','2012-07-23 13:00:44',0,'',''),(1456,'NetworkEquipment',4,'NetworkPort',17,'glpi','2012-07-23 13:00:44',0,'','Gi1/23 (371)'),(1457,'NetworkPort',371,'0',20,'glpi','2012-07-23 13:00:44',0,'',''),(1458,'NetworkEquipment',4,'NetworkPort',17,'glpi','2012-07-23 13:00:44',0,'','Gi1/24 (372)'),(1459,'NetworkPort',372,'0',20,'glpi','2012-07-23 13:00:44',0,'',''),(1460,'NetworkEquipment',4,'NetworkPort',17,'glpi','2012-07-23 13:00:44',0,'','Gi1/25 (373)'),(1461,'NetworkPort',373,'0',20,'glpi','2012-07-23 13:00:44',0,'',''),(1462,'NetworkEquipment',4,'NetworkPort',17,'glpi','2012-07-23 13:00:44',0,'','Gi1/26 (374)'),(1463,'NetworkPort',374,'0',20,'glpi','2012-07-23 13:00:44',0,'',''),(1464,'NetworkEquipment',4,'NetworkPort',17,'glpi','2012-07-23 13:00:44',0,'','Gi1/27 (375)'),(1465,'NetworkPort',375,'0',20,'glpi','2012-07-23 13:00:44',0,'',''),(1466,'NetworkEquipment',4,'NetworkPort',17,'glpi','2012-07-23 13:00:44',0,'','Gi1/28 (376)'),(1467,'NetworkPort',376,'0',20,'glpi','2012-07-23 13:00:44',0,'',''),(1468,'NetworkEquipment',4,'NetworkPort',17,'glpi','2012-07-23 13:00:44',0,'','Gi1/29 (377)'),(1469,'NetworkPort',377,'0',20,'glpi','2012-07-23 13:00:44',0,'',''),(1470,'NetworkEquipment',4,'NetworkPort',17,'glpi','2012-07-23 13:00:44',0,'','Gi1/30 (378)'),(1471,'NetworkPort',378,'0',20,'glpi','2012-07-23 13:00:44',0,'',''),(1472,'NetworkEquipment',4,'NetworkPort',17,'glpi','2012-07-23 13:00:44',0,'','Gi1/31 (379)'),(1473,'NetworkPort',379,'0',20,'glpi','2012-07-23 13:00:44',0,'',''),(1474,'NetworkEquipment',4,'NetworkPort',17,'glpi','2012-07-23 13:00:44',0,'','Gi1/32 (380)'),(1475,'NetworkPort',380,'0',20,'glpi','2012-07-23 13:00:44',0,'',''),(1476,'NetworkEquipment',4,'NetworkPort',17,'glpi','2012-07-23 13:00:44',0,'','Gi1/33 (381)'),(1477,'NetworkPort',381,'0',20,'glpi','2012-07-23 13:00:44',0,'',''),(1478,'NetworkEquipment',4,'NetworkPort',17,'glpi','2012-07-23 13:00:44',0,'','Gi1/34 (382)'),(1479,'NetworkPort',382,'0',20,'glpi','2012-07-23 13:00:44',0,'',''),(1480,'NetworkEquipment',4,'NetworkPort',17,'glpi','2012-07-23 13:00:44',0,'','Gi1/35 (383)'),(1481,'NetworkPort',383,'0',20,'glpi','2012-07-23 13:00:44',0,'',''),(1482,'NetworkEquipment',4,'NetworkPort',17,'glpi','2012-07-23 13:00:44',0,'','Gi1/36 (384)'),(1483,'NetworkPort',384,'0',20,'glpi','2012-07-23 13:00:44',0,'',''),(1484,'NetworkEquipment',4,'NetworkPort',17,'glpi','2012-07-23 13:00:44',0,'','Gi1/37 (385)'),(1485,'NetworkPort',385,'0',20,'glpi','2012-07-23 13:00:44',0,'',''),(1486,'NetworkEquipment',4,'NetworkPort',17,'glpi','2012-07-23 13:00:44',0,'','Gi1/38 (386)'),(1487,'NetworkPort',386,'0',20,'glpi','2012-07-23 13:00:44',0,'',''),(1488,'NetworkEquipment',4,'NetworkPort',17,'glpi','2012-07-23 13:00:44',0,'','Gi1/39 (387)'),(1489,'NetworkPort',387,'0',20,'glpi','2012-07-23 13:00:44',0,'',''),(1490,'NetworkEquipment',4,'NetworkPort',17,'glpi','2012-07-23 13:00:44',0,'','Gi1/40 (388)'),(1491,'NetworkPort',388,'0',20,'glpi','2012-07-23 13:00:44',0,'',''),(1492,'NetworkEquipment',4,'NetworkPort',17,'glpi','2012-07-23 13:00:44',0,'','Gi1/41 (389)'),(1493,'NetworkPort',389,'0',20,'glpi','2012-07-23 13:00:44',0,'',''),(1494,'NetworkEquipment',4,'NetworkPort',17,'glpi','2012-07-23 13:00:44',0,'','Gi1/42 (390)'),(1495,'NetworkPort',390,'0',20,'glpi','2012-07-23 13:00:44',0,'',''),(1496,'NetworkEquipment',4,'NetworkPort',17,'glpi','2012-07-23 13:00:44',0,'','Gi1/43 (391)'),(1497,'NetworkPort',391,'0',20,'glpi','2012-07-23 13:00:44',0,'',''),(1498,'NetworkEquipment',4,'NetworkPort',17,'glpi','2012-07-23 13:00:44',0,'','Gi1/44 (392)'),(1499,'NetworkPort',392,'0',20,'glpi','2012-07-23 13:00:44',0,'',''),(1500,'NetworkEquipment',4,'NetworkPort',17,'glpi','2012-07-23 13:00:44',0,'','Gi1/45 (393)'),(1501,'NetworkPort',393,'0',20,'glpi','2012-07-23 13:00:44',0,'',''),(1502,'NetworkEquipment',4,'NetworkPort',17,'glpi','2012-07-23 13:00:44',0,'','Gi1/46 (394)'),(1503,'NetworkPort',394,'0',20,'glpi','2012-07-23 13:00:44',0,'',''),(1504,'NetworkEquipment',4,'NetworkPort',17,'glpi','2012-07-23 13:00:44',0,'','Gi1/47 (395)'),(1505,'NetworkPort',395,'0',20,'glpi','2012-07-23 13:00:44',0,'',''),(1506,'NetworkEquipment',4,'NetworkPort',17,'glpi','2012-07-23 13:00:44',0,'','Gi1/48 (396)'),(1507,'NetworkPort',396,'0',20,'glpi','2012-07-23 13:00:44',0,'',''),(1508,'NetworkEquipment',4,'NetworkPort',17,'glpi','2012-07-23 13:01:02',0,'','Gi6/01 (397)'),(1509,'NetworkPort',397,'0',20,'glpi','2012-07-23 13:01:02',0,'',''),(1510,'NetworkEquipment',4,'NetworkPort',17,'glpi','2012-07-23 13:01:02',0,'','Gi6/02 (398)'),(1511,'NetworkPort',398,'0',20,'glpi','2012-07-23 13:01:02',0,'',''),(1512,'NetworkEquipment',4,'NetworkPort',17,'glpi','2012-07-23 13:01:02',0,'','Gi6/03 (399)'),(1513,'NetworkPort',399,'0',20,'glpi','2012-07-23 13:01:02',0,'',''),(1514,'NetworkEquipment',4,'NetworkPort',17,'glpi','2012-07-23 13:01:02',0,'','Gi6/04 (400)'),(1515,'NetworkPort',400,'0',20,'glpi','2012-07-23 13:01:02',0,'',''),(1516,'NetworkEquipment',4,'NetworkPort',17,'glpi','2012-07-23 13:01:02',0,'','Gi6/05 (401)'),(1517,'NetworkPort',401,'0',20,'glpi','2012-07-23 13:01:02',0,'',''),(1518,'NetworkEquipment',4,'NetworkPort',17,'glpi','2012-07-23 13:01:02',0,'','Gi6/06 (402)'),(1519,'NetworkPort',402,'0',20,'glpi','2012-07-23 13:01:02',0,'',''),(1520,'NetworkEquipment',4,'NetworkPort',17,'glpi','2012-07-23 13:01:02',0,'','Gi6/07 (403)'),(1521,'NetworkPort',403,'0',20,'glpi','2012-07-23 13:01:02',0,'',''),(1522,'NetworkEquipment',4,'NetworkPort',17,'glpi','2012-07-23 13:01:02',0,'','Gi6/08 (404)'),(1523,'NetworkPort',404,'0',20,'glpi','2012-07-23 13:01:02',0,'',''),(1524,'NetworkEquipment',4,'NetworkPort',17,'glpi','2012-07-23 13:01:02',0,'','Gi6/09 (405)'),(1525,'NetworkPort',405,'0',20,'glpi','2012-07-23 13:01:02',0,'',''),(1526,'NetworkEquipment',4,'NetworkPort',17,'glpi','2012-07-23 13:01:02',0,'','Gi6/10 (406)'),(1527,'NetworkPort',406,'0',20,'glpi','2012-07-23 13:01:02',0,'',''),(1528,'NetworkEquipment',4,'NetworkPort',17,'glpi','2012-07-23 13:01:02',0,'','Gi6/11 (407)'),(1529,'NetworkPort',407,'0',20,'glpi','2012-07-23 13:01:02',0,'',''),(1530,'NetworkEquipment',4,'NetworkPort',17,'glpi','2012-07-23 13:01:02',0,'','Gi6/12 (408)'),(1531,'NetworkPort',408,'0',20,'glpi','2012-07-23 13:01:02',0,'',''),(1532,'NetworkEquipment',4,'NetworkPort',17,'glpi','2012-07-23 13:01:02',0,'','Gi6/13 (409)'),(1533,'NetworkPort',409,'0',20,'glpi','2012-07-23 13:01:02',0,'',''),(1534,'NetworkEquipment',4,'NetworkPort',17,'glpi','2012-07-23 13:01:02',0,'','Gi6/14 (410)'),(1535,'NetworkPort',410,'0',20,'glpi','2012-07-23 13:01:02',0,'',''),(1536,'NetworkEquipment',4,'NetworkPort',17,'glpi','2012-07-23 13:01:02',0,'','Gi6/15 (411)'),(1537,'NetworkPort',411,'0',20,'glpi','2012-07-23 13:01:02',0,'',''),(1538,'NetworkEquipment',4,'NetworkPort',17,'glpi','2012-07-23 13:01:02',0,'','Gi6/16 (412)'),(1539,'NetworkPort',412,'0',20,'glpi','2012-07-23 13:01:02',0,'',''),(1540,'NetworkEquipment',4,'NetworkPort',17,'glpi','2012-07-23 13:01:02',0,'','Gi6/17 (413)'),(1541,'NetworkPort',413,'0',20,'glpi','2012-07-23 13:01:02',0,'',''),(1542,'NetworkEquipment',4,'NetworkPort',17,'glpi','2012-07-23 13:01:02',0,'','Gi6/18 (414)'),(1543,'NetworkPort',414,'0',20,'glpi','2012-07-23 13:01:02',0,'',''),(1544,'NetworkEquipment',4,'NetworkPort',17,'glpi','2012-07-23 13:01:02',0,'','Gi6/19 (415)'),(1545,'NetworkPort',415,'0',20,'glpi','2012-07-23 13:01:02',0,'',''),(1546,'NetworkEquipment',4,'NetworkPort',17,'glpi','2012-07-23 13:01:02',0,'','Gi6/20 (416)'),(1547,'NetworkPort',416,'0',20,'glpi','2012-07-23 13:01:02',0,'',''),(1548,'NetworkEquipment',4,'NetworkPort',17,'glpi','2012-07-23 13:01:02',0,'','Gi6/21 (417)'),(1549,'NetworkPort',417,'0',20,'glpi','2012-07-23 13:01:02',0,'',''),(1550,'NetworkEquipment',4,'NetworkPort',17,'glpi','2012-07-23 13:01:02',0,'','Gi6/22 (418)'),(1551,'NetworkPort',418,'0',20,'glpi','2012-07-23 13:01:02',0,'',''),(1552,'NetworkEquipment',4,'NetworkPort',17,'glpi','2012-07-23 13:01:02',0,'','Gi6/23 (419)'),(1553,'NetworkPort',419,'0',20,'glpi','2012-07-23 13:01:02',0,'',''),(1554,'NetworkEquipment',4,'NetworkPort',17,'glpi','2012-07-23 13:01:02',0,'','Gi6/24 (420)'),(1555,'NetworkPort',420,'0',20,'glpi','2012-07-23 13:01:02',0,'',''),(1556,'NetworkEquipment',4,'NetworkPort',17,'glpi','2012-07-23 13:01:02',0,'','Gi6/25 (421)'),(1557,'NetworkPort',421,'0',20,'glpi','2012-07-23 13:01:02',0,'',''),(1558,'NetworkEquipment',4,'NetworkPort',17,'glpi','2012-07-23 13:01:02',0,'','Gi6/26 (422)'),(1559,'NetworkPort',422,'0',20,'glpi','2012-07-23 13:01:02',0,'',''),(1560,'NetworkEquipment',4,'NetworkPort',17,'glpi','2012-07-23 13:01:02',0,'','Gi6/27 (423)'),(1561,'NetworkPort',423,'0',20,'glpi','2012-07-23 13:01:02',0,'',''),(1562,'NetworkEquipment',4,'NetworkPort',17,'glpi','2012-07-23 13:01:02',0,'','Gi6/28 (424)'),(1563,'NetworkPort',424,'0',20,'glpi','2012-07-23 13:01:02',0,'',''),(1564,'NetworkEquipment',4,'NetworkPort',17,'glpi','2012-07-23 13:01:02',0,'','Gi6/29 (425)'),(1565,'NetworkPort',425,'0',20,'glpi','2012-07-23 13:01:02',0,'',''),(1566,'NetworkEquipment',4,'NetworkPort',17,'glpi','2012-07-23 13:01:02',0,'','Gi6/30 (426)'),(1567,'NetworkPort',426,'0',20,'glpi','2012-07-23 13:01:02',0,'',''),(1568,'NetworkEquipment',4,'NetworkPort',17,'glpi','2012-07-23 13:01:02',0,'','Gi6/31 (427)'),(1569,'NetworkPort',427,'0',20,'glpi','2012-07-23 13:01:02',0,'',''),(1570,'NetworkEquipment',4,'NetworkPort',17,'glpi','2012-07-23 13:01:02',0,'','Gi6/32 (428)'),(1571,'NetworkPort',428,'0',20,'glpi','2012-07-23 13:01:02',0,'',''),(1572,'NetworkEquipment',4,'NetworkPort',17,'glpi','2012-07-23 13:01:02',0,'','Gi6/33 (429)'),(1573,'NetworkPort',429,'0',20,'glpi','2012-07-23 13:01:02',0,'',''),(1574,'NetworkEquipment',4,'NetworkPort',17,'glpi','2012-07-23 13:01:02',0,'','Gi6/34 (430)'),(1575,'NetworkPort',430,'0',20,'glpi','2012-07-23 13:01:02',0,'',''),(1576,'NetworkEquipment',4,'NetworkPort',17,'glpi','2012-07-23 13:01:02',0,'','Gi6/35 (431)'),(1577,'NetworkPort',431,'0',20,'glpi','2012-07-23 13:01:02',0,'',''),(1578,'NetworkEquipment',4,'NetworkPort',17,'glpi','2012-07-23 13:01:02',0,'','Gi6/36 (432)'),(1579,'NetworkPort',432,'0',20,'glpi','2012-07-23 13:01:02',0,'',''),(1580,'NetworkEquipment',4,'NetworkPort',17,'glpi','2012-07-23 13:01:02',0,'','Gi6/37 (433)'),(1581,'NetworkPort',433,'0',20,'glpi','2012-07-23 13:01:02',0,'',''),(1582,'NetworkEquipment',4,'NetworkPort',17,'glpi','2012-07-23 13:01:02',0,'','Gi6/38 (434)'),(1583,'NetworkPort',434,'0',20,'glpi','2012-07-23 13:01:02',0,'',''),(1584,'NetworkEquipment',4,'NetworkPort',17,'glpi','2012-07-23 13:01:02',0,'','Gi6/39 (435)'),(1585,'NetworkPort',435,'0',20,'glpi','2012-07-23 13:01:02',0,'',''),(1586,'NetworkEquipment',4,'NetworkPort',17,'glpi','2012-07-23 13:01:02',0,'','Gi6/40 (436)'),(1587,'NetworkPort',436,'0',20,'glpi','2012-07-23 13:01:02',0,'',''),(1588,'NetworkEquipment',4,'NetworkPort',17,'glpi','2012-07-23 13:01:02',0,'','Gi6/41 (437)'),(1589,'NetworkPort',437,'0',20,'glpi','2012-07-23 13:01:02',0,'',''),(1590,'NetworkEquipment',4,'NetworkPort',17,'glpi','2012-07-23 13:01:02',0,'','Gi6/42 (438)'),(1591,'NetworkPort',438,'0',20,'glpi','2012-07-23 13:01:02',0,'',''),(1592,'NetworkEquipment',4,'NetworkPort',17,'glpi','2012-07-23 13:01:02',0,'','Gi6/43 (439)'),(1593,'NetworkPort',439,'0',20,'glpi','2012-07-23 13:01:02',0,'',''),(1594,'NetworkEquipment',4,'NetworkPort',17,'glpi','2012-07-23 13:01:02',0,'','Gi6/44 (440)'),(1595,'NetworkPort',440,'0',20,'glpi','2012-07-23 13:01:02',0,'',''),(1596,'NetworkEquipment',4,'NetworkPort',17,'glpi','2012-07-23 13:01:02',0,'','Gi6/45 (441)'),(1597,'NetworkPort',441,'0',20,'glpi','2012-07-23 13:01:02',0,'',''),(1598,'NetworkEquipment',4,'NetworkPort',17,'glpi','2012-07-23 13:01:02',0,'','Gi6/46 (442)'),(1599,'NetworkPort',442,'0',20,'glpi','2012-07-23 13:01:02',0,'',''),(1600,'NetworkEquipment',4,'NetworkPort',17,'glpi','2012-07-23 13:01:02',0,'','Gi6/47 (443)'),(1601,'NetworkPort',443,'0',20,'glpi','2012-07-23 13:01:02',0,'',''),(1602,'NetworkEquipment',4,'NetworkPort',17,'glpi','2012-07-23 13:01:02',0,'','Gi6/48 (444)'),(1603,'NetworkPort',444,'0',20,'glpi','2012-07-23 13:01:02',0,'',''),(1604,'NetworkEquipment',4,'NetworkPort',17,'glpi','2012-07-23 13:01:24',0,'','Gi/201 (445)'),(2599,'NetworkEquipment',4,'NetworkPort',19,'glpi','2012-07-30 10:14:17',0,'Gi/201 (445)',''),(1606,'NetworkEquipment',4,'NetworkPort',17,'glpi','2012-07-23 13:01:24',0,'','Gi/202 (446)'),(2600,'NetworkEquipment',4,'NetworkPort',19,'glpi','2012-07-30 10:14:17',0,'Gi/202 (446)',''),(1608,'NetworkEquipment',4,'NetworkPort',17,'glpi','2012-07-23 13:01:24',0,'','Gi/203 (447)'),(2601,'NetworkEquipment',4,'NetworkPort',19,'glpi','2012-07-30 10:14:17',0,'Gi/203 (447)',''),(1610,'NetworkEquipment',4,'NetworkPort',17,'glpi','2012-07-23 13:01:24',0,'','Gi/204 (448)'),(2602,'NetworkEquipment',4,'NetworkPort',19,'glpi','2012-07-30 10:14:17',0,'Gi/204 (448)',''),(1612,'NetworkEquipment',4,'NetworkPort',17,'glpi','2012-07-23 13:01:24',0,'','Gi/205 (449)'),(2603,'NetworkEquipment',4,'NetworkPort',19,'glpi','2012-07-30 10:14:17',0,'Gi/205 (449)',''),(1614,'NetworkEquipment',4,'NetworkPort',17,'glpi','2012-07-23 13:01:24',0,'','Gi/206 (450)'),(2604,'NetworkEquipment',4,'NetworkPort',19,'glpi','2012-07-30 10:14:17',0,'Gi/206 (450)',''),(1616,'NetworkEquipment',4,'NetworkPort',17,'glpi','2012-07-23 13:01:24',0,'','Gi/207 (451)'),(2605,'NetworkEquipment',4,'NetworkPort',19,'glpi','2012-07-30 10:14:17',0,'Gi/207 (451)',''),(1618,'NetworkEquipment',4,'NetworkPort',17,'glpi','2012-07-23 13:01:24',0,'','Gi/208 (452)'),(2606,'NetworkEquipment',4,'NetworkPort',19,'glpi','2012-07-30 10:14:17',0,'Gi/208 (452)',''),(1620,'NetworkEquipment',4,'NetworkPort',17,'glpi','2012-07-23 13:01:24',0,'','Gi/209 (453)'),(2607,'NetworkEquipment',4,'NetworkPort',19,'glpi','2012-07-30 10:14:17',0,'Gi/209 (453)',''),(1622,'NetworkEquipment',4,'NetworkPort',17,'glpi','2012-07-23 13:01:24',0,'','Gi/210 (454)'),(2608,'NetworkEquipment',4,'NetworkPort',19,'glpi','2012-07-30 10:14:17',0,'Gi/210 (454)',''),(1624,'NetworkEquipment',4,'NetworkPort',17,'glpi','2012-07-23 13:01:24',0,'','Gi/211 (455)'),(2609,'NetworkEquipment',4,'NetworkPort',19,'glpi','2012-07-30 10:14:17',0,'Gi/211 (455)',''),(1626,'NetworkEquipment',4,'NetworkPort',17,'glpi','2012-07-23 13:01:24',0,'','Gi/212 (456)'),(2610,'NetworkEquipment',4,'NetworkPort',19,'glpi','2012-07-30 10:14:17',0,'Gi/212 (456)',''),(1628,'NetworkEquipment',4,'NetworkPort',17,'glpi','2012-07-23 13:01:24',0,'','Gi/213 (457)'),(2611,'NetworkEquipment',4,'NetworkPort',19,'glpi','2012-07-30 10:14:17',0,'Gi/213 (457)',''),(1630,'NetworkEquipment',4,'NetworkPort',17,'glpi','2012-07-23 13:01:24',0,'','Gi/214 (458)'),(2612,'NetworkEquipment',4,'NetworkPort',19,'glpi','2012-07-30 10:14:17',0,'Gi/214 (458)',''),(1632,'NetworkEquipment',4,'NetworkPort',17,'glpi','2012-07-23 13:01:24',0,'','Gi/215 (459)'),(2613,'NetworkEquipment',4,'NetworkPort',19,'glpi','2012-07-30 10:14:17',0,'Gi/215 (459)',''),(1634,'NetworkEquipment',4,'NetworkPort',17,'glpi','2012-07-23 13:01:24',0,'','Gi/216 (460)'),(2614,'NetworkEquipment',4,'NetworkPort',19,'glpi','2012-07-30 10:14:17',0,'Gi/216 (460)',''),(1636,'NetworkEquipment',4,'NetworkPort',17,'glpi','2012-07-23 13:01:24',0,'','Gi/217 (461)'),(2615,'NetworkEquipment',4,'NetworkPort',19,'glpi','2012-07-30 10:14:17',0,'Gi/217 (461)',''),(1638,'NetworkEquipment',4,'NetworkPort',17,'glpi','2012-07-23 13:01:24',0,'','Gi/218 (462)'),(2616,'NetworkEquipment',4,'NetworkPort',19,'glpi','2012-07-30 10:14:17',0,'Gi/218 (462)',''),(1640,'NetworkEquipment',4,'NetworkPort',17,'glpi','2012-07-23 13:01:24',0,'','Gi/219 (463)'),(2617,'NetworkEquipment',4,'NetworkPort',19,'glpi','2012-07-30 10:14:17',0,'Gi/219 (463)',''),(1642,'NetworkEquipment',4,'NetworkPort',17,'glpi','2012-07-23 13:01:24',0,'','Gi/220 (464)'),(2618,'NetworkEquipment',4,'NetworkPort',19,'glpi','2012-07-30 10:14:17',0,'Gi/220 (464)',''),(1644,'NetworkEquipment',4,'NetworkPort',17,'glpi','2012-07-23 13:01:24',0,'','Gi/221 (465)'),(2619,'NetworkEquipment',4,'NetworkPort',19,'glpi','2012-07-30 10:14:17',0,'Gi/221 (465)',''),(1646,'NetworkEquipment',4,'NetworkPort',17,'glpi','2012-07-23 13:01:24',0,'','Gi/222 (466)'),(2620,'NetworkEquipment',4,'NetworkPort',19,'glpi','2012-07-30 10:14:17',0,'Gi/222 (466)',''),(1648,'NetworkEquipment',4,'NetworkPort',17,'glpi','2012-07-23 13:01:24',0,'','Gi/223 (467)'),(2621,'NetworkEquipment',4,'NetworkPort',19,'glpi','2012-07-30 10:14:17',0,'Gi/223 (467)',''),(1650,'NetworkEquipment',4,'NetworkPort',17,'glpi','2012-07-23 13:01:24',0,'','Gi/224 (468)'),(2622,'NetworkEquipment',4,'NetworkPort',19,'glpi','2012-07-30 10:14:17',0,'Gi/224 (468)',''),(1652,'NetworkEquipment',4,'NetworkPort',17,'glpi','2012-07-23 13:01:24',0,'','Gi/225 (469)'),(2623,'NetworkEquipment',4,'NetworkPort',19,'glpi','2012-07-30 10:14:17',0,'Gi/225 (469)',''),(1654,'NetworkEquipment',4,'NetworkPort',17,'glpi','2012-07-23 13:01:24',0,'','Gi/226 (470)'),(2624,'NetworkEquipment',4,'NetworkPort',19,'glpi','2012-07-30 10:14:17',0,'Gi/226 (470)',''),(1656,'NetworkEquipment',4,'NetworkPort',17,'glpi','2012-07-23 13:01:24',0,'','Gi/227 (471)'),(2625,'NetworkEquipment',4,'NetworkPort',19,'glpi','2012-07-30 10:14:17',0,'Gi/227 (471)',''),(1658,'NetworkEquipment',4,'NetworkPort',17,'glpi','2012-07-23 13:01:24',0,'','Gi/228 (472)'),(2626,'NetworkEquipment',4,'NetworkPort',19,'glpi','2012-07-30 10:14:17',0,'Gi/228 (472)',''),(1660,'NetworkEquipment',4,'NetworkPort',17,'glpi','2012-07-23 13:01:24',0,'','Gi/229 (473)'),(2627,'NetworkEquipment',4,'NetworkPort',19,'glpi','2012-07-30 10:14:17',0,'Gi/229 (473)',''),(1662,'NetworkEquipment',4,'NetworkPort',17,'glpi','2012-07-23 13:01:24',0,'','Gi/230 (474)'),(2628,'NetworkEquipment',4,'NetworkPort',19,'glpi','2012-07-30 10:14:17',0,'Gi/230 (474)',''),(1664,'NetworkEquipment',4,'NetworkPort',17,'glpi','2012-07-23 13:01:24',0,'','Gi/231 (475)'),(2629,'NetworkEquipment',4,'NetworkPort',19,'glpi','2012-07-30 10:14:17',0,'Gi/231 (475)',''),(1666,'NetworkEquipment',4,'NetworkPort',17,'glpi','2012-07-23 13:01:24',0,'','Gi/232 (476)'),(2630,'NetworkEquipment',4,'NetworkPort',19,'glpi','2012-07-30 10:14:17',0,'Gi/232 (476)',''),(1668,'NetworkEquipment',4,'NetworkPort',17,'glpi','2012-07-23 13:01:24',0,'','Gi/233 (477)'),(2631,'NetworkEquipment',4,'NetworkPort',19,'glpi','2012-07-30 10:14:17',0,'Gi/233 (477)',''),(1670,'NetworkEquipment',4,'NetworkPort',17,'glpi','2012-07-23 13:01:24',0,'','Gi/234 (478)'),(2632,'NetworkEquipment',4,'NetworkPort',19,'glpi','2012-07-30 10:14:17',0,'Gi/234 (478)',''),(1672,'NetworkEquipment',4,'NetworkPort',17,'glpi','2012-07-23 13:01:24',0,'','Gi/235 (479)'),(2633,'NetworkEquipment',4,'NetworkPort',19,'glpi','2012-07-30 10:14:17',0,'Gi/235 (479)',''),(1674,'NetworkEquipment',4,'NetworkPort',17,'glpi','2012-07-23 13:01:24',0,'','Gi/236 (480)'),(2634,'NetworkEquipment',4,'NetworkPort',19,'glpi','2012-07-30 10:14:17',0,'Gi/236 (480)',''),(1676,'NetworkEquipment',4,'NetworkPort',17,'glpi','2012-07-23 13:01:24',0,'','Gi/237 (481)'),(2635,'NetworkEquipment',4,'NetworkPort',19,'glpi','2012-07-30 10:14:17',0,'Gi/237 (481)',''),(1678,'NetworkEquipment',4,'NetworkPort',17,'glpi','2012-07-23 13:01:24',0,'','Gi/238 (482)'),(2636,'NetworkEquipment',4,'NetworkPort',19,'glpi','2012-07-30 10:14:17',0,'Gi/238 (482)',''),(1680,'NetworkEquipment',4,'NetworkPort',17,'glpi','2012-07-23 13:01:24',0,'','Gi/239 (483)'),(2637,'NetworkEquipment',4,'NetworkPort',19,'glpi','2012-07-30 10:14:17',0,'Gi/239 (483)',''),(1682,'NetworkEquipment',4,'NetworkPort',17,'glpi','2012-07-23 13:01:24',0,'','Gi/240 (484)'),(2638,'NetworkEquipment',4,'NetworkPort',19,'glpi','2012-07-30 10:14:17',0,'Gi/240 (484)',''),(1684,'NetworkEquipment',4,'NetworkPort',17,'glpi','2012-07-23 13:01:24',0,'','Gi/241 (485)'),(2639,'NetworkEquipment',4,'NetworkPort',19,'glpi','2012-07-30 10:14:17',0,'Gi/241 (485)',''),(1686,'NetworkEquipment',4,'NetworkPort',17,'glpi','2012-07-23 13:01:24',0,'','Gi/242 (486)'),(2640,'NetworkEquipment',4,'NetworkPort',19,'glpi','2012-07-30 10:14:17',0,'Gi/242 (486)',''),(1688,'NetworkEquipment',4,'NetworkPort',17,'glpi','2012-07-23 13:01:24',0,'','Gi/243 (487)'),(2641,'NetworkEquipment',4,'NetworkPort',19,'glpi','2012-07-30 10:14:17',0,'Gi/243 (487)',''),(1690,'NetworkEquipment',4,'NetworkPort',17,'glpi','2012-07-23 13:01:24',0,'','Gi/244 (488)'),(2642,'NetworkEquipment',4,'NetworkPort',19,'glpi','2012-07-30 10:14:17',0,'Gi/244 (488)',''),(1692,'NetworkEquipment',4,'NetworkPort',17,'glpi','2012-07-23 13:01:24',0,'','Gi/245 (489)'),(2643,'NetworkEquipment',4,'NetworkPort',19,'glpi','2012-07-30 10:14:17',0,'Gi/245 (489)',''),(1694,'NetworkEquipment',4,'NetworkPort',17,'glpi','2012-07-23 13:01:24',0,'','Gi/246 (490)'),(2644,'NetworkEquipment',4,'NetworkPort',19,'glpi','2012-07-30 10:14:17',0,'Gi/246 (490)',''),(1696,'NetworkEquipment',4,'NetworkPort',17,'glpi','2012-07-23 13:01:24',0,'','Gi/247 (491)'),(2645,'NetworkEquipment',4,'NetworkPort',19,'glpi','2012-07-30 10:14:17',0,'Gi/247 (491)',''),(1698,'NetworkEquipment',4,'NetworkPort',17,'glpi','2012-07-23 13:01:24',0,'','Gi/248 (492)'),(2646,'NetworkEquipment',4,'NetworkPort',19,'glpi','2012-07-30 10:14:17',0,'Gi/248 (492)',''),(1700,'NetworkEquipment',4,'NetworkPort',17,'glpi','2012-07-23 13:01:38',0,'','Gi3/01 (493)'),(1701,'NetworkPort',493,'0',20,'glpi','2012-07-23 13:01:38',0,'',''),(1702,'NetworkEquipment',4,'NetworkPort',17,'glpi','2012-07-23 13:01:38',0,'','Gi3/02 (494)'),(1703,'NetworkPort',494,'0',20,'glpi','2012-07-23 13:01:38',0,'',''),(1704,'NetworkEquipment',4,'NetworkPort',17,'glpi','2012-07-23 13:01:38',0,'','Gi3/03 (495)'),(1705,'NetworkPort',495,'0',20,'glpi','2012-07-23 13:01:38',0,'',''),(1706,'NetworkEquipment',4,'NetworkPort',17,'glpi','2012-07-23 13:01:38',0,'','Gi3/04 (496)'),(1707,'NetworkPort',496,'0',20,'glpi','2012-07-23 13:01:38',0,'',''),(1708,'NetworkEquipment',4,'NetworkPort',17,'glpi','2012-07-23 13:01:38',0,'','Gi3/05 (497)'),(1709,'NetworkPort',497,'0',20,'glpi','2012-07-23 13:01:38',0,'',''),(1710,'NetworkEquipment',4,'NetworkPort',17,'glpi','2012-07-23 13:01:38',0,'','Gi3/06 (498)'),(1711,'NetworkPort',498,'0',20,'glpi','2012-07-23 13:01:38',0,'',''),(1712,'NetworkEquipment',4,'NetworkPort',17,'glpi','2012-07-23 13:01:38',0,'','Gi3/07 (499)'),(1713,'NetworkPort',499,'0',20,'glpi','2012-07-23 13:01:38',0,'',''),(1714,'NetworkEquipment',4,'NetworkPort',17,'glpi','2012-07-23 13:01:38',0,'','Gi3/08 (500)'),(1715,'NetworkPort',500,'0',20,'glpi','2012-07-23 13:01:38',0,'',''),(1716,'NetworkEquipment',4,'NetworkPort',17,'glpi','2012-07-23 13:01:38',0,'','Gi3/09 (501)'),(1717,'NetworkPort',501,'0',20,'glpi','2012-07-23 13:01:38',0,'',''),(1718,'NetworkEquipment',4,'NetworkPort',17,'glpi','2012-07-23 13:01:38',0,'','Gi3/10 (502)'),(1719,'NetworkPort',502,'0',20,'glpi','2012-07-23 13:01:38',0,'',''),(1720,'NetworkEquipment',4,'NetworkPort',17,'glpi','2012-07-23 13:01:38',0,'','Gi3/11 (503)'),(1721,'NetworkPort',503,'0',20,'glpi','2012-07-23 13:01:38',0,'',''),(1722,'NetworkEquipment',4,'NetworkPort',17,'glpi','2012-07-23 13:01:38',0,'','Gi3/12 (504)'),(1723,'NetworkPort',504,'0',20,'glpi','2012-07-23 13:01:38',0,'',''),(1724,'NetworkEquipment',4,'NetworkPort',17,'glpi','2012-07-23 13:01:38',0,'','Gi3/13 (505)'),(1725,'NetworkPort',505,'0',20,'glpi','2012-07-23 13:01:38',0,'',''),(1726,'NetworkEquipment',4,'NetworkPort',17,'glpi','2012-07-23 13:01:38',0,'','Gi3/14 (506)'),(1727,'NetworkPort',506,'0',20,'glpi','2012-07-23 13:01:38',0,'',''),(1728,'NetworkEquipment',4,'NetworkPort',17,'glpi','2012-07-23 13:01:38',0,'','Gi3/15 (507)'),(1729,'NetworkPort',507,'0',20,'glpi','2012-07-23 13:01:38',0,'',''),(1730,'NetworkEquipment',4,'NetworkPort',17,'glpi','2012-07-23 13:01:38',0,'','Gi3/16 (508)'),(1731,'NetworkPort',508,'0',20,'glpi','2012-07-23 13:01:38',0,'',''),(1732,'NetworkEquipment',4,'NetworkPort',17,'glpi','2012-07-23 13:01:38',0,'','Gi3/17 (509)'),(1733,'NetworkPort',509,'0',20,'glpi','2012-07-23 13:01:38',0,'',''),(1734,'NetworkEquipment',4,'NetworkPort',17,'glpi','2012-07-23 13:01:38',0,'','Gi3/18 (510)'),(1735,'NetworkPort',510,'0',20,'glpi','2012-07-23 13:01:38',0,'',''),(1736,'NetworkEquipment',4,'NetworkPort',17,'glpi','2012-07-23 13:01:38',0,'','Gi3/19 (511)'),(1737,'NetworkPort',511,'0',20,'glpi','2012-07-23 13:01:38',0,'',''),(1738,'NetworkEquipment',4,'NetworkPort',17,'glpi','2012-07-23 13:01:38',0,'','Gi3/20 (512)'),(1739,'NetworkPort',512,'0',20,'glpi','2012-07-23 13:01:38',0,'',''),(1740,'NetworkEquipment',4,'NetworkPort',17,'glpi','2012-07-23 13:01:38',0,'','Gi3/21 (513)'),(1741,'NetworkPort',513,'0',20,'glpi','2012-07-23 13:01:38',0,'',''),(1742,'NetworkEquipment',4,'NetworkPort',17,'glpi','2012-07-23 13:01:38',0,'','Gi3/22 (514)'),(1743,'NetworkPort',514,'0',20,'glpi','2012-07-23 13:01:38',0,'',''),(1744,'NetworkEquipment',4,'NetworkPort',17,'glpi','2012-07-23 13:01:38',0,'','Gi3/23 (515)'),(1745,'NetworkPort',515,'0',20,'glpi','2012-07-23 13:01:38',0,'',''),(1746,'NetworkEquipment',4,'NetworkPort',17,'glpi','2012-07-23 13:01:38',0,'','Gi3/24 (516)'),(1747,'NetworkPort',516,'0',20,'glpi','2012-07-23 13:01:38',0,'',''),(1748,'NetworkEquipment',4,'NetworkPort',17,'glpi','2012-07-23 13:01:38',0,'','Gi3/25 (517)'),(1749,'NetworkPort',517,'0',20,'glpi','2012-07-23 13:01:38',0,'',''),(1750,'NetworkEquipment',4,'NetworkPort',17,'glpi','2012-07-23 13:01:38',0,'','Gi3/26 (518)'),(1751,'NetworkPort',518,'0',20,'glpi','2012-07-23 13:01:38',0,'',''),(1752,'NetworkEquipment',4,'NetworkPort',17,'glpi','2012-07-23 13:01:38',0,'','Gi3/27 (519)'),(1753,'NetworkPort',519,'0',20,'glpi','2012-07-23 13:01:38',0,'',''),(1754,'NetworkEquipment',4,'NetworkPort',17,'glpi','2012-07-23 13:01:38',0,'','Gi3/28 (520)'),(1755,'NetworkPort',520,'0',20,'glpi','2012-07-23 13:01:38',0,'',''),(1756,'NetworkEquipment',4,'NetworkPort',17,'glpi','2012-07-23 13:01:38',0,'','Gi3/29 (521)'),(1757,'NetworkPort',521,'0',20,'glpi','2012-07-23 13:01:38',0,'',''),(1758,'NetworkEquipment',4,'NetworkPort',17,'glpi','2012-07-23 13:01:38',0,'','Gi3/30 (522)'),(1759,'NetworkPort',522,'0',20,'glpi','2012-07-23 13:01:38',0,'',''),(1760,'NetworkEquipment',4,'NetworkPort',17,'glpi','2012-07-23 13:01:38',0,'','Gi3/31 (523)'),(1761,'NetworkPort',523,'0',20,'glpi','2012-07-23 13:01:38',0,'',''),(1762,'NetworkEquipment',4,'NetworkPort',17,'glpi','2012-07-23 13:01:38',0,'','Gi3/32 (524)'),(1763,'NetworkPort',524,'0',20,'glpi','2012-07-23 13:01:38',0,'',''),(1764,'NetworkEquipment',4,'NetworkPort',17,'glpi','2012-07-23 13:01:38',0,'','Gi3/33 (525)'),(1765,'NetworkPort',525,'0',20,'glpi','2012-07-23 13:01:38',0,'',''),(1766,'NetworkEquipment',4,'NetworkPort',17,'glpi','2012-07-23 13:01:38',0,'','Gi3/34 (526)'),(1767,'NetworkPort',526,'0',20,'glpi','2012-07-23 13:01:38',0,'',''),(1768,'NetworkEquipment',4,'NetworkPort',17,'glpi','2012-07-23 13:01:38',0,'','Gi3/35 (527)'),(1769,'NetworkPort',527,'0',20,'glpi','2012-07-23 13:01:38',0,'',''),(1770,'NetworkEquipment',4,'NetworkPort',17,'glpi','2012-07-23 13:01:38',0,'','Gi3/36 (528)'),(1771,'NetworkPort',528,'0',20,'glpi','2012-07-23 13:01:38',0,'',''),(1772,'NetworkEquipment',4,'NetworkPort',17,'glpi','2012-07-23 13:01:38',0,'','Gi3/37 (529)'),(1773,'NetworkPort',529,'0',20,'glpi','2012-07-23 13:01:38',0,'',''),(1774,'NetworkEquipment',4,'NetworkPort',17,'glpi','2012-07-23 13:01:38',0,'','Gi3/38 (530)'),(1775,'NetworkPort',530,'0',20,'glpi','2012-07-23 13:01:38',0,'',''),(1776,'NetworkEquipment',4,'NetworkPort',17,'glpi','2012-07-23 13:01:38',0,'','Gi3/39 (531)'),(1777,'NetworkPort',531,'0',20,'glpi','2012-07-23 13:01:38',0,'',''),(1778,'NetworkEquipment',4,'NetworkPort',17,'glpi','2012-07-23 13:01:38',0,'','Gi3/40 (532)'),(1779,'NetworkPort',532,'0',20,'glpi','2012-07-23 13:01:38',0,'',''),(1780,'NetworkEquipment',4,'NetworkPort',17,'glpi','2012-07-23 13:01:38',0,'','Gi3/41 (533)'),(1781,'NetworkPort',533,'0',20,'glpi','2012-07-23 13:01:38',0,'',''),(1782,'NetworkEquipment',4,'NetworkPort',17,'glpi','2012-07-23 13:01:38',0,'','Gi3/42 (534)'),(1783,'NetworkPort',534,'0',20,'glpi','2012-07-23 13:01:38',0,'',''),(1784,'NetworkEquipment',4,'NetworkPort',17,'glpi','2012-07-23 13:01:38',0,'','Gi3/43 (535)'),(1785,'NetworkPort',535,'0',20,'glpi','2012-07-23 13:01:38',0,'',''),(1786,'NetworkEquipment',4,'NetworkPort',17,'glpi','2012-07-23 13:01:38',0,'','Gi3/44 (536)'),(1787,'NetworkPort',536,'0',20,'glpi','2012-07-23 13:01:38',0,'',''),(1788,'NetworkEquipment',4,'NetworkPort',17,'glpi','2012-07-23 13:01:38',0,'','Gi3/45 (537)'),(1789,'NetworkPort',537,'0',20,'glpi','2012-07-23 13:01:38',0,'',''),(1790,'NetworkEquipment',4,'NetworkPort',17,'glpi','2012-07-23 13:01:38',0,'','Gi3/46 (538)'),(1791,'NetworkPort',538,'0',20,'glpi','2012-07-23 13:01:38',0,'',''),(1792,'NetworkEquipment',4,'NetworkPort',17,'glpi','2012-07-23 13:01:38',0,'','Gi3/47 (539)'),(1793,'NetworkPort',539,'0',20,'glpi','2012-07-23 13:01:38',0,'',''),(1794,'NetworkEquipment',4,'NetworkPort',17,'glpi','2012-07-23 13:01:38',0,'','Gi3/48 (540)'),(1795,'NetworkPort',540,'0',20,'glpi','2012-07-23 13:01:38',0,'',''),(1796,'NetworkEquipment',4,'NetworkPort',17,'glpi','2012-07-23 13:01:55',0,'','Gi4/01 (541)'),(1797,'NetworkPort',541,'0',20,'glpi','2012-07-23 13:01:55',0,'',''),(1798,'NetworkEquipment',4,'NetworkPort',17,'glpi','2012-07-23 13:01:55',0,'','Gi4/02 (542)'),(1799,'NetworkPort',542,'0',20,'glpi','2012-07-23 13:01:55',0,'',''),(1800,'NetworkEquipment',4,'NetworkPort',17,'glpi','2012-07-23 13:01:55',0,'','Gi4/03 (543)'),(1801,'NetworkPort',543,'0',20,'glpi','2012-07-23 13:01:55',0,'',''),(1802,'NetworkEquipment',4,'NetworkPort',17,'glpi','2012-07-23 13:01:55',0,'','Gi4/04 (544)'),(1803,'NetworkPort',544,'0',20,'glpi','2012-07-23 13:01:55',0,'',''),(1804,'NetworkEquipment',4,'NetworkPort',17,'glpi','2012-07-23 13:01:55',0,'','Gi4/05 (545)'),(1805,'NetworkPort',545,'0',20,'glpi','2012-07-23 13:01:55',0,'',''),(1806,'NetworkEquipment',4,'NetworkPort',17,'glpi','2012-07-23 13:01:55',0,'','Gi4/06 (546)'),(1807,'NetworkPort',546,'0',20,'glpi','2012-07-23 13:01:55',0,'',''),(1808,'NetworkEquipment',4,'NetworkPort',17,'glpi','2012-07-23 13:01:55',0,'','Gi4/07 (547)'),(1809,'NetworkPort',547,'0',20,'glpi','2012-07-23 13:01:55',0,'',''),(1810,'NetworkEquipment',4,'NetworkPort',17,'glpi','2012-07-23 13:01:55',0,'','Gi4/08 (548)'),(1811,'NetworkPort',548,'0',20,'glpi','2012-07-23 13:01:55',0,'',''),(1812,'NetworkEquipment',4,'NetworkPort',17,'glpi','2012-07-23 13:01:55',0,'','Gi4/09 (549)'),(1813,'NetworkPort',549,'0',20,'glpi','2012-07-23 13:01:55',0,'',''),(1814,'NetworkEquipment',4,'NetworkPort',17,'glpi','2012-07-23 13:01:55',0,'','Gi4/10 (550)'),(1815,'NetworkPort',550,'0',20,'glpi','2012-07-23 13:01:55',0,'',''),(1816,'NetworkEquipment',4,'NetworkPort',17,'glpi','2012-07-23 13:01:55',0,'','Gi4/11 (551)'),(1817,'NetworkPort',551,'0',20,'glpi','2012-07-23 13:01:55',0,'',''),(1818,'NetworkEquipment',4,'NetworkPort',17,'glpi','2012-07-23 13:01:55',0,'','Gi4/12 (552)'),(1819,'NetworkPort',552,'0',20,'glpi','2012-07-23 13:01:55',0,'',''),(1820,'NetworkEquipment',4,'NetworkPort',17,'glpi','2012-07-23 13:01:55',0,'','Gi4/13 (553)'),(1821,'NetworkPort',553,'0',20,'glpi','2012-07-23 13:01:55',0,'',''),(1822,'NetworkEquipment',4,'NetworkPort',17,'glpi','2012-07-23 13:01:55',0,'','Gi4/14 (554)'),(1823,'NetworkPort',554,'0',20,'glpi','2012-07-23 13:01:55',0,'',''),(1824,'NetworkEquipment',4,'NetworkPort',17,'glpi','2012-07-23 13:01:55',0,'','Gi4/15 (555)'),(1825,'NetworkPort',555,'0',20,'glpi','2012-07-23 13:01:55',0,'',''),(1826,'NetworkEquipment',4,'NetworkPort',17,'glpi','2012-07-23 13:01:55',0,'','Gi4/16 (556)'),(1827,'NetworkPort',556,'0',20,'glpi','2012-07-23 13:01:55',0,'',''),(1828,'NetworkEquipment',4,'NetworkPort',17,'glpi','2012-07-23 13:01:55',0,'','Gi4/17 (557)'),(1829,'NetworkPort',557,'0',20,'glpi','2012-07-23 13:01:55',0,'',''),(1830,'NetworkEquipment',4,'NetworkPort',17,'glpi','2012-07-23 13:01:55',0,'','Gi4/18 (558)'),(1831,'NetworkPort',558,'0',20,'glpi','2012-07-23 13:01:55',0,'',''),(1832,'NetworkEquipment',4,'NetworkPort',17,'glpi','2012-07-23 13:01:55',0,'','Gi4/19 (559)'),(1833,'NetworkPort',559,'0',20,'glpi','2012-07-23 13:01:55',0,'',''),(1834,'NetworkEquipment',4,'NetworkPort',17,'glpi','2012-07-23 13:01:55',0,'','Gi4/20 (560)'),(1835,'NetworkPort',560,'0',20,'glpi','2012-07-23 13:01:55',0,'',''),(1836,'NetworkEquipment',4,'NetworkPort',17,'glpi','2012-07-23 13:01:55',0,'','Gi4/21 (561)'),(1837,'NetworkPort',561,'0',20,'glpi','2012-07-23 13:01:55',0,'',''),(1838,'NetworkEquipment',4,'NetworkPort',17,'glpi','2012-07-23 13:01:55',0,'','Gi4/22 (562)'),(1839,'NetworkPort',562,'0',20,'glpi','2012-07-23 13:01:55',0,'',''),(1840,'NetworkEquipment',4,'NetworkPort',17,'glpi','2012-07-23 13:01:55',0,'','Gi4/23 (563)'),(1841,'NetworkPort',563,'0',20,'glpi','2012-07-23 13:01:55',0,'',''),(1842,'NetworkEquipment',4,'NetworkPort',17,'glpi','2012-07-23 13:01:55',0,'','Gi4/24 (564)'),(1843,'NetworkPort',564,'0',20,'glpi','2012-07-23 13:01:55',0,'',''),(1844,'NetworkEquipment',4,'NetworkPort',17,'glpi','2012-07-23 13:01:55',0,'','Gi4/25 (565)'),(1845,'NetworkPort',565,'0',20,'glpi','2012-07-23 13:01:55',0,'',''),(1846,'NetworkEquipment',4,'NetworkPort',17,'glpi','2012-07-23 13:01:55',0,'','Gi4/26 (566)'),(1847,'NetworkPort',566,'0',20,'glpi','2012-07-23 13:01:55',0,'',''),(1848,'NetworkEquipment',4,'NetworkPort',17,'glpi','2012-07-23 13:01:55',0,'','Gi4/27 (567)'),(1849,'NetworkPort',567,'0',20,'glpi','2012-07-23 13:01:55',0,'',''),(1850,'NetworkEquipment',4,'NetworkPort',17,'glpi','2012-07-23 13:01:55',0,'','Gi4/28 (568)'),(1851,'NetworkPort',568,'0',20,'glpi','2012-07-23 13:01:55',0,'',''),(1852,'NetworkEquipment',4,'NetworkPort',17,'glpi','2012-07-23 13:01:55',0,'','Gi4/29 (569)'),(1853,'NetworkPort',569,'0',20,'glpi','2012-07-23 13:01:55',0,'',''),(1854,'NetworkEquipment',4,'NetworkPort',17,'glpi','2012-07-23 13:01:55',0,'','Gi4/30 (570)'),(1855,'NetworkPort',570,'0',20,'glpi','2012-07-23 13:01:55',0,'',''),(1856,'NetworkEquipment',4,'NetworkPort',17,'glpi','2012-07-23 13:01:55',0,'','Gi4/31 (571)'),(1857,'NetworkPort',571,'0',20,'glpi','2012-07-23 13:01:55',0,'',''),(1858,'NetworkEquipment',4,'NetworkPort',17,'glpi','2012-07-23 13:01:55',0,'','Gi4/32 (572)'),(1859,'NetworkPort',572,'0',20,'glpi','2012-07-23 13:01:55',0,'',''),(1860,'NetworkEquipment',4,'NetworkPort',17,'glpi','2012-07-23 13:01:55',0,'','Gi4/33 (573)'),(1861,'NetworkPort',573,'0',20,'glpi','2012-07-23 13:01:55',0,'',''),(1862,'NetworkEquipment',4,'NetworkPort',17,'glpi','2012-07-23 13:01:55',0,'','Gi4/34 (574)'),(1863,'NetworkPort',574,'0',20,'glpi','2012-07-23 13:01:55',0,'',''),(1864,'NetworkEquipment',4,'NetworkPort',17,'glpi','2012-07-23 13:01:55',0,'','Gi4/35 (575)'),(1865,'NetworkPort',575,'0',20,'glpi','2012-07-23 13:01:55',0,'',''),(1866,'NetworkEquipment',4,'NetworkPort',17,'glpi','2012-07-23 13:01:55',0,'','Gi4/36 (576)'),(1867,'NetworkPort',576,'0',20,'glpi','2012-07-23 13:01:55',0,'',''),(1868,'NetworkEquipment',4,'NetworkPort',17,'glpi','2012-07-23 13:01:55',0,'','Gi4/37 (577)'),(1869,'NetworkPort',577,'0',20,'glpi','2012-07-23 13:01:55',0,'',''),(1870,'NetworkEquipment',4,'NetworkPort',17,'glpi','2012-07-23 13:01:55',0,'','Gi4/38 (578)'),(1871,'NetworkPort',578,'0',20,'glpi','2012-07-23 13:01:55',0,'',''),(1872,'NetworkEquipment',4,'NetworkPort',17,'glpi','2012-07-23 13:01:55',0,'','Gi4/39 (579)'),(1873,'NetworkPort',579,'0',20,'glpi','2012-07-23 13:01:55',0,'',''),(1874,'NetworkEquipment',4,'NetworkPort',17,'glpi','2012-07-23 13:01:55',0,'','Gi4/40 (580)'),(1875,'NetworkPort',580,'0',20,'glpi','2012-07-23 13:01:55',0,'',''),(1876,'NetworkEquipment',4,'NetworkPort',17,'glpi','2012-07-23 13:01:55',0,'','Gi4/41 (581)'),(1877,'NetworkPort',581,'0',20,'glpi','2012-07-23 13:01:55',0,'',''),(1878,'NetworkEquipment',4,'NetworkPort',17,'glpi','2012-07-23 13:01:55',0,'','Gi4/42 (582)'),(1879,'NetworkPort',582,'0',20,'glpi','2012-07-23 13:01:55',0,'',''),(1880,'NetworkEquipment',4,'NetworkPort',17,'glpi','2012-07-23 13:01:55',0,'','Gi4/43 (583)'),(1881,'NetworkPort',583,'0',20,'glpi','2012-07-23 13:01:55',0,'',''),(1882,'NetworkEquipment',4,'NetworkPort',17,'glpi','2012-07-23 13:01:55',0,'','Gi4/44 (584)'),(1883,'NetworkPort',584,'0',20,'glpi','2012-07-23 13:01:55',0,'',''),(1884,'NetworkEquipment',4,'NetworkPort',17,'glpi','2012-07-23 13:01:55',0,'','Gi4/45 (585)'),(1885,'NetworkPort',585,'0',20,'glpi','2012-07-23 13:01:55',0,'',''),(1886,'NetworkEquipment',4,'NetworkPort',17,'glpi','2012-07-23 13:01:55',0,'','Gi4/46 (586)'),(1887,'NetworkPort',586,'0',20,'glpi','2012-07-23 13:01:55',0,'',''),(1888,'NetworkEquipment',4,'NetworkPort',17,'glpi','2012-07-23 13:01:55',0,'','Gi4/47 (587)'),(1889,'NetworkPort',587,'0',20,'glpi','2012-07-23 13:01:55',0,'',''),(1890,'NetworkEquipment',4,'NetworkPort',17,'glpi','2012-07-23 13:01:55',0,'','Gi4/48 (588)'),(1891,'NetworkPort',588,'0',20,'glpi','2012-07-23 13:01:55',0,'',''),(1892,'NetworkEquipment',4,'NetworkPort',17,'glpi','2012-07-23 13:02:11',0,'','Gi7/01 (589)'),(1893,'NetworkPort',589,'0',20,'glpi','2012-07-23 13:02:11',0,'',''),(1894,'NetworkEquipment',4,'NetworkPort',17,'glpi','2012-07-23 13:02:11',0,'','Gi7/02 (590)'),(1895,'NetworkPort',590,'0',20,'glpi','2012-07-23 13:02:11',0,'',''),(1896,'NetworkEquipment',4,'NetworkPort',17,'glpi','2012-07-23 13:02:11',0,'','Gi7/03 (591)'),(1897,'NetworkPort',591,'0',20,'glpi','2012-07-23 13:02:11',0,'',''),(1898,'NetworkEquipment',4,'NetworkPort',17,'glpi','2012-07-23 13:02:11',0,'','Gi7/04 (592)'),(1899,'NetworkPort',592,'0',20,'glpi','2012-07-23 13:02:11',0,'',''),(1900,'NetworkEquipment',4,'NetworkPort',17,'glpi','2012-07-23 13:02:11',0,'','Gi7/05 (593)'),(1901,'NetworkPort',593,'0',20,'glpi','2012-07-23 13:02:11',0,'',''),(1902,'NetworkEquipment',4,'NetworkPort',17,'glpi','2012-07-23 13:02:11',0,'','Gi7/06 (594)'),(1903,'NetworkPort',594,'0',20,'glpi','2012-07-23 13:02:11',0,'',''),(1904,'NetworkEquipment',4,'NetworkPort',17,'glpi','2012-07-23 13:02:11',0,'','Gi7/07 (595)'),(1905,'NetworkPort',595,'0',20,'glpi','2012-07-23 13:02:11',0,'',''),(1906,'NetworkEquipment',4,'NetworkPort',17,'glpi','2012-07-23 13:02:11',0,'','Gi7/08 (596)'),(1907,'NetworkPort',596,'0',20,'glpi','2012-07-23 13:02:11',0,'',''),(1908,'NetworkEquipment',4,'NetworkPort',17,'glpi','2012-07-23 13:02:11',0,'','Gi7/09 (597)'),(1909,'NetworkPort',597,'0',20,'glpi','2012-07-23 13:02:11',0,'',''),(1910,'NetworkEquipment',4,'NetworkPort',17,'glpi','2012-07-23 13:02:11',0,'','Gi7/10 (598)'),(1911,'NetworkPort',598,'0',20,'glpi','2012-07-23 13:02:11',0,'',''),(1912,'NetworkEquipment',4,'NetworkPort',17,'glpi','2012-07-23 13:02:11',0,'','Gi7/11 (599)'),(1913,'NetworkPort',599,'0',20,'glpi','2012-07-23 13:02:11',0,'',''),(1914,'NetworkEquipment',4,'NetworkPort',17,'glpi','2012-07-23 13:02:11',0,'','Gi7/12 (600)'),(1915,'NetworkPort',600,'0',20,'glpi','2012-07-23 13:02:11',0,'',''),(1916,'NetworkEquipment',4,'NetworkPort',17,'glpi','2012-07-23 13:02:11',0,'','Gi7/13 (601)'),(1917,'NetworkPort',601,'0',20,'glpi','2012-07-23 13:02:11',0,'',''),(1918,'NetworkEquipment',4,'NetworkPort',17,'glpi','2012-07-23 13:02:11',0,'','Gi7/14 (602)'),(1919,'NetworkPort',602,'0',20,'glpi','2012-07-23 13:02:11',0,'',''),(1920,'NetworkEquipment',4,'NetworkPort',17,'glpi','2012-07-23 13:02:11',0,'','Gi7/15 (603)'),(1921,'NetworkPort',603,'0',20,'glpi','2012-07-23 13:02:11',0,'',''),(1922,'NetworkEquipment',4,'NetworkPort',17,'glpi','2012-07-23 13:02:11',0,'','Gi7/16 (604)'),(1923,'NetworkPort',604,'0',20,'glpi','2012-07-23 13:02:11',0,'',''),(1924,'NetworkEquipment',4,'NetworkPort',17,'glpi','2012-07-23 13:02:11',0,'','Gi7/17 (605)'),(1925,'NetworkPort',605,'0',20,'glpi','2012-07-23 13:02:11',0,'',''),(1926,'NetworkEquipment',4,'NetworkPort',17,'glpi','2012-07-23 13:02:11',0,'','Gi7/18 (606)'),(1927,'NetworkPort',606,'0',20,'glpi','2012-07-23 13:02:11',0,'',''),(1928,'NetworkEquipment',4,'NetworkPort',17,'glpi','2012-07-23 13:02:11',0,'','Gi7/19 (607)'),(1929,'NetworkPort',607,'0',20,'glpi','2012-07-23 13:02:11',0,'',''),(1930,'NetworkEquipment',4,'NetworkPort',17,'glpi','2012-07-23 13:02:11',0,'','Gi7/20 (608)'),(1931,'NetworkPort',608,'0',20,'glpi','2012-07-23 13:02:11',0,'',''),(1932,'NetworkEquipment',4,'NetworkPort',17,'glpi','2012-07-23 13:02:11',0,'','Gi7/21 (609)'),(1933,'NetworkPort',609,'0',20,'glpi','2012-07-23 13:02:11',0,'',''),(1934,'NetworkEquipment',4,'NetworkPort',17,'glpi','2012-07-23 13:02:11',0,'','Gi7/22 (610)'),(1935,'NetworkPort',610,'0',20,'glpi','2012-07-23 13:02:11',0,'',''),(1936,'NetworkEquipment',4,'NetworkPort',17,'glpi','2012-07-23 13:02:11',0,'','Gi7/23 (611)'),(1937,'NetworkPort',611,'0',20,'glpi','2012-07-23 13:02:11',0,'',''),(1938,'NetworkEquipment',4,'NetworkPort',17,'glpi','2012-07-23 13:02:11',0,'','Gi7/24 (612)'),(1939,'NetworkPort',612,'0',20,'glpi','2012-07-23 13:02:11',0,'',''),(1940,'NetworkEquipment',4,'NetworkPort',17,'glpi','2012-07-23 13:02:11',0,'','Gi7/25 (613)'),(1941,'NetworkPort',613,'0',20,'glpi','2012-07-23 13:02:11',0,'',''),(1942,'NetworkEquipment',4,'NetworkPort',17,'glpi','2012-07-23 13:02:11',0,'','Gi7/26 (614)'),(1943,'NetworkPort',614,'0',20,'glpi','2012-07-23 13:02:11',0,'',''),(1944,'NetworkEquipment',4,'NetworkPort',17,'glpi','2012-07-23 13:02:11',0,'','Gi7/27 (615)'),(1945,'NetworkPort',615,'0',20,'glpi','2012-07-23 13:02:11',0,'',''),(1946,'NetworkEquipment',4,'NetworkPort',17,'glpi','2012-07-23 13:02:11',0,'','Gi7/28 (616)'),(1947,'NetworkPort',616,'0',20,'glpi','2012-07-23 13:02:11',0,'',''),(1948,'NetworkEquipment',4,'NetworkPort',17,'glpi','2012-07-23 13:02:11',0,'','Gi7/29 (617)'),(1949,'NetworkPort',617,'0',20,'glpi','2012-07-23 13:02:11',0,'',''),(1950,'NetworkEquipment',4,'NetworkPort',17,'glpi','2012-07-23 13:02:11',0,'','Gi7/30 (618)'),(1951,'NetworkPort',618,'0',20,'glpi','2012-07-23 13:02:11',0,'',''),(1952,'NetworkEquipment',4,'NetworkPort',17,'glpi','2012-07-23 13:02:11',0,'','Gi7/31 (619)'),(1953,'NetworkPort',619,'0',20,'glpi','2012-07-23 13:02:11',0,'',''),(1954,'NetworkEquipment',4,'NetworkPort',17,'glpi','2012-07-23 13:02:11',0,'','Gi7/32 (620)'),(1955,'NetworkPort',620,'0',20,'glpi','2012-07-23 13:02:11',0,'',''),(1956,'NetworkEquipment',4,'NetworkPort',17,'glpi','2012-07-23 13:02:11',0,'','Gi7/33 (621)'),(1957,'NetworkPort',621,'0',20,'glpi','2012-07-23 13:02:11',0,'',''),(1958,'NetworkEquipment',4,'NetworkPort',17,'glpi','2012-07-23 13:02:11',0,'','Gi7/34 (622)'),(1959,'NetworkPort',622,'0',20,'glpi','2012-07-23 13:02:11',0,'',''),(1960,'NetworkEquipment',4,'NetworkPort',17,'glpi','2012-07-23 13:02:11',0,'','Gi7/35 (623)'),(1961,'NetworkPort',623,'0',20,'glpi','2012-07-23 13:02:11',0,'',''),(1962,'NetworkEquipment',4,'NetworkPort',17,'glpi','2012-07-23 13:02:11',0,'','Gi7/36 (624)'),(1963,'NetworkPort',624,'0',20,'glpi','2012-07-23 13:02:11',0,'',''),(1964,'NetworkEquipment',4,'NetworkPort',17,'glpi','2012-07-23 13:02:11',0,'','Gi7/37 (625)'),(1965,'NetworkPort',625,'0',20,'glpi','2012-07-23 13:02:11',0,'',''),(1966,'NetworkEquipment',4,'NetworkPort',17,'glpi','2012-07-23 13:02:11',0,'','Gi7/38 (626)'),(1967,'NetworkPort',626,'0',20,'glpi','2012-07-23 13:02:11',0,'',''),(1968,'NetworkEquipment',4,'NetworkPort',17,'glpi','2012-07-23 13:02:11',0,'','Gi7/39 (627)'),(1969,'NetworkPort',627,'0',20,'glpi','2012-07-23 13:02:11',0,'',''),(1970,'NetworkEquipment',4,'NetworkPort',17,'glpi','2012-07-23 13:02:11',0,'','Gi7/40 (628)'),(1971,'NetworkPort',628,'0',20,'glpi','2012-07-23 13:02:11',0,'',''),(1972,'NetworkEquipment',4,'NetworkPort',17,'glpi','2012-07-23 13:02:11',0,'','Gi7/41 (629)'),(1973,'NetworkPort',629,'0',20,'glpi','2012-07-23 13:02:11',0,'',''),(1974,'NetworkEquipment',4,'NetworkPort',17,'glpi','2012-07-23 13:02:11',0,'','Gi7/42 (630)'),(1975,'NetworkPort',630,'0',20,'glpi','2012-07-23 13:02:11',0,'',''),(1976,'NetworkEquipment',4,'NetworkPort',17,'glpi','2012-07-23 13:02:11',0,'','Gi7/43 (631)'),(1977,'NetworkPort',631,'0',20,'glpi','2012-07-23 13:02:11',0,'',''),(1978,'NetworkEquipment',4,'NetworkPort',17,'glpi','2012-07-23 13:02:11',0,'','Gi7/44 (632)'),(1979,'NetworkPort',632,'0',20,'glpi','2012-07-23 13:02:11',0,'',''),(1980,'NetworkEquipment',4,'NetworkPort',17,'glpi','2012-07-23 13:02:11',0,'','Gi7/45 (633)'),(1981,'NetworkPort',633,'0',20,'glpi','2012-07-23 13:02:11',0,'',''),(1982,'NetworkEquipment',4,'NetworkPort',17,'glpi','2012-07-23 13:02:11',0,'','Gi7/46 (634)'),(1983,'NetworkPort',634,'0',20,'glpi','2012-07-23 13:02:11',0,'',''),(1984,'NetworkEquipment',4,'NetworkPort',17,'glpi','2012-07-23 13:02:11',0,'','Gi7/47 (635)'),(1985,'NetworkPort',635,'0',20,'glpi','2012-07-23 13:02:11',0,'',''),(1986,'NetworkEquipment',4,'NetworkPort',17,'glpi','2012-07-23 13:02:11',0,'','Gi7/48 (636)'),(1987,'NetworkPort',636,'0',20,'glpi','2012-07-23 13:02:11',0,'',''),(1988,'Printer',2,'NetworkEquipment',7,'glpi','2012-07-23 13:03:22',0,'','HCMSR01 > #Gi6/39'),(1989,'NetworkEquipment',4,'Printer',7,'glpi','2012-07-23 13:03:22',0,'','#Gi6/39 > HCMCP3A01'),(1990,'Printer',3,'',0,'glpi','2012-07-23 13:03:59',1,'HP Printer M5035MFP','HCMCP3A02'),(1991,'Printer',3,'',0,'glpi','2012-07-23 13:03:59',40,'&nbsp;','HP Printer M5035MFP'),(1992,'Printer',4,'',0,'glpi','2012-07-23 13:04:19',1,'HP Printer M5035MFP','HCMCP2A01'),(1993,'Printer',4,'',0,'glpi','2012-07-23 13:04:19',40,'&nbsp;','HP Printer M5035MFP'),(1994,'Printer',5,'',0,'glpi','2012-07-23 13:05:11',1,'Dell Color Printer 5100CN','HCMCLJ01'),(1995,'Printer',5,'',0,'glpi','2012-07-23 13:05:11',40,'&nbsp;','Dell Color Printer 5100CN'),(1996,'Printer',5,'NetworkPort',17,'glpi','2012-07-23 13:05:48',0,'','Eth1 (637)'),(1997,'NetworkPort',637,'0',20,'glpi','2012-07-23 13:05:48',0,'',''),(1998,'Printer',5,'NetworkEquipment',7,'glpi','2012-07-23 13:07:07',0,'','HCMSR01 > #Gi1/45'),(1999,'NetworkEquipment',4,'Printer',7,'glpi','2012-07-23 13:07:07',0,'','#Gi1/45 > HCMCLJ01'),(2000,'Contract',1,'0',20,'glpi','2012-07-23 13:09:58',0,'',''),(2001,'Contract',1,'Computer',15,'glpi','2012-07-23 13:10:21',0,'','HCMLC001 (6)'),(2002,'Computer',6,'Contract',15,'glpi','2012-07-23 13:10:21',0,'','TK135 (1)'),(2003,'Contract',1,'Computer',15,'glpi','2012-07-23 13:10:36',0,'','HCMLC002 (7)'),(2004,'Computer',7,'Contract',15,'glpi','2012-07-23 13:10:36',0,'','TK135 (1)'),(2005,'Printer',3,'NetworkPort',17,'glpi','2012-07-23 13:13:38',0,'','Eth1 (638)'),(2006,'NetworkPort',638,'0',20,'glpi','2012-07-23 13:13:38',0,'',''),(2007,'Printer',2,'',0,'glpi','2012-07-23 13:14:01',40,'&nbsp;','HP Printer M5035MFP'),(2008,'Printer',3,'NetworkEquipment',7,'glpi','2012-07-23 13:15:14',0,'','HCMSR01 > #Gi3/41'),(2009,'NetworkEquipment',4,'Printer',7,'glpi','2012-07-23 13:15:14',0,'','#Gi3/41 > HCMCP3A02'),(2010,'NetworkPort',638,'',0,'glpi','2012-07-23 13:15:55',8,'','10.38.4.1'),(2011,'NetworkPort',638,'',0,'glpi','2012-07-23 13:15:55',7,'','255.255.252.0'),(2012,'Phone',3,'',0,'glpi','2012-07-24 07:48:11',1,'Cisco IP Phone 7945G','3855'),(2013,'Phone',2,'',0,'glpi','2012-07-24 07:54:59',1,'Cisco IP Phone 7945G','3820'),(2014,'Phone',2,'',0,'glpi','2012-07-24 09:26:50',24,'tbui','&nbsp;'),(2015,'Phone',2,'',0,'glpi','2012-07-24 09:26:50',7,'','Bui Ngon'),(2016,'Phone',2,'',0,'glpi','2012-07-24 09:26:50',70,'tbui','&nbsp;'),(2017,'Phone',3,'',0,'glpi','2012-07-24 09:27:06',24,'tduong','&nbsp;'),(2018,'Phone',3,'',0,'glpi','2012-07-24 09:27:06',7,'','Duong Trung'),(2019,'Phone',3,'',0,'glpi','2012-07-24 09:27:06',70,'tduong','&nbsp;'),(2020,'Phone',4,'0',20,'glpi','2012-07-24 09:29:50',0,'',''),(2021,'Phone',3,'',0,'glpi','2012-07-24 09:31:24',3,'IT','3rd Floor'),(2022,'Phone',2,'',0,'glpi','2012-07-24 09:31:33',3,'Hardware','3rd Floor'),(2023,'Phone',1,'',0,'glpi','2012-07-24 09:34:49',1,'Cisco IP Phone 7945G','3868'),(2024,'Phone',1,'',0,'glpi','2012-07-24 09:34:49',3,'&nbsp;','3rd Floor'),(2025,'Phone',1,'',0,'glpi','2012-07-24 09:34:49',7,'','Thao Le'),(2026,'Phone',1,'',0,'glpi','2012-07-24 09:34:49',71,'&nbsp;','Admin'),(2027,'Phone',5,'0',20,'glpi','2012-07-24 09:35:16',0,'',''),(2028,'Phone',6,'0',20,'glpi','2012-07-24 09:36:13',0,'',''),(2029,'Phone',7,'0',20,'glpi','2012-07-24 09:46:52',0,'',''),(2030,'Phone',8,'0',20,'glpi','2012-07-24 09:47:19',0,'',''),(2031,'Phone',9,'0',20,'glpi','2012-07-24 09:49:04',0,'',''),(2032,'Phone',10,'0',20,'glpi','2012-07-24 09:49:45',0,'',''),(2033,'Phone',11,'0',20,'glpi','2012-07-24 09:54:52',0,'',''),(2034,'Phone',1,'',0,'glpi','2012-07-24 09:55:13',7,'Thao Le',''),(2035,'Phone',1,'',0,'glpi','2012-07-24 09:55:13',71,'Admin','Hardware'),(2036,'Phone',12,'0',20,'glpi','2012-07-24 09:56:00',0,'',''),(2037,'Phone',13,'0',20,'glpi','2012-07-24 09:56:41',0,'',''),(2038,'Phone',14,'0',20,'glpi','2012-07-24 09:57:04',0,'',''),(2039,'Phone',15,'0',20,'glpi','2012-07-24 09:57:33',0,'',''),(2040,'Phone',16,'0',20,'glpi','2012-07-24 09:57:46',0,'',''),(2041,'Phone',17,'0',20,'glpi','2012-07-24 09:58:03',0,'',''),(2042,'Phone',18,'0',20,'glpi','2012-07-24 09:58:19',0,'',''),(2043,'Phone',19,'0',20,'glpi','2012-07-24 09:58:35',0,'',''),(2044,'Phone',20,'0',20,'glpi','2012-07-24 09:59:53',0,'',''),(2045,'Phone',21,'0',20,'glpi','2012-07-24 10:00:07',0,'',''),(2046,'Phone',3,'',0,'glpi','2012-07-24 10:01:08',7,'Duong Trung','Trung Duong'),(2047,'Phone',2,'',0,'glpi','2012-07-24 10:01:33',7,'Bui Ngon','Ngon Bui'),(2048,'Phone',22,'0',20,'glpi','2012-07-24 10:02:29',0,'',''),(2049,'Phone',23,'0',20,'glpi','2012-07-24 10:02:47',0,'',''),(2050,'Phone',24,'0',20,'glpi','2012-07-24 10:03:23',0,'',''),(2051,'Phone',25,'0',20,'glpi','2012-07-24 10:03:39',0,'',''),(2052,'Phone',26,'0',20,'glpi','2012-07-24 10:03:59',0,'',''),(2053,'Phone',27,'0',20,'glpi','2012-07-24 10:05:02',0,'',''),(2054,'Phone',28,'0',20,'glpi','2012-07-24 10:12:59',0,'',''),(2055,'Phone',29,'0',20,'glpi','2012-07-24 10:13:17',0,'',''),(2056,'Phone',30,'0',20,'glpi','2012-07-24 10:13:32',0,'',''),(2057,'Phone',31,'0',20,'glpi','2012-07-24 10:13:46',0,'',''),(2058,'Phone',32,'0',20,'glpi','2012-07-24 10:14:01',0,'',''),(2059,'Phone',33,'0',20,'glpi','2012-07-24 10:14:19',0,'',''),(2060,'Phone',1,'',0,'glpi','2012-07-24 10:31:19',3,'3rd Floor','2nd Floor'),(2061,'Phone',1,'',0,'glpi','2012-07-24 10:31:19',71,'Hardware','Software'),(2062,'Phone',34,'0',20,'glpi','2012-07-24 11:26:59',0,'',''),(2063,'Phone',35,'0',20,'glpi','2012-07-24 11:27:21',0,'',''),(2064,'Phone',36,'0',20,'glpi','2012-07-24 11:27:43',0,'',''),(2065,'Phone',37,'0',20,'glpi','2012-07-24 11:28:01',0,'',''),(2066,'Phone',38,'0',20,'glpi','2012-07-24 11:28:31',0,'',''),(2067,'Phone',39,'0',20,'glpi','2012-07-24 11:29:27',0,'',''),(2068,'Phone',40,'0',20,'glpi','2012-07-24 11:29:42',0,'',''),(2069,'Phone',41,'0',20,'glpi','2012-07-24 11:30:10',0,'',''),(2070,'Phone',42,'0',20,'glpi','2012-07-24 11:32:08',0,'',''),(2071,'Phone',43,'0',20,'glpi','2012-07-24 11:32:30',0,'',''),(2072,'Phone',44,'0',20,'glpi','2012-07-24 11:32:51',0,'',''),(2073,'Phone',45,'0',20,'glpi','2012-07-24 11:33:37',0,'',''),(2074,'Phone',46,'0',20,'glpi','2012-07-24 11:34:04',0,'',''),(2075,'Phone',47,'0',20,'glpi','2012-07-24 11:34:22',0,'',''),(2076,'Phone',48,'0',20,'glpi','2012-07-24 11:36:15',0,'',''),(2077,'Phone',49,'0',20,'glpi','2012-07-24 11:36:28',0,'',''),(2078,'Phone',50,'0',20,'glpi','2012-07-24 11:36:49',0,'',''),(2079,'Phone',51,'0',20,'glpi','2012-07-24 11:37:04',0,'',''),(2080,'Phone',52,'0',20,'glpi','2012-07-24 11:37:59',0,'',''),(2081,'Phone',53,'0',20,'glpi','2012-07-24 11:38:22',0,'',''),(2082,'Phone',54,'0',20,'glpi','2012-07-24 11:38:47',0,'',''),(2083,'Phone',55,'0',20,'glpi','2012-07-24 11:39:04',0,'',''),(2084,'Phone',1,'',0,'glpi','2012-07-24 11:40:24',1,'3868','37'),(2085,'Phone',1,'',0,'glpi','2012-07-24 11:40:24',71,'Software','Transport'),(2086,'Phone',56,'0',20,'glpi','2012-07-24 11:40:48',0,'',''),(2087,'Phone',57,'0',20,'glpi','2012-07-24 11:41:19',0,'',''),(2088,'Phone',58,'0',20,'glpi','2012-07-24 11:41:31',0,'',''),(2089,'Phone',59,'0',20,'glpi','2012-07-24 11:41:45',0,'',''),(2090,'Phone',60,'0',20,'glpi','2012-07-24 11:42:10',0,'',''),(2091,'Phone',61,'0',20,'glpi','2012-07-24 11:42:21',0,'',''),(2092,'Phone',62,'0',20,'glpi','2012-07-24 11:42:41',0,'',''),(2093,'Phone',63,'0',20,'glpi','2012-07-24 11:43:21',0,'',''),(2094,'Phone',64,'0',20,'glpi','2012-07-24 11:43:41',0,'',''),(2095,'Phone',65,'0',20,'glpi','2012-07-24 11:43:56',0,'',''),(2096,'Phone',1,'',0,'glpi','2012-07-24 11:46:51',71,'Transport','Validation'),(2097,'Phone',66,'0',20,'glpi','2012-07-24 11:47:33',0,'',''),(2098,'Phone',67,'0',20,'glpi','2012-07-24 11:47:53',0,'',''),(2099,'Phone',68,'0',20,'glpi','2012-07-24 11:48:29',0,'',''),(2100,'Phone',69,'0',20,'glpi','2012-07-24 11:48:49',0,'',''),(2101,'Phone',70,'0',20,'glpi','2012-07-24 11:49:05',0,'',''),(2102,'Phone',71,'0',20,'glpi','2012-07-24 11:49:28',0,'',''),(2103,'Phone',72,'0',20,'glpi','2012-07-24 11:49:41',0,'',''),(2104,'Phone',73,'0',20,'glpi','2012-07-24 11:50:23',0,'',''),(2105,'Phone',74,'0',20,'glpi','2012-07-24 11:50:38',0,'',''),(2106,'Phone',75,'0',20,'glpi','2012-07-24 11:51:01',0,'',''),(2107,'Phone',76,'0',20,'glpi','2012-07-24 11:51:40',0,'',''),(2108,'Phone',77,'0',20,'glpi','2012-07-24 11:52:07',0,'',''),(2109,'Phone',78,'0',20,'glpi','2012-07-24 11:52:26',0,'',''),(2110,'Phone',79,'0',20,'glpi','2012-07-24 11:52:44',0,'',''),(2111,'Phone',80,'0',20,'glpi','2012-07-24 11:53:07',0,'',''),(2112,'Phone',81,'0',20,'glpi','2012-07-24 11:53:21',0,'',''),(2113,'Phone',82,'0',20,'glpi','2012-07-24 11:53:33',0,'',''),(2114,'Phone',83,'0',20,'glpi','2012-07-24 11:53:52',0,'',''),(2115,'Phone',84,'0',20,'glpi','2012-07-24 11:54:11',0,'',''),(2116,'Phone',85,'0',20,'glpi','2012-07-24 11:54:26',0,'',''),(2117,'Phone',86,'0',20,'glpi','2012-07-24 11:54:50',0,'',''),(2118,'Phone',87,'0',20,'glpi','2012-07-24 11:55:12',0,'',''),(2119,'Phone',88,'0',20,'glpi','2012-07-24 11:55:27',0,'',''),(2120,'Phone',89,'0',20,'glpi','2012-07-24 11:55:42',0,'',''),(2121,'Phone',90,'0',20,'glpi','2012-07-24 11:55:55',0,'',''),(2122,'Phone',91,'0',20,'glpi','2012-07-24 11:56:08',0,'',''),(2123,'Phone',92,'0',20,'glpi','2012-07-24 11:56:21',0,'',''),(2124,'Phone',56,'',0,'glpi','2012-07-25 05:25:33',1,'37`3','3713'),(2125,'Phone',66,'',0,'glpi','2012-07-25 05:27:10',3,'2nd Floor','3rd Floor'),(2126,'Phone',67,'',0,'glpi','2012-07-25 05:27:10',3,'2nd Floor','3rd Floor'),(2127,'Phone',68,'',0,'glpi','2012-07-25 05:27:10',3,'2nd Floor','3rd Floor'),(2128,'Phone',69,'',0,'glpi','2012-07-25 05:27:10',3,'2nd Floor','3rd Floor'),(2129,'Phone',70,'',0,'glpi','2012-07-25 05:27:10',3,'2nd Floor','3rd Floor'),(2130,'Phone',71,'',0,'glpi','2012-07-25 05:27:10',3,'2nd Floor','3rd Floor'),(2131,'Phone',72,'',0,'glpi','2012-07-25 05:27:10',3,'2nd Floor','3rd Floor'),(2132,'Phone',73,'',0,'glpi','2012-07-25 05:27:10',3,'2nd Floor','3rd Floor'),(2133,'Phone',74,'',0,'glpi','2012-07-25 05:27:10',3,'2nd Floor','3rd Floor'),(2134,'Phone',75,'',0,'glpi','2012-07-25 05:27:10',3,'2nd Floor','3rd Floor'),(2135,'Phone',76,'',0,'glpi','2012-07-25 05:27:10',3,'2nd Floor','3rd Floor'),(2136,'Phone',77,'',0,'glpi','2012-07-25 05:27:10',3,'2nd Floor','3rd Floor'),(2137,'Phone',78,'',0,'glpi','2012-07-25 05:27:10',3,'2nd Floor','3rd Floor'),(2138,'Phone',79,'',0,'glpi','2012-07-25 05:27:10',3,'2nd Floor','3rd Floor'),(2139,'Phone',80,'',0,'glpi','2012-07-25 05:27:10',3,'2nd Floor','3rd Floor'),(2140,'Phone',81,'',0,'glpi','2012-07-25 05:27:10',3,'2nd Floor','3rd Floor'),(2141,'Phone',82,'',0,'glpi','2012-07-25 05:27:10',3,'2nd Floor','3rd Floor'),(2142,'Phone',83,'',0,'glpi','2012-07-25 05:27:10',3,'2nd Floor','3rd Floor'),(2143,'Phone',84,'',0,'glpi','2012-07-25 05:27:10',3,'2nd Floor','3rd Floor'),(2144,'Phone',85,'',0,'glpi','2012-07-25 05:27:10',3,'2nd Floor','3rd Floor'),(2145,'Phone',86,'',0,'glpi','2012-07-25 05:27:10',3,'2nd Floor','3rd Floor'),(2146,'Phone',87,'',0,'glpi','2012-07-25 05:27:10',3,'2nd Floor','3rd Floor'),(2147,'Phone',88,'',0,'glpi','2012-07-25 05:27:10',3,'2nd Floor','3rd Floor'),(2148,'Phone',89,'',0,'glpi','2012-07-25 05:27:10',3,'2nd Floor','3rd Floor'),(2149,'Phone',90,'',0,'glpi','2012-07-25 05:27:10',3,'2nd Floor','3rd Floor'),(2150,'Phone',91,'',0,'glpi','2012-07-25 05:27:10',3,'2nd Floor','3rd Floor'),(2151,'Phone',92,'',0,'glpi','2012-07-25 05:27:10',3,'2nd Floor','3rd Floor'),(2152,'Phone',1,'',0,'glpi','2012-07-25 05:27:48',1,'37','38'),(2153,'Phone',1,'',0,'glpi','2012-07-25 05:27:48',71,'Validation','ASIC'),(2154,'Phone',93,'0',20,'glpi','2012-07-25 05:28:04',0,'',''),(2155,'Phone',94,'0',20,'glpi','2012-07-25 05:28:16',0,'',''),(2156,'Phone',95,'0',20,'glpi','2012-07-25 05:28:33',0,'',''),(2157,'Phone',96,'0',20,'glpi','2012-07-25 05:29:32',0,'',''),(2158,'Phone',97,'0',20,'glpi','2012-07-25 05:34:15',0,'',''),(2159,'Phone',98,'0',20,'glpi','2012-07-25 05:34:30',0,'',''),(2160,'Phone',99,'0',20,'glpi','2012-07-25 05:37:29',0,'',''),(2161,'Phone',100,'0',20,'glpi','2012-07-25 05:37:46',0,'',''),(2162,'Phone',101,'0',20,'glpi','2012-07-25 05:38:06',0,'',''),(2163,'Phone',102,'0',20,'glpi','2012-07-25 05:38:19',0,'',''),(2164,'Phone',103,'0',20,'glpi','2012-07-25 05:38:33',0,'',''),(2165,'Phone',104,'0',20,'glpi','2012-07-25 05:39:04',0,'',''),(2166,'Phone',105,'0',20,'glpi','2012-07-25 05:39:35',0,'',''),(2167,'Phone',106,'0',20,'glpi','2012-07-25 05:40:08',0,'',''),(2168,'Phone',107,'0',20,'glpi','2012-07-25 05:40:23',0,'',''),(2169,'Phone',108,'0',20,'glpi','2012-07-25 05:40:58',0,'',''),(2170,'Phone',109,'0',20,'glpi','2012-07-25 05:41:14',0,'',''),(2171,'Phone',110,'0',20,'glpi','2012-07-25 05:41:28',0,'',''),(2172,'Phone',111,'0',20,'glpi','2012-07-25 05:41:41',0,'',''),(2173,'Phone',112,'0',20,'glpi','2012-07-25 05:41:55',0,'',''),(2174,'Phone',113,'0',20,'glpi','2012-07-25 05:42:17',0,'',''),(2175,'Phone',114,'0',20,'glpi','2012-07-25 05:45:26',0,'',''),(2176,'Phone',115,'0',20,'glpi','2012-07-25 05:45:52',0,'',''),(2177,'Phone',116,'0',20,'glpi','2012-07-25 05:46:20',0,'',''),(2178,'Phone',117,'0',20,'glpi','2012-07-25 05:46:36',0,'',''),(2179,'Phone',118,'0',20,'glpi','2012-07-25 05:47:05',0,'',''),(2180,'Phone',119,'0',20,'glpi','2012-07-25 05:47:23',0,'',''),(2181,'Phone',120,'0',20,'glpi','2012-07-25 05:47:40',0,'',''),(2182,'Phone',121,'0',20,'glpi','2012-07-25 05:47:56',0,'',''),(2183,'Phone',122,'0',20,'glpi','2012-07-25 05:48:12',0,'',''),(2184,'Phone',1,'',0,'glpi','2012-07-25 05:49:44',71,'ASIC','BE'),(2185,'Phone',1,'',0,'glpi','2012-07-25 05:52:23',1,'38','3714'),(2186,'Phone',1,'',0,'glpi','2012-07-25 05:52:23',7,'','Minh Le'),(2187,'Phone',123,'0',20,'glpi','2012-07-25 05:53:04',0,'',''),(2188,'Phone',1,'',0,'glpi','2012-07-25 05:53:18',1,'3714','38'),(2189,'Phone',1,'',0,'glpi','2012-07-25 05:53:18',7,'Minh Le',''),(2190,'Phone',124,'0',20,'glpi','2012-07-25 05:53:38',0,'',''),(2191,'Phone',125,'0',20,'glpi','2012-07-25 05:53:55',0,'',''),(2192,'Phone',126,'0',20,'glpi','2012-07-25 05:54:16',0,'',''),(2193,'Phone',127,'0',20,'glpi','2012-07-25 05:54:28',0,'',''),(2194,'Phone',128,'0',20,'glpi','2012-07-25 05:55:35',0,'',''),(2195,'Phone',129,'0',20,'glpi','2012-07-25 05:56:03',0,'',''),(2196,'Phone',130,'0',20,'glpi','2012-07-25 05:56:26',0,'',''),(2197,'Phone',131,'0',20,'glpi','2012-07-25 05:56:47',0,'',''),(2198,'Phone',128,'',0,'glpi','2012-07-25 05:57:17',71,'BE','EXPAT'),(2199,'Phone',131,'',0,'glpi','2012-07-25 05:57:17',71,'BE','EXPAT'),(2200,'Phone',132,'0',20,'glpi','2012-07-25 05:59:22',0,'',''),(2201,'Phone',133,'0',20,'glpi','2012-07-25 06:00:49',0,'',''),(2202,'Phone',134,'0',20,'glpi','2012-07-25 06:01:13',0,'',''),(2203,'Phone',135,'0',20,'glpi','2012-07-25 06:26:06',0,'',''),(2204,'Computer',4,'',0,'glpi','2012-07-25 07:42:05',3,'IT','&nbsp;'),(2205,'Computer',4,'',0,'glpi','2012-07-25 07:42:05',17,'','Trung Duong'),(2206,'Computer',4,'',0,'glpi','2012-07-25 07:42:05',70,'tduong','&nbsp;'),(2207,'Computer',5,'',0,'glpi','2012-07-25 07:46:36',24,'tduong','&nbsp;'),(2208,'Computer',5,'',0,'glpi','2012-07-25 07:46:36',17,'','Trung Duong'),(2209,'Computer',3,'',0,'glpi','2012-07-25 07:47:12',24,'tduong','&nbsp;'),(2210,'Computer',3,'',0,'glpi','2012-07-25 07:47:12',17,'','Trung Duong'),(2211,'Computer',6,'',0,'glpi','2012-07-25 07:47:36',24,'tduong','&nbsp;'),(2212,'Computer',6,'',0,'glpi','2012-07-25 07:47:36',17,'','Trung Duong'),(2213,'Computer',7,'',0,'glpi','2012-07-25 07:47:52',24,'tduong','&nbsp;'),(2214,'Computer',7,'',0,'glpi','2012-07-25 07:47:52',17,'','Trung Duong'),(2215,'Computer',8,'Infocom',17,'glpi','2012-07-25 09:40:29',0,'','N/A (8)'),(2216,'Infocom',8,'0',20,'glpi','2012-07-25 09:40:29',0,'',''),(2217,'Computer',8,'0',20,'glpi','2012-07-25 09:40:29',0,'',''),(2218,'Computer',2,'',0,'glpi','2012-07-25 09:40:46',24,'tduong','&nbsp;'),(2219,'Computer',9,'Infocom',17,'glpi','2012-07-25 09:41:19',0,'','N/A (9)'),(2220,'Infocom',9,'0',20,'glpi','2012-07-25 09:41:19',0,'',''),(2221,'Computer',9,'0',20,'glpi','2012-07-25 09:41:19',0,'',''),(2222,'Computer',8,'NetworkPort',17,'glpi','2012-07-25 10:02:20',0,'','Eth1 (639)'),(2223,'NetworkPort',639,'0',20,'glpi','2012-07-25 10:02:20',0,'',''),(2224,'Computer',9,'NetworkPort',17,'glpi','2012-07-25 10:09:27',0,'','Eth1 (640)'),(2225,'NetworkPort',640,'0',20,'glpi','2012-07-25 10:09:27',0,'',''),(2226,'Computer',2,'NetworkPort',17,'glpi','2012-07-25 10:18:11',0,'','Eth1 (641)'),(2227,'NetworkPort',641,'0',20,'glpi','2012-07-25 10:18:11',0,'',''),(2228,'Computer',10,'Infocom',17,'glpi','2012-07-25 10:18:47',0,'','N/A (10)'),(2229,'Infocom',10,'0',20,'glpi','2012-07-25 10:18:47',0,'',''),(2230,'Computer',10,'0',20,'glpi','2012-07-25 10:18:47',0,'',''),(2231,'Computer',11,'Infocom',17,'glpi','2012-07-25 10:20:48',0,'','N/A (11)'),(2232,'Infocom',11,'0',20,'glpi','2012-07-25 10:20:48',0,'',''),(2233,'Computer',11,'0',20,'glpi','2012-07-25 10:20:48',0,'',''),(2234,'NetworkPort',642,'',0,'glpi','2012-07-25 10:22:43',5,'','10.38.16.54'),(2235,'NetworkPort',642,'',0,'glpi','2012-07-25 10:23:16',4,'',' 00:1B:24:1D:EC:2C'),(2236,'NetworkPort',643,'',0,'glpi','2012-07-25 10:26:22',5,'','10.38.16.55'),(2237,'NetworkPort',643,'',0,'glpi','2012-07-25 10:26:22',4,'','00:1B:24:1D:EF:E2'),(2238,'Computer',12,'Infocom',17,'glpi','2012-07-25 10:29:50',0,'','N/A (12)'),(2239,'Infocom',12,'0',20,'glpi','2012-07-25 10:29:50',0,'',''),(2240,'Computer',12,'0',20,'glpi','2012-07-25 10:29:50',0,'',''),(2241,'NetworkPort',644,'',0,'glpi','2012-07-25 10:30:41',5,'','10.38.16.56'),(2242,'NetworkPort',644,'',0,'glpi','2012-07-25 10:30:41',4,'','00:16:3:E0:7F:14'),(2243,'Computer',13,'Infocom',17,'glpi','2012-07-25 10:31:52',0,'','N/A (13)'),(2244,'Infocom',13,'0',20,'glpi','2012-07-25 10:31:52',0,'',''),(2245,'Computer',13,'0',20,'glpi','2012-07-25 10:31:52',0,'',''),(2246,'NetworkPort',645,'',0,'glpi','2012-07-25 10:32:51',5,'','10.38.16.57'),(2247,'NetworkPort',645,'',0,'glpi','2012-07-25 10:32:51',4,'','00:1B:24:1D:F0:FA'),(2248,'Computer',10,'',0,'glpi','2012-07-25 10:36:15',1,'HCMLC005','HCMLC009'),(2249,'NetworkPort',642,'',0,'glpi','2012-07-25 10:37:42',5,'10.38.16.54','10.38.16.58'),(2250,'NetworkPort',642,'',0,'glpi','2012-07-25 10:37:42',4,' 00:1B:24:1D:EC:2C','00:1B:24:1D:EC:BC'),(2251,'Computer',14,'Infocom',17,'glpi','2012-07-25 10:39:00',0,'','N/A (14)'),(2252,'Infocom',14,'0',20,'glpi','2012-07-25 10:39:00',0,'',''),(2253,'Computer',14,'0',20,'glpi','2012-07-25 10:39:00',0,'',''),(2254,'NetworkPort',646,'',0,'glpi','2012-07-25 10:39:50',5,'','10.38.16.54'),(2255,'NetworkPort',646,'',0,'glpi','2012-07-25 10:39:50',4,'','00:1B:24:1D:EC:2C'),(2256,'Computer',15,'Infocom',17,'glpi','2012-07-25 10:40:16',0,'','N/A (15)'),(2257,'Infocom',15,'0',20,'glpi','2012-07-25 10:40:16',0,'',''),(2258,'Computer',15,'0',20,'glpi','2012-07-25 10:40:16',0,'',''),(2259,'NetworkPort',647,'',0,'glpi','2012-07-25 10:43:37',5,'','10.38.16.59'),(2260,'Computer',16,'Infocom',17,'glpi','2012-07-25 10:45:06',0,'','N/A (16)'),(2261,'Infocom',16,'0',20,'glpi','2012-07-25 10:45:06',0,'',''),(2262,'Computer',16,'0',20,'glpi','2012-07-25 10:45:06',0,'',''),(2263,'NetworkPort',648,'',0,'glpi','2012-07-25 10:45:59',5,'','10.38.16.60'),(2264,'NetworkPort',648,'',0,'glpi','2012-07-25 10:45:59',4,'','00:23:8B:57:C3:6A'),(2265,'Computer',17,'Infocom',17,'glpi','2012-07-25 10:59:32',0,'','N/A (17)'),(2266,'Infocom',17,'0',20,'glpi','2012-07-25 10:59:32',0,'',''),(2267,'Computer',17,'0',20,'glpi','2012-07-25 10:59:32',0,'',''),(2268,'NetworkPort',649,'',0,'glpi','2012-07-25 11:07:23',5,'','10.38.18.26'),(2269,'NetworkPort',649,'',0,'glpi','2012-07-25 11:07:23',4,'','00:14:4F:8D:C5:90'),(2270,'Computer',18,'Infocom',17,'glpi','2012-07-25 11:10:04',0,'','N/A (18)'),(2271,'Infocom',18,'0',20,'glpi','2012-07-25 11:10:04',0,'',''),(2272,'Computer',18,'0',20,'glpi','2012-07-25 11:10:04',0,'',''),(2273,'NetworkPort',650,'',0,'glpi','2012-07-25 11:11:52',5,'','10.38.18.21'),(2274,'NetworkPort',650,'',0,'glpi','2012-07-25 11:11:52',4,'','00:03:BA:5C:2B:6B'),(2275,'Computer',19,'Infocom',17,'glpi','2012-07-25 11:12:25',0,'','N/A (19)'),(2276,'Infocom',19,'0',20,'glpi','2012-07-25 11:12:25',0,'',''),(2277,'Computer',19,'0',20,'glpi','2012-07-25 11:12:25',0,'',''),(2278,'Computer',19,'',0,'glpi','2012-07-25 11:12:37',40,'Sunfire Server X2200','V100'),(2279,'NetworkPort',651,'',0,'glpi','2012-07-25 11:13:22',5,'','10.38.18.22'),(2280,'NetworkPort',651,'',0,'glpi','2012-07-25 11:13:22',4,'','00:0:BA:4E:74:0E'),(2281,'NetworkPort',651,'',0,'glpi','2012-07-25 11:13:37',8,'10.38.16.1','10.38.18.1'),(2282,'NetworkPort',650,'',0,'glpi','2012-07-25 11:14:26',6,'255.255.255.0','255.255.254.0'),(2283,'NetworkPort',650,'',0,'glpi','2012-07-25 11:14:26',8,'10.38.16.1','10.38.18.1'),(2284,'NetworkPort',651,'',0,'glpi','2012-07-25 11:15:04',6,'255.255.255.0','255.255.254.0'),(2285,'Computer',20,'Infocom',17,'glpi','2012-07-25 11:15:42',0,'','N/A (20)'),(2286,'Infocom',20,'0',20,'glpi','2012-07-25 11:15:42',0,'',''),(2287,'Computer',20,'0',20,'glpi','2012-07-25 11:15:42',0,'',''),(2288,'Computer',20,'',0,'glpi','2012-07-25 11:15:56',40,'Sunfire Server X2200','V100'),(2289,'NetworkPort',652,'',0,'glpi','2012-07-25 11:16:50',5,'','10.38.18.23'),(2290,'NetworkPort',652,'',0,'glpi','2012-07-25 11:16:50',4,'','00:03:BA:5C:40:3F'),(2291,'NetworkPort',652,'',0,'glpi','2012-07-25 11:16:50',6,'255.255.255.0','255.255.254.0'),(2292,'NetworkPort',652,'',0,'glpi','2012-07-25 11:16:50',8,'10.38.16.1','10.38.18.1'),(2293,'NetworkPort',650,'',0,'glpi','2012-07-25 11:28:12',1,'Eth1','Eth0'),(2294,'NetworkPort',651,'',0,'glpi','2012-07-25 11:29:01',1,'Eth1','Eth0'),(2295,'NetworkPort',652,'',0,'glpi','2012-07-25 11:29:16',1,'Eth1','Eth0'),(2296,'Computer',21,'Infocom',17,'glpi','2012-07-25 11:34:39',0,'','N/A (21)'),(2297,'Infocom',21,'0',20,'glpi','2012-07-25 11:34:39',0,'',''),(2298,'Computer',21,'0',20,'glpi','2012-07-25 11:34:39',0,'',''),(2299,'Computer',21,'',0,'glpi','2012-07-25 11:35:28',1,'HCMJuMP01','HCMJMP01'),(2300,'Computer',21,'',0,'glpi','2012-07-25 11:36:00',1,'HCMJMP01','HCMJUMP01'),(2301,'NetworkPort',653,'',0,'glpi','2012-07-25 11:38:00',1,'Eth1','Eth0'),(2302,'NetworkPort',653,'',0,'glpi','2012-07-25 11:38:00',8,'10.38.16.1','10.38.18.1'),(2303,'NetworkPort',653,'',0,'glpi','2012-07-25 11:38:58',5,'','10.38.18.24'),(2304,'NetworkPort',653,'',0,'glpi','2012-07-25 11:38:58',4,'','00:03:BA:7A:B3:8F'),(2305,'NetworkPort',653,'',0,'glpi','2012-07-25 11:38:58',6,'255.255.255.0','255.255.254.0'),(2306,'Computer',22,'Infocom',17,'glpi','2012-07-25 11:43:16',0,'','N/A (22)'),(2307,'Infocom',22,'0',20,'glpi','2012-07-25 11:43:16',0,'',''),(2308,'Computer',22,'0',20,'glpi','2012-07-25 11:43:16',0,'',''),(2309,'Computer',22,'0',13,'glpi','2012-07-25 11:44:10',0,'',''),(2310,'Computer',13,'',0,'glpi','2012-07-25 11:47:16',17,'DuongTrung','Trung Duong'),(2311,'Contract',1,'Computer',15,'glpi','2012-07-25 12:59:48',0,'','HCMLC003 (8)'),(2312,'Computer',8,'Contract',15,'glpi','2012-07-25 12:59:48',0,'','TK135 (1)'),(2313,'Contract',1,'Computer',15,'glpi','2012-07-25 13:00:10',0,'','HCMLC004 (9)'),(2314,'Computer',9,'Contract',15,'glpi','2012-07-25 13:00:10',0,'','TK135 (1)'),(2315,'Contract',1,'Computer',15,'glpi','2012-07-25 13:00:22',0,'','HCMLC005 (14)'),(2316,'Computer',14,'Contract',15,'glpi','2012-07-25 13:00:22',0,'','TK135 (1)'),(2317,'Contract',1,'Computer',15,'glpi','2012-07-25 13:00:29',0,'','HCMLC006 (11)'),(2318,'Computer',11,'Contract',15,'glpi','2012-07-25 13:00:29',0,'','TK135 (1)'),(2319,'Contract',1,'Computer',15,'glpi','2012-07-25 13:00:42',0,'','HCMLC007 (12)'),(2320,'Computer',12,'Contract',15,'glpi','2012-07-25 13:00:42',0,'','TK135 (1)'),(2321,'Contract',1,'Computer',15,'glpi','2012-07-25 13:00:51',0,'','HCMLC008 (13)'),(2322,'Computer',13,'Contract',15,'glpi','2012-07-25 13:00:51',0,'','TK135 (1)'),(2323,'Contract',1,'Computer',15,'glpi','2012-07-25 13:01:05',0,'','HCMLC009 (10)'),(2324,'Computer',10,'Contract',15,'glpi','2012-07-25 13:01:05',0,'','TK135 (1)'),(2325,'Contract',1,'Computer',15,'glpi','2012-07-25 13:01:15',0,'','HCMLC010 (15)'),(2326,'Computer',15,'Contract',15,'glpi','2012-07-25 13:01:15',0,'','TK135 (1)'),(2327,'Supplier',1,'0',20,'glpi','2012-07-25 13:02:43',0,'',''),(2328,'Supplier',1,'',0,'glpi','2012-07-25 13:03:14',4,'','http://www.tecapro-it.com.vn'),(2329,'Supplier',1,'',0,'glpi','2012-07-25 13:03:14',11,'','Ho Chi Minh'),(2330,'Supplier',1,'',0,'glpi','2012-07-25 13:03:14',13,'','Vietnam'),(2331,'Supplier',1,'',0,'glpi','2012-07-25 13:03:35',1,'Tecapro','FPT Telecom'),(2332,'Supplier',1,'',0,'glpi','2012-07-25 13:03:35',4,'http://www.tecapro-it.com.vn','http://www.fpt.net'),(2333,'Supplier',1,'',0,'glpi','2012-07-25 13:03:52',1,'FPT Telecom','Viettel Telecom'),(2334,'Supplier',1,'',0,'glpi','2012-07-25 13:03:52',4,'http://www.fpt.net','http://www.viettel.net'),(2335,'Supplier',1,'',0,'glpi','2012-07-25 13:04:10',1,'Viettel Telecom','Mobifone Telecom'),(2336,'Supplier',1,'',0,'glpi','2012-07-25 13:04:10',4,'http://www.viettel.net','http://www.mobifone.net'),(2337,'Supplier',2,'0',20,'glpi','2012-07-25 13:04:36',0,'',''),(2338,'Supplier',3,'0',20,'glpi','2012-07-25 13:04:52',0,'',''),(2339,'Supplier',4,'0',20,'glpi','2012-07-25 13:05:10',0,'',''),(2340,'Supplier',5,'0',20,'glpi','2012-07-25 13:07:00',0,'',''),(2341,'Contract',1,'Supplier',15,'glpi','2012-07-25 13:07:34',0,'','APM Sunnyvale (5)'),(2342,'Supplier',5,'Contract',15,'glpi','2012-07-25 13:07:34',0,'','TK135 (1)'),(2343,'Contract',1,'Computer',15,'glpi','2012-07-25 13:08:30',0,'','HCMJUMP01 (21)'),(2344,'Computer',21,'Contract',15,'glpi','2012-07-25 13:08:30',0,'','TK135 (1)'),(2345,'Contract',2,'0',20,'glpi','2012-07-25 13:11:54',0,'',''),(2346,'Contract',3,'0',20,'glpi','2012-07-25 13:12:04',0,'',''),(2347,'Contract',4,'0',20,'glpi','2012-07-25 13:12:40',0,'',''),(2348,'Contract',5,'0',20,'glpi','2012-07-25 13:13:02',0,'',''),(2349,'Contract',2,'Computer',15,'glpi','2012-07-25 13:13:43',0,'','HCMLIC01 (18)'),(2350,'Computer',18,'Contract',15,'glpi','2012-07-25 13:13:43',0,'','TK134 (2)'),(2351,'Contract',2,'',0,'glpi','2012-07-25 13:13:53',3,'','134'),(2352,'Contract',3,'',0,'glpi','2012-07-25 13:14:04',3,'','130'),(2353,'Contract',4,'',0,'glpi','2012-07-25 13:14:13',3,'','1069'),(2354,'Contract',5,'',0,'glpi','2012-07-25 13:14:22',3,'','2282'),(2355,'Contract',4,'Supplier',15,'glpi','2012-07-25 13:14:43',0,'','APM Sunnyvale (5)'),(2356,'Supplier',5,'Contract',15,'glpi','2012-07-25 13:14:43',0,'','TK1069 (4)'),(2357,'Contract',3,'Supplier',15,'glpi','2012-07-25 13:15:02',0,'','APM Sunnyvale (5)'),(2358,'Supplier',5,'Contract',15,'glpi','2012-07-25 13:15:02',0,'','TK130 (3)'),(2359,'Contract',2,'Supplier',15,'glpi','2012-07-25 13:15:08',0,'','APM Sunnyvale (5)'),(2360,'Supplier',5,'Contract',15,'glpi','2012-07-25 13:15:08',0,'','TK134 (2)'),(2361,'Contract',2,'Computer',15,'glpi','2012-07-25 13:15:45',0,'','HCMLIC02 (19)'),(2362,'Computer',19,'Contract',15,'glpi','2012-07-25 13:15:45',0,'','TK134 (2)'),(2363,'Contract',2,'Computer',15,'glpi','2012-07-25 13:15:59',0,'','HCMLIC03 (20)'),(2364,'Computer',20,'Contract',15,'glpi','2012-07-25 13:15:59',0,'','TK134 (2)'),(2365,'Contract',2,'Computer',15,'glpi','2012-07-25 13:16:12',0,'','HCMJUMP01 (21)'),(2366,'Computer',21,'Contract',15,'glpi','2012-07-25 13:16:12',0,'','TK134 (2)'),(2367,'Contract',1,'NetworkEquipment',15,'glpi','2012-07-25 13:21:47',0,'','HCMSR01 (4)'),(2368,'NetworkEquipment',4,'Contract',15,'glpi','2012-07-25 13:21:47',0,'','TK135 (1)'),(2369,'Contract',1,'Computer',15,'glpi','2012-07-25 13:22:25',0,'','HCMNBU01 (17)'),(2370,'Computer',17,'Contract',15,'glpi','2012-07-25 13:22:25',0,'','TK135 (1)'),(2371,'Computer',17,'',0,'glpi','2012-07-25 13:23:04',16,'','Sunfire X4100 (CPU AMD 2.8 ghz, 8Gb)'),(2372,'Computer',5,'',0,'glpi','2012-07-25 13:23:44',16,'TK36','SunFire X4150 (CPU AMD 2.8 ghz, 8Gb DDR2)'),(2373,'Contract',6,'0',20,'glpi','2012-07-25 13:24:14',0,'',''),(2374,'Contract',4,'',0,'glpi','2012-07-25 13:25:49',5,'','2008-04-03'),(2375,'Contract',6,'Supplier',15,'glpi','2012-07-25 13:28:35',0,'','APM Sunnyvale (5)'),(2376,'Supplier',5,'Contract',15,'glpi','2012-07-25 13:28:35',0,'','TK36 (6)'),(2377,'Document',1,'Contract',15,'glpi','2012-07-25 13:29:04',0,'','TK36 (6)'),(2378,'Contract',6,'Document',15,'glpi','2012-07-25 13:29:04',0,'','Document Contract - TK36 (1)'),(2379,'Document',1,'0',20,'glpi','2012-07-25 13:29:04',0,'',''),(2380,'Contract',1,'Computer',16,'glpi','2012-07-25 13:34:05',0,'HCMJUMP01 (21)',''),(2381,'Computer',21,'Contract',16,'glpi','2012-07-25 13:34:05',0,'TK135 (1)',''),(2382,'Contract',6,'',0,'glpi','2012-07-25 13:35:56',5,'','2009-02-03'),(2383,'Document',2,'Contract',15,'glpi','2012-07-25 13:38:10',0,'','TK130 (3)'),(2384,'Contract',3,'Document',15,'glpi','2012-07-25 13:38:10',0,'','Document Contract - TK130 (2)'),(2385,'Document',2,'0',20,'glpi','2012-07-25 13:38:10',0,'',''),(2386,'Document',3,'Contract',15,'glpi','2012-07-25 13:38:52',0,'','TK134 (2)'),(2387,'Contract',2,'Document',15,'glpi','2012-07-25 13:38:52',0,'','Document Contract - TK134 (3)'),(2388,'Document',3,'0',20,'glpi','2012-07-25 13:38:52',0,'',''),(2389,'Document',4,'Contract',15,'glpi','2012-07-25 13:39:47',0,'','TK135 (1)'),(2390,'Contract',1,'Document',15,'glpi','2012-07-25 13:39:47',0,'','Document Contract - TK135 (4)'),(2391,'Document',4,'0',20,'glpi','2012-07-25 13:39:47',0,'',''),(2392,'Document',5,'Contract',15,'glpi','2012-07-25 13:40:37',0,'','TK1069 (4)'),(2393,'Contract',4,'Document',15,'glpi','2012-07-25 13:40:37',0,'','Document Contract - TK1069 (5)'),(2394,'Document',5,'0',20,'glpi','2012-07-25 13:40:37',0,'',''),(2395,'Document',5,'',0,'glpi','2012-07-25 13:41:52',7,'&nbsp;','Imported from US'),(2396,'Document',3,'',0,'glpi','2012-07-25 13:42:00',7,'&nbsp;','Imported from US'),(2397,'Document',4,'',0,'glpi','2012-07-25 13:42:08',7,'&nbsp;','Imported from US'),(2398,'Document',1,'',0,'glpi','2012-07-25 13:42:14',7,'&nbsp;','Imported from US'),(2399,'Contract',7,'0',20,'glpi','2012-07-25 13:46:21',0,'',''),(2400,'Contract',8,'0',20,'glpi','2012-07-25 13:46:59',0,'',''),(2401,'Contract',9,'0',20,'glpi','2012-07-25 13:48:52',0,'',''),(2402,'Contract',9,'Supplier',15,'glpi','2012-07-25 13:49:05',0,'','APM Sunnyvale (5)'),(2403,'Supplier',5,'Contract',15,'glpi','2012-07-25 13:49:05',0,'','TK151 (9)'),(2404,'Document',6,'Contract',15,'glpi','2012-07-25 13:49:14',0,'','TK151 (9)'),(2405,'Contract',9,'Document',15,'glpi','2012-07-25 13:49:14',0,'','Document Contract - TK151 (6)'),(2406,'Document',6,'0',20,'glpi','2012-07-25 13:49:14',0,'',''),(2407,'Contract',10,'0',20,'glpi','2012-07-25 13:50:34',0,'',''),(2408,'Document',7,'Contract',15,'glpi','2012-07-25 13:50:52',0,'','TK252 (10)'),(2409,'Contract',10,'Document',15,'glpi','2012-07-25 13:50:52',0,'','Document Contract - TK252 (7)'),(2410,'Document',7,'0',20,'glpi','2012-07-25 13:50:52',0,'',''),(2411,'Contract',10,'',0,'glpi','2012-07-25 13:52:04',11,'0.0000','87856'),(2412,'Contract',3,'',0,'glpi','2012-07-25 13:52:37',11,'0.0000','20112.4'),(2413,'Contract',6,'',0,'glpi','2012-07-25 13:53:06',11,'0.0000','11141.47'),(2414,'Contract',2,'',0,'glpi','2012-07-25 13:54:49',11,'0.0000','16150'),(2415,'Contract',1,'',0,'glpi','2012-07-25 13:55:24',11,'0.0000','234267.05'),(2416,'Contract',9,'',0,'glpi','2012-07-25 13:56:07',11,'0.0000','1715'),(2417,'Contract',1,'NetworkEquipment',16,'glpi','2012-07-25 13:57:26',0,'HCMSR01 (4)',''),(2418,'NetworkEquipment',4,'Contract',16,'glpi','2012-07-25 13:57:26',0,'TK135 (1)',''),(2419,'Contract',1,'Printer',15,'glpi','2012-07-25 13:57:49',0,'','HCMCLJ01 (5)'),(2420,'Printer',5,'Contract',15,'glpi','2012-07-25 13:57:49',0,'','TK135 (1)'),(2421,'Contract',1,'Computer',15,'glpi','2012-07-25 13:58:23',0,'','HCMESX01 (5)'),(2422,'Computer',5,'Contract',15,'glpi','2012-07-25 13:58:23',0,'','TK135 (1)'),(2423,'Computer',23,'Infocom',17,'glpi','2012-07-26 05:42:28',0,'','N/A (23)'),(2424,'Infocom',23,'0',20,'glpi','2012-07-26 05:42:28',0,'',''),(2425,'Computer',23,'0',20,'glpi','2012-07-26 05:42:28',0,'',''),(2426,'Computer',1,'',0,'glpi','2012-07-26 05:44:09',1,'HCM.AD.AMCC.COM','HCM'),(2427,'Computer',1,'',0,'glpi','2012-07-26 05:44:09',31,'&nbsp;','OK'),(2428,'Computer',1,'',0,'glpi','2012-07-26 05:44:09',4,'&nbsp;','Laptop'),(2429,'Computer',1,'',0,'glpi','2012-07-26 05:44:09',23,'&nbsp;','Dell'),(2430,'Computer',1,'',0,'glpi','2012-07-26 05:44:09',45,'&nbsp;','MS Windows 7 x64'),(2431,'Computer',23,'NetworkPort',17,'glpi','2012-07-26 05:52:33',0,'','Lan1 (655)'),(2432,'NetworkPort',655,'0',20,'glpi','2012-07-26 05:52:33',0,'',''),(2433,'NetworkEquipment',4,'Computer',7,'glpi','2012-07-26 05:53:25',0,'','#Gi4/26 > HCM6QFDWM1'),(2434,'Computer',23,'NetworkEquipment',7,'glpi','2012-07-26 05:53:25',0,'','HCMSR01 > #Gi4/26'),(2435,'Computer',23,'',0,'glpi','2012-07-26 05:54:46',6,'','1739'),(2436,'Peripheral',3,'0',20,'glpi','2012-07-26 05:56:14',0,'',''),(2437,'Peripheral',1,'',0,'glpi','2012-07-26 05:56:20',3,'&nbsp;','3rd Floor'),(2438,'Peripheral',1,'',0,'glpi','2012-07-26 05:56:20',71,'&nbsp;','IT'),(2439,'Peripheral',1,'',0,'glpi','2012-07-26 05:56:20',7,'','Chuong Pham'),(2440,'Computer',23,'Peripheral',15,'glpi','2012-07-26 05:56:20',0,'','N/A (1)'),(2441,'Peripheral',1,'Computer',15,'glpi','2012-07-26 05:56:20',0,'','HCM6QFDWM1 (23)'),(2442,'Computer',23,'Peripheral',15,'glpi','2012-07-26 05:56:47',0,'','test (3)'),(2443,'Peripheral',3,'Computer',15,'glpi','2012-07-26 05:56:47',0,'','HCM6QFDWM1 (23)'),(2444,'Computer',23,'Peripheral',16,'glpi','2012-07-26 05:57:53',0,'N/A (1)',''),(2445,'Peripheral',1,'Computer',16,'glpi','2012-07-26 05:57:53',0,'HCM6QFDWM1 (23)',''),(2446,'Computer',23,'Peripheral',16,'glpi','2012-07-26 05:57:56',0,'test (3)',''),(2447,'Peripheral',3,'Computer',16,'glpi','2012-07-26 05:57:56',0,'HCM6QFDWM1 (23)',''),(2448,'Computer',18,'',0,'glpi','2012-07-26 05:59:19',45,'Linux RHEL 4 Server','SunOS Sparc'),(2449,'Computer',21,'',0,'glpi','2012-07-26 05:59:49',45,'Linux RHEL 4 Server','SunOS Sparc'),(2450,'Computer',19,'',0,'glpi','2012-07-26 05:59:49',45,'Linux RHEL 4 Server','SunOS Sparc'),(2451,'Computer',20,'',0,'glpi','2012-07-26 05:59:49',45,'Linux RHEL 4 Server','SunOS Sparc'),(2452,'NetworkEquipment',5,'0',20,'glpi','2012-07-26 06:47:20',0,'',''),(2453,'NetworkEquipment',6,'0',20,'glpi','2012-07-26 06:48:07',0,'',''),(2454,'Computer',24,'Infocom',17,'glpi','2012-07-26 10:25:03',0,'','N/A (24)'),(2455,'Infocom',24,'0',20,'glpi','2012-07-26 10:25:03',0,'',''),(2456,'Computer',24,'0',20,'glpi','2012-07-26 10:25:03',0,'',''),(2457,'Computer',24,'NetworkPort',17,'glpi','2012-07-26 10:35:11',0,'','Lan1 (656)'),(2458,'NetworkPort',656,'0',20,'glpi','2012-07-26 10:35:11',0,'',''),(2459,'NetworkEquipment',4,'Computer',7,'glpi','2012-07-26 10:41:45',0,'','#Gi6/37 > HCMR9LM2P6'),(2460,'Computer',24,'NetworkEquipment',7,'glpi','2012-07-26 10:41:45',0,'','HCMSR01 > #Gi6/37'),(2461,'Computer',25,'Infocom',17,'glpi','2012-07-26 10:53:49',0,'','N/A (25)'),(2462,'Infocom',25,'0',20,'glpi','2012-07-26 10:53:49',0,'',''),(2463,'Computer',25,'0',20,'glpi','2012-07-26 10:53:49',0,'',''),(2464,'Computer',25,'NetworkPort',17,'glpi','2012-07-26 10:54:08',0,'','Lan1 (657)'),(2465,'NetworkPort',657,'0',20,'glpi','2012-07-26 10:54:08',0,'',''),(2466,'Computer',25,'NetworkEquipment',7,'glpi','2012-07-26 10:55:45',0,'','HCMSR01 > #Gi6/47'),(2467,'NetworkEquipment',4,'Computer',7,'glpi','2012-07-26 10:55:45',0,'','#Gi6/47 > HCMDXR752S'),(2468,'Computer',1,'',0,'glpi','2012-07-26 10:56:30',3,'&nbsp;','3rd Floor'),(2469,'Computer',1,'',0,'glpi','2012-07-26 10:56:30',49,'&nbsp;','Hardware'),(2470,'Computer',1,'',0,'glpi','2012-07-26 10:56:30',71,'&nbsp;','Hardware'),(2471,'Computer',1,'NetworkPort',17,'glpi','2012-07-26 10:56:44',0,'','Lan1 (658)'),(2472,'NetworkPort',658,'0',20,'glpi','2012-07-26 10:56:44',0,'',''),(2473,'Computer',26,'Infocom',17,'glpi','2012-07-26 11:07:37',0,'','N/A (26)'),(2474,'Infocom',26,'0',20,'glpi','2012-07-26 11:07:37',0,'',''),(2475,'Computer',26,'0',20,'glpi','2012-07-26 11:07:37',0,'',''),(2476,'Computer',26,'NetworkEquipment',7,'glpi','2012-07-26 11:11:26',0,'','HCMSR01 > #Gi6/05'),(2477,'NetworkEquipment',4,'Computer',7,'glpi','2012-07-26 11:11:26',0,'','#Gi6/05 > HCM3YR752S'),(2478,'Computer',27,'Infocom',17,'glpi','2012-07-26 11:12:33',0,'','N/A (27)'),(2479,'Infocom',27,'0',20,'glpi','2012-07-26 11:12:33',0,'',''),(2480,'Computer',27,'0',20,'glpi','2012-07-26 11:12:33',0,'',''),(2481,'Computer',1,'NetworkEquipment',7,'glpi','2012-07-26 11:16:37',0,'','HCMSR01 > #Gi6/23'),(2482,'NetworkEquipment',4,'Computer',7,'glpi','2012-07-26 11:16:37',0,'','#Gi6/23 > HCM'),(2483,'Computer',28,'Infocom',17,'glpi','2012-07-26 11:16:43',0,'','N/A (28)'),(2484,'Infocom',28,'0',20,'glpi','2012-07-26 11:16:43',0,'',''),(2485,'Computer',28,'0',20,'glpi','2012-07-26 11:16:43',0,'',''),(2486,'Computer',1,'NetworkEquipment',6,'glpi','2012-07-26 11:17:15',0,'HCMSR01 > #Gi6/23',''),(2487,'NetworkEquipment',4,'Computer',6,'glpi','2012-07-26 11:17:15',0,'#Gi6/23 > HCM',''),(2488,'Computer',28,'',0,'glpi','2012-07-26 11:18:13',1,'HCM','HCMHZDDWM1'),(2489,'Computer',28,'',0,'glpi','2012-07-26 11:18:13',40,'&nbsp;','E6420'),(2490,'Computer',28,'',0,'glpi','2012-07-26 11:18:13',5,'','HZDDWM1'),(2491,'Computer',28,'',0,'glpi','2012-07-26 11:18:13',6,'','1747'),(2492,'Computer',28,'NetworkEquipment',7,'glpi','2012-07-26 11:19:54',0,'','HCMSR01 > #Gi6/23'),(2493,'NetworkEquipment',4,'Computer',7,'glpi','2012-07-26 11:19:54',0,'','#Gi6/23 > HCMHZDDWM1'),(2494,'Computer',28,'',0,'glpi','2012-07-26 11:20:23',17,'','Ty Doan'),(2495,'Computer',29,'Infocom',17,'glpi','2012-07-26 11:22:07',0,'','N/A (29)'),(2496,'Infocom',29,'0',20,'glpi','2012-07-26 11:22:07',0,'',''),(2497,'Computer',29,'0',20,'glpi','2012-07-26 11:22:07',0,'',''),(2498,'Computer',30,'Infocom',17,'glpi','2012-07-26 11:26:11',0,'','N/A (30)'),(2499,'Infocom',30,'0',20,'glpi','2012-07-26 11:26:11',0,'',''),(2500,'Computer',30,'0',20,'glpi','2012-07-26 11:26:11',0,'',''),(2501,'Computer',30,'NetworkEquipment',7,'glpi','2012-07-26 11:27:06',0,'','HCMSR01 > #Gi4/44'),(2502,'NetworkEquipment',4,'Computer',7,'glpi','2012-07-26 11:27:06',0,'','#Gi4/44 > HCMBYR752S'),(2503,'Computer',31,'Infocom',17,'glpi','2012-07-26 11:30:07',0,'','N/A (31)'),(2504,'Infocom',31,'0',20,'glpi','2012-07-26 11:30:07',0,'',''),(2505,'Computer',31,'0',20,'glpi','2012-07-26 11:30:07',0,'',''),(2506,'Computer',31,'NetworkEquipment',7,'glpi','2012-07-26 11:31:26',0,'','HCMSR01 > #Gi6/43'),(2507,'NetworkEquipment',4,'Computer',7,'glpi','2012-07-26 11:31:26',0,'','#Gi6/43 > HCMD5DDWM1'),(2508,'Computer',32,'Infocom',17,'glpi','2012-07-26 11:33:52',0,'','N/A (32)'),(2509,'Infocom',32,'0',20,'glpi','2012-07-26 11:33:52',0,'',''),(2510,'Computer',32,'0',20,'glpi','2012-07-26 11:33:52',0,'',''),(2511,'Computer',32,'NetworkEquipment',7,'glpi','2012-07-26 11:36:38',0,'','HCMSR01 > #Gi6/10'),(2512,'NetworkEquipment',4,'Computer',7,'glpi','2012-07-26 11:36:38',0,'','#Gi6/10 > HCMBXR752S'),(2513,'Computer',33,'Infocom',17,'glpi','2012-07-26 11:45:51',0,'','N/A (33)'),(2514,'Infocom',33,'0',20,'glpi','2012-07-26 11:45:51',0,'',''),(2515,'Computer',33,'0',20,'glpi','2012-07-26 11:45:51',0,'',''),(2516,'Computer',34,'Infocom',17,'glpi','2012-07-26 11:47:29',0,'','N/A (34)'),(2517,'Infocom',34,'0',20,'glpi','2012-07-26 11:47:29',0,'',''),(2518,'Computer',34,'0',20,'glpi','2012-07-26 11:47:29',0,'',''),(2519,'Computer',35,'Infocom',17,'glpi','2012-07-26 11:51:35',0,'','N/A (35)'),(2520,'Infocom',35,'0',20,'glpi','2012-07-26 11:51:35',0,'',''),(2521,'Computer',35,'0',20,'glpi','2012-07-26 11:51:35',0,'',''),(2522,'Computer',35,'NetworkEquipment',7,'glpi','2012-07-26 12:03:04',0,'','HCMSR01 > #Gi6/27'),(2523,'NetworkEquipment',4,'Computer',7,'glpi','2012-07-26 12:03:04',0,'','#Gi6/27 > HCMHTQY5Q1'),(2524,'Computer',36,'Infocom',17,'glpi','2012-07-26 12:05:37',0,'','N/A (36)'),(2525,'Infocom',36,'0',20,'glpi','2012-07-26 12:05:37',0,'',''),(2526,'Computer',36,'0',20,'glpi','2012-07-26 12:05:37',0,'',''),(2527,'Computer',4,'',0,'glpi','2012-07-26 12:09:41',4,'Client','Laptop'),(2528,'Computer',37,'Infocom',17,'glpi','2012-07-26 12:15:40',0,'','N/A (37)'),(2529,'Infocom',37,'0',20,'glpi','2012-07-26 12:15:40',0,'',''),(2530,'Computer',37,'0',20,'glpi','2012-07-26 12:15:40',0,'',''),(2531,'Computer',37,'NetworkEquipment',7,'glpi','2012-07-26 12:16:55',0,'','HCMSR01 > #Gi6/09'),(2532,'NetworkEquipment',4,'Computer',7,'glpi','2012-07-26 12:16:55',0,'','#Gi6/09 > HCM7YR752S'),(2533,'Computer',38,'Infocom',17,'glpi','2012-07-26 12:23:56',0,'','N/A (38)'),(2534,'Infocom',38,'0',20,'glpi','2012-07-26 12:23:56',0,'',''),(2535,'Computer',38,'0',20,'glpi','2012-07-26 12:23:56',0,'',''),(2536,'Computer',38,'NetworkEquipment',7,'glpi','2012-07-26 12:25:00',0,'','HCMSR01 > #Gi6/11'),(2537,'NetworkEquipment',4,'Computer',7,'glpi','2012-07-26 12:25:00',0,'','#Gi6/11 > HCM5YR752S'),(2538,'Computer',39,'Infocom',17,'glpi','2012-07-26 12:25:53',0,'','N/A (39)'),(2539,'Infocom',39,'0',20,'glpi','2012-07-26 12:25:53',0,'',''),(2540,'Computer',39,'0',20,'glpi','2012-07-26 12:25:53',0,'',''),(2541,'Computer',39,'NetworkEquipment',7,'glpi','2012-07-26 12:26:39',0,'','HCMSR01 > #Gi6/07'),(2542,'NetworkEquipment',4,'Computer',7,'glpi','2012-07-26 12:26:39',0,'','#Gi6/07 > HCMHXR752S'),(2543,'Computer',17,'',0,'glpi','2012-07-26 13:15:27',45,'Linux RHEL 4 Server','Linux RHEL 5 x64'),(2544,'Computer',16,'',0,'glpi','2012-07-26 13:15:43',45,'Linux RHEL 4 Server','Linux RHEL 5 x64'),(2545,'Computer',15,'',0,'glpi','2012-07-26 13:15:58',31,'OK','Fail'),(2546,'Computer',8,'',0,'glpi','2012-07-26 13:16:40',45,'Linux RHEL 4 Server','Linux RHEL 5 x64'),(2547,'Computer',9,'',0,'glpi','2012-07-26 13:16:40',45,'Linux RHEL 4 Server','Linux RHEL 5 x64'),(2548,'Computer',14,'',0,'glpi','2012-07-26 13:16:40',45,'Linux RHEL 4 Server','Linux RHEL 5 x64'),(2549,'Computer',11,'',0,'glpi','2012-07-26 13:16:40',45,'Linux RHEL 4 Server','Linux RHEL 5 x64'),(2550,'Computer',12,'',0,'glpi','2012-07-26 13:16:40',45,'Linux RHEL 4 Server','Linux RHEL 5 x64'),(2551,'Computer',13,'',0,'glpi','2012-07-26 13:16:40',45,'Linux RHEL 4 Server','Linux RHEL 5 x64'),(2552,'Computer',10,'',0,'glpi','2012-07-26 13:16:40',45,'Linux RHEL 4 Server','Linux RHEL 5 x64'),(2553,'Computer',40,'Infocom',17,'glpi','2012-07-27 05:14:20',0,'','N/A (40)'),(2554,'Infocom',40,'0',20,'glpi','2012-07-27 05:14:20',0,'',''),(2555,'Computer',40,'0',20,'glpi','2012-07-27 05:14:20',0,'',''),(2556,'Computer',41,'Infocom',17,'glpi','2012-07-27 05:24:38',0,'','N/A (41)'),(2557,'Infocom',41,'0',20,'glpi','2012-07-27 05:24:38',0,'',''),(2558,'Computer',41,'0',20,'glpi','2012-07-27 05:24:38',0,'',''),(2559,'Computer',40,'NetworkEquipment',7,'glpi','2012-07-27 10:22:43',0,'','HCMSR01 > #Gi4/46'),(2560,'NetworkEquipment',4,'Computer',7,'glpi','2012-07-27 10:22:43',0,'','#Gi4/46 > HCMFXR752S'),(2561,'Computer',42,'Infocom',17,'glpi','2012-07-27 12:27:58',0,'','N/A (42)'),(2562,'Infocom',42,'0',20,'glpi','2012-07-27 12:27:58',0,'',''),(2563,'Computer',42,'0',20,'glpi','2012-07-27 12:27:58',0,'',''),(2564,'Computer',42,'NetworkEquipment',7,'glpi','2012-07-27 12:29:44',0,'','HCMSR01 > #Gi4/42'),(2565,'NetworkEquipment',4,'Computer',7,'glpi','2012-07-27 12:29:44',0,'','#Gi4/42 > HCMCXR752S'),(2566,'Computer',43,'Infocom',17,'glpi','2012-07-27 12:30:41',0,'','N/A (43)'),(2567,'Infocom',43,'0',20,'glpi','2012-07-27 12:30:41',0,'',''),(2568,'Computer',43,'0',20,'glpi','2012-07-27 12:30:41',0,'',''),(2569,'Computer',44,'Infocom',17,'glpi','2012-07-27 12:38:05',0,'','N/A (44)'),(2570,'Infocom',44,'0',20,'glpi','2012-07-27 12:38:05',0,'',''),(2571,'Computer',44,'0',20,'glpi','2012-07-27 12:38:05',0,'',''),(2572,'Computer',44,'NetworkEquipment',7,'glpi','2012-07-27 12:38:55',0,'','HCMSR01 > #Gi6/19'),(2573,'NetworkEquipment',4,'Computer',7,'glpi','2012-07-27 12:38:55',0,'','#Gi6/19 > HCMR9LM2P8'),(2574,'Computer',45,'Infocom',17,'glpi','2012-07-27 12:47:18',0,'','N/A (45)'),(2575,'Infocom',45,'0',20,'glpi','2012-07-27 12:47:18',0,'',''),(2576,'Computer',45,'0',20,'glpi','2012-07-27 12:47:18',0,'',''),(2577,'Computer',46,'Infocom',17,'glpi','2012-07-27 12:49:27',0,'','N/A (46)'),(2578,'Infocom',46,'0',20,'glpi','2012-07-27 12:49:27',0,'',''),(2579,'Computer',46,'0',20,'glpi','2012-07-27 12:49:27',0,'',''),(2580,'Computer',47,'Infocom',17,'glpi','2012-07-30 05:50:39',0,'','N/A (47)'),(2581,'Infocom',47,'0',20,'glpi','2012-07-30 05:50:39',0,'',''),(2582,'Computer',47,'0',20,'glpi','2012-07-30 05:50:39',0,'',''),(2583,'Computer',47,'NetworkEquipment',7,'glpi','2012-07-30 05:52:04',0,'','HCMSR01 > #Gi6/01'),(2584,'NetworkEquipment',4,'Computer',7,'glpi','2012-07-30 05:52:04',0,'','#Gi6/01 > HCM6MQY5Q1'),(2585,'Computer',48,'Infocom',17,'glpi','2012-07-30 06:20:18',0,'','N/A (48)'),(2586,'Infocom',48,'0',20,'glpi','2012-07-30 06:20:18',0,'',''),(2587,'Computer',48,'0',20,'glpi','2012-07-30 06:20:18',0,'',''),(2588,'Computer',48,'',0,'glpi','2012-07-30 06:20:34',16,'','testing'),(2589,'Computer',1,'',0,'glpi','2012-07-30 10:04:47',3,'3rd Floor','2nd Floor'),(2590,'Computer',1,'',0,'glpi','2012-07-30 10:04:47',49,'Hardware','Transport'),(2591,'Computer',1,'',0,'glpi','2012-07-30 10:04:47',71,'Hardware','Transport'),(2592,'Computer',49,'Infocom',17,'glpi','2012-07-30 10:07:38',0,'','N/A (49)'),(2593,'Infocom',49,'0',20,'glpi','2012-07-30 10:07:38',0,'',''),(2594,'Computer',49,'0',20,'glpi','2012-07-30 10:07:38',0,'',''),(2595,'Computer',49,'NetworkEquipment',7,'glpi','2012-07-30 10:09:32',0,'','HCMSR01 > #Gi/214'),(2596,'NetworkEquipment',4,'Computer',7,'glpi','2012-07-30 10:09:32',0,'','#Gi/214 > HCM8NJDWM1'),(2597,'Computer',49,'NetworkEquipment',6,'glpi','2012-07-30 10:13:27',0,'HCMSR01 > #Gi/214',''),(2598,'NetworkEquipment',4,'Computer',6,'glpi','2012-07-30 10:13:27',0,'#Gi/214 > HCM8NJDWM1',''),(2647,'NetworkEquipment',4,'NetworkPort',17,'glpi','2012-07-30 10:14:46',0,'','Gi2/01 (683)'),(2648,'NetworkPort',683,'0',20,'glpi','2012-07-30 10:14:46',0,'',''),(2649,'NetworkEquipment',4,'NetworkPort',17,'glpi','2012-07-30 10:14:46',0,'','Gi2/02 (684)'),(2650,'NetworkPort',684,'0',20,'glpi','2012-07-30 10:14:46',0,'',''),(2651,'NetworkEquipment',4,'NetworkPort',17,'glpi','2012-07-30 10:14:46',0,'','Gi2/03 (685)'),(2652,'NetworkPort',685,'0',20,'glpi','2012-07-30 10:14:46',0,'',''),(2653,'NetworkEquipment',4,'NetworkPort',17,'glpi','2012-07-30 10:14:46',0,'','Gi2/04 (686)'),(2654,'NetworkPort',686,'0',20,'glpi','2012-07-30 10:14:46',0,'',''),(2655,'NetworkEquipment',4,'NetworkPort',17,'glpi','2012-07-30 10:14:46',0,'','Gi2/05 (687)'),(2656,'NetworkPort',687,'0',20,'glpi','2012-07-30 10:14:46',0,'',''),(2657,'NetworkEquipment',4,'NetworkPort',17,'glpi','2012-07-30 10:14:46',0,'','Gi2/06 (688)'),(2658,'NetworkPort',688,'0',20,'glpi','2012-07-30 10:14:46',0,'',''),(2659,'NetworkEquipment',4,'NetworkPort',17,'glpi','2012-07-30 10:14:46',0,'','Gi2/07 (689)'),(2660,'NetworkPort',689,'0',20,'glpi','2012-07-30 10:14:46',0,'',''),(2661,'NetworkEquipment',4,'NetworkPort',17,'glpi','2012-07-30 10:14:46',0,'','Gi2/08 (690)'),(2662,'NetworkPort',690,'0',20,'glpi','2012-07-30 10:14:46',0,'',''),(2663,'NetworkEquipment',4,'NetworkPort',17,'glpi','2012-07-30 10:14:46',0,'','Gi2/09 (691)'),(2664,'NetworkPort',691,'0',20,'glpi','2012-07-30 10:14:46',0,'',''),(2665,'NetworkEquipment',4,'NetworkPort',17,'glpi','2012-07-30 10:14:46',0,'','Gi2/10 (692)'),(2666,'NetworkPort',692,'0',20,'glpi','2012-07-30 10:14:46',0,'',''),(2667,'NetworkEquipment',4,'NetworkPort',17,'glpi','2012-07-30 10:14:46',0,'','Gi2/11 (693)'),(2668,'NetworkPort',693,'0',20,'glpi','2012-07-30 10:14:46',0,'',''),(2669,'NetworkEquipment',4,'NetworkPort',17,'glpi','2012-07-30 10:14:46',0,'','Gi2/12 (694)'),(2670,'NetworkPort',694,'0',20,'glpi','2012-07-30 10:14:46',0,'',''),(2671,'NetworkEquipment',4,'NetworkPort',17,'glpi','2012-07-30 10:14:46',0,'','Gi2/13 (695)'),(2672,'NetworkPort',695,'0',20,'glpi','2012-07-30 10:14:46',0,'',''),(2673,'NetworkEquipment',4,'NetworkPort',17,'glpi','2012-07-30 10:14:46',0,'','Gi2/14 (696)'),(2674,'NetworkPort',696,'0',20,'glpi','2012-07-30 10:14:46',0,'',''),(2675,'NetworkEquipment',4,'NetworkPort',17,'glpi','2012-07-30 10:14:46',0,'','Gi2/15 (697)'),(2676,'NetworkPort',697,'0',20,'glpi','2012-07-30 10:14:46',0,'',''),(2677,'NetworkEquipment',4,'NetworkPort',17,'glpi','2012-07-30 10:14:46',0,'','Gi2/16 (698)'),(2678,'NetworkPort',698,'0',20,'glpi','2012-07-30 10:14:46',0,'',''),(2679,'NetworkEquipment',4,'NetworkPort',17,'glpi','2012-07-30 10:14:46',0,'','Gi2/17 (699)'),(2680,'NetworkPort',699,'0',20,'glpi','2012-07-30 10:14:46',0,'',''),(2681,'NetworkEquipment',4,'NetworkPort',17,'glpi','2012-07-30 10:14:46',0,'','Gi2/18 (700)'),(2682,'NetworkPort',700,'0',20,'glpi','2012-07-30 10:14:46',0,'',''),(2683,'NetworkEquipment',4,'NetworkPort',17,'glpi','2012-07-30 10:14:46',0,'','Gi2/19 (701)'),(2684,'NetworkPort',701,'0',20,'glpi','2012-07-30 10:14:46',0,'',''),(2685,'NetworkEquipment',4,'NetworkPort',17,'glpi','2012-07-30 10:14:46',0,'','Gi2/20 (702)'),(2686,'NetworkPort',702,'0',20,'glpi','2012-07-30 10:14:46',0,'',''),(2687,'NetworkEquipment',4,'NetworkPort',17,'glpi','2012-07-30 10:14:46',0,'','Gi2/21 (703)'),(2688,'NetworkPort',703,'0',20,'glpi','2012-07-30 10:14:46',0,'',''),(2689,'NetworkEquipment',4,'NetworkPort',17,'glpi','2012-07-30 10:14:46',0,'','Gi2/22 (704)'),(2690,'NetworkPort',704,'0',20,'glpi','2012-07-30 10:14:46',0,'',''),(2691,'NetworkEquipment',4,'NetworkPort',17,'glpi','2012-07-30 10:14:46',0,'','Gi2/23 (705)'),(2692,'NetworkPort',705,'0',20,'glpi','2012-07-30 10:14:46',0,'',''),(2693,'NetworkEquipment',4,'NetworkPort',17,'glpi','2012-07-30 10:14:46',0,'','Gi2/24 (706)'),(2694,'NetworkPort',706,'0',20,'glpi','2012-07-30 10:14:46',0,'',''),(2695,'NetworkEquipment',4,'NetworkPort',17,'glpi','2012-07-30 10:14:46',0,'','Gi2/25 (707)'),(2696,'NetworkPort',707,'0',20,'glpi','2012-07-30 10:14:46',0,'',''),(2697,'NetworkEquipment',4,'NetworkPort',17,'glpi','2012-07-30 10:14:46',0,'','Gi2/26 (708)'),(2698,'NetworkPort',708,'0',20,'glpi','2012-07-30 10:14:46',0,'',''),(2699,'NetworkEquipment',4,'NetworkPort',17,'glpi','2012-07-30 10:14:46',0,'','Gi2/27 (709)'),(2700,'NetworkPort',709,'0',20,'glpi','2012-07-30 10:14:46',0,'',''),(2701,'NetworkEquipment',4,'NetworkPort',17,'glpi','2012-07-30 10:14:46',0,'','Gi2/28 (710)'),(2702,'NetworkPort',710,'0',20,'glpi','2012-07-30 10:14:46',0,'',''),(2703,'NetworkEquipment',4,'NetworkPort',17,'glpi','2012-07-30 10:14:46',0,'','Gi2/29 (711)'),(2704,'NetworkPort',711,'0',20,'glpi','2012-07-30 10:14:46',0,'',''),(2705,'NetworkEquipment',4,'NetworkPort',17,'glpi','2012-07-30 10:14:46',0,'','Gi2/30 (712)'),(2706,'NetworkPort',712,'0',20,'glpi','2012-07-30 10:14:46',0,'',''),(2707,'NetworkEquipment',4,'NetworkPort',17,'glpi','2012-07-30 10:14:46',0,'','Gi2/31 (713)'),(2708,'NetworkPort',713,'0',20,'glpi','2012-07-30 10:14:46',0,'',''),(2709,'NetworkEquipment',4,'NetworkPort',17,'glpi','2012-07-30 10:14:46',0,'','Gi2/32 (714)'),(2710,'NetworkPort',714,'0',20,'glpi','2012-07-30 10:14:46',0,'',''),(2711,'NetworkEquipment',4,'NetworkPort',17,'glpi','2012-07-30 10:14:46',0,'','Gi2/33 (715)'),(2712,'NetworkPort',715,'0',20,'glpi','2012-07-30 10:14:46',0,'',''),(2713,'NetworkEquipment',4,'NetworkPort',17,'glpi','2012-07-30 10:14:46',0,'','Gi2/34 (716)'),(2714,'NetworkPort',716,'0',20,'glpi','2012-07-30 10:14:46',0,'',''),(2715,'NetworkEquipment',4,'NetworkPort',17,'glpi','2012-07-30 10:14:46',0,'','Gi2/35 (717)'),(2716,'NetworkPort',717,'0',20,'glpi','2012-07-30 10:14:46',0,'',''),(2717,'NetworkEquipment',4,'NetworkPort',17,'glpi','2012-07-30 10:14:46',0,'','Gi2/36 (718)'),(2718,'NetworkPort',718,'0',20,'glpi','2012-07-30 10:14:46',0,'',''),(2719,'NetworkEquipment',4,'NetworkPort',17,'glpi','2012-07-30 10:14:46',0,'','Gi2/37 (719)'),(2720,'NetworkPort',719,'0',20,'glpi','2012-07-30 10:14:46',0,'',''),(2721,'NetworkEquipment',4,'NetworkPort',17,'glpi','2012-07-30 10:14:46',0,'','Gi2/38 (720)'),(2722,'NetworkPort',720,'0',20,'glpi','2012-07-30 10:14:46',0,'',''),(2723,'NetworkEquipment',4,'NetworkPort',17,'glpi','2012-07-30 10:14:46',0,'','Gi2/39 (721)'),(2724,'NetworkPort',721,'0',20,'glpi','2012-07-30 10:14:46',0,'',''),(2725,'NetworkEquipment',4,'NetworkPort',17,'glpi','2012-07-30 10:14:46',0,'','Gi2/40 (722)'),(2726,'NetworkPort',722,'0',20,'glpi','2012-07-30 10:14:46',0,'',''),(2727,'NetworkEquipment',4,'NetworkPort',17,'glpi','2012-07-30 10:14:46',0,'','Gi2/41 (723)'),(2728,'NetworkPort',723,'0',20,'glpi','2012-07-30 10:14:46',0,'',''),(2729,'NetworkEquipment',4,'NetworkPort',17,'glpi','2012-07-30 10:14:46',0,'','Gi2/42 (724)'),(2730,'NetworkPort',724,'0',20,'glpi','2012-07-30 10:14:46',0,'',''),(2731,'NetworkEquipment',4,'NetworkPort',17,'glpi','2012-07-30 10:14:46',0,'','Gi2/43 (725)'),(2732,'NetworkPort',725,'0',20,'glpi','2012-07-30 10:14:46',0,'',''),(2733,'NetworkEquipment',4,'NetworkPort',17,'glpi','2012-07-30 10:14:46',0,'','Gi2/44 (726)'),(2734,'NetworkPort',726,'0',20,'glpi','2012-07-30 10:14:46',0,'',''),(2735,'NetworkEquipment',4,'NetworkPort',17,'glpi','2012-07-30 10:14:46',0,'','Gi2/45 (727)'),(2736,'NetworkPort',727,'0',20,'glpi','2012-07-30 10:14:46',0,'',''),(2737,'NetworkEquipment',4,'NetworkPort',17,'glpi','2012-07-30 10:14:46',0,'','Gi2/46 (728)'),(2738,'NetworkPort',728,'0',20,'glpi','2012-07-30 10:14:46',0,'',''),(2739,'NetworkEquipment',4,'NetworkPort',17,'glpi','2012-07-30 10:14:46',0,'','Gi2/47 (729)'),(2740,'NetworkPort',729,'0',20,'glpi','2012-07-30 10:14:46',0,'',''),(2741,'NetworkEquipment',4,'NetworkPort',17,'glpi','2012-07-30 10:14:46',0,'','Gi2/48 (730)'),(2742,'NetworkPort',730,'0',20,'glpi','2012-07-30 10:14:46',0,'',''),(2743,'Computer',49,'NetworkEquipment',7,'glpi','2012-07-30 10:15:27',0,'','HCMSR01 > #Gi2/14'),(2744,'NetworkEquipment',4,'Computer',7,'glpi','2012-07-30 10:15:27',0,'','#Gi2/14 > HCM8NJDWM1'),(2745,'Computer',50,'Infocom',17,'glpi','2012-07-30 10:20:34',0,'','N/A (50)'),(2746,'Infocom',50,'0',20,'glpi','2012-07-30 10:20:34',0,'',''),(2747,'Computer',50,'0',20,'glpi','2012-07-30 10:20:34',0,'',''),(2748,'Computer',50,'NetworkEquipment',7,'glpi','2012-07-30 10:22:09',0,'','HCMSR01 > #Gi6/42'),(2749,'NetworkEquipment',4,'Computer',7,'glpi','2012-07-30 10:22:09',0,'','#Gi6/42 > HCMR9LM2PR'),(2750,'Computer',51,'Infocom',17,'glpi','2012-07-30 10:24:24',0,'','N/A (51)'),(2751,'Infocom',51,'0',20,'glpi','2012-07-30 10:24:24',0,'',''),(2752,'Computer',51,'0',20,'glpi','2012-07-30 10:24:24',0,'',''),(2753,'Computer',52,'Infocom',17,'glpi','2012-07-30 10:30:02',0,'','N/A (52)'),(2754,'Infocom',52,'0',20,'glpi','2012-07-30 10:30:02',0,'',''),(2755,'Computer',52,'0',20,'glpi','2012-07-30 10:30:02',0,'',''),(2756,'Computer',52,'NetworkEquipment',7,'glpi','2012-07-30 10:30:51',0,'','HCMSR01 > #Gi2/06'),(2757,'NetworkEquipment',4,'Computer',7,'glpi','2012-07-30 10:30:51',0,'','#Gi2/06 > HCM8FDDWM1'),(2758,'Computer',53,'Infocom',17,'glpi','2012-07-30 10:34:06',0,'','N/A (53)'),(2759,'Infocom',53,'0',20,'glpi','2012-07-30 10:34:06',0,'',''),(2760,'Computer',53,'0',20,'glpi','2012-07-30 10:34:06',0,'',''),(2761,'Computer',53,'NetworkEquipment',7,'glpi','2012-07-30 10:35:34',0,'','HCMSR01 > #Gi6/08'),(2762,'NetworkEquipment',4,'Computer',7,'glpi','2012-07-30 10:35:34',0,'','#Gi6/08 > HCMDDGGWM1'),(2763,'Computer',51,'',0,'glpi','2012-07-30 10:36:22',1,'HCM7PFDWM1','apmdell'),(2764,'Computer',54,'Infocom',17,'glpi','2012-07-30 10:39:31',0,'','N/A (54)'),(2765,'Infocom',54,'0',20,'glpi','2012-07-30 10:39:31',0,'',''),(2766,'Computer',54,'0',20,'glpi','2012-07-30 10:39:31',0,'',''),(2767,'Computer',54,'NetworkEquipment',7,'glpi','2012-07-30 10:40:15',0,'','HCMSR01 > #Gi3/27'),(2768,'NetworkEquipment',4,'Computer',7,'glpi','2012-07-30 10:40:15',0,'','#Gi3/27 > HCM6QHJV1S'),(2769,'Computer',55,'Infocom',17,'glpi','2012-07-30 10:41:57',0,'','N/A (55)'),(2770,'Infocom',55,'0',20,'glpi','2012-07-30 10:41:57',0,'',''),(2771,'Computer',55,'0',20,'glpi','2012-07-30 10:41:57',0,'',''),(2772,'Computer',55,'NetworkEquipment',7,'glpi','2012-07-30 10:43:13',0,'','HCMSR01 > #Gi2/15'),(2773,'NetworkEquipment',4,'Computer',7,'glpi','2012-07-30 10:43:13',0,'','#Gi2/15 > HCMBJJDWM1'),(2774,'Computer',56,'Infocom',17,'glpi','2012-07-30 10:46:36',0,'','N/A (56)'),(2775,'Infocom',56,'0',20,'glpi','2012-07-30 10:46:36',0,'',''),(2776,'Computer',56,'0',20,'glpi','2012-07-30 10:46:36',0,'',''),(2777,'Computer',56,'NetworkEquipment',7,'glpi','2012-07-30 10:47:40',0,'','HCMSR01 > #Gi2/05'),(2778,'NetworkEquipment',4,'Computer',7,'glpi','2012-07-30 10:47:40',0,'','#Gi2/05 > HCM5LFDWM1 '),(2779,'Computer',57,'Infocom',17,'glpi','2012-07-30 10:48:43',0,'','N/A (57)'),(2780,'Infocom',57,'0',20,'glpi','2012-07-30 10:48:43',0,'',''),(2781,'Computer',57,'0',20,'glpi','2012-07-30 10:48:43',0,'',''),(2782,'Computer',57,'NetworkEquipment',7,'glpi','2012-07-30 10:49:36',0,'','HCMSR01 > #Gi6/29'),(2783,'NetworkEquipment',4,'Computer',7,'glpi','2012-07-30 10:49:36',0,'','#Gi6/29 > HCM3J1RT1S'),(2784,'Computer',58,'Infocom',17,'glpi','2012-07-30 10:55:23',0,'','N/A (58)'),(2785,'Infocom',58,'0',20,'glpi','2012-07-30 10:55:23',0,'',''),(2786,'Computer',58,'0',20,'glpi','2012-07-30 10:55:23',0,'',''),(2787,'Computer',58,'NetworkEquipment',7,'glpi','2012-07-30 10:56:07',0,'','HCMSR01 > #Gi3/24'),(2788,'NetworkEquipment',4,'Computer',7,'glpi','2012-07-30 10:56:07',0,'','#Gi3/24 > HCM77KDWM1'),(2789,'Computer',59,'Infocom',17,'glpi','2012-07-30 10:56:47',0,'','N/A (59)'),(2790,'Infocom',59,'0',20,'glpi','2012-07-30 10:56:47',0,'',''),(2791,'Computer',59,'0',20,'glpi','2012-07-30 10:56:47',0,'',''),(2792,'Computer',59,'NetworkEquipment',7,'glpi','2012-07-30 10:57:27',0,'','HCMSR01 > #Gi2/03'),(2793,'NetworkEquipment',4,'Computer',7,'glpi','2012-07-30 10:57:27',0,'','#Gi2/03 > HCMC4FDWM1'),(2794,'Phone',120,'',0,'glpi','2012-07-30 11:05:02',71,'ASIC','Transport'),(2795,'Phone',121,'',0,'glpi','2012-07-30 11:14:02',71,'ASIC','Transport'),(2796,'Phone',122,'',0,'glpi','2012-07-30 11:14:02',71,'ASIC','Transport'),(2797,'Phone',135,'',0,'glpi','2012-07-30 11:14:02',71,'ASIC','Transport'),(2798,'Computer',1,'',0,'glpi','2012-07-30 11:28:03',49,'Transport','BE'),(2799,'Computer',1,'',0,'glpi','2012-07-30 11:28:03',71,'Transport','BE'),(2800,'Computer',60,'Infocom',17,'glpi','2012-07-30 11:29:17',0,'','N/A (60)'),(2801,'Infocom',60,'0',20,'glpi','2012-07-30 11:29:17',0,'',''),(2802,'Computer',60,'0',20,'glpi','2012-07-30 11:29:17',0,'',''),(2803,'Computer',60,'NetworkEquipment',7,'glpi','2012-07-30 11:30:43',0,'','HCMSR01 > #Gi2/24'),(2804,'NetworkEquipment',4,'Computer',7,'glpi','2012-07-30 11:30:43',0,'','#Gi2/24 > HCM5MKDWM1'),(2805,'Computer',61,'Infocom',17,'glpi','2012-07-30 11:32:56',0,'','N/A (61)'),(2806,'Infocom',61,'0',20,'glpi','2012-07-30 11:32:56',0,'',''),(2807,'Computer',61,'0',20,'glpi','2012-07-30 11:32:56',0,'',''),(2808,'Computer',62,'Infocom',17,'glpi','2012-07-30 11:34:59',0,'','N/A (62)'),(2809,'Infocom',62,'0',20,'glpi','2012-07-30 11:34:59',0,'',''),(2810,'Computer',62,'0',20,'glpi','2012-07-30 11:34:59',0,'',''),(2811,'Computer',62,'NetworkEquipment',7,'glpi','2012-07-30 11:36:07',0,'','HCMSR01 > #Gi4/41'),(2812,'NetworkEquipment',4,'Computer',7,'glpi','2012-07-30 11:36:07',0,'','#Gi4/41 > HCM3KQY5Q1'),(2813,'Computer',63,'Infocom',17,'glpi','2012-07-30 11:38:23',0,'','N/A (63)'),(2814,'Infocom',63,'0',20,'glpi','2012-07-30 11:38:23',0,'',''),(2815,'Computer',63,'0',20,'glpi','2012-07-30 11:38:23',0,'',''),(2816,'Computer',63,'NetworkEquipment',7,'glpi','2012-07-30 11:39:07',0,'','HCMSR01 > #Gi2/19'),(2817,'NetworkEquipment',4,'Computer',7,'glpi','2012-07-30 11:39:07',0,'','#Gi2/19 > HCM55SY5Q1'),(2818,'Phone',125,'',0,'glpi','2012-07-30 11:39:40',7,'Han Nguyen','Han Luong'),(2819,'Computer',64,'Infocom',17,'glpi','2012-07-31 05:07:35',0,'','N/A (64)'),(2820,'Infocom',64,'0',20,'glpi','2012-07-31 05:07:35',0,'',''),(2821,'Computer',64,'0',20,'glpi','2012-07-31 05:07:35',0,'',''),(2822,'Computer',65,'Infocom',17,'glpi','2012-07-31 06:37:04',0,'','N/A (65)'),(2823,'Infocom',65,'0',20,'glpi','2012-07-31 06:37:04',0,'',''),(2824,'Computer',65,'0',20,'glpi','2012-07-31 06:37:04',0,'',''),(2825,'Computer',65,'NetworkEquipment',7,'glpi','2012-07-31 06:38:35',0,'','HCMSR01 > #Gi3/26'),(2826,'NetworkEquipment',4,'Computer',7,'glpi','2012-07-31 06:38:35',0,'','#Gi3/26 > HCMCQHJV1S'),(2827,'Computer',66,'Infocom',17,'glpi','2012-07-31 06:40:40',0,'','N/A (66)'),(2828,'Infocom',66,'0',20,'glpi','2012-07-31 06:40:40',0,'',''),(2829,'Computer',66,'0',20,'glpi','2012-07-31 06:40:40',0,'',''),(2830,'Computer',66,'NetworkEquipment',7,'glpi','2012-07-31 06:41:29',0,'','HCMSR01 > #Gi4/47'),(2831,'NetworkEquipment',4,'Computer',7,'glpi','2012-07-31 06:41:29',0,'','#Gi4/47 > HCMFDHDWM1'),(2832,'Computer',67,'Infocom',17,'glpi','2012-07-31 06:49:16',0,'','N/A (67)'),(2833,'Infocom',67,'0',20,'glpi','2012-07-31 06:49:16',0,'',''),(2834,'Computer',67,'0',20,'glpi','2012-07-31 06:49:16',0,'',''),(2835,'Computer',67,'NetworkEquipment',7,'glpi','2012-07-31 06:50:04',0,'','HCMSR01 > #Gi3/23'),(2836,'NetworkEquipment',4,'Computer',7,'glpi','2012-07-31 06:50:04',0,'','#Gi3/23 > HCMF8DDWM1'),(2837,'Computer',68,'Infocom',17,'glpi','2012-07-31 09:40:25',0,'','N/A (68)'),(2838,'Infocom',68,'0',20,'glpi','2012-07-31 09:40:25',0,'',''),(2839,'Computer',68,'0',20,'glpi','2012-07-31 09:40:25',0,'',''),(2840,'Computer',1,'',0,'glpi','2012-08-02 07:40:43',49,'BE','ASIC'),(2841,'Computer',1,'',0,'glpi','2012-08-02 07:40:43',71,'BE','ASIC'),(2842,'Computer',69,'Infocom',17,'glpi','2012-08-02 07:41:40',0,'','N/A (69)'),(2843,'Infocom',69,'0',20,'glpi','2012-08-02 07:41:40',0,'',''),(2844,'Computer',69,'0',20,'glpi','2012-08-02 07:41:40',0,'',''),(2845,'Computer',69,'NetworkEquipment',7,'glpi','2012-08-02 07:43:18',0,'','HCMSR01 > #Gi3/36'),(2846,'NetworkEquipment',4,'Computer',7,'glpi','2012-08-02 07:43:18',0,'','#Gi3/36 > HCM84SY5Q1'),(2847,'Computer',70,'Infocom',17,'glpi','2012-08-02 07:47:18',0,'','N/A (70)'),(2848,'Infocom',70,'0',20,'glpi','2012-08-02 07:47:18',0,'',''),(2849,'Computer',70,'0',20,'glpi','2012-08-02 07:47:18',0,'',''),(2850,'Computer',71,'Infocom',17,'glpi','2012-08-02 10:32:00',0,'','N/A (71)'),(2851,'Infocom',71,'0',20,'glpi','2012-08-02 10:32:00',0,'',''),(2852,'Computer',71,'0',20,'glpi','2012-08-02 10:32:00',0,'',''),(2853,'Computer',72,'Infocom',17,'glpi','2012-08-02 10:33:16',0,'','N/A (72)'),(2854,'Infocom',72,'0',20,'glpi','2012-08-02 10:33:16',0,'',''),(2855,'Computer',72,'0',20,'glpi','2012-08-02 10:33:16',0,'',''),(2856,'Computer',73,'Infocom',17,'glpi','2012-08-02 10:35:37',0,'','N/A (73)'),(2857,'Infocom',73,'0',20,'glpi','2012-08-02 10:35:37',0,'',''),(2858,'Computer',73,'0',20,'glpi','2012-08-02 10:35:37',0,'',''),(2859,'Computer',74,'Infocom',17,'glpi','2012-08-02 10:36:25',0,'','N/A (74)'),(2860,'Infocom',74,'0',20,'glpi','2012-08-02 10:36:25',0,'',''),(2861,'Computer',74,'0',20,'glpi','2012-08-02 10:36:25',0,'',''),(2862,'Computer',74,'NetworkEquipment',7,'glpi','2012-08-02 10:37:51',0,'','HCMSR01 > #Gi2/26'),(2863,'NetworkEquipment',4,'Computer',7,'glpi','2012-08-02 10:37:51',0,'','#Gi2/26 > HCMGSQY5Q1'),(2864,'Computer',75,'Infocom',17,'glpi','2012-08-02 10:38:44',0,'','N/A (75)'),(2865,'Infocom',75,'0',20,'glpi','2012-08-02 10:38:44',0,'',''),(2866,'Computer',75,'0',20,'glpi','2012-08-02 10:38:44',0,'',''),(2867,'Computer',75,'NetworkEquipment',7,'glpi','2012-08-02 10:39:30',0,'','HCMSR01 > #Gi2/20'),(2868,'NetworkEquipment',4,'Computer',7,'glpi','2012-08-02 10:39:30',0,'','#Gi2/20 > HCMH7FDWM1'),(2869,'Computer',76,'Infocom',17,'glpi','2012-08-02 10:40:05',0,'','N/A (76)'),(2870,'Infocom',76,'0',20,'glpi','2012-08-02 10:40:05',0,'',''),(2871,'Computer',76,'0',20,'glpi','2012-08-02 10:40:05',0,'',''),(2872,'Computer',51,'NetworkEquipment',7,'glpi','2012-08-02 10:52:21',0,'','HCMSR01 > #Gi2/16'),(2873,'NetworkEquipment',4,'Computer',7,'glpi','2012-08-02 10:52:21',0,'','#Gi2/16 > apmdell'),(2874,'Computer',64,'NetworkEquipment',7,'glpi','2012-08-02 10:55:18',0,'','HCMSR01 > #Gi3/13'),(2875,'NetworkEquipment',4,'Computer',7,'glpi','2012-08-02 10:55:18',0,'','#Gi3/13 > HCM76FDWM1'),(2876,'Computer',77,'Infocom',17,'glpi','2012-08-06 09:38:46',0,'','N/A (77)'),(2877,'Infocom',77,'0',20,'glpi','2012-08-06 09:38:46',0,'',''),(2878,'Computer',77,'0',20,'glpi','2012-08-06 09:38:46',0,'',''),(2879,'Computer',77,'NetworkEquipment',7,'glpi','2012-08-06 09:40:14',0,'','HCMSR01 > #Gi4/20'),(2880,'NetworkEquipment',4,'Computer',7,'glpi','2012-08-06 09:40:14',0,'','#Gi4/20 > HCMR9LM2PM'),(2881,'Computer',78,'Infocom',17,'glpi','2012-08-06 09:42:12',0,'','N/A (78)'),(2882,'Infocom',78,'0',20,'glpi','2012-08-06 09:42:12',0,'',''),(2883,'Computer',78,'0',20,'glpi','2012-08-06 09:42:12',0,'',''),(2884,'Computer',79,'Infocom',17,'glpi','2012-08-06 09:43:32',0,'','N/A (79)'),(2885,'Infocom',79,'0',20,'glpi','2012-08-06 09:43:32',0,'',''),(2886,'Computer',79,'0',20,'glpi','2012-08-06 09:43:32',0,'',''),(2887,'Computer',78,'',0,'glpi','2012-08-06 09:43:49',16,'','for testing'),(2888,'Computer',80,'Infocom',17,'glpi','2012-08-06 12:02:55',0,'','N/A (80)'),(2889,'Infocom',80,'0',20,'glpi','2012-08-06 12:02:55',0,'',''),(2890,'Computer',80,'0',20,'glpi','2012-08-06 12:02:55',0,'',''),(2891,'Computer',81,'Infocom',17,'glpi','2012-08-06 12:15:31',0,'','N/A (81)'),(2892,'Infocom',81,'0',20,'glpi','2012-08-06 12:15:31',0,'',''),(2893,'Computer',81,'0',20,'glpi','2012-08-06 12:15:31',0,'',''),(2894,'Computer',81,'NetworkEquipment',7,'glpi','2012-08-06 12:16:56',0,'','HCMSR01 > #Gi2/12'),(2895,'NetworkEquipment',4,'Computer',7,'glpi','2012-08-06 12:16:56',0,'','#Gi2/12 > HCM86DDWM1'),(2896,'Computer',82,'Infocom',17,'glpi','2012-08-06 12:18:41',0,'','N/A (82)'),(2897,'Infocom',82,'0',20,'glpi','2012-08-06 12:18:41',0,'',''),(2898,'Computer',82,'0',20,'glpi','2012-08-06 12:18:41',0,'',''),(2899,'Computer',82,'NetworkEquipment',7,'glpi','2012-08-06 12:19:25',0,'','HCMSR01 > #Gi2/39'),(2900,'NetworkEquipment',4,'Computer',7,'glpi','2012-08-06 12:19:25',0,'','#Gi2/39 > HCM2BDDWM1'),(2901,'Computer',83,'Infocom',17,'glpi','2012-08-06 12:22:25',0,'','N/A (83)'),(2902,'Infocom',83,'0',20,'glpi','2012-08-06 12:22:25',0,'',''),(2903,'Computer',83,'0',20,'glpi','2012-08-06 12:22:25',0,'',''),(2904,'Computer',83,'NetworkEquipment',7,'glpi','2012-08-06 12:23:04',0,'','HCMSR01 > #Gi2/47'),(2905,'NetworkEquipment',4,'Computer',7,'glpi','2012-08-06 12:23:04',0,'','#Gi2/47 > HCMR9LM2PL'),(2906,'Computer',84,'Infocom',17,'glpi','2012-08-07 05:25:21',0,'','N/A (84)'),(2907,'Infocom',84,'0',20,'glpi','2012-08-07 05:25:21',0,'',''),(2908,'Computer',84,'0',20,'glpi','2012-08-07 05:25:21',0,'',''),(2909,'Computer',85,'Infocom',17,'glpi','2012-08-07 05:26:12',0,'','N/A (85)'),(2910,'Infocom',85,'0',20,'glpi','2012-08-07 05:26:12',0,'',''),(2911,'Computer',85,'0',20,'glpi','2012-08-07 05:26:12',0,'',''),(2912,'Computer',24,'',0,'glpi','2012-08-07 06:11:35',5,'R9LM2P6','R9PRP5A'),(2913,'Computer',24,'',0,'glpi','2012-08-07 06:11:35',6,'','1802'),(2914,'Computer',86,'Infocom',17,'glpi','2012-08-07 06:13:41',0,'','N/A (86)'),(2915,'Infocom',86,'0',20,'glpi','2012-08-07 06:13:41',0,'',''),(2916,'Computer',86,'0',20,'glpi','2012-08-07 06:13:41',0,'',''),(2917,'Computer',87,'Infocom',17,'glpi','2012-08-07 06:42:59',0,'','N/A (87)'),(2918,'Infocom',87,'0',20,'glpi','2012-08-07 06:42:59',0,'',''),(2919,'Computer',87,'0',20,'glpi','2012-08-07 06:42:59',0,'',''),(2920,'Computer',88,'Infocom',17,'glpi','2012-08-07 06:44:14',0,'','N/A (88)'),(2921,'Infocom',88,'0',20,'glpi','2012-08-07 06:44:14',0,'',''),(2922,'Computer',88,'0',20,'glpi','2012-08-07 06:44:14',0,'',''),(2923,'Computer',87,'NetworkEquipment',7,'glpi','2012-08-07 06:46:22',0,'','HCMSR01 > #Gi4/38'),(2924,'NetworkEquipment',4,'Computer',7,'glpi','2012-08-07 06:46:22',0,'','#Gi4/38 > HCMR9LM2PC'),(2925,'Computer',89,'Infocom',17,'glpi','2012-08-07 10:30:51',0,'','N/A (89)'),(2926,'Infocom',89,'0',20,'glpi','2012-08-07 10:30:51',0,'',''),(2927,'Computer',89,'0',20,'glpi','2012-08-07 10:30:51',0,'',''),(2928,'Computer',90,'Infocom',17,'glpi','2012-08-07 10:32:46',0,'','N/A (90)'),(2929,'Infocom',90,'0',20,'glpi','2012-08-07 10:32:46',0,'',''),(2930,'Computer',90,'0',20,'glpi','2012-08-07 10:32:46',0,'',''),(2931,'Computer',91,'Infocom',17,'glpi','2012-08-08 09:38:24',0,'','N/A (91)'),(2932,'Infocom',91,'0',20,'glpi','2012-08-08 09:38:24',0,'',''),(2933,'Computer',91,'0',20,'glpi','2012-08-08 09:38:24',0,'',''),(2934,'Computer',92,'Infocom',17,'glpi','2012-08-08 09:40:17',0,'','N/A (92)'),(2935,'Infocom',92,'0',20,'glpi','2012-08-08 09:40:17',0,'',''),(2936,'Computer',92,'0',20,'glpi','2012-08-08 09:40:17',0,'',''),(2937,'Computer',93,'Infocom',17,'glpi','2012-08-08 09:43:04',0,'','N/A (93)'),(2938,'Infocom',93,'0',20,'glpi','2012-08-08 09:43:04',0,'',''),(2939,'Computer',93,'0',20,'glpi','2012-08-08 09:43:04',0,'',''),(2940,'Computer',54,'',0,'glpi','2012-08-08 10:36:22',3,'2nd Floor','3rd Floor'),(2941,'Computer',54,'',0,'glpi','2012-08-08 10:36:22',49,'Transport','IT'),(2942,'Computer',54,'',0,'glpi','2012-08-08 10:36:22',17,'Hai Nguyen',''),(2943,'Computer',54,'',0,'glpi','2012-08-08 10:36:22',71,'Transport','IT'),(2944,'Computer',54,'',0,'glpi','2012-08-08 10:36:22',45,'MS Windows 7 x64','MS Windows XP x32'),(2945,'Computer',65,'',0,'glpi','2012-08-08 10:36:49',3,'2nd Floor','3rd Floor'),(2946,'Computer',65,'',0,'glpi','2012-08-08 10:36:49',49,'Transport','IT'),(2947,'Computer',65,'',0,'glpi','2012-08-08 10:36:49',17,'Truong Pham',''),(2948,'Computer',65,'',0,'glpi','2012-08-08 10:36:49',71,'Transport','IT'),(2949,'Computer',57,'',0,'glpi','2012-08-08 10:37:13',3,'2nd Floor','3rd Floor'),(2950,'Computer',57,'',0,'glpi','2012-08-08 10:37:13',49,'Transport','IT'),(2951,'Computer',57,'',0,'glpi','2012-08-08 10:37:13',17,'Nhut Nguyen',''),(2952,'Computer',57,'',0,'glpi','2012-08-08 10:37:13',71,'Transport','IT'),(2953,'Phone',136,'0',20,'glpi','2012-08-09 05:42:44',0,'',''),(2954,'Computer',94,'Infocom',17,'glpi','2012-08-09 06:20:55',0,'','N/A (94)'),(2955,'Infocom',94,'0',20,'glpi','2012-08-09 06:20:55',0,'',''),(2956,'Computer',94,'0',20,'glpi','2012-08-09 06:20:55',0,'',''),(2957,'Computer',95,'Infocom',17,'glpi','2012-08-09 06:25:07',0,'','N/A (95)'),(2958,'Infocom',95,'0',20,'glpi','2012-08-09 06:25:07',0,'',''),(2959,'Computer',95,'0',20,'glpi','2012-08-09 06:25:07',0,'',''),(2960,'Computer',96,'Infocom',17,'glpi','2012-08-09 06:27:16',0,'','N/A (96)'),(2961,'Infocom',96,'0',20,'glpi','2012-08-09 06:27:16',0,'',''),(2962,'Computer',96,'0',20,'glpi','2012-08-09 06:27:16',0,'',''),(2963,'Computer',97,'Infocom',17,'glpi','2012-08-09 06:32:13',0,'','N/A (97)'),(2964,'Infocom',97,'0',20,'glpi','2012-08-09 06:32:13',0,'',''),(2965,'Computer',97,'0',20,'glpi','2012-08-09 06:32:13',0,'',''),(2966,'Computer',98,'Infocom',17,'glpi','2012-08-09 06:33:14',0,'','N/A (98)'),(2967,'Infocom',98,'0',20,'glpi','2012-08-09 06:33:14',0,'',''),(2968,'Computer',98,'0',20,'glpi','2012-08-09 06:33:14',0,'',''),(2969,'Computer',99,'Infocom',17,'glpi','2012-08-09 06:35:13',0,'','N/A (99)'),(2970,'Infocom',99,'0',20,'glpi','2012-08-09 06:35:13',0,'',''),(2971,'Computer',99,'0',20,'glpi','2012-08-09 06:35:13',0,'',''),(2972,'Computer',99,'NetworkEquipment',7,'glpi','2012-08-09 07:03:38',0,'','HCMSR01 > #Gi3/11'),(2973,'NetworkEquipment',4,'Computer',7,'glpi','2012-08-09 07:03:38',0,'','#Gi3/11 > HCMR9LM2PG'),(2974,'Computer',100,'Infocom',17,'glpi','2012-08-09 07:04:52',0,'','N/A (100)'),(2975,'Infocom',100,'0',20,'glpi','2012-08-09 07:04:52',0,'',''),(2976,'Computer',100,'0',20,'glpi','2012-08-09 07:04:52',0,'',''),(2977,'Computer',101,'Infocom',17,'glpi','2012-08-09 07:07:03',0,'','N/A (101)'),(2978,'Infocom',101,'0',20,'glpi','2012-08-09 07:07:03',0,'',''),(2979,'Computer',101,'0',20,'glpi','2012-08-09 07:07:03',0,'',''),(2980,'Computer',102,'Infocom',17,'glpi','2012-08-09 07:08:34',0,'','N/A (102)'),(2981,'Infocom',102,'0',20,'glpi','2012-08-09 07:08:34',0,'',''),(2982,'Computer',102,'0',20,'glpi','2012-08-09 07:08:34',0,'',''),(2983,'Computer',103,'Infocom',17,'glpi','2012-08-09 07:10:07',0,'','N/A (103)'),(2984,'Infocom',103,'0',20,'glpi','2012-08-09 07:10:07',0,'',''),(2985,'Computer',103,'0',20,'glpi','2012-08-09 07:10:07',0,'',''),(2986,'Computer',103,'NetworkEquipment',7,'glpi','2012-08-09 07:11:09',0,'','HCMSR01 > #Gi4/25'),(2987,'NetworkEquipment',4,'Computer',7,'glpi','2012-08-09 07:11:09',0,'','#Gi4/25 > HCMR9LM2PB'),(2988,'Computer',104,'Infocom',17,'glpi','2012-08-09 07:13:46',0,'','N/A (104)'),(2989,'Infocom',104,'0',20,'glpi','2012-08-09 07:13:46',0,'',''),(2990,'Computer',104,'0',20,'glpi','2012-08-09 07:13:46',0,'',''),(2991,'Computer',104,'NetworkEquipment',7,'glpi','2012-08-09 07:14:28',0,'','HCMSR01 > #Gi3/19'),(2992,'NetworkEquipment',4,'Computer',7,'glpi','2012-08-09 07:14:28',0,'','#Gi3/19 > HCMR9LM2P4'),(2993,'Computer',105,'Infocom',17,'glpi','2012-08-09 07:15:54',0,'','N/A (105)'),(2994,'Infocom',105,'0',20,'glpi','2012-08-09 07:15:54',0,'',''),(2995,'Computer',105,'0',20,'glpi','2012-08-09 07:15:54',0,'',''),(2996,'Computer',105,'NetworkEquipment',7,'glpi','2012-08-09 07:16:40',0,'','HCMSR01 > #Gi4/23'),(2997,'NetworkEquipment',4,'Computer',7,'glpi','2012-08-09 07:16:40',0,'','#Gi4/23 > HCMR9LM2NY'),(2998,'Computer',106,'Infocom',17,'glpi','2012-08-09 07:18:19',0,'','N/A (106)'),(2999,'Infocom',106,'0',20,'glpi','2012-08-09 07:18:19',0,'',''),(3000,'Computer',106,'0',20,'glpi','2012-08-09 07:18:19',0,'',''),(3001,'Computer',106,'NetworkEquipment',7,'glpi','2012-08-09 07:19:00',0,'','HCMSR01 > #Gi3/12'),(3002,'NetworkEquipment',4,'Computer',7,'glpi','2012-08-09 07:19:00',0,'','#Gi3/12 > HCMR9LM2NX'),(3003,'Computer',107,'Infocom',17,'glpi','2012-08-09 07:20:11',0,'','N/A (107)'),(3004,'Infocom',107,'0',20,'glpi','2012-08-09 07:20:11',0,'',''),(3005,'Computer',107,'0',20,'glpi','2012-08-09 07:20:11',0,'',''),(3006,'Computer',108,'Infocom',17,'glpi','2012-08-09 07:51:14',0,'','N/A (108)'),(3007,'Infocom',108,'0',20,'glpi','2012-08-09 07:51:14',0,'',''),(3008,'Computer',108,'0',20,'glpi','2012-08-09 07:51:14',0,'',''),(3009,'Computer',109,'Infocom',17,'glpi','2012-08-09 07:54:51',0,'','N/A (109)'),(3010,'Infocom',109,'0',20,'glpi','2012-08-09 07:54:51',0,'',''),(3011,'Computer',109,'0',20,'glpi','2012-08-09 07:54:51',0,'',''),(3012,'Computer',110,'Infocom',17,'glpi','2012-08-09 07:56:47',0,'','N/A (110)'),(3013,'Infocom',110,'0',20,'glpi','2012-08-09 07:56:47',0,'',''),(3014,'Computer',110,'0',20,'glpi','2012-08-09 07:56:47',0,'',''),(3015,'Computer',110,'NetworkEquipment',7,'glpi','2012-08-09 07:59:15',0,'','HCMSR01 > #Gi2/38'),(3016,'NetworkEquipment',4,'Computer',7,'glpi','2012-08-09 07:59:15',0,'','#Gi2/38 > HCMR9LM2PD'),(3017,'Computer',111,'Infocom',17,'glpi','2012-08-09 08:00:11',0,'','N/A (111)'),(3018,'Infocom',111,'0',20,'glpi','2012-08-09 08:00:11',0,'',''),(3019,'Computer',111,'0',20,'glpi','2012-08-09 08:00:11',0,'',''),(3020,'Phone',137,'0',20,'glpi','2012-08-09 09:41:18',0,'',''),(3021,'Computer',112,'Infocom',17,'glpi','2012-08-09 09:52:27',0,'','N/A (112)'),(3022,'Infocom',112,'0',20,'glpi','2012-08-09 09:52:27',0,'',''),(3023,'Computer',112,'0',20,'glpi','2012-08-09 09:52:27',0,'',''),(3024,'Computer',112,'NetworkEquipment',7,'glpi','2012-08-09 09:53:32',0,'','HCMSR01 > #Gi2/30'),(3025,'NetworkEquipment',4,'Computer',7,'glpi','2012-08-09 09:53:32',0,'','#Gi2/30 > HCMR9LM2PN'),(3026,'Computer',113,'Infocom',17,'glpi','2012-08-09 09:55:10',0,'','N/A (113)'),(3027,'Infocom',113,'0',20,'glpi','2012-08-09 09:55:10',0,'',''),(3028,'Computer',113,'0',20,'glpi','2012-08-09 09:55:10',0,'',''),(3029,'Computer',114,'Infocom',17,'glpi','2012-08-09 10:01:59',0,'','N/A (114)'),(3030,'Infocom',114,'0',20,'glpi','2012-08-09 10:01:59',0,'',''),(3031,'Computer',114,'0',20,'glpi','2012-08-09 10:01:59',0,'',''),(3032,'Computer',77,'',0,'glpi','2012-08-09 11:13:41',49,'Transport','Validation'),(3033,'Computer',78,'',0,'glpi','2012-08-09 11:13:41',49,'Transport','Validation'),(3034,'Computer',79,'',0,'glpi','2012-08-09 11:13:41',49,'Transport','Validation'),(3035,'Computer',77,'',0,'glpi','2012-08-09 11:13:55',71,'Transport','Validation'),(3036,'Computer',78,'',0,'glpi','2012-08-09 11:13:55',71,'Transport','Validation'),(3037,'Computer',79,'',0,'glpi','2012-08-09 11:13:55',71,'Transport','Validation'),(3038,'Computer',99,'',0,'glpi','2012-08-09 11:15:24',71,'Transport','Software'),(3039,'Computer',100,'',0,'glpi','2012-08-09 11:15:24',71,'Transport','Software'),(3040,'Computer',101,'',0,'glpi','2012-08-09 11:15:24',71,'Transport','Software'),(3041,'Computer',104,'',0,'glpi','2012-08-09 11:15:24',71,'Transport','Software'),(3042,'Computer',106,'',0,'glpi','2012-08-09 11:15:24',71,'Transport','Software'),(3043,'Computer',99,'',0,'glpi','2012-08-09 11:15:40',49,'Transport','Software'),(3044,'Computer',100,'',0,'glpi','2012-08-09 11:15:40',49,'Transport','Software'),(3045,'Computer',101,'',0,'glpi','2012-08-09 11:15:40',49,'Transport','Software'),(3046,'Computer',104,'',0,'glpi','2012-08-09 11:15:40',49,'Transport','Software'),(3047,'Computer',106,'',0,'glpi','2012-08-09 11:15:40',49,'Transport','Software'),(3048,'Computer',1,'',0,'glpi','2012-08-09 11:20:38',3,'2nd Floor','3rd Floor'),(3049,'Computer',1,'',0,'glpi','2012-08-09 11:20:38',49,'ASIC','Validation'),(3050,'Computer',1,'',0,'glpi','2012-08-09 11:20:38',71,'ASIC','Validation'),(3051,'Computer',115,'Infocom',17,'glpi','2012-08-09 11:23:31',0,'','N/A (115)'),(3052,'Infocom',115,'0',20,'glpi','2012-08-09 11:23:31',0,'',''),(3053,'Computer',115,'0',20,'glpi','2012-08-09 11:23:31',0,'',''),(3054,'Computer',115,'NetworkEquipment',7,'glpi','2012-08-09 11:25:37',0,'','HCMSR01 > #Gi4/11'),(3055,'NetworkEquipment',4,'Computer',7,'glpi','2012-08-09 11:25:37',0,'','#Gi4/11 > HCM48DDWM1'),(3056,'Computer',116,'Infocom',17,'glpi','2012-08-09 11:42:27',0,'','N/A (116)'),(3057,'Infocom',116,'0',20,'glpi','2012-08-09 11:42:27',0,'',''),(3058,'Computer',116,'0',20,'glpi','2012-08-09 11:42:27',0,'',''),(3059,'Computer',116,'NetworkEquipment',7,'glpi','2012-08-09 11:42:54',0,'','HCMSR01 > #Gi4/21'),(3060,'NetworkEquipment',4,'Computer',7,'glpi','2012-08-09 11:42:54',0,'','#Gi4/21 > HCMFH1RT1S'),(3061,'Computer',117,'Infocom',17,'glpi','2012-08-09 11:47:25',0,'','N/A (117)'),(3062,'Infocom',117,'0',20,'glpi','2012-08-09 11:47:25',0,'',''),(3063,'Computer',117,'0',20,'glpi','2012-08-09 11:47:25',0,'',''),(3064,'Computer',117,'NetworkEquipment',7,'glpi','2012-08-09 11:48:27',0,'','HCMSR01 > #Gi4/37'),(3065,'NetworkEquipment',4,'Computer',7,'glpi','2012-08-09 11:48:27',0,'','#Gi4/37 > HCM20DCWB1'),(3066,'Computer',118,'Infocom',17,'glpi','2012-08-09 11:56:10',0,'','N/A (118)'),(3067,'Infocom',118,'0',20,'glpi','2012-08-09 11:56:10',0,'',''),(3068,'Computer',118,'0',20,'glpi','2012-08-09 11:56:10',0,'',''),(3069,'Computer',118,'NetworkEquipment',7,'glpi','2012-08-09 11:56:58',0,'','HCMSR01 > #Gi4/24'),(3070,'NetworkEquipment',4,'Computer',7,'glpi','2012-08-09 11:56:58',0,'','#Gi4/24 > HCMCQDDWM1'),(3071,'Computer',116,'',0,'glpi','2012-08-09 11:58:41',40,'&nbsp;','D630'),(3072,'Computer',116,'',0,'glpi','2012-08-09 11:58:41',45,'MS Windows 7 x64','MS Windows XP x32'),(3073,'Computer',117,'',0,'glpi','2012-08-09 11:59:41',40,'&nbsp;','D630'),(3074,'Computer',117,'',0,'glpi','2012-08-09 11:59:41',45,'MS Windows 7 x64','MS Windows XP x32'),(3075,'Computer',119,'Infocom',17,'glpi','2012-08-09 12:02:42',0,'','N/A (119)'),(3076,'Infocom',119,'0',20,'glpi','2012-08-09 12:02:42',0,'',''),(3077,'Computer',119,'0',20,'glpi','2012-08-09 12:02:42',0,'',''),(3078,'Computer',119,'NetworkEquipment',7,'glpi','2012-08-09 12:03:51',0,'','HCMSR01 > #Gi4/29'),(3079,'NetworkEquipment',4,'Computer',7,'glpi','2012-08-09 12:03:51',0,'','#Gi4/29 > HCM8J1RT1S'),(3080,'Computer',120,'Infocom',17,'glpi','2012-08-09 12:04:30',0,'','N/A (120)'),(3081,'Infocom',120,'0',20,'glpi','2012-08-09 12:04:30',0,'',''),(3082,'Computer',120,'0',20,'glpi','2012-08-09 12:04:30',0,'',''),(3083,'Computer',121,'Infocom',17,'glpi','2012-08-09 12:05:28',0,'','N/A (121)'),(3084,'Infocom',121,'0',20,'glpi','2012-08-09 12:05:28',0,'',''),(3085,'Computer',121,'0',20,'glpi','2012-08-09 12:05:28',0,'',''),(3086,'Computer',122,'Infocom',17,'glpi','2012-08-09 12:06:17',0,'','N/A (122)'),(3087,'Infocom',122,'0',20,'glpi','2012-08-09 12:06:17',0,'',''),(3088,'Computer',122,'0',20,'glpi','2012-08-09 12:06:17',0,'',''),(3089,'Computer',122,'NetworkEquipment',7,'glpi','2012-08-09 12:07:23',0,'','HCMSR01 > #Gi3/37'),(3090,'NetworkEquipment',4,'Computer',7,'glpi','2012-08-09 12:07:23',0,'','#Gi3/37 > HCM4MFDWM1'),(3091,'Computer',123,'Infocom',17,'glpi','2012-08-10 05:48:21',0,'','N/A (123)'),(3092,'Infocom',123,'0',20,'glpi','2012-08-10 05:48:21',0,'',''),(3093,'Computer',123,'0',20,'glpi','2012-08-10 05:48:21',0,'',''),(3094,'Computer',123,'NetworkEquipment',7,'glpi','2012-08-10 05:50:23',0,'','HCMSR01 > #Gi2/22'),(3095,'NetworkEquipment',4,'Computer',7,'glpi','2012-08-10 05:50:23',0,'','#Gi2/22 > HCM6YR752S'),(3096,'Computer',124,'Infocom',17,'glpi','2012-08-10 05:59:19',0,'','N/A (124)'),(3097,'Infocom',124,'0',20,'glpi','2012-08-10 05:59:19',0,'',''),(3098,'Computer',124,'0',20,'glpi','2012-08-10 05:59:19',0,'',''),(3099,'Computer',125,'Infocom',17,'glpi','2012-08-10 06:00:35',0,'','N/A (125)'),(3100,'Infocom',125,'0',20,'glpi','2012-08-10 06:00:35',0,'',''),(3101,'Computer',125,'0',20,'glpi','2012-08-10 06:00:35',0,'',''),(3102,'Computer',125,'NetworkEquipment',7,'glpi','2012-08-10 06:01:12',0,'','HCMSR01 > #Gi4/19'),(3103,'NetworkEquipment',4,'Computer',7,'glpi','2012-08-10 06:01:12',0,'','#Gi4/19 > HCM9SQY5Q1'),(3104,'Computer',124,'',0,'glpi','2012-08-10 06:02:15',45,'MS Windows 7 x64','MS Windows XP x32'),(3105,'Computer',126,'Infocom',17,'glpi','2012-08-10 06:03:29',0,'','N/A (126)'),(3106,'Infocom',126,'0',20,'glpi','2012-08-10 06:03:29',0,'',''),(3107,'Computer',126,'0',20,'glpi','2012-08-10 06:03:29',0,'',''),(3108,'Computer',127,'Infocom',17,'glpi','2012-08-10 06:08:49',0,'','N/A (127)'),(3109,'Infocom',127,'0',20,'glpi','2012-08-10 06:08:49',0,'',''),(3110,'Computer',127,'0',20,'glpi','2012-08-10 06:08:49',0,'',''),(3111,'Computer',128,'Infocom',17,'glpi','2012-08-10 06:09:43',0,'','N/A (128)'),(3112,'Infocom',128,'0',20,'glpi','2012-08-10 06:09:43',0,'',''),(3113,'Computer',128,'0',20,'glpi','2012-08-10 06:09:43',0,'',''),(3114,'Computer',129,'Infocom',17,'glpi','2012-08-10 06:10:43',0,'','N/A (129)'),(3115,'Infocom',129,'0',20,'glpi','2012-08-10 06:10:43',0,'',''),(3116,'Computer',129,'0',20,'glpi','2012-08-10 06:10:43',0,'',''),(3117,'Computer',129,'NetworkEquipment',7,'glpi','2012-08-10 06:11:16',0,'','HCMSR01 > #Gi4/12'),(3118,'NetworkEquipment',4,'Computer',7,'glpi','2012-08-10 06:11:16',0,'','#Gi4/12 > HCMH2DDWM1'),(3119,'Computer',130,'Infocom',17,'glpi','2012-08-10 06:12:18',0,'','N/A (130)'),(3120,'Infocom',130,'0',20,'glpi','2012-08-10 06:12:18',0,'',''),(3121,'Computer',130,'0',20,'glpi','2012-08-10 06:12:18',0,'',''),(3122,'Computer',130,'NetworkEquipment',7,'glpi','2012-08-10 06:12:36',0,'','HCMSR01 > #Gi4/06'),(3123,'NetworkEquipment',4,'Computer',7,'glpi','2012-08-10 06:12:36',0,'','#Gi4/06 > HCMFCTY5Q1'),(3124,'Computer',131,'Infocom',17,'glpi','2012-08-10 06:14:01',0,'','N/A (131)'),(3125,'Infocom',131,'0',20,'glpi','2012-08-10 06:14:01',0,'',''),(3126,'Computer',131,'0',20,'glpi','2012-08-10 06:14:01',0,'',''),(3127,'Computer',131,'NetworkEquipment',7,'glpi','2012-08-10 06:14:26',0,'','HCMSR01 > #Gi4/07'),(3128,'NetworkEquipment',4,'Computer',7,'glpi','2012-08-10 06:14:26',0,'','#Gi4/07 > HCM55GDWM1'),(3129,'Computer',114,'',0,'glpi','2012-08-10 06:42:07',1,'HCMR9LM2P0','HCMR9LM2PA'),(3130,'Computer',114,'',0,'glpi','2012-08-10 06:42:07',5,'R9LM2P0','R9LM2PC'),(3131,'Computer',114,'',0,'glpi','2012-08-10 06:42:07',6,'1775','1770'),(3132,'Computer',102,'',0,'glpi','2012-08-10 06:42:35',1,'HCMR9LM2PA','HCMR9LM2NZ'),(3133,'Computer',108,'',0,'glpi','2012-08-10 06:43:07',1,'HCMR9LM2NZ','HCMR9LM2PO'),(3134,'Computer',132,'Infocom',17,'glpi','2012-08-10 07:09:50',0,'','N/A (132)'),(3135,'Infocom',132,'0',20,'glpi','2012-08-10 07:09:50',0,'',''),(3136,'Computer',132,'0',20,'glpi','2012-08-10 07:09:50',0,'',''),(3137,'Computer',133,'Infocom',17,'glpi','2012-08-10 07:13:07',0,'','N/A (133)'),(3138,'Infocom',133,'0',20,'glpi','2012-08-10 07:13:07',0,'',''),(3139,'Computer',133,'0',20,'glpi','2012-08-10 07:13:07',0,'',''),(3140,'Computer',134,'Infocom',17,'glpi','2012-08-10 07:15:24',0,'','N/A (134)'),(3141,'Infocom',134,'0',20,'glpi','2012-08-10 07:15:24',0,'',''),(3142,'Computer',134,'0',20,'glpi','2012-08-10 07:15:24',0,'',''),(3143,'Computer',134,'',0,'glpi','2012-08-10 07:16:00',40,'E6420','E6410'),(3144,'Computer',130,'',0,'glpi','2012-08-10 07:20:03',40,'E6420','E6410'),(3145,'Computer',135,'Infocom',17,'glpi','2012-08-10 11:53:59',0,'','N/A (135)'),(3146,'Infocom',135,'0',20,'glpi','2012-08-10 11:53:59',0,'',''),(3147,'Computer',135,'0',20,'glpi','2012-08-10 11:53:59',0,'',''),(3148,'Computer',135,'NetworkEquipment',7,'glpi','2012-08-10 11:56:16',0,'','HCMSR01 > #Gi4/39'),(3149,'NetworkEquipment',4,'Computer',7,'glpi','2012-08-10 11:56:16',0,'','#Gi4/39 > HCMCXTY5Q1'),(3150,'Computer',136,'Infocom',17,'glpi','2012-08-13 10:35:32',0,'','N/A (136)'),(3151,'Infocom',136,'0',20,'glpi','2012-08-13 10:35:32',0,'',''),(3152,'Computer',136,'0',20,'glpi','2012-08-13 10:35:32',0,'',''),(3153,'Computer',137,'Infocom',17,'glpi','2012-08-14 12:42:18',0,'','N/A (137)'),(3154,'Infocom',137,'0',20,'glpi','2012-08-14 12:42:18',0,'',''),(3155,'Computer',137,'0',20,'glpi','2012-08-14 12:42:18',0,'',''),(3156,'Computer',137,'NetworkEquipment',7,'glpi','2012-08-14 12:43:36',0,'','HCMSR01 > #Gi4/31'),(3157,'NetworkEquipment',4,'Computer',7,'glpi','2012-08-14 12:43:36',0,'','#Gi4/31 > HCM4BH1LF1'),(3158,'Computer',138,'Infocom',17,'glpi','2012-08-14 12:44:35',0,'','N/A (138)'),(3159,'Infocom',138,'0',20,'glpi','2012-08-14 12:44:35',0,'',''),(3160,'Computer',138,'0',20,'glpi','2012-08-14 12:44:35',0,'',''),(3161,'Computer',138,'NetworkEquipment',7,'glpi','2012-08-14 12:45:19',0,'','HCMSR01 > #Gi4/17'),(3162,'NetworkEquipment',4,'Computer',7,'glpi','2012-08-14 12:45:19',0,'','#Gi4/17 > HCM56K4Y1S'),(3163,'Computer',139,'Infocom',17,'glpi','2012-08-14 12:45:58',0,'','N/A (139)'),(3164,'Infocom',139,'0',20,'glpi','2012-08-14 12:45:58',0,'',''),(3165,'Computer',139,'0',20,'glpi','2012-08-14 12:45:58',0,'',''),(3166,'Computer',140,'Infocom',17,'glpi','2012-08-14 12:47:04',0,'','N/A (140)'),(3167,'Infocom',140,'0',20,'glpi','2012-08-14 12:47:04',0,'',''),(3168,'Computer',140,'0',20,'glpi','2012-08-14 12:47:04',0,'',''),(3169,'Computer',140,'',0,'glpi','2012-08-14 12:47:32',3,'3rd Floor','2nd Floor'),(3170,'Computer',140,'',0,'glpi','2012-08-14 12:47:32',49,'Validation','ASIC'),(3171,'Computer',140,'',0,'glpi','2012-08-14 12:47:32',71,'Validation','ASIC'),(3172,'Computer',141,'Infocom',17,'glpi','2012-08-14 12:48:27',0,'','N/A (141)'),(3173,'Infocom',141,'0',20,'glpi','2012-08-14 12:48:27',0,'',''),(3174,'Computer',141,'0',20,'glpi','2012-08-14 12:48:27',0,'',''),(3175,'Computer',142,'Infocom',17,'glpi','2012-08-14 12:49:23',0,'','N/A (142)'),(3176,'Infocom',142,'0',20,'glpi','2012-08-14 12:49:23',0,'',''),(3177,'Computer',142,'0',20,'glpi','2012-08-14 12:49:23',0,'',''),(3178,'Computer',143,'Infocom',17,'glpi','2012-08-14 12:50:34',0,'','N/A (143)'),(3179,'Infocom',143,'0',20,'glpi','2012-08-14 12:50:34',0,'',''),(3180,'Computer',143,'0',20,'glpi','2012-08-14 12:50:34',0,'',''),(3181,'Computer',143,'NetworkEquipment',7,'glpi','2012-08-14 12:51:25',0,'','HCMSR01 > #Gi3/34'),(3182,'NetworkEquipment',4,'Computer',7,'glpi','2012-08-14 12:51:25',0,'','#Gi3/34 > HCM3RQY5Q1'),(3183,'Computer',144,'Infocom',17,'glpi','2012-08-15 05:06:07',0,'','N/A (144)'),(3184,'Infocom',144,'0',20,'glpi','2012-08-15 05:06:07',0,'',''),(3185,'Computer',144,'0',20,'glpi','2012-08-15 05:06:07',0,'',''),(3186,'Computer',145,'Infocom',17,'glpi','2012-08-15 06:23:05',0,'','N/A (145)'),(3187,'Infocom',145,'0',20,'glpi','2012-08-15 06:23:05',0,'',''),(3188,'Computer',145,'0',20,'glpi','2012-08-15 06:23:05',0,'',''),(3189,'Computer',146,'Infocom',17,'glpi','2012-08-15 06:33:16',0,'','N/A (146)'),(3190,'Infocom',146,'0',20,'glpi','2012-08-15 06:33:16',0,'',''),(3191,'Computer',146,'0',20,'glpi','2012-08-15 06:33:16',0,'',''),(3192,'Computer',146,'NetworkEquipment',7,'glpi','2012-08-15 06:38:25',0,'','HCMSR01 > #Gi3/20'),(3193,'NetworkEquipment',4,'Computer',7,'glpi','2012-08-15 06:38:25',0,'','#Gi3/20 > HCMDH1RT1S'),(3194,'Computer',147,'Infocom',17,'glpi','2012-08-15 06:41:16',0,'','N/A (147)'),(3195,'Infocom',147,'0',20,'glpi','2012-08-15 06:41:16',0,'',''),(3196,'Computer',147,'0',20,'glpi','2012-08-15 06:41:16',0,'',''),(3197,'Computer',1,'',0,'glpi','2012-08-15 06:42:01',3,'3rd Floor','2nd Floor'),(3198,'Computer',1,'',0,'glpi','2012-08-15 06:42:01',49,'Validation','Software'),(3199,'Computer',1,'',0,'glpi','2012-08-15 06:42:01',71,'Validation','Software'),(3200,'Computer',148,'Infocom',17,'glpi','2012-08-15 06:44:16',0,'','N/A (148)'),(3201,'Infocom',148,'0',20,'glpi','2012-08-15 06:44:16',0,'',''),(3202,'Computer',148,'0',20,'glpi','2012-08-15 06:44:16',0,'',''),(3203,'Computer',149,'Infocom',17,'glpi','2012-08-15 06:46:40',0,'','N/A (149)'),(3204,'Infocom',149,'0',20,'glpi','2012-08-15 06:46:40',0,'',''),(3205,'Computer',149,'0',20,'glpi','2012-08-15 06:46:40',0,'',''),(3206,'Computer',149,'',0,'glpi','2012-08-15 06:46:57',45,'MS Windows 7 x64','MS Windows XP x32'),(3207,'Computer',150,'Infocom',17,'glpi','2012-08-15 06:52:14',0,'','N/A (150)'),(3208,'Infocom',150,'0',20,'glpi','2012-08-15 06:52:14',0,'',''),(3209,'Computer',150,'0',20,'glpi','2012-08-15 06:52:14',0,'',''),(3210,'Computer',150,'NetworkEquipment',7,'glpi','2012-08-15 06:53:56',0,'','HCMSR01 > #Gi3/17'),(3211,'NetworkEquipment',4,'Computer',7,'glpi','2012-08-15 06:53:56',0,'','#Gi3/17 > HCMR29LM2PP'),(3212,'Computer',150,'',0,'glpi','2012-08-15 06:54:03',1,'HCMR29LM2PP','HCMR9LM2PP'),(3213,'Computer',151,'Infocom',17,'glpi','2012-08-15 06:56:05',0,'','N/A (151)'),(3214,'Infocom',151,'0',20,'glpi','2012-08-15 06:56:05',0,'',''),(3215,'Computer',151,'0',20,'glpi','2012-08-15 06:56:05',0,'',''),(3216,'Computer',152,'Infocom',17,'glpi','2012-08-15 07:00:41',0,'','N/A (152)'),(3217,'Infocom',152,'0',20,'glpi','2012-08-15 07:00:41',0,'',''),(3218,'Computer',152,'0',20,'glpi','2012-08-15 07:00:41',0,'',''),(3219,'Computer',153,'Infocom',17,'glpi','2012-08-15 07:04:09',0,'','N/A (153)'),(3220,'Infocom',153,'0',20,'glpi','2012-08-15 07:04:09',0,'',''),(3221,'Computer',153,'0',20,'glpi','2012-08-15 07:04:09',0,'',''),(3222,'Computer',153,'NetworkEquipment',7,'glpi','2012-08-15 07:05:23',0,'','HCMSR01 > #Gi3/16'),(3223,'NetworkEquipment',4,'Computer',7,'glpi','2012-08-15 07:05:23',0,'','#Gi3/16 > HCMH5K4Y1S'),(3224,'Computer',154,'Infocom',17,'glpi','2012-08-15 07:07:34',0,'','N/A (154)'),(3225,'Infocom',154,'0',20,'glpi','2012-08-15 07:07:34',0,'',''),(3226,'Computer',154,'0',20,'glpi','2012-08-15 07:07:34',0,'',''),(3227,'Computer',154,'NetworkEquipment',7,'glpi','2012-08-15 07:08:17',0,'','HCMSR01 > #Gi3/28'),(3228,'NetworkEquipment',4,'Computer',7,'glpi','2012-08-15 07:08:17',0,'','#Gi3/28 > HCM5FRY5Q1'),(3229,'Computer',155,'Infocom',17,'glpi','2012-08-15 07:09:27',0,'','N/A (155)'),(3230,'Infocom',155,'0',20,'glpi','2012-08-15 07:09:27',0,'',''),(3231,'Computer',155,'0',20,'glpi','2012-08-15 07:09:27',0,'',''),(3232,'Computer',156,'Infocom',17,'glpi','2012-08-15 07:10:19',0,'','N/A (156)'),(3233,'Infocom',156,'0',20,'glpi','2012-08-15 07:10:19',0,'',''),(3234,'Computer',156,'0',20,'glpi','2012-08-15 07:10:19',0,'',''),(3235,'Computer',156,'NetworkEquipment',7,'glpi','2012-08-15 07:11:04',0,'','HCMSR01 > #Gi2/09'),(3236,'NetworkEquipment',4,'Computer',7,'glpi','2012-08-15 07:11:04',0,'','#Gi2/09 > HCM69FDWM1'),(3237,'Computer',157,'Infocom',17,'glpi','2012-08-15 11:20:20',0,'','N/A (157)'),(3238,'Infocom',157,'0',20,'glpi','2012-08-15 11:20:20',0,'',''),(3239,'Computer',157,'0',20,'glpi','2012-08-15 11:20:20',0,'',''),(3240,'Computer',117,'',0,'glpi','2012-08-15 11:32:27',6,'094','0945'),(3241,'Computer',158,'Infocom',17,'glpi','2012-08-15 11:34:33',0,'','N/A (158)'),(3242,'Infocom',158,'0',20,'glpi','2012-08-15 11:34:33',0,'',''),(3243,'Computer',158,'0',20,'glpi','2012-08-15 11:34:33',0,'',''),(3244,'Computer',159,'Infocom',17,'glpi','2012-08-15 11:37:06',0,'','N/A (159)'),(3245,'Infocom',159,'0',20,'glpi','2012-08-15 11:37:06',0,'',''),(3246,'Computer',159,'0',20,'glpi','2012-08-15 11:37:06',0,'',''),(3247,'Computer',159,'NetworkEquipment',7,'glpi','2012-08-15 11:38:13',0,'','HCMSR01 > #Gi2/41'),(3248,'NetworkEquipment',4,'Computer',7,'glpi','2012-08-15 11:38:13',0,'','#Gi2/41 > HCMG5D4NF1'),(3249,'Computer',160,'Infocom',17,'glpi','2012-08-15 11:41:28',0,'','N/A (160)'),(3250,'Infocom',160,'0',20,'glpi','2012-08-15 11:41:28',0,'',''),(3251,'Computer',160,'0',20,'glpi','2012-08-15 11:41:28',0,'',''),(3252,'Computer',160,'NetworkEquipment',7,'glpi','2012-08-15 11:42:10',0,'','HCMSR01 > #Gi3/07'),(3253,'NetworkEquipment',4,'Computer',7,'glpi','2012-08-15 11:42:10',0,'','#Gi3/07 > HCMCHLDWM1'),(3254,'Computer',146,'',0,'glpi','2012-08-15 11:43:22',5,'','DH1RT1S'),(3255,'Computer',146,'',0,'glpi','2012-08-15 11:43:22',6,'','1658'),(3256,'Computer',161,'Infocom',17,'glpi','2012-08-15 11:44:18',0,'','N/A (161)'),(3257,'Infocom',161,'0',20,'glpi','2012-08-15 11:44:18',0,'',''),(3258,'Computer',161,'0',20,'glpi','2012-08-15 11:44:18',0,'',''),(3259,'Computer',98,'0',13,'glpi','2012-08-15 11:45:32',0,'',''),(3260,'Computer',150,'',0,'glpi','2012-08-15 11:45:43',5,'R29LM2PP','R9LM2PP'),(3261,'Computer',162,'Infocom',17,'glpi','2012-08-15 11:48:19',0,'','N/A (162)'),(3262,'Infocom',162,'0',20,'glpi','2012-08-15 11:48:19',0,'',''),(3263,'Computer',162,'0',20,'glpi','2012-08-15 11:48:19',0,'',''),(3264,'Computer',163,'Infocom',17,'glpi','2012-08-15 11:49:29',0,'','N/A (163)'),(3265,'Infocom',163,'0',20,'glpi','2012-08-15 11:49:29',0,'',''),(3266,'Computer',163,'0',20,'glpi','2012-08-15 11:49:29',0,'',''),(3267,'Computer',163,'NetworkEquipment',7,'glpi','2012-08-15 11:50:16',0,'','HCMSR01 > #Gi3/04'),(3268,'NetworkEquipment',4,'Computer',7,'glpi','2012-08-15 11:50:16',0,'','#Gi3/04 > HCMJQQY5Q1'),(3269,'Computer',164,'Infocom',17,'glpi','2012-08-15 11:51:21',0,'','N/A (164)'),(3270,'Infocom',164,'0',20,'glpi','2012-08-15 11:51:21',0,'',''),(3271,'Computer',164,'0',20,'glpi','2012-08-15 11:51:21',0,'',''),(3272,'Computer',165,'Infocom',17,'glpi','2012-08-15 11:52:11',0,'','N/A (165)'),(3273,'Infocom',165,'0',20,'glpi','2012-08-15 11:52:11',0,'',''),(3274,'Computer',165,'0',20,'glpi','2012-08-15 11:52:11',0,'',''),(3275,'Computer',165,'NetworkEquipment',7,'glpi','2012-08-15 11:53:12',0,'','HCMSR01 > #Gi3/22'),(3276,'NetworkEquipment',4,'Computer',7,'glpi','2012-08-15 11:53:12',0,'','#Gi3/22 > HCM8LQY5Q1'),(3277,'Computer',166,'Infocom',17,'glpi','2012-08-15 11:54:16',0,'','N/A (166)'),(3278,'Infocom',166,'0',20,'glpi','2012-08-15 11:54:16',0,'',''),(3279,'Computer',166,'0',20,'glpi','2012-08-15 11:54:16',0,'',''),(3280,'Computer',167,'Infocom',17,'glpi','2012-08-15 11:55:28',0,'','N/A (167)'),(3281,'Infocom',167,'0',20,'glpi','2012-08-15 11:55:28',0,'',''),(3282,'Computer',167,'0',20,'glpi','2012-08-15 11:55:28',0,'',''),(3283,'Computer',167,'NetworkEquipment',7,'glpi','2012-08-15 11:56:21',0,'','HCMSR01 > #Gi3/03'),(3284,'NetworkEquipment',4,'Computer',7,'glpi','2012-08-15 11:56:21',0,'','#Gi3/03 > HCMFWQY5Q1'),(3285,'Computer',168,'Infocom',17,'glpi','2012-08-15 11:57:08',0,'','N/A (168)'),(3286,'Infocom',168,'0',20,'glpi','2012-08-15 11:57:08',0,'',''),(3287,'Computer',168,'0',20,'glpi','2012-08-15 11:57:08',0,'',''),(3288,'Computer',169,'Infocom',17,'glpi','2012-08-15 11:57:43',0,'','N/A (169)'),(3289,'Infocom',169,'0',20,'glpi','2012-08-15 11:57:43',0,'',''),(3290,'Computer',169,'0',20,'glpi','2012-08-15 11:57:43',0,'',''),(3291,'Computer',152,'',0,'glpi','2012-08-16 05:21:04',6,'','1941'),(3292,'Computer',162,'',0,'glpi','2012-08-16 05:25:25',6,'','1692'),(3293,'Computer',162,'',0,'glpi','2012-08-16 05:25:34',45,'MS Windows 7 x64','MS Windows XP x32'),(3294,'Computer',71,'',0,'glpi','2012-08-16 11:22:40',6,'','1793'),(3295,'Computer',74,'',0,'glpi','2012-08-16 11:25:10',1,'HCMGSQY5Q1','HCMGSQY6Q1'),(3296,'Computer',74,'',0,'glpi','2012-08-16 11:25:10',5,'GSQY5Q1','GSQY6Q1'),(3297,'Computer',74,'',0,'glpi','2012-08-16 11:25:10',6,'','1719'),(3298,'Computer',52,'',0,'glpi','2012-08-16 12:20:28',40,'&nbsp;','E6420'),(3299,'Computer',55,'',0,'glpi','2012-08-16 12:20:41',40,'&nbsp;','E6420'),(3300,'Computer',154,'',0,'glpi','2012-08-16 12:34:35',40,'D630','E6410'),(3301,'Computer',61,'',0,'glpi','2012-08-16 12:40:18',1,'HCM4TWQY5Q1','HCM4TQY5Q1'),(3302,'Computer',61,'',0,'glpi','2012-08-16 12:40:18',5,'4TWQY5Q1','4TQY5Q1'),(3303,'Computer',61,'',0,'glpi','2012-08-16 12:40:18',6,'1739','1712'),(3304,'Computer',170,'Infocom',17,'glpi','2012-08-16 12:43:03',0,'','N/A (170)'),(3305,'Infocom',170,'0',20,'glpi','2012-08-16 12:43:03',0,'',''),(3306,'Computer',170,'0',20,'glpi','2012-08-16 12:43:03',0,'',''),(3307,'Computer',126,'0',13,'glpi','2012-08-17 05:22:48',0,'',''),(3308,'Computer',171,'Infocom',17,'glpi','2012-08-17 05:25:10',0,'','N/A (171)'),(3309,'Infocom',171,'0',20,'glpi','2012-08-17 05:25:10',0,'',''),(3310,'Computer',171,'0',20,'glpi','2012-08-17 05:25:10',0,'',''),(3311,'Computer',88,'',0,'glpi','2012-08-17 05:35:14',5,'R9LM2PC','R9LM2P0'),(3312,'Computer',88,'',0,'glpi','2012-08-17 05:35:14',6,'1770','1775'),(3313,'Computer',105,'0',13,'glpi','2012-08-17 05:36:14',0,'',''),(3314,'Computer',172,'Infocom',17,'glpi','2012-08-17 07:01:31',0,'','N/A (172)'),(3315,'Infocom',172,'0',20,'glpi','2012-08-17 07:01:31',0,'',''),(3316,'Computer',172,'0',20,'glpi','2012-08-17 07:01:31',0,'',''),(3317,'Computer',173,'Infocom',17,'glpi','2012-08-17 07:04:52',0,'','N/A (173)'),(3318,'Infocom',173,'0',20,'glpi','2012-08-17 07:04:52',0,'',''),(3319,'Computer',173,'0',20,'glpi','2012-08-17 07:04:52',0,'',''),(3320,'Computer',174,'Infocom',17,'glpi','2012-08-17 07:06:54',0,'','N/A (174)'),(3321,'Infocom',174,'0',20,'glpi','2012-08-17 07:06:54',0,'',''),(3322,'Computer',174,'0',20,'glpi','2012-08-17 07:06:54',0,'',''),(3323,'Computer',173,'NetworkEquipment',7,'glpi','2012-08-17 07:08:31',0,'','HCMSR01 > #Gi2/11'),(3324,'NetworkEquipment',4,'Computer',7,'glpi','2012-08-17 07:08:31',0,'','#Gi2/11 > HCM8BH1LF1'),(3325,'Computer',174,'NetworkEquipment',7,'glpi','2012-08-17 07:08:59',0,'','HCMSR01 > #Gi1/10'),(3326,'NetworkEquipment',4,'Computer',7,'glpi','2012-08-17 07:08:59',0,'','#Gi1/10 > HCM3J1RT1S02'),(3327,'Computer',175,'Infocom',17,'glpi','2012-08-17 07:11:06',0,'','N/A (175)'),(3328,'Infocom',175,'0',20,'glpi','2012-08-17 07:11:06',0,'',''),(3329,'Computer',175,'0',20,'glpi','2012-08-17 07:11:06',0,'',''),(3330,'Computer',175,'NetworkEquipment',7,'glpi','2012-08-17 07:11:25',0,'','HCMSR01 > #Gi4/05'),(3331,'NetworkEquipment',4,'Computer',7,'glpi','2012-08-17 07:11:25',0,'','#Gi4/05 > HCM2J1RT1S'),(3332,'Computer',176,'Infocom',17,'glpi','2012-08-17 07:21:31',0,'','N/A (176)'),(3333,'Infocom',176,'0',20,'glpi','2012-08-17 07:21:31',0,'',''),(3334,'Computer',176,'0',20,'glpi','2012-08-17 07:21:31',0,'',''),(3335,'Computer',176,'NetworkEquipment',7,'glpi','2012-08-17 07:21:53',0,'','HCMSR01 > #Gi1/06'),(3336,'NetworkEquipment',4,'Computer',7,'glpi','2012-08-17 07:21:53',0,'','#Gi1/06 > HCMG9H1LF1'),(3337,'Computer',177,'Infocom',17,'glpi','2012-08-17 07:23:13',0,'','N/A (177)'),(3338,'Infocom',177,'0',20,'glpi','2012-08-17 07:23:13',0,'',''),(3339,'Computer',177,'0',20,'glpi','2012-08-17 07:23:13',0,'',''),(3340,'Computer',177,'NetworkEquipment',7,'glpi','2012-08-17 07:23:37',0,'','HCMSR01 > #Gi2/13'),(3341,'NetworkEquipment',4,'Computer',7,'glpi','2012-08-17 07:23:37',0,'','#Gi2/13 > HCM9253FD1'),(3342,'Computer',146,'',0,'glpi','2012-08-17 07:24:30',45,'MS Windows 7 x64','MS Windows XP x32'),(3343,'Computer',161,'',0,'glpi','2012-08-17 07:24:30',45,'MS Windows 7 x64','MS Windows XP x32'),(3344,'Computer',166,'',0,'glpi','2012-08-17 07:24:30',45,'MS Windows 7 x64','MS Windows XP x32'),(3345,'Computer',168,'',0,'glpi','2012-08-17 07:24:30',45,'MS Windows 7 x64','MS Windows XP x32'),(3346,'Computer',169,'',0,'glpi','2012-08-17 07:24:30',45,'MS Windows 7 x64','MS Windows XP x32'),(3347,'Computer',175,'',0,'glpi','2012-08-17 07:24:30',45,'MS Windows 7 x64','MS Windows XP x32'),(3348,'Computer',176,'',0,'glpi','2012-08-17 07:24:30',45,'MS Windows 7 x64','MS Windows XP x32'),(3349,'Computer',178,'Infocom',17,'glpi','2012-08-17 07:28:14',0,'','N/A (178)'),(3350,'Infocom',178,'0',20,'glpi','2012-08-17 07:28:14',0,'',''),(3351,'Computer',178,'0',20,'glpi','2012-08-17 07:28:14',0,'',''),(3352,'Computer',178,'NetworkEquipment',7,'glpi','2012-08-17 07:28:43',0,'','HCMSR01 > #Gi4/03'),(3353,'NetworkEquipment',4,'Computer',7,'glpi','2012-08-17 07:28:43',0,'','#Gi4/03 > HCM44235D102'),(3354,'Computer',179,'Infocom',17,'glpi','2012-08-17 07:30:50',0,'','N/A (179)'),(3355,'Infocom',179,'0',20,'glpi','2012-08-17 07:30:50',0,'',''),(3356,'Computer',179,'0',20,'glpi','2012-08-17 07:30:50',0,'',''),(3357,'Computer',179,'NetworkEquipment',7,'glpi','2012-08-17 07:31:11',0,'','HCMSR01 > #Gi2/07'),(3358,'NetworkEquipment',4,'Computer',7,'glpi','2012-08-17 07:31:11',0,'','#Gi2/07 > HCM4K1RT1S02'),(3359,'Computer',180,'Infocom',17,'glpi','2012-08-17 07:34:00',0,'','N/A (180)'),(3360,'Infocom',180,'0',20,'glpi','2012-08-17 07:34:00',0,'',''),(3361,'Computer',180,'0',20,'glpi','2012-08-17 07:34:00',0,'',''),(3362,'Computer',181,'Infocom',17,'glpi','2012-08-17 09:38:35',0,'','N/A (181)'),(3363,'Infocom',181,'0',20,'glpi','2012-08-17 09:38:35',0,'',''),(3364,'Computer',181,'0',20,'glpi','2012-08-17 09:38:35',0,'',''),(3365,'Computer',181,'',0,'glpi','2012-08-17 09:38:43',16,'','for testing'),(3366,'Computer',182,'Infocom',17,'glpi','2012-08-17 09:42:11',0,'','N/A (182)'),(3367,'Infocom',182,'0',20,'glpi','2012-08-17 09:42:11',0,'',''),(3368,'Computer',182,'0',20,'glpi','2012-08-17 09:42:11',0,'',''),(3369,'Computer',183,'Infocom',17,'glpi','2012-08-17 09:44:31',0,'','N/A (183)'),(3370,'Infocom',183,'0',20,'glpi','2012-08-17 09:44:31',0,'',''),(3371,'Computer',183,'0',20,'glpi','2012-08-17 09:44:31',0,'',''),(3372,'Computer',184,'Infocom',17,'glpi','2012-08-17 09:47:13',0,'','N/A (184)'),(3373,'Infocom',184,'0',20,'glpi','2012-08-17 09:47:13',0,'',''),(3374,'Computer',184,'0',20,'glpi','2012-08-17 09:47:13',0,'',''),(3375,'Computer',185,'Infocom',17,'glpi','2012-08-17 09:50:42',0,'','N/A (185)'),(3376,'Infocom',185,'0',20,'glpi','2012-08-17 09:50:42',0,'',''),(3377,'Computer',185,'0',20,'glpi','2012-08-17 09:50:42',0,'',''),(3378,'Computer',186,'Infocom',17,'glpi','2012-08-17 09:52:45',0,'','N/A (186)'),(3379,'Infocom',186,'0',20,'glpi','2012-08-17 09:52:45',0,'',''),(3380,'Computer',186,'0',20,'glpi','2012-08-17 09:52:45',0,'',''),(3381,'Computer',187,'Infocom',17,'glpi','2012-08-17 09:55:56',0,'','N/A (187)'),(3382,'Infocom',187,'0',20,'glpi','2012-08-17 09:55:56',0,'',''),(3383,'Computer',187,'0',20,'glpi','2012-08-17 09:55:56',0,'',''),(3384,'Computer',188,'Infocom',17,'glpi','2012-08-17 10:35:38',0,'','N/A (188)'),(3385,'Infocom',188,'0',20,'glpi','2012-08-17 10:35:38',0,'',''),(3386,'Computer',188,'0',20,'glpi','2012-08-17 10:35:38',0,'',''),(3387,'Computer',1,'',0,'glpi','2012-08-17 10:36:04',3,'2nd Floor','3rd Floor'),(3388,'Computer',1,'',0,'glpi','2012-08-17 10:36:04',49,'Software','IT'),(3389,'Computer',1,'',0,'glpi','2012-08-17 10:36:04',40,'&nbsp;','D630'),(3390,'Computer',1,'',0,'glpi','2012-08-17 10:36:04',71,'Software','IT'),(3391,'Computer',1,'',0,'glpi','2012-08-17 10:36:04',45,'MS Windows 7 x64','MS Windows XP x32'),(3392,'Computer',189,'Infocom',17,'glpi','2012-08-17 10:36:48',0,'','N/A (189)'),(3393,'Infocom',189,'0',20,'glpi','2012-08-17 10:36:48',0,'',''),(3394,'Computer',189,'0',20,'glpi','2012-08-17 10:36:48',0,'',''),(3395,'Computer',190,'Infocom',17,'glpi','2012-08-17 10:37:03',0,'','N/A (190)'),(3396,'Infocom',190,'0',20,'glpi','2012-08-17 10:37:03',0,'',''),(3397,'Computer',190,'0',20,'glpi','2012-08-17 10:37:03',0,'',''),(3398,'Computer',191,'Infocom',17,'glpi','2012-08-17 10:37:18',0,'','N/A (191)'),(3399,'Infocom',191,'0',20,'glpi','2012-08-17 10:37:18',0,'',''),(3400,'Computer',191,'0',20,'glpi','2012-08-17 10:37:18',0,'',''),(3401,'Computer',192,'Infocom',17,'glpi','2012-08-17 10:37:34',0,'','N/A (192)'),(3402,'Infocom',192,'0',20,'glpi','2012-08-17 10:37:34',0,'',''),(3403,'Computer',192,'0',20,'glpi','2012-08-17 10:37:34',0,'',''),(3404,'Computer',193,'Infocom',17,'glpi','2012-08-17 10:37:48',0,'','N/A (193)'),(3405,'Infocom',193,'0',20,'glpi','2012-08-17 10:37:48',0,'',''),(3406,'Computer',193,'0',20,'glpi','2012-08-17 10:37:48',0,'',''),(3407,'Computer',194,'Infocom',17,'glpi','2012-08-20 05:15:40',0,'','N/A (194)'),(3408,'Infocom',194,'0',20,'glpi','2012-08-20 05:15:40',0,'',''),(3409,'Computer',194,'0',20,'glpi','2012-08-20 05:15:40',0,'',''),(3410,'Computer',103,'NetworkEquipment',6,'glpi','2012-08-20 05:16:00',0,'HCMSR01 > #Gi4/25',''),(3411,'NetworkEquipment',4,'Computer',6,'glpi','2012-08-20 05:16:00',0,'#Gi4/25 > HCMR9LM2PB',''),(3412,'Computer',103,'',0,'glpi','2012-08-20 05:16:23',1,'HCMR9LM2PB','HCM'),(3413,'Computer',103,'',0,'glpi','2012-08-20 05:16:23',49,'Validation','IT'),(3414,'Computer',103,'',0,'glpi','2012-08-20 05:16:23',17,'Bao Nguyen',''),(3415,'Computer',103,'',0,'glpi','2012-08-20 05:16:23',71,'Validation','IT'),(3416,'Computer',194,'NetworkEquipment',7,'glpi','2012-08-20 05:17:18',0,'','HCMSR01 > #Gi4/25'),(3417,'NetworkEquipment',4,'Computer',7,'glpi','2012-08-20 05:17:18',0,'','#Gi4/25 > HCMR9LM2PB'),(3418,'Computer',194,'',0,'glpi','2012-08-20 05:17:40',17,'','Bao Nguyen'),(3419,'Computer',195,'Infocom',17,'glpi','2012-08-20 05:36:54',0,'','N/A (195)'),(3420,'Infocom',195,'0',20,'glpi','2012-08-20 05:36:54',0,'',''),(3421,'Computer',195,'0',20,'glpi','2012-08-20 05:36:54',0,'',''),(3422,'Computer',196,'Infocom',17,'glpi','2012-08-20 05:37:30',0,'','N/A (196)'),(3423,'Infocom',196,'0',20,'glpi','2012-08-20 05:37:30',0,'',''),(3424,'Computer',196,'0',20,'glpi','2012-08-20 05:37:30',0,'',''),(3425,'Computer',197,'Infocom',17,'glpi','2012-08-20 05:38:08',0,'','N/A (197)'),(3426,'Infocom',197,'0',20,'glpi','2012-08-20 05:38:08',0,'',''),(3427,'Computer',197,'0',20,'glpi','2012-08-20 05:38:08',0,'',''),(3428,'Computer',198,'Infocom',17,'glpi','2012-08-20 05:38:42',0,'','N/A (198)'),(3429,'Infocom',198,'0',20,'glpi','2012-08-20 05:38:42',0,'',''),(3430,'Computer',198,'0',20,'glpi','2012-08-20 05:38:42',0,'',''),(3431,'Computer',199,'Infocom',17,'glpi','2012-08-20 05:39:18',0,'','N/A (199)'),(3432,'Infocom',199,'0',20,'glpi','2012-08-20 05:39:18',0,'',''),(3433,'Computer',199,'0',20,'glpi','2012-08-20 05:39:18',0,'',''),(3434,'Computer',187,'',0,'glpi','2012-08-20 05:40:02',49,'&nbsp;','IT'),(3435,'Computer',187,'',0,'glpi','2012-08-20 05:40:02',17,'VT Nguyen',''),(3436,'Computer',187,'',0,'glpi','2012-08-20 05:40:02',71,'&nbsp;','IT'),(3437,'Computer',187,'',0,'glpi','2012-08-20 05:40:02',45,'MS Windows 7 x64','MS Windows XP x32'),(3438,'Computer',200,'Infocom',17,'glpi','2012-08-20 06:28:11',0,'','N/A (200)'),(3439,'Infocom',200,'0',20,'glpi','2012-08-20 06:28:11',0,'',''),(3440,'Computer',200,'0',20,'glpi','2012-08-20 06:28:11',0,'',''),(3441,'Computer',200,'NetworkEquipment',7,'glpi','2012-08-20 06:29:40',0,'','HCMSR01 > #Gi4/40'),(3442,'NetworkEquipment',4,'Computer',7,'glpi','2012-08-20 06:29:40',0,'','#Gi4/40 > HCM4YR752S'),(3443,'Computer',201,'Infocom',17,'glpi','2012-08-20 06:30:50',0,'','N/A (201)'),(3444,'Infocom',201,'0',20,'glpi','2012-08-20 06:30:50',0,'',''),(3445,'Computer',201,'0',20,'glpi','2012-08-20 06:30:50',0,'',''),(3446,'Computer',202,'Infocom',17,'glpi','2012-08-20 06:31:57',0,'','N/A (202)'),(3447,'Infocom',202,'0',20,'glpi','2012-08-20 06:31:57',0,'',''),(3448,'Computer',202,'0',20,'glpi','2012-08-20 06:31:57',0,'',''),(3449,'Computer',202,'NetworkEquipment',7,'glpi','2012-08-20 06:32:36',0,'','HCMSR01 > #Gi4/28'),(3450,'NetworkEquipment',4,'Computer',7,'glpi','2012-08-20 06:32:36',0,'','#Gi4/28 > HCM44235D1'),(3451,'Computer',78,'',0,'glpi','2012-08-20 06:32:58',6,'','30'),(3452,'Computer',162,'',0,'glpi','2012-08-20 06:33:39',6,'1692','1662'),(3453,'Computer',157,'',0,'glpi','2012-08-20 06:34:03',6,'','1667'),(3454,'Computer',180,'',0,'glpi','2012-08-20 06:36:24',6,'','1682'),(3455,'Computer',172,'',0,'glpi','2012-08-20 06:37:02',6,'','1676'),(3456,'Computer',174,'',0,'glpi','2012-08-20 06:39:27',6,'','69'),(3457,'Computer',174,'',0,'glpi','2012-08-20 06:39:35',6,'69','xx69'),(3458,'Computer',179,'',0,'glpi','2012-08-20 06:40:00',6,'','1644'),(3459,'Computer',177,'',0,'glpi','2012-08-20 06:40:23',6,'','1607'),(3460,'Computer',176,'',0,'glpi','2012-08-20 06:40:46',6,'','31'),(3461,'Computer',173,'',0,'glpi','2012-08-20 06:41:10',6,'','918'),(3462,'Computer',175,'',0,'glpi','2012-08-20 06:41:42',6,'','1628'),(3463,'Computer',175,'',0,'glpi','2012-08-20 06:41:42',45,'MS Windows XP x32','Ubuntu Client'),(3464,'Computer',203,'Infocom',17,'glpi','2012-08-20 06:45:21',0,'','N/A (203)'),(3465,'Infocom',203,'0',20,'glpi','2012-08-20 06:45:21',0,'',''),(3466,'Computer',203,'0',20,'glpi','2012-08-20 06:45:21',0,'',''),(3467,'Computer',204,'Infocom',17,'glpi','2012-08-20 06:51:00',0,'','N/A (204)'),(3468,'Infocom',204,'0',20,'glpi','2012-08-20 06:51:00',0,'',''),(3469,'Computer',204,'0',20,'glpi','2012-08-20 06:51:00',0,'',''),(3470,'Computer',38,'',0,'glpi','2012-08-20 07:16:20',5,'SYR752S','5YR752S'),(3471,'Computer',205,'Infocom',17,'glpi','2012-08-20 07:36:36',0,'','N/A (205)'),(3472,'Infocom',205,'0',20,'glpi','2012-08-20 07:36:36',0,'',''),(3473,'Computer',205,'0',20,'glpi','2012-08-20 07:36:36',0,'',''),(3474,'Computer',134,'',0,'glpi','2012-08-20 07:48:07',40,'E6410','E6420'),(3475,'Computer',186,'',0,'glpi','2012-08-21 07:20:52',6,'','1633'),(3476,'Computer',113,'',0,'glpi','2012-08-21 11:24:29',1,'HCMR9LM2PF','HCM'),(3477,'Computer',113,'',0,'glpi','2012-08-21 11:24:29',49,'ASIC','IT'),(3478,'Computer',113,'',0,'glpi','2012-08-21 11:24:29',17,'Duy Nguyen',''),(3479,'Computer',113,'',0,'glpi','2012-08-21 11:24:29',71,'ASIC','IT'),(3480,'Computer',113,'',0,'glpi','2012-08-21 11:24:34',3,'2nd Floor','3rd Floor'),(3481,'Computer',206,'Infocom',17,'glpi','2012-08-21 11:26:02',0,'','N/A (206)'),(3482,'Infocom',206,'0',20,'glpi','2012-08-21 11:26:02',0,'',''),(3483,'Computer',206,'0',20,'glpi','2012-08-21 11:26:02',0,'',''),(3484,'Computer',187,'',0,'glpi','2012-08-21 11:36:16',1,'HCMB5K4Y1S','HCMdell630'),(3485,'Computer',187,'',0,'glpi','2012-08-21 11:36:16',49,'IT','Software'),(3486,'Computer',187,'',0,'glpi','2012-08-21 11:36:16',17,'','Thu Pham'),(3487,'Computer',187,'',0,'glpi','2012-08-21 11:36:16',71,'IT','Software'),(3488,'Computer',187,'',0,'glpi','2012-08-21 11:36:16',45,'MS Windows XP x32','Ubuntu Client'),(3489,'Computer',147,'',0,'glpi','2012-08-21 11:36:36',1,'hcmdell630','hcm'),(3490,'Computer',147,'',0,'glpi','2012-08-21 11:36:36',49,'Software','IT'),(3491,'Computer',147,'',0,'glpi','2012-08-21 11:36:36',17,'Thu Pham',''),(3492,'Computer',147,'',0,'glpi','2012-08-21 11:36:36',71,'Software','IT'),(3493,'Computer',149,'',0,'glpi','2012-08-21 11:39:57',16,'for testing','Thu Pham loan, meeting with DELL'),(3494,'Computer',57,'',0,'glpi','2012-08-21 11:39:57',16,'','Thu Pham loan, meeting with DELL'),(3495,'Computer',89,'',0,'glpi','2012-08-21 11:39:57',16,'','Thu Pham loan, meeting with DELL'),(3496,'Computer',195,'',0,'glpi','2012-08-21 11:39:57',16,'','Thu Pham loan, meeting with DELL'),(3497,'Phone',36,'0',13,'glpi','2012-08-22 11:31:53',0,'',''),(3498,'Computer',207,'Infocom',17,'glpi','2012-08-23 10:05:33',0,'','N/A (207)'),(3499,'Infocom',207,'0',20,'glpi','2012-08-23 10:05:33',0,'',''),(3500,'Computer',207,'0',20,'glpi','2012-08-23 10:05:33',0,'',''),(3501,'Computer',178,'',0,'glpi','2012-08-23 10:14:20',6,'','0861'),(3502,'Computer',184,'',0,'glpi','2012-08-24 06:19:48',6,'','1634'),(3503,'Computer',208,'Infocom',17,'glpi','2012-08-24 13:21:40',0,'','N/A (208)'),(3504,'Infocom',208,'0',20,'glpi','2012-08-24 13:21:40',0,'',''),(3505,'Computer',208,'0',20,'glpi','2012-08-24 13:21:40',0,'',''),(3506,'Computer',209,'Infocom',17,'glpi','2012-08-24 13:23:08',0,'','N/A (209)'),(3507,'Infocom',209,'0',20,'glpi','2012-08-24 13:23:08',0,'',''),(3508,'Computer',209,'0',20,'glpi','2012-08-24 13:23:08',0,'',''),(3509,'Computer',209,'0',13,'glpi','2012-08-24 13:23:49',0,'',''),(3510,'Computer',210,'Infocom',17,'glpi','2012-08-24 13:24:27',0,'','N/A (210)'),(3511,'Infocom',210,'0',20,'glpi','2012-08-24 13:24:27',0,'',''),(3512,'Computer',210,'0',20,'glpi','2012-08-24 13:24:27',0,'',''),(3513,'Computer',211,'Infocom',17,'glpi','2012-08-24 13:25:04',0,'','N/A (211)'),(3514,'Infocom',211,'0',20,'glpi','2012-08-24 13:25:04',0,'',''),(3515,'Computer',211,'0',20,'glpi','2012-08-24 13:25:04',0,'',''),(3516,'Computer',212,'Infocom',17,'glpi','2012-08-24 13:25:32',0,'','N/A (212)'),(3517,'Infocom',212,'0',20,'glpi','2012-08-24 13:25:32',0,'',''),(3518,'Computer',212,'0',20,'glpi','2012-08-24 13:25:32',0,'',''),(3519,'Computer',213,'Infocom',17,'glpi','2012-08-24 13:25:57',0,'','N/A (213)'),(3520,'Infocom',213,'0',20,'glpi','2012-08-24 13:25:57',0,'',''),(3521,'Computer',213,'0',20,'glpi','2012-08-24 13:25:57',0,'',''),(3522,'Computer',214,'Infocom',17,'glpi','2012-08-24 13:26:21',0,'','N/A (214)'),(3523,'Infocom',214,'0',20,'glpi','2012-08-24 13:26:21',0,'',''),(3524,'Computer',214,'0',20,'glpi','2012-08-24 13:26:21',0,'',''),(3525,'Computer',215,'Infocom',17,'glpi','2012-08-24 13:26:42',0,'','N/A (215)'),(3526,'Infocom',215,'0',20,'glpi','2012-08-24 13:26:42',0,'',''),(3527,'Computer',215,'0',20,'glpi','2012-08-24 13:26:42',0,'',''),(3528,'Computer',216,'Infocom',17,'glpi','2012-08-24 13:27:01',0,'','N/A (216)'),(3529,'Infocom',216,'0',20,'glpi','2012-08-24 13:27:01',0,'',''),(3530,'Computer',216,'0',20,'glpi','2012-08-24 13:27:01',0,'',''),(3531,'User',8,'Profile_User',17,'','2012-08-27 11:19:38',0,'','Software Inventory, Root entity, D'),(3532,'User',8,'Profile_User',19,'','2012-08-27 11:19:38',0,'IT, Root entity, D',''),(3533,'User',8,'Profile_User',17,'glpi','2012-08-27 11:20:17',0,'','Super-Admin, Root entity'),(3534,'Computer',6,'',0,'Duong Trung','2012-08-27 11:59:54',5,'','0716QAT0E9'),(3535,'Computer',7,'',0,'Duong Trung','2012-08-27 12:00:14',5,'','0717QAT0DF'),(3536,'Computer',8,'',0,'Duong Trung','2012-08-27 12:00:31',5,'','0717QAT143'),(3537,'Computer',9,'',0,'Duong Trung','2012-08-27 12:00:45',5,'','0716QAT05B'),(3538,'Computer',14,'',0,'Duong Trung','2012-08-27 12:01:00',5,'','0716QAT102'),(3539,'Computer',15,'',0,'Duong Trung','2012-08-27 12:01:56',31,'Fail','&nbsp;'),(3540,'Computer',15,'',0,'Duong Trung','2012-08-27 12:02:55',31,'&nbsp;','Failure'),(3541,'Computer',15,'',0,'Duong Trung','2012-08-27 12:03:17',5,'','0716QAT086'),(3542,'Computer',15,'',0,'Duong Trung','2012-08-27 12:03:21',45,'Linux RHEL 4 Server','&nbsp;'),(3543,'Computer',10,'',0,'Duong Trung','2012-08-27 12:03:42',5,'','0716QAT083'),(3544,'Computer',13,'',0,'Duong Trung','2012-08-27 12:03:56',5,'','0717QAT0B9'),(3545,'Computer',12,'',0,'Duong Trung','2012-08-27 12:04:10',5,'','0735QAT11F'),(3546,'Computer',11,'',0,'Duong Trung','2012-08-27 12:04:23',5,'','0717QAT0C2'),(3547,'Computer',5,'',0,'Duong Trung','2012-08-27 12:07:37',40,'X4150','X4100'),(3548,'Computer',5,'',0,'Duong Trung','2012-08-27 12:07:37',5,'','0738BD1A2E'),(3549,'Printer',5,'',0,'Duong Trung','2012-08-27 12:09:07',5,'','926138529'),(3550,'Printer',5,'',0,'Duong Trung','2012-08-27 12:10:12',4,'&nbsp;','Color'),(3551,'Computer',17,'',0,'Duong Trung','2012-08-27 12:10:51',5,'','0738BD1804'),(3552,'Computer',217,'Infocom',17,'Duong Trung','2012-08-27 12:15:11',0,'','N/A (217)'),(3553,'Infocom',217,'0',20,'Duong Trung','2012-08-27 12:15:11',0,'',''),(3554,'Computer',217,'0',20,'Duong Trung','2012-08-27 12:15:11',0,'',''),(3555,'Computer',217,'',0,'Duong Trung','2012-08-27 12:15:28',18,'Trung Duong',''),(3556,'Computer',217,'',0,'Duong Trung','2012-08-27 12:15:28',5,'\'0716QAT08B','0716QAT08B'),(3557,'Computer',217,'',0,'Duong Trung','2012-08-27 12:15:28',17,'','Trung Duong'),(3558,'Computer',16,'',0,'Duong Trung','2012-08-27 12:16:35',5,'','0908QAR0C7'),(3559,'Computer',16,'',0,'Duong Trung','2012-08-27 12:19:21',4,'Server','LSF-Server'),(3560,'Computer',6,'',0,'Duong Trung','2012-08-27 12:20:28',4,'Server','LSF-Server'),(3561,'Computer',7,'',0,'Duong Trung','2012-08-27 12:20:28',4,'Server','LSF-Server'),(3562,'Computer',8,'',0,'Duong Trung','2012-08-27 12:20:28',4,'Server','LSF-Server'),(3563,'Computer',9,'',0,'Duong Trung','2012-08-27 12:20:28',4,'Server','LSF-Server'),(3564,'Computer',14,'',0,'Duong Trung','2012-08-27 12:20:28',4,'Server','LSF-Server'),(3565,'Computer',11,'',0,'Duong Trung','2012-08-27 12:20:28',4,'Server','LSF-Server'),(3566,'Computer',12,'',0,'Duong Trung','2012-08-27 12:20:28',4,'Server','LSF-Server'),(3567,'Computer',13,'',0,'Duong Trung','2012-08-27 12:20:28',4,'Server','LSF-Server'),(3568,'Computer',10,'',0,'Duong Trung','2012-08-27 12:20:28',4,'Server','LSF-Server'),(3569,'Computer',15,'',0,'Duong Trung','2012-08-27 12:20:28',4,'Server','LSF-Server'),(3570,'Computer',217,'',0,'Duong Trung','2012-08-27 12:20:28',4,'Server','LSF-Server'),(3571,'Computer',5,'',0,'Duong Trung','2012-08-27 12:20:52',4,'Server','Infrastructure Server'),(3572,'Computer',21,'',0,'Duong Trung','2012-08-27 12:20:52',4,'Server','Infrastructure Server'),(3573,'Computer',18,'',0,'Duong Trung','2012-08-27 12:20:52',4,'Server','Infrastructure Server'),(3574,'Computer',19,'',0,'Duong Trung','2012-08-27 12:20:52',4,'Server','Infrastructure Server'),(3575,'Computer',20,'',0,'Duong Trung','2012-08-27 12:20:52',4,'Server','Infrastructure Server'),(3576,'Computer',17,'',0,'Duong Trung','2012-08-27 12:20:52',4,'Server','Infrastructure Server'),(3577,'Computer',21,'',0,'Duong Trung','2012-08-27 12:21:28',5,'','FV42540001'),(3578,'Computer',218,'Infocom',17,'glpi','2012-08-27 12:21:43',0,'','N/A (218)'),(3579,'Infocom',218,'0',20,'glpi','2012-08-27 12:21:43',0,'',''),(3580,'Computer',218,'0',20,'glpi','2012-08-27 12:21:43',0,'',''),(3581,'Computer',18,'',0,'Duong Trung','2012-08-27 12:21:58',5,'','FV40210006'),(3582,'Computer',19,'',0,'Duong Trung','2012-08-27 12:22:11',5,'','FV40210049'),(3583,'Computer',219,'Infocom',17,'glpi','2012-08-27 12:22:15',0,'','N/A (219)'),(3584,'Infocom',219,'0',20,'glpi','2012-08-27 12:22:15',0,'',''),(3585,'Computer',219,'0',20,'glpi','2012-08-27 12:22:15',0,'',''),(3586,'Computer',20,'',0,'Duong Trung','2012-08-27 12:22:24',5,'','FV35140107'),(3587,'Computer',220,'Infocom',17,'glpi','2012-08-27 12:22:37',0,'','N/A (220)'),(3588,'Infocom',220,'0',20,'glpi','2012-08-27 12:22:37',0,'',''),(3589,'Computer',220,'0',20,'glpi','2012-08-27 12:22:37',0,'',''),(3590,'Computer',221,'Infocom',17,'Duong Trung','2012-08-27 12:26:14',0,'','N/A (221)'),(3591,'Infocom',221,'0',20,'Duong Trung','2012-08-27 12:26:14',0,'',''),(3592,'Computer',221,'0',20,'Duong Trung','2012-08-27 12:26:14',0,'',''),(3593,'Computer',222,'Infocom',17,'Duong Trung','2012-08-27 12:27:09',0,'','N/A (222)'),(3594,'Infocom',222,'0',20,'Duong Trung','2012-08-27 12:27:09',0,'',''),(3595,'Computer',222,'0',20,'Duong Trung','2012-08-27 12:27:09',0,'',''),(3596,'Computer',221,'',0,'Duong Trung','2012-08-27 12:27:59',23,'MicroSun','NetApp'),(3597,'Computer',221,'',0,'Duong Trung','2012-08-27 12:27:59',40,'Sunfire Server X2200','FAS3240'),(3598,'Computer',222,'',0,'Duong Trung','2012-08-27 12:28:20',40,'&nbsp;','FAS3240'),(3599,'Computer',2,'',0,'Duong Trung','2012-08-27 12:29:53',1,'HCMLC001','HCM....'),(3600,'Computer',223,'Infocom',17,'Duong Trung','2012-08-27 12:31:19',0,'','N/A (223)'),(3601,'Infocom',223,'0',20,'Duong Trung','2012-08-27 12:31:19',0,'',''),(3602,'Computer',223,'0',20,'Duong Trung','2012-08-27 12:31:19',0,'',''),(3603,'Computer',224,'Infocom',17,'Duong Trung','2012-08-27 12:31:23',0,'','N/A (224)'),(3604,'Infocom',224,'0',20,'Duong Trung','2012-08-27 12:31:23',0,'',''),(3605,'Computer',224,'0',20,'Duong Trung','2012-08-27 12:31:23',0,'',''),(3606,'Computer',224,'',0,'Duong Trung','2012-08-27 12:33:01',1,'HCM....','HCMFW11'),(3607,'Computer',224,'',0,'Duong Trung','2012-08-27 12:33:01',31,'OK','&nbsp;'),(3608,'Computer',224,'',0,'Duong Trung','2012-08-27 12:33:01',23,'MicroSun','Dell'),(3609,'Computer',224,'',0,'Duong Trung','2012-08-27 12:33:01',40,'Sunfire Server X2200','&nbsp;'),(3610,'Computer',224,'',0,'Duong Trung','2012-08-27 12:33:16',5,'','G5JNYD1'),(3611,'Computer',224,'',0,'Duong Trung','2012-08-27 12:33:38',24,'&nbsp;','tduong'),(3612,'Computer',224,'',0,'Duong Trung','2012-08-27 12:33:38',17,'','Trung Duong'),(3613,'Computer',224,'',0,'Duong Trung','2012-08-27 12:35:14',31,'&nbsp;','Retired'),(3614,'Computer',224,'',0,'Duong Trung','2012-08-27 12:35:14',40,'&nbsp;','1950'),(3615,'Computer',224,'',0,'Duong Trung','2012-08-27 12:35:14',45,'&nbsp;','Checkpoint'),(3616,'Computer',225,'Infocom',17,'Duong Trung','2012-08-27 12:36:01',0,'','N/A (225)'),(3617,'Infocom',225,'0',20,'Duong Trung','2012-08-27 12:36:01',0,'',''),(3618,'Computer',225,'0',20,'Duong Trung','2012-08-27 12:36:01',0,'',''),(3619,'Computer',2,'',0,'Duong Trung','2012-08-27 12:36:34',31,'OK','&nbsp;'),(3620,'Computer',2,'',0,'Duong Trung','2012-08-27 12:36:34',24,'&nbsp;','tduong'),(3621,'Computer',2,'',0,'Duong Trung','2012-08-27 12:36:34',23,'MicroSun','&nbsp;'),(3622,'Computer',2,'',0,'Duong Trung','2012-08-27 12:36:34',40,'Sunfire Server X2200','&nbsp;'),(3623,'Computer',2,'',0,'Duong Trung','2012-08-27 12:36:34',17,'','Trung Duong'),(3624,'Computer',2,'',0,'Duong Trung','2012-08-27 12:36:34',45,'Linux RHEL 4 Server','&nbsp;'),(3625,'Computer',226,'Infocom',17,'Duong Trung','2012-08-27 12:39:30',0,'','N/A (226)'),(3626,'Infocom',226,'0',20,'Duong Trung','2012-08-27 12:39:30',0,'',''),(3627,'Computer',226,'0',20,'Duong Trung','2012-08-27 12:39:30',0,'',''),(3628,'Computer',227,'Infocom',17,'Duong Trung','2012-08-27 12:42:15',0,'','N/A (227)'),(3629,'Infocom',227,'0',20,'Duong Trung','2012-08-27 12:42:15',0,'',''),(3630,'Computer',227,'0',20,'Duong Trung','2012-08-27 12:42:15',0,'',''),(3631,'Computer',224,'',0,'Duong Trung','2012-08-27 12:42:36',4,'Server','Infrastructure Server'),(3632,'Computer',225,'',0,'Duong Trung','2012-08-27 12:42:36',4,'Server','Infrastructure Server'),(3633,'NetworkEquipment',3,'',0,'Duong Trung','2012-08-27 12:43:36',1,'Cisco Router 2800','HCMRR01'),(3634,'NetworkEquipment',2,'',0,'Duong Trung','2012-08-27 12:45:20',1,'Cisco Router  2621','hcmrr99'),(3635,'NetworkEquipment',2,'',0,'Duong Trung','2012-08-27 12:45:20',40,'&nbsp;','2600'),(3636,'NetworkEquipment',2,'',0,'Duong Trung','2012-08-27 12:45:20',5,'','JHY0744K1RQ'),(3637,'NetworkEquipment',2,'',0,'Duong Trung','2012-08-27 12:45:20',7,'','Trung Duong'),(3638,'NetworkEquipment',5,'',0,'Duong Trung','2012-08-27 12:47:23',4,'&nbsp;','Router'),(3639,'NetworkEquipment',6,'',0,'Duong Trung','2012-08-27 12:47:23',4,'&nbsp;','Router'),(3640,'NetworkEquipment',3,'',0,'Duong Trung','2012-08-27 12:47:23',4,'&nbsp;','Router'),(3641,'NetworkEquipment',2,'',0,'Duong Trung','2012-08-27 12:47:23',4,'&nbsp;','Router'),(3642,'NetworkEquipment',4,'',0,'Duong Trung','2012-08-27 12:47:23',4,'&nbsp;','Router'),(3643,'NetworkEquipment',5,'',0,'Duong Trung','2012-08-27 12:47:54',4,'Router','Firewall'),(3644,'NetworkEquipment',6,'',0,'Duong Trung','2012-08-27 12:47:54',4,'Router','Firewall'),(3645,'NetworkEquipment',4,'',0,'Duong Trung','2012-08-27 12:48:09',4,'Router','Core Switch'),(3646,'NetworkEquipment',1,'',0,'Duong Trung','2012-08-27 12:49:04',3,'&nbsp;','3rd Floor > IT Data Center'),(3647,'NetworkEquipment',1,'',0,'Duong Trung','2012-08-27 12:49:04',4,'&nbsp;','Router'),(3648,'NetworkEquipment',1,'',0,'Duong Trung','2012-08-27 12:49:04',24,'&nbsp;','tduong'),(3649,'NetworkEquipment',1,'',0,'Duong Trung','2012-08-27 12:49:04',49,'&nbsp;','IT'),(3650,'NetworkEquipment',1,'',0,'Duong Trung','2012-08-27 12:49:04',7,'','Trung Duong'),(3651,'NetworkEquipment',1,'',0,'Duong Trung','2012-08-27 12:49:04',70,'&nbsp;','tduong'),(3652,'NetworkEquipment',7,'0',20,'Duong Trung','2012-08-27 12:50:14',0,'',''),(3653,'NetworkEquipment',8,'0',20,'Duong Trung','2012-08-27 12:50:58',0,'',''),(3654,'NetworkEquipment',9,'0',20,'Duong Trung','2012-08-27 12:53:15',0,'',''),(3655,'Printer',4,'',0,'Duong Trung','2012-08-27 12:55:20',4,'&nbsp;','Back&White'),(3656,'Printer',2,'',0,'Duong Trung','2012-08-27 12:55:20',4,'&nbsp;','Back&White'),(3657,'Printer',3,'',0,'Duong Trung','2012-08-27 12:55:20',4,'&nbsp;','Back&White'),(3658,'Printer',6,'',0,'Duong Trung','2012-08-27 12:55:20',4,'&nbsp;','Back&White'),(3659,'NetworkEquipment',10,'0',20,'Duong Trung','2012-08-27 12:59:23',0,'',''),(3660,'NetworkEquipment',11,'0',20,'Duong Trung','2012-08-27 12:59:38',0,'',''),(3661,'NetworkEquipment',10,'',0,'Duong Trung','2012-08-27 12:59:58',1,'hcmasa01','HCMASA01'),(3662,'NetworkEquipment',11,'',0,'Duong Trung','2012-08-27 13:00:08',1,'hcmasa02','HCMASA02'),(3663,'Printer',6,'',0,'Duong Trung','2012-08-27 13:00:43',49,'&nbsp;','Admin'),(3664,'Printer',6,'',0,'Duong Trung','2012-08-27 13:00:43',7,'','Thao Le'),(3665,'Computer',223,'',0,'Duong Trung','2012-08-27 13:01:21',45,'Linux RHEL 4 Server','&nbsp;'),(3666,'Computer',228,'Infocom',17,'Duong Trung','2012-08-27 13:13:28',0,'','N/A (228)'),(3667,'Infocom',228,'0',20,'Duong Trung','2012-08-27 13:13:28',0,'',''),(3668,'Computer',228,'0',20,'Duong Trung','2012-08-27 13:13:28',0,'',''),(3669,'Document',8,'0',20,'Duong Trung','2012-08-27 13:22:14',0,'',''),(3670,'Contract',11,'0',20,'Duong Trung','2012-08-27 13:23:14',0,'',''),(3671,'Document',8,'Contract',15,'Duong Trung','2012-08-27 13:23:43',0,'','TK0884 (11)'),(3672,'Contract',11,'Document',15,'Duong Trung','2012-08-27 13:23:43',0,'','TK0884 (8)'),(3673,'Contract',11,'Computer',15,'Duong Trung','2012-08-27 13:23:56',0,'','C7000 Chassis (228)'),(3674,'Computer',228,'Contract',15,'Duong Trung','2012-08-27 13:23:56',0,'','TK0884 (11)'),(3675,'Computer',229,'Infocom',17,'Duong Trung','2012-08-27 13:28:11',0,'','N/A (229)'),(3676,'Infocom',229,'0',20,'Duong Trung','2012-08-27 13:28:11',0,'',''),(3677,'Computer',229,'0',20,'Duong Trung','2012-08-27 13:28:11',0,'',''),(3678,'Computer',229,'',0,'Duong Trung','2012-08-27 13:29:13',4,'Server','Infrastructure Server'),(3679,'Contract',11,'Computer',15,'Duong Trung','2012-08-27 13:29:23',0,'','HCMESXI01 (229)'),(3680,'Computer',229,'Contract',15,'Duong Trung','2012-08-27 13:29:23',0,'','TK0884 (11)'),(3681,'Computer',230,'Infocom',17,'Duong Trung','2012-08-27 13:30:48',0,'','N/A (230)'),(3682,'Infocom',230,'0',20,'Duong Trung','2012-08-27 13:30:48',0,'',''),(3683,'Computer',230,'0',20,'Duong Trung','2012-08-27 13:30:48',0,'',''),(3684,'Computer',231,'Infocom',17,'Duong Trung','2012-08-27 13:31:27',0,'','N/A (231)'),(3685,'Infocom',231,'0',20,'Duong Trung','2012-08-27 13:31:27',0,'',''),(3686,'Computer',231,'0',20,'Duong Trung','2012-08-27 13:31:27',0,'',''),(3687,'Computer',232,'Infocom',17,'Duong Trung','2012-08-27 13:31:53',0,'','N/A (232)'),(3688,'Infocom',232,'0',20,'Duong Trung','2012-08-27 13:31:53',0,'',''),(3689,'Computer',232,'0',20,'Duong Trung','2012-08-27 13:31:53',0,'',''),(3690,'Computer',233,'0',20,'Duong Trung','2012-08-27 13:32:44',0,'',''),(3691,'Computer',234,'0',20,'Duong Trung','2012-08-27 13:33:26',0,'',''),(3692,'Computer',235,'0',20,'Duong Trung','2012-08-27 13:33:40',0,'',''),(3693,'Computer',236,'0',20,'Duong Trung','2012-08-27 13:33:56',0,'',''),(3694,'Computer',237,'0',20,'Duong Trung','2012-08-27 13:34:12',0,'',''),(3695,'Computer',238,'0',20,'Duong Trung','2012-08-27 13:34:27',0,'',''),(3696,'Computer',235,'',0,'Duong Trung','2012-08-27 13:35:17',45,'&nbsp;','Linux RHEL 6 x64'),(3697,'Computer',232,'',0,'Duong Trung','2012-08-27 13:35:17',45,'&nbsp;','Linux RHEL 6 x64'),(3698,'Computer',231,'',0,'Duong Trung','2012-08-27 13:35:17',45,'&nbsp;','Linux RHEL 6 x64'),(3699,'Computer',230,'',0,'Duong Trung','2012-08-27 13:35:30',45,'&nbsp;','VMware Server'),(3700,'Contract',11,'Computer',15,'Duong Trung','2012-08-27 13:37:10',0,'','HCMESXi02 (230)'),(3701,'Computer',230,'Contract',15,'Duong Trung','2012-08-27 13:37:10',0,'','TK0884 (11)'),(3702,'Contract',11,'Computer',15,'Duong Trung','2012-08-27 13:37:10',0,'','HCMLC012 (238)'),(3703,'Computer',238,'Contract',15,'Duong Trung','2012-08-27 13:37:10',0,'','TK0884 (11)'),(3704,'Contract',11,'Computer',15,'Duong Trung','2012-08-27 13:37:10',0,'','HCMLC013 (237)'),(3705,'Computer',237,'Contract',15,'Duong Trung','2012-08-27 13:37:10',0,'','TK0884 (11)'),(3706,'Contract',11,'Computer',15,'Duong Trung','2012-08-27 13:37:10',0,'','HCMLC014 (236)'),(3707,'Computer',236,'Contract',15,'Duong Trung','2012-08-27 13:37:10',0,'','TK0884 (11)'),(3708,'Contract',11,'Computer',15,'Duong Trung','2012-08-27 13:37:10',0,'','HCMLC015 (235)'),(3709,'Computer',235,'Contract',15,'Duong Trung','2012-08-27 13:37:10',0,'','TK0884 (11)'),(3710,'Contract',11,'Computer',15,'Duong Trung','2012-08-27 13:37:10',0,'','HCMLC016 (234)'),(3711,'Computer',234,'Contract',15,'Duong Trung','2012-08-27 13:37:10',0,'','TK0884 (11)'),(3712,'Contract',11,'Computer',15,'Duong Trung','2012-08-27 13:37:10',0,'','HCMLC017 (232)'),(3713,'Computer',232,'Contract',15,'Duong Trung','2012-08-27 13:37:10',0,'','TK0884 (11)'),(3714,'Contract',11,'Computer',15,'Duong Trung','2012-08-27 13:37:10',0,'','HCMLC018 (231)'),(3715,'Computer',231,'Contract',15,'Duong Trung','2012-08-27 13:37:10',0,'','TK0884 (11)'),(3716,'Contract',11,'',0,'Duong Trung','2012-08-27 13:39:32',11,'0.0000','114738.1'),(3717,'Printer',7,'0',20,'Duong Trung','2012-08-27 13:42:35',0,'',''),(3718,'Computer',65,'',0,'glpi','2012-08-28 05:03:53',31,'OK','Failure'),(3719,'Computer',208,'',0,'glpi','2012-08-28 05:03:53',31,'OK','Failure'),(3720,'Computer',210,'',0,'glpi','2012-08-28 05:03:53',31,'OK','Failure'),(3721,'Computer',211,'',0,'glpi','2012-08-28 05:03:53',31,'OK','Failure'),(3722,'Computer',212,'',0,'glpi','2012-08-28 05:03:53',31,'OK','Failure'),(3723,'Computer',213,'',0,'glpi','2012-08-28 05:03:53',31,'OK','Failure'),(3724,'Computer',214,'',0,'glpi','2012-08-28 05:03:53',31,'OK','Failure'),(3725,'Computer',215,'',0,'glpi','2012-08-28 05:03:53',31,'OK','Failure'),(3726,'Computer',216,'',0,'glpi','2012-08-28 05:03:53',31,'OK','Failure'),(3727,'Computer',191,'',0,'glpi','2012-08-28 05:13:42',31,'OK','Failure'),(3728,'Computer',188,'',0,'glpi','2012-08-28 05:13:42',31,'OK','Failure'),(3729,'Computer',193,'',0,'glpi','2012-08-28 05:13:42',31,'OK','Failure'),(3730,'Computer',189,'',0,'glpi','2012-08-28 05:13:42',31,'OK','Failure'),(3731,'Computer',192,'',0,'glpi','2012-08-28 05:13:42',31,'OK','Failure'),(3732,'Computer',179,'',0,'glpi','2012-08-28 05:22:27',6,'1644','1664'),(3733,'Computer',143,'',0,'glpi','2012-08-28 06:47:42',3,'2nd Floor','3rd Floor'),(3734,'Computer',143,'',0,'glpi','2012-08-28 06:47:42',49,'ASIC','IT'),(3735,'Computer',143,'',0,'glpi','2012-08-28 06:47:42',17,'Tuan Nguyen',''),(3736,'Computer',143,'',0,'glpi','2012-08-28 06:47:42',71,'ASIC','IT'),(3737,'Computer',143,'NetworkEquipment',6,'glpi','2012-08-28 06:47:47',0,'HCMSR01 > #Gi3/34',''),(3738,'NetworkEquipment',4,'Computer',6,'glpi','2012-08-28 06:47:47',0,'#Gi3/34 > HCM3RQY5Q1',''),(3739,'Computer',239,'Infocom',17,'glpi','2012-08-28 12:30:05',0,'','N/A (233)'),(3740,'Infocom',233,'0',20,'glpi','2012-08-28 12:30:05',0,'',''),(3741,'Computer',239,'0',20,'glpi','2012-08-28 12:30:05',0,'',''),(3742,'Computer',79,'',0,'glpi','2012-08-29 06:49:30',6,'','939'),(3743,'Computer',201,'',0,'glpi','2012-08-30 09:41:51',49,'Admin','IT'),(3744,'Computer',201,'',0,'glpi','2012-08-30 09:41:51',17,'Hy Cao',''),(3745,'Computer',201,'',0,'glpi','2012-08-30 09:41:51',71,'Admin','IT'),(3746,'Computer',143,'',0,'glpi','2012-08-30 10:15:16',3,'3rd Floor','2nd Floor'),(3747,'Computer',143,'',0,'glpi','2012-08-30 10:15:16',49,'IT','ASIC'),(3748,'Computer',143,'',0,'glpi','2012-08-30 10:15:16',17,'','Dung Pham'),(3749,'Computer',143,'',0,'glpi','2012-08-30 10:15:16',71,'IT','ASIC'),(3750,'Computer',240,'Infocom',17,'glpi','2012-08-30 11:00:01',0,'','N/A (234)'),(3751,'Infocom',234,'0',20,'glpi','2012-08-30 11:00:01',0,'',''),(3752,'Computer',240,'0',20,'glpi','2012-08-30 11:00:01',0,'',''),(3753,'Computer',116,'',0,'glpi','2012-08-30 12:11:37',49,'Validation','IT'),(3754,'Computer',116,'',0,'glpi','2012-08-30 12:11:37',17,'Trung Hoang',''),(3755,'Computer',116,'',0,'glpi','2012-08-30 12:11:37',71,'Validation','IT'),(3756,'Computer',116,'NetworkEquipment',6,'glpi','2012-08-30 12:11:41',0,'HCMSR01 > #Gi4/21',''),(3757,'NetworkEquipment',4,'Computer',6,'glpi','2012-08-30 12:11:41',0,'#Gi4/21 > HCMFH1RT1S',''),(3758,'Phone',104,'0',13,'glpi','2012-08-30 12:13:00',0,'',''),(3759,'Phone',68,'0',13,'glpi','2012-08-30 12:13:21',0,'',''),(3760,'Computer',143,'',0,'Duong Trung','2012-08-31 06:18:21',16,'','1. Before it was belonging to Tuan Duy Anh Nguyen'),(3761,'Computer',183,'',0,'glpi','2012-09-05 07:39:26',3,'2nd Floor','3rd Floor'),(3762,'Computer',183,'',0,'glpi','2012-09-05 07:39:26',49,'ASIC','IT'),(3763,'Computer',183,'',0,'glpi','2012-09-05 07:39:26',17,'Duy Nguyen',''),(3764,'Computer',183,'',0,'glpi','2012-09-05 07:39:26',6,'','1642'),(3765,'Computer',183,'',0,'glpi','2012-09-05 07:39:26',71,'ASIC','IT'),(3766,'Computer',241,'Infocom',17,'glpi','2012-09-10 13:37:13',0,'','N/A (235)'),(3767,'Infocom',235,'0',20,'glpi','2012-09-10 13:37:13',0,'',''),(3768,'Computer',241,'0',20,'glpi','2012-09-10 13:37:13',0,'',''),(3769,'Computer',201,'',0,'glpi','2012-09-12 06:39:14',1,'HCMDYR752S','HCM'),(3770,'Computer',161,'',0,'glpi','2012-09-12 06:39:36',1,'HCM5PHJV1S','HCMDYT2MB1'),(3771,'Computer',242,'Infocom',17,'glpi','2012-09-13 05:27:00',0,'','N/A (236)'),(3772,'Infocom',236,'0',20,'glpi','2012-09-13 05:27:00',0,'',''),(3773,'Computer',242,'0',20,'glpi','2012-09-13 05:27:00',0,'',''),(3774,'Computer',159,'',0,'glpi','2012-09-13 10:49:30',49,'Validation','IT'),(3775,'Computer',159,'',0,'glpi','2012-09-13 10:49:30',17,'Dung Pham',''),(3776,'Computer',159,'',0,'glpi','2012-09-13 10:49:30',71,'Validation','IT'),(3777,'Computer',159,'NetworkEquipment',6,'glpi','2012-09-13 10:49:35',0,'HCMSR01 > #Gi2/41',''),(3778,'NetworkEquipment',4,'Computer',6,'glpi','2012-09-13 10:49:35',0,'#Gi2/41 > HCMG5D4NF1',''),(3779,'Computer',154,'',0,'glpi','2012-09-14 10:24:34',3,'2nd Floor','3rd Floor'),(3780,'Computer',154,'',0,'glpi','2012-09-14 10:24:34',49,'Software','IT'),(3781,'Computer',154,'',0,'glpi','2012-09-14 10:24:34',17,'Dien Nguyen',''),(3782,'Computer',154,'',0,'glpi','2012-09-14 10:24:34',71,'Software','IT'),(3783,'Computer',154,'',0,'glpi','2012-09-14 10:24:34',45,'MS Windows XP x32','Ubuntu Client'),(3784,'Computer',154,'NetworkEquipment',6,'glpi','2012-09-14 10:24:39',0,'HCMSR01 > #Gi3/28',''),(3785,'NetworkEquipment',4,'Computer',6,'glpi','2012-09-14 10:24:39',0,'#Gi3/28 > HCM5FRY5Q1',''),(3786,'Computer',103,'',0,'glpi','2012-09-17 06:55:24',49,'IT','Hardware'),(3787,'Computer',103,'',0,'glpi','2012-09-17 06:55:24',17,'','Tien Vo'),(3788,'Computer',103,'',0,'glpi','2012-09-17 06:55:24',71,'IT','Hardware'),(3789,'Computer',103,'NetworkEquipment',7,'glpi','2012-09-17 06:57:20',0,'','HCMSR01 > #Gi6/45'),(3790,'NetworkEquipment',4,'Computer',7,'glpi','2012-09-17 06:57:20',0,'','#Gi6/45 > HCM'),(3791,'Computer',182,'',0,'glpi','2012-09-18 06:11:25',3,'2nd Floor','3rd Floor'),(3792,'Computer',182,'',0,'glpi','2012-09-18 06:11:25',49,'ASIC','IT'),(3793,'Computer',182,'',0,'glpi','2012-09-18 06:11:25',17,'Duong Dang',''),(3794,'Computer',182,'',0,'glpi','2012-09-18 06:11:25',71,'ASIC','IT'),(3795,'Computer',243,'Infocom',17,'glpi','2012-09-18 07:50:42',0,'','N/A (237)'),(3796,'Infocom',237,'0',20,'glpi','2012-09-18 07:50:42',0,'',''),(3797,'Computer',243,'0',20,'glpi','2012-09-18 07:50:42',0,'',''),(3798,'Computer',155,'',0,'glpi','2012-09-18 07:54:24',17,'Dien Nguyen','Thinh Pham'),(3799,'Computer',207,'',0,'glpi','2012-09-18 10:36:47',49,'Hardware','IT'),(3800,'Computer',207,'',0,'glpi','2012-09-18 10:36:47',17,'Hoai Hoang',''),(3801,'Computer',207,'',0,'glpi','2012-09-18 10:36:47',71,'Hardware','IT'),(3802,'Computer',244,'Infocom',17,'glpi','2012-09-18 10:40:58',0,'','N/A (238)'),(3803,'Infocom',238,'0',20,'glpi','2012-09-18 10:40:58',0,'',''),(3804,'Computer',244,'0',20,'glpi','2012-09-18 10:40:58',0,'',''),(3805,'Computer',173,'',0,'glpi','2012-09-19 06:32:32',3,'2nd Floor','3rd Floor'),(3806,'Computer',173,'',0,'glpi','2012-09-19 06:32:32',49,'ASIC','IT'),(3807,'Computer',173,'',0,'glpi','2012-09-19 06:32:32',17,'Kien Nguyen',''),(3808,'Computer',173,'',0,'glpi','2012-09-19 06:32:32',71,'ASIC','IT'),(3809,'Computer',173,'NetworkEquipment',6,'glpi','2012-09-19 06:32:35',0,'HCMSR01 > #Gi2/11',''),(3810,'NetworkEquipment',4,'Computer',6,'glpi','2012-09-19 06:32:35',0,'#Gi2/11 > HCM8BH1LF1',''),(3811,'Computer',174,'',0,'glpi','2012-09-19 06:33:12',49,'Software','IT'),(3812,'Computer',174,'',0,'glpi','2012-09-19 06:33:12',17,'Thang Pham',''),(3813,'Computer',174,'',0,'glpi','2012-09-19 06:33:12',71,'Software','IT'),(3814,'Computer',174,'NetworkEquipment',6,'glpi','2012-09-19 06:33:15',0,'HCMSR01 > #Gi1/10',''),(3815,'NetworkEquipment',4,'Computer',6,'glpi','2012-09-19 06:33:15',0,'#Gi1/10 > HCM3J1RT1S02',''),(3816,'Computer',175,'',0,'glpi','2012-09-19 06:33:45',49,'Validation','IT'),(3817,'Computer',175,'',0,'glpi','2012-09-19 06:33:45',17,'Cuong Le',''),(3818,'Computer',175,'',0,'glpi','2012-09-19 06:33:45',71,'Validation','IT'),(3819,'Computer',175,'NetworkEquipment',6,'glpi','2012-09-19 06:33:48',0,'HCMSR01 > #Gi4/05',''),(3820,'NetworkEquipment',4,'Computer',6,'glpi','2012-09-19 06:33:48',0,'#Gi4/05 > HCM2J1RT1S',''),(3821,'Computer',179,'',0,'glpi','2012-09-19 06:34:13',3,'2nd Floor','3rd Floor'),(3822,'Computer',179,'',0,'glpi','2012-09-19 06:34:13',49,'Software','IT'),(3823,'Computer',179,'',0,'glpi','2012-09-19 06:34:13',17,'Thai Le',''),(3824,'Computer',179,'',0,'glpi','2012-09-19 06:34:13',71,'Software','IT'),(3825,'Computer',179,'NetworkEquipment',6,'glpi','2012-09-19 06:34:15',0,'HCMSR01 > #Gi2/07',''),(3826,'NetworkEquipment',4,'Computer',6,'glpi','2012-09-19 06:34:15',0,'#Gi2/07 > HCM4K1RT1S02',''),(3827,'Computer',180,'',0,'glpi','2012-09-19 06:34:40',3,'2nd Floor','3rd Floor'),(3828,'Computer',180,'',0,'glpi','2012-09-19 06:34:40',49,'Software','IT'),(3829,'Computer',180,'',0,'glpi','2012-09-19 06:34:40',17,'Nhan Pham',''),(3830,'Computer',180,'',0,'glpi','2012-09-19 06:34:40',71,'Software','IT'),(3831,'Computer',176,'',0,'glpi','2012-09-19 06:35:10',3,'2nd Floor','3rd Floor'),(3832,'Computer',176,'',0,'glpi','2012-09-19 06:35:10',49,'ASIC','IT'),(3833,'Computer',176,'',0,'glpi','2012-09-19 06:35:10',17,'Tai Ho',''),(3834,'Computer',176,'',0,'glpi','2012-09-19 06:35:10',71,'ASIC','IT'),(3835,'Computer',176,'NetworkEquipment',6,'glpi','2012-09-19 06:35:12',0,'HCMSR01 > #Gi1/06',''),(3836,'NetworkEquipment',4,'Computer',6,'glpi','2012-09-19 06:35:12',0,'#Gi1/06 > HCMG9H1LF1',''),(3837,'Computer',177,'',0,'glpi','2012-09-19 06:35:43',3,'2nd Floor','3rd Floor'),(3838,'Computer',177,'',0,'glpi','2012-09-19 06:35:43',49,'ASIC','IT'),(3839,'Computer',177,'',0,'glpi','2012-09-19 06:35:43',17,'Truong Le',''),(3840,'Computer',177,'',0,'glpi','2012-09-19 06:35:43',71,'ASIC','IT'),(3841,'Computer',177,'NetworkEquipment',6,'glpi','2012-09-19 06:35:46',0,'HCMSR01 > #Gi2/13',''),(3842,'NetworkEquipment',4,'Computer',6,'glpi','2012-09-19 06:35:46',0,'#Gi2/13 > HCM9253FD1',''),(3843,'Computer',85,'',0,'glpi','2012-09-19 06:36:07',49,'Hardware','IT'),(3844,'Computer',85,'',0,'glpi','2012-09-19 06:36:07',17,'Trung Nguyen',''),(3845,'Computer',85,'',0,'glpi','2012-09-19 06:36:07',71,'Hardware','IT'),(3846,'Computer',84,'',0,'glpi','2012-09-19 06:36:31',49,'Hardware','IT'),(3847,'Computer',84,'',0,'glpi','2012-09-19 06:36:31',17,'Loi Nguyen',''),(3848,'Computer',84,'',0,'glpi','2012-09-19 06:36:31',71,'Hardware','IT'),(3849,'Computer',178,'',0,'glpi','2012-09-19 06:36:57',49,'Validation','IT'),(3850,'Computer',178,'',0,'glpi','2012-09-19 06:36:57',17,'Son Pham',''),(3851,'Computer',178,'',0,'glpi','2012-09-19 06:36:57',71,'Validation','IT'),(3852,'Computer',178,'NetworkEquipment',6,'glpi','2012-09-19 06:37:00',0,'HCMSR01 > #Gi4/03',''),(3853,'NetworkEquipment',4,'Computer',6,'glpi','2012-09-19 06:37:00',0,'#Gi4/03 > HCM44235D102',''),(3854,'Computer',172,'',0,'glpi','2012-09-19 06:37:23',3,'2nd Floor','3rd Floor'),(3855,'Computer',172,'',0,'glpi','2012-09-19 06:37:23',49,'Software','IT'),(3856,'Computer',172,'',0,'glpi','2012-09-19 06:37:23',17,'Thong Nguyen',''),(3857,'Computer',172,'',0,'glpi','2012-09-19 06:37:23',71,'Software','IT'),(3858,'Computer',113,'',0,'glpi','2012-09-20 05:46:12',3,'3rd Floor','2nd Floor'),(3859,'Computer',113,'',0,'glpi','2012-09-20 05:46:12',49,'IT','Software'),(3860,'Computer',113,'',0,'glpi','2012-09-20 05:46:12',17,'','Phong Vo'),(3861,'Computer',113,'',0,'glpi','2012-09-20 05:46:12',71,'IT','Software'),(3862,'Computer',86,'',0,'glpi','2012-09-20 05:46:37',3,'3rd Floor','2nd Floor'),(3863,'Computer',86,'',0,'glpi','2012-09-20 05:46:37',49,'IT','Software'),(3864,'Computer',86,'',0,'glpi','2012-09-20 05:46:37',17,'','Phong Vo'),(3865,'Computer',86,'',0,'glpi','2012-09-20 05:46:37',71,'IT','Software'),(3866,'Computer',245,'Infocom',17,'glpi','2012-09-20 05:52:52',0,'','N/A (239)'),(3867,'Infocom',239,'0',20,'glpi','2012-09-20 05:52:52',0,'',''),(3868,'Computer',245,'0',20,'glpi','2012-09-20 05:52:52',0,'',''),(3869,'Computer',159,'',0,'glpi','2012-09-20 06:26:38',3,'3rd Floor','2nd Floor'),(3870,'Computer',159,'',0,'glpi','2012-09-20 06:26:38',49,'IT','Software'),(3871,'Computer',159,'',0,'glpi','2012-09-20 06:26:38',17,'','Vinh Nguyen'),(3872,'Computer',159,'',0,'glpi','2012-09-20 06:26:38',71,'IT','Software'),(3873,'Computer',246,'Infocom',17,'glpi','2012-09-20 12:54:14',0,'','N/A (240)'),(3874,'Infocom',240,'0',20,'glpi','2012-09-20 12:54:14',0,'',''),(3875,'Computer',246,'0',20,'glpi','2012-09-20 12:54:14',0,'',''),(3876,'Computer',245,'',0,'glpi','2012-09-20 12:55:03',3,'2nd Floor','3rd Floor'),(3877,'Computer',245,'',0,'glpi','2012-09-20 12:55:03',49,'Software','IT'),(3878,'Computer',245,'',0,'glpi','2012-09-20 12:55:03',17,'Phong Vo',''),(3879,'Computer',245,'',0,'glpi','2012-09-20 12:55:03',71,'Software','IT'),(3880,'Computer',113,'',0,'glpi','2012-09-20 12:55:32',3,'2nd Floor','3rd Floor'),(3881,'Computer',113,'',0,'glpi','2012-09-20 12:55:32',49,'Software','IT'),(3882,'Computer',113,'',0,'glpi','2012-09-20 12:55:32',17,'Phong Vo',''),(3883,'Computer',113,'',0,'glpi','2012-09-20 12:55:32',71,'Software','IT'),(3884,'Computer',154,'',0,'glpi','2012-09-20 12:58:22',3,'3rd Floor','2nd Floor'),(3885,'Computer',154,'',0,'glpi','2012-09-20 12:58:22',49,'IT','Software'),(3886,'Computer',154,'',0,'glpi','2012-09-20 12:58:22',17,'','Phong Vo'),(3887,'Computer',154,'',0,'glpi','2012-09-20 12:58:22',71,'IT','Software'),(3888,'Computer',245,'',0,'glpi','2012-09-21 10:01:31',3,'3rd Floor','2nd Floor'),(3889,'Computer',245,'',0,'glpi','2012-09-21 10:01:31',49,'IT','Software'),(3890,'Computer',245,'',0,'glpi','2012-09-21 10:01:31',17,'','Sang Pham'),(3891,'Computer',245,'',0,'glpi','2012-09-21 10:01:31',71,'IT','Software'),(3892,'Computer',245,'',0,'glpi','2012-09-21 10:02:50',1,'HCM','HCMR9PRP5D'),(3893,'User',15,'Profile_User',17,'Duong Trung','2012-09-21 16:11:13',0,'','Software Inventory, Root entity, D'),(3894,'User',15,'0',20,'Duong Trung','2012-09-21 16:11:13',0,'',''),(3895,'Computer',154,'',0,'Duong Trung','2012-09-24 05:33:10',16,'','1. From Dien Nguyen '),(3896,'Computer',154,'',0,'Duong Trung','2012-09-24 05:33:32',16,'1. From Dien Nguyen ','1. From Dien Nguyen rn2. For testing '),(3897,'Computer',173,'',0,'glpi','2012-09-24 11:42:56',49,'IT','Validation'),(3898,'Computer',173,'',0,'glpi','2012-09-24 11:42:56',17,'','John Vien'),(3899,'Computer',173,'',0,'glpi','2012-09-24 11:42:56',71,'IT','Validation'),(3900,'Computer',194,'',0,'glpi','2012-09-25 05:47:56',49,'Validation','IT'),(3901,'Computer',194,'',0,'glpi','2012-09-25 05:47:56',17,'Bao Nguyen',''),(3902,'Computer',194,'',0,'glpi','2012-09-25 05:47:56',71,'Validation','IT'),(3903,'Computer',194,'NetworkEquipment',6,'glpi','2012-09-25 05:48:02',0,'HCMSR01 > #Gi4/25',''),(3904,'NetworkEquipment',4,'Computer',6,'glpi','2012-09-25 05:48:02',0,'#Gi4/25 > HCMR9LM2PB',''),(3905,'Computer',113,'',0,'glpi','2012-09-25 05:48:40',49,'IT','Validation'),(3906,'Computer',113,'',0,'glpi','2012-09-25 05:48:40',17,'','Bao Nguyen'),(3907,'Computer',113,'',0,'glpi','2012-09-25 05:48:40',71,'IT','Validation'),(3908,'Computer',113,'NetworkEquipment',7,'glpi','2012-09-25 05:49:01',0,'','HCMSR01 > #Gi4/25'),(3909,'NetworkEquipment',4,'Computer',7,'glpi','2012-09-25 05:49:01',0,'','#Gi4/25 > HCM'),(3910,'Computer',194,'',0,'glpi','2012-09-25 05:49:29',1,'HCMR9LM2PB','HCM'),(3911,'Computer',113,'',0,'glpi','2012-09-25 05:49:43',1,'HCM','HCMR9LM2PB'),(3912,'Computer',201,'',0,'glpi','2012-09-25 09:38:20',49,'IT','Validation'),(3913,'Computer',201,'',0,'glpi','2012-09-25 09:38:20',17,'','Tu Tran'),(3914,'Computer',201,'',0,'glpi','2012-09-25 09:38:20',71,'IT','Validation'),(3915,'Computer',201,'',0,'glpi','2012-09-25 09:38:20',16,'','for testing'),(3916,'Computer',169,'',0,'glpi','2012-09-25 09:39:22',3,'2nd Floor','3rd Floor'),(3917,'Computer',169,'',0,'glpi','2012-09-25 09:39:22',49,'Software','IT'),(3918,'Computer',169,'',0,'glpi','2012-09-25 09:39:22',17,'Sang Pham',''),(3919,'Computer',169,'',0,'glpi','2012-09-25 09:39:22',71,'Software','IT'),(3920,'Computer',169,'',0,'glpi','2012-09-25 09:39:22',16,'for testing',''),(3921,'Computer',173,'',0,'glpi','2012-10-01 11:01:58',49,'Validation','IT'),(3922,'Computer',173,'',0,'glpi','2012-10-01 11:01:58',17,'John Vien',''),(3923,'Computer',173,'',0,'glpi','2012-10-01 11:01:58',71,'Validation','IT'),(3924,'Computer',151,'NetworkEquipment',7,'glpi','2012-10-03 06:01:35',0,'','HCMSR01 > #Gi4/27'),(3925,'NetworkEquipment',4,'Computer',7,'glpi','2012-10-03 06:01:35',0,'','#Gi4/27 > HCMJXR752S'),(3926,'Computer',181,'',0,'glpi','2012-10-03 06:59:50',3,'2nd Floor','3rd Floor'),(3927,'Computer',181,'',0,'glpi','2012-10-03 06:59:50',49,'Software','IT'),(3928,'Computer',181,'',0,'glpi','2012-10-03 06:59:50',17,'Thu Ba Nguyen',''),(3929,'Computer',181,'',0,'glpi','2012-10-03 06:59:50',71,'Software','IT'),(3930,'Computer',181,'',0,'glpi','2012-10-03 06:59:50',16,'for testing',''),(3931,'Computer',173,'',0,'glpi','2012-10-03 07:00:18',3,'3rd Floor','2nd Floor'),(3932,'Computer',173,'',0,'glpi','2012-10-03 07:00:18',49,'IT','Software'),(3933,'Computer',173,'',0,'glpi','2012-10-03 07:00:18',17,'','Thu Ba Nguyen'),(3934,'Computer',173,'',0,'glpi','2012-10-03 07:00:18',71,'IT','Software'),(3935,'Computer',173,'',0,'glpi','2012-10-03 07:00:26',16,'','for testing'),(3936,'Computer',247,'Infocom',17,'glpi','2012-10-04 05:54:22',0,'','N/A (241)'),(3937,'Infocom',241,'0',20,'glpi','2012-10-04 05:54:22',0,'',''),(3938,'Computer',247,'0',20,'glpi','2012-10-04 05:54:22',0,'',''),(3939,'Computer',248,'Infocom',17,'glpi','2012-10-15 05:12:22',0,'','N/A (242)'),(3940,'Infocom',242,'0',20,'glpi','2012-10-15 05:12:22',0,'',''),(3941,'Computer',248,'0',20,'glpi','2012-10-15 05:12:22',0,'',''),(3942,'Computer',41,'',0,'glpi','2012-10-15 05:13:25',1,'HCMR9LM2P1',''),(3943,'Computer',41,'',0,'glpi','2012-10-15 05:13:25',49,'Hardware','IT'),(3944,'Computer',41,'',0,'glpi','2012-10-15 05:13:25',17,'Toan Nguyen',''),(3945,'Computer',41,'',0,'glpi','2012-10-15 05:13:25',71,'Hardware','IT'),(3946,'Computer',248,'',0,'glpi','2012-10-15 05:13:48',1,'HCM','HCMR9LM2P1'),(3947,'Computer',248,'',0,'glpi','2012-10-15 05:13:48',49,'IT','Hardware'),(3948,'Computer',248,'',0,'glpi','2012-10-15 05:13:48',17,'','Toan Nguyen'),(3949,'Computer',248,'',0,'glpi','2012-10-15 05:13:48',71,'IT','Hardware'),(3950,'Computer',248,'NetworkEquipment',7,'glpi','2012-10-15 05:15:07',0,'','HCMSR01 > #Gi6/03'),(3951,'NetworkEquipment',4,'Computer',7,'glpi','2012-10-15 05:15:07',0,'','#Gi6/03 > HCMR9LM2P1'),(3952,'Computer',41,'',0,'glpi','2012-10-15 06:12:45',1,'','HCM'),(3953,'Computer',80,'',0,'glpi','2012-10-15 07:23:37',16,'','Had been stolen'),(3954,'Computer',128,'NetworkEquipment',7,'glpi','2012-10-15 10:04:35',0,'','HCMSR01 > #Gi3/42'),(3955,'NetworkEquipment',4,'Computer',7,'glpi','2012-10-15 10:04:35',0,'','#Gi3/42 > HCMJMFDWM1'),(3956,'Document',9,'Computer',15,'glpi','2012-10-16 06:38:28',0,'','HCMBLFDWM1 (80)'),(3957,'Computer',80,'Document',15,'glpi','2012-10-16 06:38:28',0,'','Document Computer - HCMBLFDWM1 (9)'),(3958,'Document',9,'0',20,'glpi','2012-10-16 06:38:28',0,'',''),(3959,'Document',9,'',0,'glpi','2012-10-16 06:44:01',1,'Document Computer - HCMBLFDWM1','n c mt'),(3960,'Computer',179,'',0,'glpi','2012-10-17 05:25:28',1,'HCM4K1RT1S02','HCM'),(3961,'Computer',179,'',0,'glpi','2012-10-17 05:25:28',49,'IT','Validation'),(3962,'Computer',179,'',0,'glpi','2012-10-17 05:25:28',17,'','Luc Ton'),(3963,'Computer',179,'',0,'glpi','2012-10-17 05:25:28',71,'IT','Validation'),(3964,'Computer',179,'',0,'glpi','2012-10-17 05:25:28',16,'','for testing'),(3965,'Computer',128,'NetworkEquipment',6,'glpi','2012-10-17 05:34:41',0,'HCMSR01 > #Gi3/42',''),(3966,'NetworkEquipment',4,'Computer',6,'glpi','2012-10-17 05:34:41',0,'#Gi3/42 > HCMJMFDWM1',''),(3967,'Computer',128,'NetworkEquipment',7,'glpi','2012-10-17 05:34:58',0,'','HCMSR01 > #Gi2/17'),(3968,'NetworkEquipment',4,'Computer',7,'glpi','2012-10-17 05:34:58',0,'','#Gi2/17 > HCMJMFDWM1'),(3969,'Computer',76,'',0,'glpi','2012-10-22 05:57:00',16,'','Was stolen'),(3970,'Computer',197,'',0,'glpi','2012-10-22 06:19:25',3,'3rd Floor','2nd Floor'),(3971,'Computer',197,'',0,'glpi','2012-10-22 06:19:25',49,'IT','ASIC'),(3972,'Computer',197,'',0,'glpi','2012-10-22 06:19:25',17,'','Son Pham'),(3973,'Computer',197,'',0,'glpi','2012-10-22 06:19:25',71,'IT','ASIC'),(3974,'Computer',197,'',0,'glpi','2012-10-22 06:19:25',16,'','for temporary'),(3975,'Computer',112,'NetworkEquipment',6,'glpi','2012-10-24 11:16:36',0,'HCMSR01 > #Gi2/30',''),(3976,'NetworkEquipment',4,'Computer',6,'glpi','2012-10-24 11:16:36',0,'#Gi2/30 > HCMR9LM2PN',''),(3977,'Computer',112,'NetworkEquipment',7,'glpi','2012-10-24 11:16:54',0,'','HCMSR01 > #Gi3/28'),(3978,'NetworkEquipment',4,'Computer',7,'glpi','2012-10-24 11:16:54',0,'','#Gi3/28 > HCMR9LM2PN'),(3979,'Computer',112,'NetworkEquipment',6,'glpi','2012-10-24 11:32:50',0,'HCMSR01 > #Gi3/28',''),(3980,'NetworkEquipment',4,'Computer',6,'glpi','2012-10-24 11:32:50',0,'#Gi3/28 > HCMR9LM2PN',''),(3981,'Computer',112,'NetworkEquipment',7,'glpi','2012-10-24 11:33:13',0,'','HCMSR01 > #Gi2/30'),(3982,'NetworkEquipment',4,'Computer',7,'glpi','2012-10-24 11:33:13',0,'','#Gi2/30 > HCMR9LM2PN'),(3983,'Computer',201,'',0,'glpi','2012-10-29 06:53:54',1,'HCM','HCMDYR752S'),(3984,'Computer',201,'',0,'glpi','2012-10-29 06:53:54',49,'Validation','Hardware'),(3985,'Computer',201,'',0,'glpi','2012-10-29 06:53:54',17,'Tu Tran','An Ngo'),(3986,'Computer',201,'',0,'glpi','2012-10-29 06:53:54',71,'Validation','Hardware'),(3987,'Computer',201,'',0,'glpi','2012-10-29 06:53:54',16,'for testing',''),(3988,'Computer',201,'',0,'glpi','2012-10-29 06:53:54',45,'MS Windows XP x32','MS Windows 7 x64'),(3989,'Computer',45,'',0,'glpi','2012-10-31 13:25:49',49,'Hardware','IT'),(3990,'Computer',45,'',0,'glpi','2012-10-31 13:25:49',17,'Hoai Hoang',''),(3991,'Computer',45,'',0,'glpi','2012-10-31 13:25:49',71,'Hardware','IT'),(3992,'Computer',113,'',0,'glpi','2012-11-01 10:02:12',1,'HCMR9LM2PB','HCM'),(3993,'Computer',113,'',0,'glpi','2012-11-01 10:02:12',49,'Validation','IT'),(3994,'Computer',113,'',0,'glpi','2012-11-01 10:02:12',17,'Bao Nguyen',''),(3995,'Computer',113,'',0,'glpi','2012-11-01 10:02:12',71,'Validation','IT'),(3996,'Computer',113,'NetworkEquipment',6,'glpi','2012-11-01 10:02:18',0,'HCMSR01 > #Gi4/25',''),(3997,'NetworkEquipment',4,'Computer',6,'glpi','2012-11-01 10:02:18',0,'#Gi4/25 > HCM',''),(3998,'Computer',194,'',0,'glpi','2012-11-01 10:02:46',1,'HCM','HCMR9LM2PB'),(3999,'Computer',194,'',0,'glpi','2012-11-01 10:02:46',49,'IT','Validation'),(4000,'Computer',194,'',0,'glpi','2012-11-01 10:02:46',17,'','Bao Nguyen'),(4001,'Computer',194,'',0,'glpi','2012-11-01 10:02:46',71,'IT','Validation'),(4002,'Computer',194,'NetworkEquipment',7,'glpi','2012-11-01 10:03:02',0,'','HCMSR01 > #Gi4/25'),(4003,'NetworkEquipment',4,'Computer',7,'glpi','2012-11-01 10:03:02',0,'','#Gi4/25 > HCMR9LM2PB'),(4004,'Computer',109,'NetworkEquipment',7,'glpi','2012-11-01 11:08:37',0,'','HCMSR01 > #Gi4/35'),(4005,'NetworkEquipment',4,'Computer',7,'glpi','2012-11-01 11:08:37',0,'','#Gi4/35 > HCMR9LM2P5'),(4006,'Computer',139,'NetworkEquipment',7,'glpi','2012-11-05 06:17:33',0,'','HCMSR01 > #Gi4/10'),(4007,'NetworkEquipment',4,'Computer',7,'glpi','2012-11-05 06:17:33',0,'','#Gi4/10 > HCMG4DDWM1'),(4008,'Computer',203,'',0,'glpi','2012-11-06 12:23:05',49,'Software','IT'),(4009,'Computer',203,'',0,'glpi','2012-11-06 12:23:05',17,'Phong Vo',''),(4010,'Computer',203,'',0,'glpi','2012-11-06 12:23:05',71,'Software','IT'),(4011,'Computer',116,'',0,'glpi','2012-11-12 08:25:03',49,'IT','Validation'),(4012,'Computer',116,'',0,'glpi','2012-11-12 08:25:03',17,'','Hung Huynh'),(4013,'Computer',116,'',0,'glpi','2012-11-12 08:25:03',71,'IT','Validation'),(4014,'Computer',249,'Infocom',17,'glpi','2012-11-13 05:53:24',0,'','N/A (243)'),(4015,'Infocom',243,'0',20,'glpi','2012-11-13 05:53:24',0,'',''),(4016,'Computer',249,'0',20,'glpi','2012-11-13 05:53:24',0,'',''),(4017,'Computer',250,'Infocom',17,'glpi','2012-11-13 06:24:42',0,'','N/A (244)'),(4018,'Infocom',244,'0',20,'glpi','2012-11-13 06:24:42',0,'',''),(4019,'Computer',250,'0',20,'glpi','2012-11-13 06:24:42',0,'',''),(4020,'Computer',251,'Infocom',17,'glpi','2012-11-13 10:33:08',0,'','N/A (245)'),(4021,'Infocom',245,'0',20,'glpi','2012-11-13 10:33:08',0,'',''),(4022,'Computer',251,'0',20,'glpi','2012-11-13 10:33:08',0,'',''),(4023,'Computer',145,'',0,'glpi','2012-11-13 10:34:59',3,'2nd Floor','3rd Floor'),(4024,'Computer',145,'',0,'glpi','2012-11-13 10:34:59',49,'ASIC','IT'),(4025,'Computer',145,'',0,'glpi','2012-11-13 10:34:59',17,'Linh Nguyen',''),(4026,'Computer',145,'',0,'glpi','2012-11-13 10:34:59',6,'','1656'),(4027,'Computer',145,'',0,'glpi','2012-11-13 10:34:59',71,'ASIC','IT'),(4028,'Computer',142,'',0,'glpi','2012-11-13 10:35:41',3,'2nd Floor','3rd Floor'),(4029,'Computer',142,'',0,'glpi','2012-11-13 10:35:41',49,'ASIC','IT'),(4030,'Computer',142,'',0,'glpi','2012-11-13 10:35:41',17,'Huu Nguyen',''),(4031,'Computer',142,'',0,'glpi','2012-11-13 10:35:41',71,'ASIC','IT'),(4032,'Computer',251,'',0,'glpi','2012-11-13 10:44:44',1,'HCM','HCMR9LM2NW'),(4033,'Computer',251,'',0,'glpi','2012-11-13 10:44:44',49,'IT','Admin'),(4034,'Computer',251,'',0,'glpi','2012-11-13 10:44:44',17,'','VT Nguyen'),(4035,'Computer',251,'',0,'glpi','2012-11-13 10:44:44',71,'IT','Admin'),(4036,'Computer',107,'',0,'glpi','2012-11-13 10:45:32',1,'HCMR9LM2NW','HCM'),(4037,'Computer',107,'',0,'glpi','2012-11-13 10:45:32',49,'&nbsp;','IT'),(4038,'Computer',107,'',0,'glpi','2012-11-13 10:45:32',17,'VT Nguyen',''),(4039,'Computer',107,'',0,'glpi','2012-11-13 10:45:32',71,'&nbsp;','IT'),(4040,'Computer',36,'',0,'glpi','2012-11-14 09:12:59',49,'Hardware','IT'),(4041,'Computer',36,'',0,'glpi','2012-11-14 09:12:59',17,'Bach Nguyen',''),(4042,'Computer',36,'',0,'glpi','2012-11-14 09:12:59',71,'Hardware','IT'),(4043,'Computer',151,'',0,'glpi','2012-11-16 10:27:33',17,'Hoang Tran','Y Vo'),(4044,'Computer',151,'',0,'glpi','2012-11-16 10:27:33',45,'Ubuntu Client','MS Windows 7 x64'),(4045,'Computer',79,'',0,'glpi','2012-11-16 10:30:32',49,'Validation','IT'),(4046,'Computer',79,'',0,'glpi','2012-11-16 10:30:32',17,'Tri Ho',''),(4047,'Computer',79,'',0,'glpi','2012-11-16 10:30:32',71,'Validation','IT'),(4048,'Computer',78,'',0,'glpi','2012-11-16 10:31:23',49,'Validation','IT'),(4049,'Computer',78,'',0,'glpi','2012-11-16 10:31:23',17,'Tri Ho',''),(4050,'Computer',78,'',0,'glpi','2012-11-16 10:31:23',71,'Validation','IT'),(4051,'Computer',77,'',0,'glpi','2012-11-16 11:06:44',49,'Validation','IT'),(4052,'Computer',77,'',0,'glpi','2012-11-16 11:06:44',17,'Tri Ho',''),(4053,'Computer',77,'',0,'glpi','2012-11-16 11:06:44',71,'Validation','IT'),(4054,'Computer',116,'',0,'glpi','2012-11-19 12:26:28',49,'Validation','IT'),(4055,'Computer',116,'',0,'glpi','2012-11-19 12:26:28',17,'Hung Huynh',''),(4056,'Computer',116,'',0,'glpi','2012-11-19 12:26:28',71,'Validation','IT'),(4057,'Computer',171,'NetworkEquipment',7,'glpi','2012-11-21 09:23:34',0,'','HCMSR01 > #Gi4/15'),(4058,'NetworkEquipment',4,'Computer',7,'glpi','2012-11-21 09:23:34',0,'','#Gi4/15 > HCM7QFDWM1'),(4059,'Computer',132,'',0,'glpi','2012-11-23 12:59:24',49,'Validation','IT'),(4060,'Computer',132,'',0,'glpi','2012-11-23 12:59:24',17,'Khiet Huynh',''),(4061,'Computer',132,'',0,'glpi','2012-11-23 12:59:24',71,'Validation','IT'),(4062,'Computer',41,'',0,'glpi','2012-11-26 05:48:35',1,'HCM','HCMR9LM2P1'),(4063,'Computer',41,'',0,'glpi','2012-11-26 05:48:35',49,'IT','Hardware'),(4064,'Computer',41,'',0,'glpi','2012-11-26 05:48:35',17,'','Toan Nguyen'),(4065,'Computer',41,'',0,'glpi','2012-11-26 05:48:35',71,'IT','Hardware'),(4066,'Computer',248,'',0,'glpi','2012-11-26 05:49:16',1,'HCMR9LM2P1','HCM'),(4067,'Computer',248,'',0,'glpi','2012-11-26 05:49:16',49,'Hardware','IT'),(4068,'Computer',248,'',0,'glpi','2012-11-26 05:49:16',17,'Toan Nguyen',''),(4069,'Computer',248,'',0,'glpi','2012-11-26 05:49:16',71,'Hardware','IT'),(4070,'Computer',248,'NetworkEquipment',6,'glpi','2012-11-26 05:49:53',0,'HCMSR01 > #Gi6/03',''),(4071,'NetworkEquipment',4,'Computer',6,'glpi','2012-11-26 05:49:53',0,'#Gi6/03 > HCM',''),(4072,'Computer',41,'NetworkEquipment',7,'glpi','2012-11-26 05:50:20',0,'','HCMSR01 > #Gi6/03'),(4073,'NetworkEquipment',4,'Computer',7,'glpi','2012-11-26 05:50:20',0,'','#Gi6/03 > HCMR9LM2P1'),(4074,'Computer',132,'',0,'glpi','2012-11-26 11:32:00',49,'IT','Validation'),(4075,'Computer',132,'',0,'glpi','2012-11-26 11:32:00',17,'','Nguyen Sy'),(4076,'Computer',132,'',0,'glpi','2012-11-26 11:32:00',71,'IT','Validation'),(4077,'Computer',77,'',0,'glpi','2012-11-26 11:32:41',49,'IT','Validation'),(4078,'Computer',77,'',0,'glpi','2012-11-26 11:32:41',17,'','Thang Nguyen'),(4079,'Computer',77,'',0,'glpi','2012-11-26 11:32:41',71,'IT','Validation'),(4080,'Computer',206,'',0,'glpi','2012-11-26 11:50:39',45,'MS Windows XP x32','MS Windows 7 x64'),(4081,'Computer',64,'',0,'glpi','2012-11-28 08:58:53',3,'2nd Floor','3rd Floor'),(4082,'Computer',64,'',0,'glpi','2012-11-28 08:58:53',49,'Transport','IT'),(4083,'Computer',64,'',0,'glpi','2012-11-28 08:58:53',17,'Thong Le',''),(4084,'Computer',64,'',0,'glpi','2012-11-28 08:58:53',71,'Transport','IT'),(4085,'Computer',64,'NetworkEquipment',6,'glpi','2012-11-28 08:59:03',0,'HCMSR01 > #Gi3/13',''),(4086,'NetworkEquipment',4,'Computer',6,'glpi','2012-11-28 08:59:03',0,'#Gi3/13 > HCM76FDWM1',''),(4087,'Computer',37,'',0,'Duong Trung','2012-11-30 10:36:15',16,'','Anh Tuan Nguyen turned it back on Nov 30, 2012'),(4088,'Computer',203,'',0,'glpi','2012-12-03 05:11:35',49,'IT','Hardware'),(4089,'Computer',203,'',0,'glpi','2012-12-03 05:11:35',17,'','Nguyen Tran'),(4090,'Computer',203,'',0,'glpi','2012-12-03 05:11:35',71,'IT','Hardware'),(4091,'Computer',203,'',0,'glpi','2012-12-03 05:11:35',45,'MS Windows XP x32','MS Windows 7 x64'),(4092,'Computer',25,'',0,'glpi','2012-12-03 05:12:04',17,'Nguyen Tran','Dat Nguyen'),(4093,'Computer',25,'',0,'glpi','2012-12-03 05:12:04',45,'MS Windows XP x32','MS Windows 7 x64'),(4094,'Computer',25,'NetworkEquipment',6,'glpi','2012-12-03 05:12:11',0,'HCMSR01 > #Gi6/47',''),(4095,'NetworkEquipment',4,'Computer',6,'glpi','2012-12-03 05:12:11',0,'#Gi6/47 > HCMDXR752S',''),(4096,'Computer',203,'NetworkEquipment',7,'glpi','2012-12-03 05:12:53',0,'','HCMSR01 > #Gi6/47'),(4097,'NetworkEquipment',4,'Computer',7,'glpi','2012-12-03 05:12:53',0,'','#Gi6/47 > HCM8YR752S'),(4098,'Computer',37,'NetworkEquipment',6,'glpi','2012-12-03 09:04:20',0,'HCMSR01 > #Gi6/09',''),(4099,'NetworkEquipment',4,'Computer',6,'glpi','2012-12-03 09:04:20',0,'#Gi6/09 > HCM7YR752S',''),(4100,'Computer',37,'',0,'glpi','2012-12-03 09:04:48',49,'Hardware','IT'),(4101,'Computer',37,'',0,'glpi','2012-12-03 09:04:48',17,'Anh Nguyen',''),(4102,'Computer',37,'',0,'glpi','2012-12-03 09:04:48',71,'Hardware','IT'),(4103,'Computer',173,'',0,'glpi','2012-12-05 08:42:05',3,'2nd Floor','3rd Floor'),(4104,'Computer',173,'',0,'glpi','2012-12-05 08:42:05',49,'Software','IT'),(4105,'Computer',173,'',0,'glpi','2012-12-05 08:42:05',17,'Thu Ba Nguyen',''),(4106,'Computer',173,'',0,'glpi','2012-12-05 08:42:05',71,'Software','IT'),(4107,'Computer',173,'',0,'glpi','2012-12-05 08:42:05',16,'for testing','Failed , return by Thu Ba Nguyen'),(4108,'Computer',173,'',0,'glpi','2012-12-05 08:42:44',31,'OK','Failure'),(4109,'Computer',196,'',0,'glpi','2012-12-05 08:43:20',49,'IT','Software'),(4110,'Computer',196,'',0,'glpi','2012-12-05 08:43:20',17,'','Thu Ba Nguyen'),(4111,'Computer',196,'',0,'glpi','2012-12-05 08:43:20',71,'IT','Software'),(4112,'Computer',196,'',0,'glpi','2012-12-05 08:43:20',16,'','for testing'),(4113,'Computer',117,'NetworkEquipment',6,'glpi','2012-12-07 10:20:42',0,'HCMSR01 > #Gi4/37',''),(4114,'NetworkEquipment',4,'Computer',6,'glpi','2012-12-07 10:20:42',0,'#Gi4/37 > HCM20DCWB1',''),(4115,'Computer',117,'',0,'glpi','2012-12-07 10:20:54',49,'Validation','IT'),(4116,'Computer',117,'',0,'glpi','2012-12-07 10:20:54',17,'Nguyen Sy',''),(4117,'Computer',117,'',0,'glpi','2012-12-07 10:20:54',71,'Validation','IT'),(4118,'Computer',132,'NetworkEquipment',7,'glpi','2012-12-07 10:21:26',0,'','HCMSR01 > #Gi4/37'),(4119,'NetworkEquipment',4,'Computer',7,'glpi','2012-12-07 10:21:26',0,'','#Gi4/37 > HCMR9LM2NY'),(4120,'Computer',240,'',0,'glpi','2012-12-07 10:22:55',1,'HCM4J1KT1S','HCM4J1RT1S'),(4121,'Computer',240,'',0,'glpi','2012-12-07 10:22:55',49,'Validation','IT'),(4122,'Computer',240,'',0,'glpi','2012-12-07 10:22:55',5,'4J1KT1S','4J1RT1S'),(4123,'Computer',240,'',0,'glpi','2012-12-07 10:22:55',17,'Thang Nguyen',''),(4124,'Computer',240,'',0,'glpi','2012-12-07 10:22:55',71,'Validation','IT'),(4125,'NetworkEquipment',12,'0',20,'glpi','2012-12-12 10:09:16',0,'',''),(4126,'NetworkEquipment',12,'',0,'glpi','2012-12-12 10:09:39',3,'3rd Floor','3rd Floor > IT Data Center'),(4127,'NetworkEquipment',12,'',0,'glpi','2012-12-12 10:18:02',5,'','0800201209100161'),(4128,'Computer',206,'',0,'glpi','2012-12-12 11:16:52',1,'HCMR9LM2PF','HCM'),(4129,'Computer',206,'',0,'glpi','2012-12-12 11:16:52',3,'2nd Floor','3rd Floor'),(4130,'Computer',206,'',0,'glpi','2012-12-12 11:16:52',49,'ASIC','IT'),(4131,'Computer',206,'',0,'glpi','2012-12-12 11:16:52',17,'Duy Nguyen',''),(4132,'Computer',206,'',0,'glpi','2012-12-12 11:16:52',71,'ASIC','IT'),(4133,'Computer',113,'',0,'glpi','2012-12-12 11:17:20',1,'HCM','HCMR9LM2PF'),(4134,'Computer',113,'',0,'glpi','2012-12-12 11:17:20',3,'3rd Floor','2nd Floor'),(4135,'Computer',113,'',0,'glpi','2012-12-12 11:17:20',49,'IT','ASIC'),(4136,'Computer',113,'',0,'glpi','2012-12-12 11:17:20',17,'','Duy Nguyen'),(4137,'Computer',113,'',0,'glpi','2012-12-12 11:17:20',71,'IT','ASIC'),(4138,'Computer',103,'',0,'glpi','2012-12-12 11:34:39',1,'HCM','HCMR9LM2PB'),(4139,'Computer',194,'',0,'glpi','2012-12-12 11:35:00',1,'HCMR9LM2PB','HCMR9PRP5G'),(4140,'Computer',196,'',0,'glpi','2012-12-14 12:17:18',49,'Software','IT'),(4141,'Computer',196,'',0,'glpi','2012-12-14 12:17:18',17,'Thu Ba Nguyen',''),(4142,'Computer',196,'',0,'glpi','2012-12-14 12:17:18',71,'Software','IT'),(4143,'Computer',173,'',0,'glpi','2012-12-14 12:17:44',3,'3rd Floor','2nd Floor'),(4144,'Computer',173,'',0,'glpi','2012-12-14 12:17:44',49,'IT','Software'),(4145,'Computer',173,'',0,'glpi','2012-12-14 12:17:44',17,'','Thu Ba Nguyen'),(4146,'Computer',173,'',0,'glpi','2012-12-14 12:17:44',71,'IT','Software'),(4147,'Computer',64,'',0,'Duong Trung','2012-12-17 11:01:12',31,'OK','Free'),(4148,'Computer',64,'',0,'Duong Trung','2012-12-17 11:01:12',16,'','- Thong Le\'s oldrn'),(4149,'Computer',248,'',0,'Duong Trung','2012-12-17 11:04:00',31,'OK','Free'),(4150,'Computer',88,'',0,'Duong Trung','2012-12-17 11:04:26',31,'OK','Free'),(4151,'Computer',107,'',0,'Duong Trung','2012-12-17 11:04:26',31,'OK','Free'),(4152,'Computer',206,'',0,'Duong Trung','2012-12-17 11:04:26',31,'OK','Free'),(4153,'Computer',88,'',0,'glpi','2012-12-17 12:25:06',16,'mn hnh m ?','Trung IT keeping'),(4154,'Computer',45,'',0,'glpi','2012-12-17 12:30:07',49,'IT','Hardware'),(4155,'Computer',45,'',0,'glpi','2012-12-17 12:30:07',17,'','Bach Nguyen'),(4156,'Computer',45,'',0,'glpi','2012-12-17 12:30:07',71,'IT','Hardware'),(4157,'Computer',248,'',0,'glpi','2012-12-18 05:05:52',31,'Free','OK'),(4158,'Computer',248,'',0,'glpi','2012-12-18 05:05:52',49,'IT','Hardware'),(4159,'Computer',248,'',0,'glpi','2012-12-18 05:05:52',17,'','Phat Nguyen'),(4160,'Computer',248,'',0,'glpi','2012-12-18 05:05:52',71,'IT','Hardware'),(4161,'Computer',248,'',0,'glpi','2012-12-18 05:05:52',16,'','received 18 Dec 2012'),(4162,'Computer',248,'',0,'glpi','2012-12-18 05:06:01',1,'HCM','HCMR9PRP5H'),(4163,'Computer',113,'',0,'glpi','2012-12-18 05:28:25',3,'2nd Floor','3rd Floor'),(4164,'Computer',113,'',0,'glpi','2012-12-18 05:28:25',49,'ASIC','IT'),(4165,'Computer',113,'',0,'glpi','2012-12-18 05:28:25',17,'Duy Nguyen',''),(4166,'Computer',113,'',0,'glpi','2012-12-18 05:28:25',71,'ASIC','IT'),(4167,'Computer',206,'',0,'glpi','2012-12-18 05:29:21',3,'3rd Floor','2nd Floor'),(4168,'Computer',206,'',0,'glpi','2012-12-18 05:29:21',49,'IT','ASIC'),(4169,'Computer',206,'',0,'glpi','2012-12-18 05:29:21',17,'','Duy Nguyen'),(4170,'Computer',206,'',0,'glpi','2012-12-18 05:29:21',71,'IT','ASIC'),(4171,'Computer',37,'',0,'glpi','2012-12-19 09:18:48',49,'IT','Hardware'),(4172,'Computer',37,'',0,'glpi','2012-12-19 09:18:48',17,'','Thang Phan'),(4173,'Computer',37,'',0,'glpi','2012-12-19 09:18:48',71,'IT','Hardware'),(4174,'Computer',37,'',0,'glpi','2012-12-19 09:18:48',16,'Anh Tuan Nguyen turned it back on Nov 30, 2012','Anh Tuan Nguyen turned it back on Nov 30, 2012rnThang Phan loan'),(4175,'Computer',252,'Infocom',17,'glpi','2012-12-24 10:27:41',0,'','N/A (246)'),(4176,'Infocom',246,'0',20,'glpi','2012-12-24 10:27:41',0,'',''),(4177,'Computer',252,'0',20,'glpi','2012-12-24 10:27:41',0,'',''),(4178,'Computer',252,'',0,'glpi','2012-12-26 04:39:52',49,'IT','Software'),(4179,'Computer',252,'',0,'glpi','2012-12-26 04:39:52',17,'','Dien Nguyen'),(4180,'Computer',252,'',0,'glpi','2012-12-26 04:39:52',71,'IT','Software'),(4181,'Computer',252,'',0,'glpi','2012-12-26 04:39:52',16,'','receive 26 Dec 2012'),(4182,'Computer',252,'',0,'glpi','2012-12-26 04:39:58',3,'3rd Floor','2nd Floor'),(4183,'Computer',64,'',0,'glpi','2012-12-26 09:24:27',31,'Free','OK'),(4184,'Computer',64,'',0,'glpi','2012-12-26 09:24:27',3,'3rd Floor','2nd Floor'),(4185,'Computer',64,'',0,'glpi','2012-12-26 09:24:27',49,'IT','Software'),(4186,'Computer',64,'',0,'glpi','2012-12-26 09:24:27',17,'','Long Hoang'),(4187,'Computer',64,'',0,'glpi','2012-12-26 09:24:27',71,'IT','Software'),(4188,'Computer',64,'',0,'glpi','2012-12-26 09:24:27',16,'- Thong Le\'s old\r\n','- Thong Le\'s oldrnLong receive 26 Dec 2012'),(4189,'Computer',242,'',0,'glpi','2012-12-27 05:45:44',49,'IT','Hardware'),(4190,'Computer',242,'',0,'glpi','2012-12-27 05:45:44',17,'','Toa Nguyen'),(4191,'Computer',242,'',0,'glpi','2012-12-27 05:45:44',71,'IT','Hardware'),(4192,'Computer',242,'',0,'glpi','2012-12-27 05:45:44',16,'','Muon xai tam vi may Dell 6420 dang bh'),(4193,'Computer',37,'',0,'glpi','2012-12-27 06:05:25',49,'Hardware','IT'),(4194,'Computer',37,'',0,'glpi','2012-12-27 06:05:25',17,'Thang Phan',''),(4195,'Computer',37,'',0,'glpi','2012-12-27 06:05:25',71,'Hardware','IT'),(4196,'Computer',37,'',0,'glpi','2012-12-27 06:05:25',16,'Anh Tuan Nguyen turned it back on Nov 30, 2012\r\nThang Phan loan','Anh Tuan Nguyen turned it back on Nov 30, 2012rn'),(4197,'Computer',183,'',0,'glpi','2012-12-27 09:37:52',3,'3rd Floor','2nd Floor'),(4198,'Computer',183,'',0,'glpi','2012-12-27 09:37:52',49,'IT','BE'),(4199,'Computer',183,'',0,'glpi','2012-12-27 09:37:52',17,'','Tuan Nguyen'),(4200,'Computer',183,'',0,'glpi','2012-12-27 09:37:52',71,'IT','BE'),(4201,'Computer',183,'',0,'glpi','2012-12-27 09:37:52',16,'for testing','Tuan muon xai tam vi may 6420 dang bh'),(4202,'Computer',57,'',0,'Duong Trung','2012-12-28 10:03:33',16,'Thu Pham loan, meeting with DELL','2. Assign to Hien Phan (loaner)rn1.Thu Pham loan, meeting with DELLrn'),(4203,'Computer',57,'',0,'Duong Trung','2012-12-28 10:03:43',17,'','Hien Phan'),(4204,'Computer',67,'',0,'Duong Trung','2012-12-28 12:13:38',31,'OK','Free'),(4205,'Computer',67,'',0,'Duong Trung','2012-12-28 12:13:38',16,'','Returned on Dec 28, 2008'),(4206,'Computer',23,'',0,'Duong Trung','2012-12-28 12:16:05',31,'OK','Free'),(4207,'Computer',23,'',0,'Duong Trung','2012-12-28 12:16:05',16,'','Returned on Dec 28, 2012'),(4208,'Computer',88,'',0,'Duong Trung','2013-01-02 05:19:34',17,'','Toan Thanh Le'),(4209,'Computer',88,'',0,'Duong Trung','2013-01-02 05:19:34',71,'IT','Hardware'),(4210,'Computer',88,'',0,'Duong Trung','2013-01-02 05:19:34',16,'Trung IT keeping','Toan Thanh Le: Jan 2, 2013rnTrung IT keeping'),(4211,'Computer',88,'',0,'Duong Trung','2013-01-02 05:23:18',31,'Free','OK'),(4212,'Computer',47,'',0,'Duong Trung','2013-01-02 06:41:26',31,'OK','Failure'),(4213,'Computer',47,'',0,'Duong Trung','2013-01-02 06:41:26',16,'','Sent to Tecapro for taking warranty on Jan 2, 2013 (Phuc)'),(4214,'Computer',183,'',0,'Duong Trung','2013-01-02 09:32:09',16,'Tuan muon xai tam vi may 6420 dang bh','Tuan muon xai tam vi may 6420 dang bh (returned on Jan 2, 2013)'),(4215,'Computer',68,'',0,'Duong Trung','2013-01-02 09:40:36',17,'Tuan Nguyen','Tuan Phan Viet Nguyen'),(4216,'Computer',183,'',0,'Duong Trung','2013-01-02 09:40:56',49,'BE','IT'),(4217,'Computer',183,'',0,'Duong Trung','2013-01-02 09:40:56',17,'Tuan Nguyen','Trung Duong'),(4218,'Computer',242,'',0,'Duong Trung','2013-01-02 10:58:20',49,'Hardware','IT'),(4219,'Computer',242,'',0,'Duong Trung','2013-01-02 10:58:20',17,'Toa Nguyen','Trung Duong'),(4220,'Computer',242,'',0,'Duong Trung','2013-01-02 10:58:20',16,'Muon xai tam vi may Dell 6420 dang bh','Muon xai tam vi may Dell 6420 dang bh (returned on Jan 2, 2013)'),(4221,'Computer',242,'',0,'Duong Trung','2013-01-03 09:49:56',16,'Muon xai tam vi may Dell 6420 dang bh (returned on Jan 2, 2013)','rn1. Muon xai tam vi may Dell 6420 dang bh (returned on Jan 2, 2013)'),(4222,'Computer',242,'',0,'Duong Trung','2013-01-03 11:15:47',1,'HCM','HCMC5K4Y1S'),(4223,'Computer',242,'',0,'Duong Trung','2013-01-03 11:15:47',49,'IT','Admin'),(4224,'Computer',242,'',0,'Duong Trung','2013-01-03 11:15:47',17,'Trung Duong','Lien Duong'),(4225,'Computer',242,'',0,'Duong Trung','2013-01-03 11:15:47',16,'\r\n1. Muon xai tam vi may Dell 6420 dang bh (returned on Jan 2, 2013)','Lien Duong - using (HDD from 44235D1 - D620)rn1. Muon xai tam vi may Dell 6420 dang bh (returned on Jan 2, 2013)'),(4226,'Computer',202,'',0,'Duong Trung','2013-01-03 11:16:51',31,'OK','Free'),(4227,'Computer',202,'',0,'Duong Trung','2013-01-03 11:16:51',49,'Admin','IT'),(4228,'Computer',202,'',0,'Duong Trung','2013-01-03 11:16:51',17,'Lien Duong','Trung Duong'),(4229,'Computer',202,'',0,'Duong Trung','2013-01-03 11:16:51',16,'','IT is keeping (After changed D630 for Lien Duong)rnrn- Lien Duong used before'),(4230,'Computer',67,'',0,'Duong Trung','2013-01-14 04:36:25',49,'Transport','Software'),(4231,'Computer',67,'',0,'Duong Trung','2013-01-14 04:36:25',17,'Vu Ngo','Truong Le Bao'),(4232,'Computer',67,'',0,'Duong Trung','2013-01-14 04:36:25',16,'Returned on Dec 28, 2008','Transferred to new hire on Jan 14, 2013 - Truong Le Bao (SW) - Reporting to Hien Phamrn(Vu Ngo)Returned on Dec 28, 2008'),(4233,'Computer',67,'',0,'Duong Trung','2013-01-14 04:36:36',31,'Free','OK'),(4234,'Computer',97,'',0,'Duong Trung','2013-01-14 04:42:33',17,'Dien Luong','Tuan Duy Anh Nguyen'),(4235,'Computer',97,'',0,'Duong Trung','2013-01-14 04:42:33',16,'','Dien Luong returned on 12 Jan 2013 and transferred to Tuan Duya Anh Nguye (ASIC) - Contractor'),(4236,'Computer',23,'',0,'Duong Trung','2013-01-14 04:55:08',49,'IT','Software'),(4237,'Computer',23,'',0,'Duong Trung','2013-01-14 04:55:08',17,'Chuong Pham','Le Doan Cuong'),(4238,'Computer',23,'',0,'Duong Trung','2013-01-14 04:55:08',16,'Returned on Dec 28, 2012','Transferred to Le Doan Cuong (SW) Reporting to Sang Pham on Jan 14, 2013rnReturned on Dec 28, 2012'),(4239,'Computer',89,'',0,'Duong Trung','2013-01-14 05:49:46',49,'IT','Validation'),(4240,'Computer',89,'',0,'Duong Trung','2013-01-14 05:49:46',17,'','Hoa Dinh Nguyen'),(4241,'Computer',89,'',0,'Duong Trung','2013-01-14 05:49:46',71,'IT','Validation'),(4242,'Computer',89,'',0,'Duong Trung','2013-01-14 05:49:46',16,'Thu Pham loan, meeting with DELL','- Hoa Dinh Nguyen loan on Jan 14, 2013 #36961rn- Thu Pham loan, meeting with DELL (returned)'),(4243,'Computer',135,'',0,'Duong Trung','2013-01-14 05:50:08',17,'Hoa Nguyen','Hoa Dinh Nguyen'),(4244,'Computer',89,'',0,'Duong Trung','2013-01-14 05:58:09',49,'Validation','IT'),(4245,'Computer',89,'',0,'Duong Trung','2013-01-14 05:58:09',17,'Hoa Dinh Nguyen','Trung Duong'),(4246,'Computer',89,'',0,'Duong Trung','2013-01-14 05:58:09',71,'Validation','IT'),(4247,'Computer',89,'',0,'Duong Trung','2013-01-14 05:58:09',16,'- Hoa Dinh Nguyen loan on Jan 14, 2013 #36961\r\n- Thu Pham loan, meeting with DELL (returned)','- Thu Pham loan, meeting with DELL (returned)'),(4248,'Computer',89,'',0,'Duong Trung','2013-01-14 05:58:15',31,'OK','Free'),(4249,'Computer',195,'',0,'Duong Trung','2013-01-14 05:59:34',49,'IT','Validation'),(4250,'Computer',195,'',0,'Duong Trung','2013-01-14 05:59:34',17,'','Hoa Dinh Nguyen'),(4251,'Computer',195,'',0,'Duong Trung','2013-01-14 05:59:34',71,'IT','Validation'),(4252,'Computer',195,'',0,'Duong Trung','2013-01-14 05:59:34',16,'Thu Pham loan, meeting with DELL','- Hoa Dinh Nguyen loan ( Jan 14, 2013) #36961rn- Thu Pham loan, meeting with DELL (returned)'),(4253,'Computer',89,'',0,'Duong Trung','2013-01-16 09:22:04',49,'IT','Software'),(4254,'Computer',89,'',0,'Duong Trung','2013-01-16 09:22:04',17,'Trung Duong','Thu Ba Nguyen'),(4255,'Computer',89,'',0,'Duong Trung','2013-01-16 09:22:04',71,'IT','Software'),(4256,'Computer',89,'',0,'Duong Trung','2013-01-16 09:22:04',16,'- Thu Pham loan, meeting with DELL (returned)','- Thu Nguyen loan on Jan 16, 2013'),(4257,'Computer',89,'',0,'Duong Trung','2013-01-16 09:22:08',31,'Free','OK'),(4258,'Computer',118,'',0,'Duong Trung','2013-01-18 10:36:19',16,'','Terminated on Jan 18, 2013. Returned on Jan 18, 2013 (Pham Van Vinh - Validation)rn'),(4259,'Computer',118,'',0,'Duong Trung','2013-01-18 11:01:57',31,'OK','Free'),(4260,'Computer',118,'',0,'Duong Trung','2013-01-18 11:01:57',49,'Validation','IT'),(4261,'Computer',118,'',0,'Duong Trung','2013-01-18 11:01:57',17,'Vinh Pham',''),(4262,'Computer',118,'',0,'Duong Trung','2013-01-18 11:01:57',71,'Validation','IT'),(4263,'Computer',62,'',0,'Duong Trung','2013-01-18 11:07:39',17,'Vinh Nguyen','Vinh Phuc Nguyen'),(4264,'Computer',159,'',0,'Duong Trung','2013-01-18 11:08:15',17,'Vinh Nguyen','Vinh Tuong Huu Nguyen'),(4265,'Computer',96,'',0,'Duong Trung','2013-01-23 10:42:31',16,'','Warranty #1 on Jan 23, 2013 - Fan error'),(4266,'Computer',122,'',0,'Duong Trung','2013-01-23 10:46:17',31,'OK','Failure'),(4267,'Computer',122,'',0,'Duong Trung','2013-01-23 10:46:17',16,'','Sent on Jan 23, 2013 for taking warranty'),(4268,'Computer',113,'',0,'Duong Trung','2013-01-25 05:49:01',17,'','Thong Le - Contractor'),(4269,'Computer',113,'',0,'Duong Trung','2013-01-25 05:49:01',16,'','Sent it to Thong Le - Contractor on Jan 25, 2013 (service tag is R9LM2PF'),(4270,'Computer',112,'',0,'Duong Trung','2013-02-01 09:38:52',16,'','Port: Gi3/29 '),(4271,'Computer',112,'NetworkEquipment',6,'Duong Trung','2013-02-01 09:39:03',0,'HCMSR01 > #Gi2/30',''),(4272,'NetworkEquipment',4,'Computer',6,'Duong Trung','2013-02-01 09:39:03',0,'#Gi2/30 > HCMR9LM2PN',''),(4273,'Computer',112,'NetworkPort',19,'Duong Trung','2013-02-01 09:42:21',0,'Lan1 (793)',''),(4274,'Computer',112,'NetworkPort',17,'Duong Trung','2013-02-01 09:46:09',0,'','Network port : ID 928 (928)'),(4275,'NetworkPort',928,'0',20,'Duong Trung','2013-02-01 09:46:09',0,'',''),(4276,'Computer',112,'NetworkEquipment',7,'Duong Trung','2013-02-01 09:47:16',0,'','HCMSR01 > #Gi3/29'),(4277,'NetworkEquipment',4,'Computer',7,'Duong Trung','2013-02-01 09:47:16',0,'','#Gi3/29 > HCMR9LM2PN'),(4278,'NetworkPort',928,'',0,'Duong Trung','2013-02-01 09:48:16',4,'','f0:de:f1:c7:c3:a9'),(4279,'NetworkPort',928,'',0,'Duong Trung','2013-02-01 09:48:16',6,'','225.255.252.0'),(4280,'NetworkPort',928,'',0,'Duong Trung','2013-02-01 09:48:16',8,'','10.38.4.1'),(4281,'Computer',89,'',0,'Duong Trung','2013-02-06 10:07:17',17,'Thu Ba Nguyen','Thu Pham'),(4282,'Computer',89,'',0,'Duong Trung','2013-02-06 10:07:17',16,'- Thu Nguyen loan on Jan 16, 2013','- Thu Nguyen loan on Jan 16, 2013 (retired)rn- Changed for Thu Pham (old one is B5K4Y1S) - on Feb 6, 2013'),(4283,'Computer',187,'',0,'Duong Trung','2013-02-06 10:08:35',31,'OK','Free'),(4284,'Computer',187,'',0,'Duong Trung','2013-02-06 10:08:35',49,'Software','IT'),(4285,'Computer',187,'',0,'Duong Trung','2013-02-06 10:08:35',17,'Thu Pham',''),(4286,'Computer',187,'',0,'Duong Trung','2013-02-06 10:08:35',16,'','- Get back from Thu Pham (transferred another 6NHJV1S) - On Feb 6, 2013'),(4287,'Computer',253,'Infocom',17,'Duong Trung','2013-02-20 05:53:41',0,'','N/A (247)'),(4288,'Infocom',247,'0',20,'Duong Trung','2013-02-20 05:53:41',0,'',''),(4289,'Computer',253,'0',20,'Duong Trung','2013-02-20 05:53:41',0,'',''),(4290,'Computer',253,'',0,'Duong Trung','2013-02-20 11:15:56',49,'IT','ASIC'),(4291,'Computer',253,'',0,'Duong Trung','2013-02-20 11:15:56',18,'','Nam van Nguyen'),(4292,'Computer',253,'',0,'Duong Trung','2013-02-20 11:15:56',17,'','Nam van Nguyen'),(4293,'Computer',253,'',0,'Duong Trung','2013-02-20 11:15:56',71,'IT','ASIC'),(4294,'Computer',254,'Infocom',17,'Duong Trung','2013-02-22 09:23:53',0,'','N/A (248)'),(4295,'Infocom',248,'0',20,'Duong Trung','2013-02-22 09:23:53',0,'',''),(4296,'Computer',254,'0',20,'Duong Trung','2013-02-22 09:23:53',0,'',''),(4297,'Computer',86,'',0,'Duong Trung','2013-02-22 09:24:55',1,'HCM','HCMR9LM2P6'),(4298,'Computer',246,'',0,'Duong Trung','2013-02-22 09:25:27',1,'HCM','HCMR9PRP5K'),(4299,'Computer',206,'',0,'Duong Trung','2013-02-22 09:25:41',1,'HCM','HCMR9PRP63'),(4300,'Computer',88,'',0,'Duong Trung','2013-02-22 09:25:53',1,'HCM','HCMR9LM2P0'),(4301,'Computer',255,'Infocom',17,'Duong Trung','2013-02-22 09:30:59',0,'','N/A (249)'),(4302,'Infocom',249,'0',20,'Duong Trung','2013-02-22 09:30:59',0,'',''),(4303,'Computer',255,'0',20,'Duong Trung','2013-02-22 09:30:59',0,'',''),(4304,'Computer',23,'',0,'Duong Trung','2013-02-22 09:32:42',71,'IT','Software'),(4305,'Computer',122,'',0,'Duong Trung','2013-02-22 09:33:30',31,'Failure','Free'),(4306,'Computer',122,'',0,'Duong Trung','2013-02-22 09:33:30',49,'Validation','IT'),(4307,'Computer',122,'',0,'Duong Trung','2013-02-22 09:33:30',17,'Tien Nguyen',''),(4308,'Computer',122,'',0,'Duong Trung','2013-02-22 09:33:30',71,'Validation','&nbsp;'),(4309,'Computer',122,'',0,'Duong Trung','2013-02-22 09:33:30',16,'Sent on Jan 23, 2013 for taking warranty','Sent on Jan 23, 2013 for taking warranty- It is OK'),(4310,'Computer',118,'',0,'Duong Trung','2013-02-22 09:34:03',49,'IT','Validation'),(4311,'Computer',118,'',0,'Duong Trung','2013-02-22 09:34:03',17,'','Tien Van Nguyen'),(4312,'Computer',118,'',0,'Duong Trung','2013-02-22 09:34:03',71,'IT','Validation'),(4313,'Computer',118,'',0,'Duong Trung','2013-02-22 09:34:03',16,'Terminated on Jan 18, 2013. Returned on Jan 18, 2013 (Pham Van Vinh - Validation)\r\n','Terminated on Jan 18, 2013. Returned on Jan 18, 2013 (Pham Van Vinh - Validation)- Transferred to Tien Van Nguyenrn'),(4314,'Computer',118,'',0,'Duong Trung','2013-02-22 09:34:07',31,'Free','OK'),(4315,'Computer',76,'',0,'Duong Trung','2013-02-22 09:35:01',31,'OK','Retired'),(4316,'Computer',80,'',0,'Duong Trung','2013-02-22 09:35:25',31,'OK','Retired'),(4317,'Computer',82,'',0,'Duong Trung','2013-02-22 09:40:10',17,'Tao tran','Tao Ba Tran'),(4318,'Computer',1,'',0,'Duong Trung','2013-02-22 09:52:48',1,'HCM','HCMR9PRP5F'),(4319,'Computer',1,'',0,'Duong Trung','2013-02-22 09:52:48',31,'OK','Free'),(4320,'Computer',1,'',0,'Duong Trung','2013-02-22 09:52:48',23,'Dell','Lenovo'),(4321,'Computer',1,'',0,'Duong Trung','2013-02-22 09:52:48',40,'D630','T420s'),(4322,'Computer',1,'',0,'Duong Trung','2013-02-22 09:52:48',5,'','R9PRP5F'),(4323,'Computer',1,'',0,'Duong Trung','2013-02-22 09:52:48',45,'MS Windows XP x32','&nbsp;'),(4324,'Computer',1,'',0,'Duong Trung','2013-02-22 10:00:03',1,'HCMR9PRP5F','HCMR9PRP5E'),(4325,'Computer',1,'',0,'Duong Trung','2013-02-22 10:00:03',5,'R9PRP5F','R9PRP5E'),(4326,'Computer',256,'Infocom',17,'Duong Trung','2013-02-22 10:01:34',0,'','N/A (250)'),(4327,'Infocom',250,'0',20,'Duong Trung','2013-02-22 10:01:34',0,'',''),(4328,'Computer',256,'0',20,'Duong Trung','2013-02-22 10:01:34',0,'',''),(4329,'Computer',1,'',0,'Duong Trung','2013-02-22 10:01:56',1,'HCMR9PRP5E','HCM'),(4330,'Computer',1,'',0,'Duong Trung','2013-02-22 10:01:56',3,'3rd Floor','&nbsp;'),(4331,'Computer',1,'',0,'Duong Trung','2013-02-22 10:01:56',5,'R9PRP5E',''),(4332,'Computer',257,'Infocom',17,'Duong Trung','2013-02-22 10:02:24',0,'','N/A (251)'),(4333,'Infocom',251,'0',20,'Duong Trung','2013-02-22 10:02:24',0,'',''),(4334,'Computer',257,'0',20,'Duong Trung','2013-02-22 10:02:24',0,'',''),(4335,'Computer',258,'Infocom',17,'Duong Trung','2013-02-22 10:02:45',0,'','N/A (252)'),(4336,'Infocom',252,'0',20,'Duong Trung','2013-02-22 10:02:45',0,'',''),(4337,'Computer',258,'0',20,'Duong Trung','2013-02-22 10:02:45',0,'',''),(4338,'Computer',259,'Infocom',17,'Duong Trung','2013-02-22 10:02:56',0,'','N/A (253)'),(4339,'Infocom',253,'0',20,'Duong Trung','2013-02-22 10:02:56',0,'',''),(4340,'Computer',259,'0',20,'Duong Trung','2013-02-22 10:02:56',0,'',''),(4341,'Computer',260,'Infocom',17,'Duong Trung','2013-02-22 10:03:04',0,'','N/A (254)'),(4342,'Infocom',254,'0',20,'Duong Trung','2013-02-22 10:03:04',0,'',''),(4343,'Computer',260,'0',20,'Duong Trung','2013-02-22 10:03:04',0,'',''),(4344,'Computer',261,'Infocom',17,'Duong Trung','2013-02-22 10:03:11',0,'','N/A (255)'),(4345,'Infocom',255,'0',20,'Duong Trung','2013-02-22 10:03:11',0,'',''),(4346,'Computer',261,'0',20,'Duong Trung','2013-02-22 10:03:11',0,'',''),(4347,'Computer',262,'Infocom',17,'Duong Trung','2013-02-22 10:03:19',0,'','N/A (256)'),(4348,'Infocom',256,'0',20,'Duong Trung','2013-02-22 10:03:19',0,'',''),(4349,'Computer',262,'0',20,'Duong Trung','2013-02-22 10:03:19',0,'',''),(4350,'Computer',263,'Infocom',17,'Duong Trung','2013-02-22 10:03:26',0,'','N/A (257)'),(4351,'Infocom',257,'0',20,'Duong Trung','2013-02-22 10:03:26',0,'',''),(4352,'Computer',263,'0',20,'Duong Trung','2013-02-22 10:03:26',0,'',''),(4353,'Computer',264,'Infocom',17,'Duong Trung','2013-02-22 10:03:33',0,'','N/A (258)'),(4354,'Infocom',258,'0',20,'Duong Trung','2013-02-22 10:03:33',0,'',''),(4355,'Computer',264,'0',20,'Duong Trung','2013-02-22 10:03:33',0,'',''),(4356,'Computer',265,'Infocom',17,'Duong Trung','2013-02-22 10:03:40',0,'','N/A (259)'),(4357,'Infocom',259,'0',20,'Duong Trung','2013-02-22 10:03:40',0,'',''),(4358,'Computer',265,'0',20,'Duong Trung','2013-02-22 10:03:40',0,'',''),(4359,'Computer',266,'Infocom',17,'Duong Trung','2013-02-22 10:03:47',0,'','N/A (260)'),(4360,'Infocom',260,'0',20,'Duong Trung','2013-02-22 10:03:47',0,'',''),(4361,'Computer',266,'0',20,'Duong Trung','2013-02-22 10:03:47',0,'',''),(4362,'Computer',267,'Infocom',17,'Duong Trung','2013-02-22 10:03:53',0,'','N/A (261)'),(4363,'Infocom',261,'0',20,'Duong Trung','2013-02-22 10:03:53',0,'',''),(4364,'Computer',267,'0',20,'Duong Trung','2013-02-22 10:03:53',0,'',''),(4365,'Computer',107,'',0,'Duong Trung','2013-02-22 10:08:37',49,'IT','Hardware'),(4366,'Computer',107,'',0,'Duong Trung','2013-02-22 10:08:37',17,'','Triet Tran'),(4367,'Computer',107,'',0,'Duong Trung','2013-02-22 10:08:37',71,'IT','Hardware'),(4368,'Computer',107,'',0,'Duong Trung','2013-02-22 10:08:37',16,'','Triet Tran (HW) - Replaced for E6400 HDD failure'),(4369,'Computer',107,'',0,'Duong Trung','2013-02-22 10:08:49',1,'HCM','HCMPRP5G'),(4370,'Computer',107,'',0,'Duong Trung','2013-02-22 10:09:02',1,'HCMPRP5G','HCMR9PRP5G'),(4371,'Computer',261,'0',13,'Duong Trung','2013-02-22 10:11:25',0,'',''),(4372,'Computer',267,'0',13,'Duong Trung','2013-02-22 10:11:57',0,'',''),(4373,'Computer',266,'0',13,'Duong Trung','2013-02-22 10:15:43',0,'',''),(4374,'Computer',268,'Infocom',17,'Duong Trung','2013-02-22 10:28:45',0,'','N/A (262)'),(4375,'Infocom',262,'0',20,'Duong Trung','2013-02-22 10:28:45',0,'',''),(4376,'Computer',268,'0',20,'Duong Trung','2013-02-22 10:28:45',0,'',''),(4377,'Computer',255,'',0,'Duong Trung','2013-02-25 05:39:24',17,'New Hire','Quat Bao'),(4378,'Computer',255,'',0,'Duong Trung','2013-02-25 05:39:24',16,'','The old E6420 had HDD failure. Changed the new for him.'),(4379,'Computer',263,'',0,'Duong Trung','2013-02-25 12:09:53',3,'&nbsp;','2nd Floor'),(4380,'Computer',263,'',0,'Duong Trung','2013-02-25 12:09:53',49,'IT','ASIC'),(4381,'Computer',263,'',0,'Duong Trung','2013-02-25 12:09:53',17,'','Tam Quy Nguyen'),(4382,'Computer',254,'',0,'Duong Trung','2013-02-25 12:14:11',17,'New Hire','Hoai Van Tran'),(4383,'Computer',263,'',0,'Duong Trung','2013-02-25 12:16:17',45,'&nbsp;','MS Windows 7 x64'),(4384,'Computer',37,'',0,'Duong Trung','2013-02-25 12:18:49',3,'3rd Floor','2nd Floor'),(4385,'Computer',37,'',0,'Duong Trung','2013-02-25 12:18:49',49,'IT','Software'),(4386,'Computer',37,'',0,'Duong Trung','2013-02-25 12:18:49',17,'','Hoan Tran'),(4387,'Computer',37,'',0,'Duong Trung','2013-02-25 12:18:49',71,'IT','Software'),(4388,'Computer',37,'',0,'Duong Trung','2013-02-25 12:18:54',45,'MS Windows XP x32','MS Windows 7 x64'),(4389,'Computer',43,'',0,'Duong Trung','2013-02-25 12:25:07',31,'OK','Failure'),(4390,'Computer',43,'',0,'Duong Trung','2013-02-25 12:25:07',16,'','HDD failed. IT is keeping'),(4391,'Computer',148,'',0,'Duong Trung','2013-02-26 06:16:26',16,'','- HDD failure. Sent to warranty taking'),(4392,'Computer',43,'',0,'Duong Trung','2013-02-27 04:51:26',49,'Hardware','IT'),(4393,'Computer',43,'',0,'Duong Trung','2013-02-27 04:51:26',17,'Triet Tran','IT'),(4394,'Computer',43,'',0,'Duong Trung','2013-02-27 04:51:26',71,'Hardware','IT'),(4395,'Computer',122,'',0,'Duong Trung','2013-02-27 11:33:34',3,'3rd Floor','2nd Floor'),(4396,'Computer',122,'',0,'Duong Trung','2013-02-27 11:33:34',49,'IT','ASIC'),(4397,'Computer',122,'',0,'Duong Trung','2013-02-27 11:33:34',71,'&nbsp;','ASIC'),(4398,'Computer',122,'',0,'Duong Trung','2013-02-27 11:34:15',17,'','Dung Anh Nguyen'),(4399,'Computer',122,'',0,'Duong Trung','2013-02-27 11:45:14',3,'2nd Floor','3rd Floor'),(4400,'Computer',122,'',0,'Duong Trung','2013-02-27 11:45:14',49,'ASIC','IT'),(4401,'Computer',122,'',0,'Duong Trung','2013-02-27 11:45:14',17,'Dung Anh Nguyen',''),(4402,'Computer',122,'',0,'Duong Trung','2013-02-27 11:45:14',71,'ASIC','IT'),(4403,'Computer',204,'',0,'Duong Trung','2013-02-27 11:45:34',17,'Quat Bao','Dung Anh Nguyen'),(4404,'Computer',204,'',0,'Duong Trung','2013-02-27 11:45:46',1,'HCMHBDDWM1','HCM6QFDWM11'),(4405,'Computer',23,'',0,'Duong Trung','2013-02-27 11:47:54',31,'Free','OK'),(4406,'Computer',23,'',0,'Duong Trung','2013-02-28 04:59:16',1,'HCM6QFDWM1','HCMHBDDWM1'),(4407,'Computer',26,'',0,'Duong Trung','2013-02-28 05:48:56',16,'','Sent to Tecapro for warranty on Feb 28, 2013'),(4408,'Computer',194,'',0,'Duong Trung','2013-02-28 06:09:15',17,'Bao Nguyen','Bao Xuan Nguyen'),(4409,'Computer',107,'',0,'Duong Trung','2013-02-28 06:19:06',1,'HCMR9PRP5G','HCMR9LM2NW1'),(4410,'Computer',148,'',0,'Duong Trung','2013-02-28 10:39:05',16,'- HDD failure. Sent to warranty taking','- HDD failure. Sent to warranty taking.rn- New HDD replaced on Feb 28,2013'),(4411,'Computer',26,'',0,'Duong Trung','2013-02-28 10:51:52',16,'Sent to Tecapro for warranty on Feb 28, 2013','Sent to Tecapro for warranty on Feb 28, 2013 (Triet old temparoty)'),(4412,'Ticket',1,'0',13,'Duong Trung','2013-03-04 05:03:14',0,'',''),(4413,'Computer',265,'',0,'Duong Trung','2013-03-04 05:04:09',49,'IT','ASIC'),(4414,'Computer',265,'',0,'Duong Trung','2013-03-04 05:04:09',71,'IT','ASIC'),(4415,'Computer',265,'',0,'Duong Trung','2013-03-04 05:05:09',6,'','1825'),(4416,'Computer',265,'',0,'Duong Trung','2013-03-04 05:07:43',31,'Free','OK'),(4417,'Computer',265,'',0,'Duong Trung','2013-03-04 05:07:43',17,'','Cuong Cao Hoang'),(4418,'Computer',265,'',0,'Duong Trung','2013-03-04 05:07:43',16,'','Transferred on Mar 4, 2013'),(4419,'Computer',257,'',0,'Duong Trung','2013-03-04 05:11:05',31,'Free','OK'),(4420,'Computer',257,'',0,'Duong Trung','2013-03-04 05:11:05',49,'IT','ASIC'),(4421,'Computer',257,'',0,'Duong Trung','2013-03-04 05:11:05',17,'','Hung Ngoc Phi Truong'),(4422,'Computer',257,'',0,'Duong Trung','2013-03-04 05:11:05',6,'','1810'),(4423,'Computer',257,'',0,'Duong Trung','2013-03-04 05:11:05',71,'IT','ASIC'),(4424,'Computer',93,'',0,'Duong Trung','2013-03-04 05:30:09',17,'Hai Nguyen','Hai Chi Nguyen'),(4425,'Computer',249,'',0,'Duong Trung','2013-03-04 05:33:44',17,'Huu Nguyen','Huu Minh Nguyen'),(4426,'Computer',253,'',0,'Duong Trung','2013-03-04 05:36:51',18,'Nam van Nguyen','Nam Van Nguyen'),(4427,'Computer',253,'',0,'Duong Trung','2013-03-04 05:36:51',17,'Nam van Nguyen','Nam Van Nguyen'),(4428,'Computer',50,'',0,'Duong Trung','2013-03-04 05:39:04',17,'Tu Nguyen','Tu Quang Nguyen'),(4429,'Computer',186,'',0,'Duong Trung','2013-03-04 05:40:20',1,'HCM','HCMHNHJV1S'),(4430,'Computer',104,'',0,'Duong Trung','2013-03-04 05:43:58',17,'Thang Nguyen','Thang Quyet Nguyen'),(4431,'Computer',132,'',0,'Duong Trung','2013-03-04 05:48:24',17,'Nguyen Sy','Nguyen Sy Nguyen'),(4432,'Computer',257,'',0,'Duong Trung','2013-03-04 08:59:48',45,'&nbsp;','MS Windows 7 x64'),(4433,'Computer',265,'',0,'Duong Trung','2013-03-04 09:00:01',45,'&nbsp;','MS Windows 7 x64'),(4434,'Ticket',5,'0',13,'Duong Trung','2013-03-04 10:39:37',0,'',''),(4435,'PluginRacksRack',1,'0',20,'Duong Trung','2013-03-05 05:33:30',0,'',''),(4436,'User',14,'0',13,'Duong Trung','2013-03-05 10:20:03',0,'',''),(4437,'User',13,'0',13,'Duong Trung','2013-03-05 10:20:03',0,'',''),(4438,'User',10,'0',13,'Duong Trung','2013-03-05 10:20:03',0,'',''),(4439,'User',12,'0',13,'Duong Trung','2013-03-05 10:20:03',0,'',''),(4440,'User',16,'UserEmail',17,'Duong Trung','2013-03-05 10:20:22',0,'','ango@apm.com'),(4441,'User',16,'Profile_User',17,'Duong Trung','2013-03-05 10:20:22',0,'','Software Inventory, Root entity, D'),(4442,'User',16,'0',20,'Duong Trung','2013-03-05 10:20:22',0,'',''),(4443,'User',17,'UserEmail',17,'Duong Trung','2013-03-05 10:20:22',0,'','ale@apm.com'),(4444,'User',17,'Profile_User',17,'Duong Trung','2013-03-05 10:20:22',0,'','Software Inventory, Root entity, D'),(4445,'User',17,'0',20,'Duong Trung','2013-03-05 10:20:22',0,'',''),(4446,'User',18,'UserEmail',17,'Duong Trung','2013-03-05 10:20:22',0,'','aqnguyen@apm.com'),(4447,'User',18,'Profile_User',17,'Duong Trung','2013-03-05 10:20:22',0,'','Software Inventory, Root entity, D'),(4448,'User',18,'0',20,'Duong Trung','2013-03-05 10:20:22',0,'',''),(4449,'User',19,'UserEmail',17,'Duong Trung','2013-03-05 10:20:23',0,'','bnguyen@apm.com'),(4450,'User',19,'Profile_User',17,'Duong Trung','2013-03-05 10:20:23',0,'','Software Inventory, Root entity, D'),(4451,'User',19,'0',20,'Duong Trung','2013-03-05 10:20:23',0,'',''),(4452,'User',20,'UserEmail',17,'Duong Trung','2013-03-05 10:20:23',0,'','btruong@apm.com'),(4453,'User',20,'Profile_User',17,'Duong Trung','2013-03-05 10:20:23',0,'','Software Inventory, Root entity, D'),(4454,'User',20,'0',20,'Duong Trung','2013-03-05 10:20:23',0,'',''),(4455,'User',21,'UserEmail',17,'Duong Trung','2013-03-05 10:20:23',0,'','bxnguyen@apm.com'),(4456,'User',21,'Profile_User',17,'Duong Trung','2013-03-05 10:20:23',0,'','Software Inventory, Root entity, D'),(4457,'User',21,'0',20,'Duong Trung','2013-03-05 10:20:23',0,'',''),(4458,'User',22,'UserEmail',17,'Duong Trung','2013-03-05 10:20:23',0,'','cdle@apm.com'),(4459,'User',22,'Profile_User',17,'Duong Trung','2013-03-05 10:20:23',0,'','Software Inventory, Root entity, D'),(4460,'User',22,'0',20,'Duong Trung','2013-03-05 10:20:23',0,'',''),(4461,'User',23,'UserEmail',17,'Duong Trung','2013-03-05 10:20:24',0,'','choang@amcc.com'),(4462,'User',23,'Profile_User',17,'Duong Trung','2013-03-05 10:20:24',0,'','Software Inventory, Root entity, D'),(4463,'User',23,'0',20,'Duong Trung','2013-03-05 10:20:24',0,'',''),(4464,'User',24,'UserEmail',17,'Duong Trung','2013-03-05 10:20:24',0,'','cltran@apm.com'),(4465,'User',24,'Profile_User',17,'Duong Trung','2013-03-05 10:20:24',0,'','Software Inventory, Root entity, D'),(4466,'User',24,'0',20,'Duong Trung','2013-03-05 10:20:24',0,'',''),(4467,'User',25,'UserEmail',17,'Duong Trung','2013-03-05 10:20:24',0,'','cpham@apm.com'),(4468,'User',25,'Profile_User',17,'Duong Trung','2013-03-05 10:20:24',0,'','Software Inventory, Root entity, D'),(4469,'User',25,'0',20,'Duong Trung','2013-03-05 10:20:24',0,'',''),(4470,'User',26,'UserEmail',17,'Duong Trung','2013-03-05 10:20:25',0,'','ctong@apm.com'),(4471,'User',26,'Profile_User',17,'Duong Trung','2013-03-05 10:20:25',0,'','Software Inventory, Root entity, D'),(4472,'User',26,'0',20,'Duong Trung','2013-03-05 10:20:25',0,'',''),(4473,'User',27,'UserEmail',17,'Duong Trung','2013-03-05 10:20:25',0,'','ctran@apm.com'),(4474,'User',27,'Profile_User',17,'Duong Trung','2013-03-05 10:20:25',0,'','Software Inventory, Root entity, D'),(4475,'User',27,'0',20,'Duong Trung','2013-03-05 10:20:25',0,'',''),(4476,'User',28,'UserEmail',17,'Duong Trung','2013-03-05 10:20:25',0,'','dainguyen@apm.com'),(4477,'User',28,'Profile_User',17,'Duong Trung','2013-03-05 10:20:25',0,'','Software Inventory, Root entity, D'),(4478,'User',28,'0',20,'Duong Trung','2013-03-05 10:20:25',0,'',''),(4479,'User',29,'UserEmail',17,'Duong Trung','2013-03-05 10:20:26',0,'','danguyen@apm.com'),(4480,'User',29,'Profile_User',17,'Duong Trung','2013-03-05 10:20:26',0,'','Software Inventory, Root entity, D'),(4481,'User',29,'0',20,'Duong Trung','2013-03-05 10:20:26',0,'',''),(4482,'User',30,'UserEmail',17,'Duong Trung','2013-03-05 10:20:26',0,'','ddang@apm.com'),(4483,'User',30,'Profile_User',17,'Duong Trung','2013-03-05 10:20:26',0,'','Software Inventory, Root entity, D'),(4484,'User',30,'0',20,'Duong Trung','2013-03-05 10:20:26',0,'',''),(4485,'User',31,'UserEmail',17,'Duong Trung','2013-03-05 10:20:26',0,'','dinguyen@apm.com'),(4486,'User',31,'Profile_User',17,'Duong Trung','2013-03-05 10:20:26',0,'','Software Inventory, Root entity, D'),(4487,'User',31,'0',20,'Duong Trung','2013-03-05 10:20:26',0,'',''),(4488,'User',32,'UserEmail',17,'Duong Trung','2013-03-05 10:20:27',0,'','dla@apm.com'),(4489,'User',32,'Profile_User',17,'Duong Trung','2013-03-05 10:20:27',0,'','Software Inventory, Root entity, D'),(4490,'User',32,'0',20,'Duong Trung','2013-03-05 10:20:27',0,'',''),(4491,'User',33,'UserEmail',17,'Duong Trung','2013-03-05 10:20:27',0,'','dle@apm.com'),(4492,'User',33,'Profile_User',17,'Duong Trung','2013-03-05 10:20:27',0,'','Software Inventory, Root entity, D'),(4493,'User',33,'0',20,'Duong Trung','2013-03-05 10:20:27',0,'',''),(4494,'User',34,'UserEmail',17,'Duong Trung','2013-03-05 10:20:27',0,'','dpham@apm.com'),(4495,'User',34,'Profile_User',17,'Duong Trung','2013-03-05 10:20:27',0,'','Software Inventory, Root entity, D'),(4496,'User',34,'0',20,'Duong Trung','2013-03-05 10:20:27',0,'',''),(4497,'User',35,'UserEmail',17,'Duong Trung','2013-03-05 10:20:27',0,'','dnguyen@apm.com'),(4498,'User',35,'Profile_User',17,'Duong Trung','2013-03-05 10:20:27',0,'','Software Inventory, Root entity, D'),(4499,'User',35,'0',20,'Duong Trung','2013-03-05 10:20:27',0,'',''),(4500,'User',36,'UserEmail',17,'Duong Trung','2013-03-05 10:20:28',0,'','dtnguyen@apm.com'),(4501,'User',36,'Profile_User',17,'Duong Trung','2013-03-05 10:20:28',0,'','Software Inventory, Root entity, D'),(4502,'User',36,'0',20,'Duong Trung','2013-03-05 10:20:28',0,'',''),(4503,'User',37,'UserEmail',17,'Duong Trung','2013-03-05 10:20:28',0,'','dunguyen@apm.com'),(4504,'User',37,'Profile_User',17,'Duong Trung','2013-03-05 10:20:28',0,'','Software Inventory, Root entity, D'),(4505,'User',37,'0',20,'Duong Trung','2013-03-05 10:20:28',0,'',''),(4506,'User',38,'UserEmail',17,'Duong Trung','2013-03-05 10:20:28',0,'','dvo@apm.com'),(4507,'User',38,'Profile_User',17,'Duong Trung','2013-03-05 10:20:28',0,'','Software Inventory, Root entity, D'),(4508,'User',38,'0',20,'Duong Trung','2013-03-05 10:20:28',0,'',''),(4509,'User',39,'UserEmail',17,'Duong Trung','2013-03-05 10:20:29',0,'','hanguyen@apm.com'),(4510,'User',39,'Profile_User',17,'Duong Trung','2013-03-05 10:20:29',0,'','Software Inventory, Root entity, D'),(4511,'User',39,'0',20,'Duong Trung','2013-03-05 10:20:29',0,'',''),(4512,'User',40,'UserEmail',17,'Duong Trung','2013-03-05 10:20:29',0,'','hbnguyen@apm.com'),(4513,'User',40,'Profile_User',17,'Duong Trung','2013-03-05 10:20:29',0,'','Software Inventory, Root entity, D'),(4514,'User',40,'0',20,'Duong Trung','2013-03-05 10:20:29',0,'',''),(4515,'User',41,'UserEmail',17,'Duong Trung','2013-03-05 10:20:29',0,'','hcao@apm.com'),(4516,'User',41,'Profile_User',17,'Duong Trung','2013-03-05 10:20:29',0,'','Software Inventory, Root entity, D'),(4517,'User',41,'0',20,'Duong Trung','2013-03-05 10:20:29',0,'',''),(4518,'User',42,'UserEmail',17,'Duong Trung','2013-03-05 10:20:30',0,'','hcnguyen@apm.com'),(4519,'User',42,'Profile_User',17,'Duong Trung','2013-03-05 10:20:30',0,'','Software Inventory, Root entity, D'),(4520,'User',42,'0',20,'Duong Trung','2013-03-05 10:20:30',0,'',''),(4521,'User',43,'UserEmail',17,'Duong Trung','2013-03-05 10:20:30',0,'','hdnguyen@apm.com'),(4522,'User',43,'Profile_User',17,'Duong Trung','2013-03-05 10:20:30',0,'','Software Inventory, Root entity, D'),(4523,'User',43,'0',20,'Duong Trung','2013-03-05 10:20:30',0,'',''),(4524,'User',44,'UserEmail',17,'Duong Trung','2013-03-05 10:20:30',0,'','hha@apm.com'),(4525,'User',44,'Profile_User',17,'Duong Trung','2013-03-05 10:20:30',0,'','Software Inventory, Root entity, D'),(4526,'User',44,'0',20,'Duong Trung','2013-03-05 10:20:30',0,'',''),(4527,'User',45,'UserEmail',17,'Duong Trung','2013-03-05 10:20:31',0,'','hhnguyen@apm.com'),(4528,'User',45,'Profile_User',17,'Duong Trung','2013-03-05 10:20:31',0,'','Software Inventory, Root entity, D'),(4529,'User',45,'0',20,'Duong Trung','2013-03-05 10:20:31',0,'',''),(4530,'User',46,'UserEmail',17,'Duong Trung','2013-03-05 10:20:31',0,'','hhtran@apm.com'),(4531,'User',46,'Profile_User',17,'Duong Trung','2013-03-05 10:20:31',0,'','Software Inventory, Root entity, D'),(4532,'User',46,'0',20,'Duong Trung','2013-03-05 10:20:31',0,'',''),(4533,'User',47,'UserEmail',17,'Duong Trung','2013-03-05 10:20:31',0,'','hibui@apm.com'),(4534,'User',47,'Profile_User',17,'Duong Trung','2013-03-05 10:20:31',0,'','Software Inventory, Root entity, D'),(4535,'User',47,'0',20,'Duong Trung','2013-03-05 10:20:31',0,'',''),(4536,'User',48,'UserEmail',17,'Duong Trung','2013-03-05 10:20:32',0,'','hkhuynh@apm.com'),(4537,'User',48,'Profile_User',17,'Duong Trung','2013-03-05 10:20:32',0,'','Software Inventory, Root entity, D'),(4538,'User',48,'0',20,'Duong Trung','2013-03-05 10:20:32',0,'',''),(4539,'User',49,'UserEmail',17,'Duong Trung','2013-03-05 10:20:32',0,'','hknguyen@apm.com'),(4540,'User',49,'Profile_User',17,'Duong Trung','2013-03-05 10:20:32',0,'','Software Inventory, Root entity, D'),(4541,'User',49,'0',20,'Duong Trung','2013-03-05 10:20:32',0,'',''),(4542,'User',50,'UserEmail',17,'Duong Trung','2013-03-05 10:20:32',0,'','hlnguyen@apm.com'),(4543,'User',50,'Profile_User',17,'Duong Trung','2013-03-05 10:20:32',0,'','Software Inventory, Root entity, D'),(4544,'User',50,'0',20,'Duong Trung','2013-03-05 10:20:32',0,'',''),(4545,'User',51,'UserEmail',17,'Duong Trung','2013-03-05 10:20:32',0,'','hluu@apm.com'),(4546,'User',51,'Profile_User',17,'Duong Trung','2013-03-05 10:20:32',0,'','Software Inventory, Root entity, D'),(4547,'User',51,'0',20,'Duong Trung','2013-03-05 10:20:32',0,'',''),(4548,'User',52,'UserEmail',17,'Duong Trung','2013-03-05 10:20:33',0,'','hluyen@apm.com'),(4549,'User',52,'Profile_User',17,'Duong Trung','2013-03-05 10:20:33',0,'','Software Inventory, Root entity, D'),(4550,'User',52,'0',20,'Duong Trung','2013-03-05 10:20:33',0,'',''),(4551,'User',53,'UserEmail',17,'Duong Trung','2013-03-05 10:20:33',0,'','hmbui@apm.com'),(4552,'User',53,'Profile_User',17,'Duong Trung','2013-03-05 10:20:33',0,'','Software Inventory, Root entity, D'),(4553,'User',53,'0',20,'Duong Trung','2013-03-05 10:20:33',0,'',''),(4554,'User',54,'UserEmail',17,'Duong Trung','2013-03-05 10:20:33',0,'','hmnguyen@apm.com'),(4555,'User',54,'Profile_User',17,'Duong Trung','2013-03-05 10:20:33',0,'','Software Inventory, Root entity, D'),(4556,'User',54,'0',20,'Duong Trung','2013-03-05 10:20:33',0,'',''),(4557,'User',55,'UserEmail',17,'Duong Trung','2013-03-05 10:20:34',0,'','hngo@apm.com'),(4558,'User',55,'Profile_User',17,'Duong Trung','2013-03-05 10:20:34',0,'','Software Inventory, Root entity, D'),(4559,'User',55,'0',20,'Duong Trung','2013-03-05 10:20:34',0,'',''),(4560,'User',56,'UserEmail',17,'Duong Trung','2013-03-05 10:20:34',0,'','hnle@apm.com'),(4561,'User',56,'Profile_User',17,'Duong Trung','2013-03-05 10:20:34',0,'','Software Inventory, Root entity, D'),(4562,'User',56,'0',20,'Duong Trung','2013-03-05 10:20:34',0,'',''),(4563,'User',57,'UserEmail',17,'Duong Trung','2013-03-05 10:20:34',0,'','hotran@apm.com'),(4564,'User',57,'Profile_User',17,'Duong Trung','2013-03-05 10:20:34',0,'','Software Inventory, Root entity, D'),(4565,'User',57,'0',20,'Duong Trung','2013-03-05 10:20:34',0,'',''),(4566,'User',58,'UserEmail',17,'Duong Trung','2013-03-05 10:20:34',0,'','hpham@apm.com'),(4567,'User',58,'Profile_User',17,'Duong Trung','2013-03-05 10:20:34',0,'','Software Inventory, Root entity, D'),(4568,'User',58,'0',20,'Duong Trung','2013-03-05 10:20:34',0,'',''),(4569,'User',59,'UserEmail',17,'Duong Trung','2013-03-05 10:20:35',0,'','hphan@apm.com'),(4570,'User',59,'Profile_User',17,'Duong Trung','2013-03-05 10:20:35',0,'','Software Inventory, Root entity, D'),(4571,'User',59,'0',20,'Duong Trung','2013-03-05 10:20:35',0,'',''),(4572,'User',60,'UserEmail',17,'Duong Trung','2013-03-05 10:20:35',0,'','hptruong@amcc.com'),(4573,'User',60,'Profile_User',17,'Duong Trung','2013-03-05 10:20:35',0,'','Software Inventory, Root entity, D'),(4574,'User',60,'0',20,'Duong Trung','2013-03-05 10:20:35',0,'',''),(4575,'User',61,'UserEmail',17,'Duong Trung','2013-03-05 10:20:36',0,'','hqbui@apm.com'),(4576,'User',61,'Profile_User',17,'Duong Trung','2013-03-05 10:20:36',0,'','Software Inventory, Root entity, D'),(4577,'User',61,'0',20,'Duong Trung','2013-03-05 10:20:36',0,'',''),(4578,'User',62,'UserEmail',17,'Duong Trung','2013-03-05 10:20:36',0,'','htlu@apm.com'),(4579,'User',62,'Profile_User',17,'Duong Trung','2013-03-05 10:20:36',0,'','Software Inventory, Root entity, D'),(4580,'User',62,'0',20,'Duong Trung','2013-03-05 10:20:36',0,'',''),(4581,'User',63,'UserEmail',17,'Duong Trung','2013-03-05 10:20:36',0,'','hvtran@apm.com'),(4582,'User',63,'Profile_User',17,'Duong Trung','2013-03-05 10:20:36',0,'','Software Inventory, Root entity, D'),(4583,'User',63,'0',20,'Duong Trung','2013-03-05 10:20:36',0,'',''),(4584,'User',64,'UserEmail',17,'Duong Trung','2013-03-05 10:20:36',0,'','hvu@apm.com'),(4585,'User',64,'Profile_User',17,'Duong Trung','2013-03-05 10:20:36',0,'','Software Inventory, Root entity, D'),(4586,'User',64,'0',20,'Duong Trung','2013-03-05 10:20:36',0,'',''),(4587,'User',65,'UserEmail',17,'Duong Trung','2013-03-05 10:20:37',0,'','hxnguyen@apm.com'),(4588,'User',65,'Profile_User',17,'Duong Trung','2013-03-05 10:20:37',0,'','Software Inventory, Root entity, D'),(4589,'User',65,'0',20,'Duong Trung','2013-03-05 10:20:37',0,'',''),(4590,'User',66,'UserEmail',17,'Duong Trung','2013-03-05 10:20:37',0,'','hxvo@apm.com'),(4591,'User',66,'Profile_User',17,'Duong Trung','2013-03-05 10:20:37',0,'','Software Inventory, Root entity, D'),(4592,'User',66,'0',20,'Duong Trung','2013-03-05 10:20:37',0,'',''),(4593,'User',67,'UserEmail',17,'Duong Trung','2013-03-05 10:20:37',0,'','jvien@apm.com'),(4594,'User',67,'Profile_User',17,'Duong Trung','2013-03-05 10:20:37',0,'','Software Inventory, Root entity, D'),(4595,'User',67,'0',20,'Duong Trung','2013-03-05 10:20:37',0,'',''),(4596,'User',68,'UserEmail',17,'Duong Trung','2013-03-05 10:20:38',0,'','kdinh@apm.com'),(4597,'User',68,'Profile_User',17,'Duong Trung','2013-03-05 10:20:38',0,'','Software Inventory, Root entity, D'),(4598,'User',68,'0',20,'Duong Trung','2013-03-05 10:20:38',0,'',''),(4599,'User',69,'UserEmail',17,'Duong Trung','2013-03-05 10:20:38',0,'','kdo@apm.com'),(4600,'User',69,'Profile_User',17,'Duong Trung','2013-03-05 10:20:38',0,'','Software Inventory, Root entity, D'),(4601,'User',69,'0',20,'Duong Trung','2013-03-05 10:20:38',0,'',''),(4602,'User',70,'UserEmail',17,'Duong Trung','2013-03-05 10:20:38',0,'','kdtran@apm.com'),(4603,'User',70,'Profile_User',17,'Duong Trung','2013-03-05 10:20:38',0,'','Software Inventory, Root entity, D'),(4604,'User',70,'0',20,'Duong Trung','2013-03-05 10:20:38',0,'',''),(4605,'User',71,'UserEmail',17,'Duong Trung','2013-03-05 10:20:39',0,'','kngo@apm.com'),(4606,'User',71,'Profile_User',17,'Duong Trung','2013-03-05 10:20:39',0,'','Software Inventory, Root entity, D'),(4607,'User',71,'0',20,'Duong Trung','2013-03-05 10:20:39',0,'',''),(4608,'User',72,'UserEmail',17,'Duong Trung','2013-03-05 10:20:39',0,'','kqngo@apm.com'),(4609,'User',72,'Profile_User',17,'Duong Trung','2013-03-05 10:20:39',0,'','Software Inventory, Root entity, D'),(4610,'User',72,'0',20,'Duong Trung','2013-03-05 10:20:39',0,'',''),(4611,'User',73,'UserEmail',17,'Duong Trung','2013-03-05 10:20:39',0,'','kta@apm.com'),(4612,'User',73,'Profile_User',17,'Duong Trung','2013-03-05 10:20:39',0,'','Software Inventory, Root entity, D'),(4613,'User',73,'0',20,'Duong Trung','2013-03-05 10:20:39',0,'',''),(4614,'User',74,'UserEmail',17,'Duong Trung','2013-03-05 10:20:40',0,'','ktnguyen@apm.com'),(4615,'User',74,'Profile_User',17,'Duong Trung','2013-03-05 10:20:40',0,'','Software Inventory, Root entity, D'),(4616,'User',74,'0',20,'Duong Trung','2013-03-05 10:20:40',0,'',''),(4617,'User',75,'UserEmail',17,'Duong Trung','2013-03-05 10:20:40',0,'','ktram@apm.com'),(4618,'User',75,'Profile_User',17,'Duong Trung','2013-03-05 10:20:40',0,'','Software Inventory, Root entity, D'),(4619,'User',75,'0',20,'Duong Trung','2013-03-05 10:20:40',0,'',''),(4620,'User',76,'UserEmail',17,'Duong Trung','2013-03-05 10:20:40',0,'','ldinh@apm.com'),(4621,'User',76,'Profile_User',17,'Duong Trung','2013-03-05 10:20:40',0,'','Software Inventory, Root entity, D'),(4622,'User',76,'0',20,'Duong Trung','2013-03-05 10:20:40',0,'',''),(4623,'User',77,'UserEmail',17,'Duong Trung','2013-03-05 10:20:40',0,'','lduong@apm.com'),(4624,'User',77,'Profile_User',17,'Duong Trung','2013-03-05 10:20:40',0,'','Software Inventory, Root entity, D'),(4625,'User',77,'0',20,'Duong Trung','2013-03-05 10:20:40',0,'',''),(4626,'User',78,'UserEmail',17,'Duong Trung','2013-03-05 10:20:41',0,'','lhoang@apm.com'),(4627,'User',78,'Profile_User',17,'Duong Trung','2013-03-05 10:20:41',0,'','Software Inventory, Root entity, D'),(4628,'User',78,'0',20,'Duong Trung','2013-03-05 10:20:41',0,'',''),(4629,'User',79,'UserEmail',17,'Duong Trung','2013-03-05 10:20:41',0,'','lmtran@apm.com'),(4630,'User',79,'Profile_User',17,'Duong Trung','2013-03-05 10:20:41',0,'','Software Inventory, Root entity, D'),(4631,'User',79,'0',20,'Duong Trung','2013-03-05 10:20:41',0,'',''),(4632,'User',80,'UserEmail',17,'Duong Trung','2013-03-05 10:20:41',0,'','ltnguyen@apm.com'),(4633,'User',80,'Profile_User',17,'Duong Trung','2013-03-05 10:20:41',0,'','Software Inventory, Root entity, D'),(4634,'User',80,'0',20,'Duong Trung','2013-03-05 10:20:41',0,'',''),(4635,'User',81,'UserEmail',17,'Duong Trung','2013-03-05 10:20:42',0,'','lton@apm.com'),(4636,'User',81,'Profile_User',17,'Duong Trung','2013-03-05 10:20:42',0,'','Software Inventory, Root entity, D'),(4637,'User',81,'0',20,'Duong Trung','2013-03-05 10:20:42',0,'',''),(4638,'User',82,'UserEmail',17,'Duong Trung','2013-03-05 10:20:42',0,'','lxpham@apm.com'),(4639,'User',82,'Profile_User',17,'Duong Trung','2013-03-05 10:20:42',0,'','Software Inventory, Root entity, D'),(4640,'User',82,'0',20,'Duong Trung','2013-03-05 10:20:42',0,'',''),(4641,'User',83,'UserEmail',17,'Duong Trung','2013-03-05 10:20:42',0,'','mhle@apm.com'),(4642,'User',83,'Profile_User',17,'Duong Trung','2013-03-05 10:20:42',0,'','Software Inventory, Root entity, D'),(4643,'User',83,'0',20,'Duong Trung','2013-03-05 10:20:42',0,'',''),(4644,'User',84,'UserEmail',17,'Duong Trung','2013-03-05 10:20:42',0,'','mla@apm.com'),(4645,'User',84,'Profile_User',17,'Duong Trung','2013-03-05 10:20:42',0,'','Software Inventory, Root entity, D'),(4646,'User',84,'0',20,'Duong Trung','2013-03-05 10:20:42',0,'',''),(4647,'User',85,'UserEmail',17,'Duong Trung','2013-03-05 10:20:43',0,'','mthuynh@apm.com'),(4648,'User',85,'Profile_User',17,'Duong Trung','2013-03-05 10:20:43',0,'','Software Inventory, Root entity, D'),(4649,'User',85,'0',20,'Duong Trung','2013-03-05 10:20:43',0,'',''),(4650,'User',86,'UserEmail',17,'Duong Trung','2013-03-05 10:20:43',0,'','ndnguyen@apm.com'),(4651,'User',86,'Profile_User',17,'Duong Trung','2013-03-05 10:20:43',0,'','Software Inventory, Root entity, D'),(4652,'User',86,'0',20,'Duong Trung','2013-03-05 10:20:43',0,'',''),(4653,'User',87,'UserEmail',17,'Duong Trung','2013-03-05 10:20:43',0,'','nhnguyen@apm.com'),(4654,'User',87,'Profile_User',17,'Duong Trung','2013-03-05 10:20:43',0,'','Software Inventory, Root entity, D'),(4655,'User',87,'0',20,'Duong Trung','2013-03-05 10:20:43',0,'',''),(4656,'User',88,'UserEmail',17,'Duong Trung','2013-03-05 10:20:44',0,'','nhtruong@apm.com'),(4657,'User',88,'Profile_User',17,'Duong Trung','2013-03-05 10:20:44',0,'','Software Inventory, Root entity, D'),(4658,'User',88,'0',20,'Duong Trung','2013-03-05 10:20:44',0,'',''),(4659,'User',89,'UserEmail',17,'Duong Trung','2013-03-05 10:20:44',0,'','nhunguyen@apm.com'),(4660,'User',89,'Profile_User',17,'Duong Trung','2013-03-05 10:20:44',0,'','Software Inventory, Root entity, D'),(4661,'User',89,'0',20,'Duong Trung','2013-03-05 10:20:44',0,'',''),(4662,'User',90,'UserEmail',17,'Duong Trung','2013-03-05 10:20:44',0,'','nhuynh@apm.com'),(4663,'User',90,'Profile_User',17,'Duong Trung','2013-03-05 10:20:44',0,'','Software Inventory, Root entity, D'),(4664,'User',90,'0',20,'Duong Trung','2013-03-05 10:20:44',0,'',''),(4665,'User',91,'UserEmail',17,'Duong Trung','2013-03-05 10:20:45',0,'','nnguyen@apm.com'),(4666,'User',91,'Profile_User',17,'Duong Trung','2013-03-05 10:20:45',0,'','Software Inventory, Root entity, D'),(4667,'User',91,'0',20,'Duong Trung','2013-03-05 10:20:45',0,'',''),(4668,'User',92,'UserEmail',17,'Duong Trung','2013-03-05 10:20:45',0,'','nnle@apm.com'),(4669,'User',92,'Profile_User',17,'Duong Trung','2013-03-05 10:20:45',0,'','Software Inventory, Root entity, D'),(4670,'User',92,'0',20,'Duong Trung','2013-03-05 10:20:45',0,'',''),(4671,'User',93,'UserEmail',17,'Duong Trung','2013-03-05 10:20:45',0,'','npham@apm.com'),(4672,'User',93,'Profile_User',17,'Duong Trung','2013-03-05 10:20:45',0,'','Software Inventory, Root entity, D'),(4673,'User',93,'0',20,'Duong Trung','2013-03-05 10:20:45',0,'',''),(4674,'User',94,'UserEmail',17,'Duong Trung','2013-03-05 10:20:45',0,'','nptran@apm.com'),(4675,'User',94,'Profile_User',17,'Duong Trung','2013-03-05 10:20:45',0,'','Software Inventory, Root entity, D'),(4676,'User',94,'0',20,'Duong Trung','2013-03-05 10:20:45',0,'',''),(4677,'User',95,'UserEmail',17,'Duong Trung','2013-03-05 10:20:46',0,'','nvnguyen@apm.com'),(4678,'User',95,'Profile_User',17,'Duong Trung','2013-03-05 10:20:46',0,'','Software Inventory, Root entity, D'),(4679,'User',95,'0',20,'Duong Trung','2013-03-05 10:20:46',0,'',''),(4680,'User',96,'UserEmail',17,'Duong Trung','2013-03-05 10:20:46',0,'','phnguyen@apm.com'),(4681,'User',96,'Profile_User',17,'Duong Trung','2013-03-05 10:20:46',0,'','Software Inventory, Root entity, D'),(4682,'User',96,'0',20,'Duong Trung','2013-03-05 10:20:46',0,'',''),(4683,'User',97,'UserEmail',17,'Duong Trung','2013-03-05 10:20:46',0,'','pnsy@apm.com'),(4684,'User',97,'Profile_User',17,'Duong Trung','2013-03-05 10:20:46',0,'','Software Inventory, Root entity, D'),(4685,'User',97,'0',20,'Duong Trung','2013-03-05 10:20:46',0,'',''),(4686,'User',98,'UserEmail',17,'Duong Trung','2013-03-05 10:20:47',0,'','ptran@apm.com'),(4687,'User',98,'Profile_User',17,'Duong Trung','2013-03-05 10:20:47',0,'','Software Inventory, Root entity, D'),(4688,'User',98,'0',20,'Duong Trung','2013-03-05 10:20:47',0,'',''),(4689,'User',99,'UserEmail',17,'Duong Trung','2013-03-05 10:20:47',0,'','qnguyen@apm.com'),(4690,'User',99,'Profile_User',17,'Duong Trung','2013-03-05 10:20:47',0,'','Software Inventory, Root entity, D'),(4691,'User',99,'0',20,'Duong Trung','2013-03-05 10:20:47',0,'',''),(4692,'User',100,'UserEmail',17,'Duong Trung','2013-03-05 10:20:47',0,'','qhan@apm.com'),(4693,'User',100,'Profile_User',17,'Duong Trung','2013-03-05 10:20:47',0,'','Software Inventory, Root entity, D'),(4694,'User',100,'0',20,'Duong Trung','2013-03-05 10:20:47',0,'',''),(4695,'User',101,'UserEmail',17,'Duong Trung','2013-03-05 10:20:47',0,'','qpham@apm.com'),(4696,'User',101,'Profile_User',17,'Duong Trung','2013-03-05 10:20:47',0,'','Software Inventory, Root entity, D'),(4697,'User',101,'0',20,'Duong Trung','2013-03-05 10:20:47',0,'',''),(4698,'User',102,'UserEmail',17,'Duong Trung','2013-03-05 10:20:48',0,'','sdinh@apm.com'),(4699,'User',102,'Profile_User',17,'Duong Trung','2013-03-05 10:20:48',0,'','Software Inventory, Root entity, D'),(4700,'User',102,'0',20,'Duong Trung','2013-03-05 10:20:48',0,'',''),(4701,'User',103,'UserEmail',17,'Duong Trung','2013-03-05 10:20:48',0,'','shpham@apm.com'),(4702,'User',103,'Profile_User',17,'Duong Trung','2013-03-05 10:20:48',0,'','Software Inventory, Root entity, D'),(4703,'User',103,'0',20,'Duong Trung','2013-03-05 10:20:48',0,'',''),(4704,'User',104,'UserEmail',17,'Duong Trung','2013-03-05 10:20:48',0,'','sle@apm.com'),(4705,'User',104,'Profile_User',17,'Duong Trung','2013-03-05 10:20:48',0,'','Software Inventory, Root entity, D'),(4706,'User',104,'0',20,'Duong Trung','2013-03-05 10:20:48',0,'',''),(4707,'User',105,'UserEmail',17,'Duong Trung','2013-03-05 10:20:49',0,'','smai@apm.com'),(4708,'User',105,'Profile_User',17,'Duong Trung','2013-03-05 10:20:49',0,'','Software Inventory, Root entity, D'),(4709,'User',105,'0',20,'Duong Trung','2013-03-05 10:20:49',0,'',''),(4710,'User',106,'UserEmail',17,'Duong Trung','2013-03-05 10:20:49',0,'','spham@apm.com'),(4711,'User',106,'Profile_User',17,'Duong Trung','2013-03-05 10:20:49',0,'','Software Inventory, Root entity, D'),(4712,'User',106,'0',20,'Duong Trung','2013-03-05 10:20:49',0,'',''),(4713,'User',107,'UserEmail',17,'Duong Trung','2013-03-05 10:20:49',0,'','tanguyen@apm.com'),(4714,'User',107,'Profile_User',17,'Duong Trung','2013-03-05 10:20:49',0,'','Software Inventory, Root entity, D'),(4715,'User',107,'0',20,'Duong Trung','2013-03-05 10:20:49',0,'',''),(4716,'User',108,'UserEmail',17,'Duong Trung','2013-03-05 10:20:49',0,'','tbnguyen@apm.com'),(4717,'User',108,'Profile_User',17,'Duong Trung','2013-03-05 10:20:49',0,'','Software Inventory, Root entity, D'),(4718,'User',108,'0',20,'Duong Trung','2013-03-05 10:20:49',0,'',''),(4719,'User',109,'UserEmail',17,'Duong Trung','2013-03-05 10:20:50',0,'','tbtran@apm.com'),(4720,'User',109,'Profile_User',17,'Duong Trung','2013-03-05 10:20:50',0,'','Software Inventory, Root entity, D'),(4721,'User',109,'0',20,'Duong Trung','2013-03-05 10:20:50',0,'',''),(4722,'User',110,'UserEmail',17,'Duong Trung','2013-03-05 10:20:50',0,'','tdnguyen@apm.com'),(4723,'User',110,'Profile_User',17,'Duong Trung','2013-03-05 10:20:50',0,'','Software Inventory, Root entity, D'),(4724,'User',110,'0',20,'Duong Trung','2013-03-05 10:20:50',0,'',''),(4725,'User',111,'UserEmail',17,'Duong Trung','2013-03-05 10:20:51',0,'','tdoan@apm.com'),(4726,'User',111,'Profile_User',17,'Duong Trung','2013-03-05 10:20:51',0,'','Software Inventory, Root entity, D'),(4727,'User',111,'0',20,'Duong Trung','2013-03-05 10:20:51',0,'',''),(4728,'User',112,'UserEmail',17,'Duong Trung','2013-03-05 10:20:51',0,'','tdphan@apm.com'),(4729,'User',112,'Profile_User',17,'Duong Trung','2013-03-05 10:20:51',0,'','Software Inventory, Root entity, D'),(4730,'User',112,'0',20,'Duong Trung','2013-03-05 10:20:51',0,'',''),(4731,'User',113,'UserEmail',17,'Duong Trung','2013-03-05 10:20:51',0,'','tgnguyen@apm.com'),(4732,'User',113,'Profile_User',17,'Duong Trung','2013-03-05 10:20:51',0,'','Software Inventory, Root entity, D'),(4733,'User',113,'0',20,'Duong Trung','2013-03-05 10:20:51',0,'',''),(4734,'User',114,'UserEmail',17,'Duong Trung','2013-03-05 10:20:51',0,'','thaitran@apm.com'),(4735,'User',114,'Profile_User',17,'Duong Trung','2013-03-05 10:20:51',0,'','Software Inventory, Root entity, D'),(4736,'User',114,'0',20,'Duong Trung','2013-03-05 10:20:51',0,'',''),(4737,'User',115,'UserEmail',17,'Duong Trung','2013-03-05 10:20:52',0,'','thanguyen@apm.com'),(4738,'User',115,'Profile_User',17,'Duong Trung','2013-03-05 10:20:52',0,'','Software Inventory, Root entity, D'),(4739,'User',115,'0',20,'Duong Trung','2013-03-05 10:20:52',0,'',''),(4740,'User',116,'UserEmail',17,'Duong Trung','2013-03-05 10:20:52',0,'','thcao@apm.com'),(4741,'User',116,'Profile_User',17,'Duong Trung','2013-03-05 10:20:52',0,'','Software Inventory, Root entity, D'),(4742,'User',116,'0',20,'Duong Trung','2013-03-05 10:20:52',0,'',''),(4743,'User',117,'UserEmail',17,'Duong Trung','2013-03-05 10:20:52',0,'','thhpham@apm.com'),(4744,'User',117,'Profile_User',17,'Duong Trung','2013-03-05 10:20:52',0,'','Software Inventory, Root entity, D'),(4745,'User',117,'0',20,'Duong Trung','2013-03-05 10:20:52',0,'',''),(4746,'User',118,'UserEmail',17,'Duong Trung','2013-03-05 10:20:53',0,'','thtran@apm.com'),(4747,'User',118,'Profile_User',17,'Duong Trung','2013-03-05 10:20:53',0,'','Software Inventory, Root entity, D'),(4748,'User',118,'0',20,'Duong Trung','2013-03-05 10:20:53',0,'',''),(4749,'User',119,'UserEmail',17,'Duong Trung','2013-03-05 10:20:53',0,'','tkpham@apm.com'),(4750,'User',119,'Profile_User',17,'Duong Trung','2013-03-05 10:20:53',0,'','Software Inventory, Root entity, D'),(4751,'User',119,'0',20,'Duong Trung','2013-03-05 10:20:53',0,'',''),(4752,'User',120,'UserEmail',17,'Duong Trung','2013-03-05 10:20:53',0,'','tle@apm.com'),(4753,'User',120,'Profile_User',17,'Duong Trung','2013-03-05 10:20:53',0,'','Software Inventory, Root entity, D'),(4754,'User',120,'0',20,'Duong Trung','2013-03-05 10:20:53',0,'',''),(4755,'User',121,'UserEmail',17,'Duong Trung','2013-03-05 10:20:54',0,'','tmtran@apm.com'),(4756,'User',121,'Profile_User',17,'Duong Trung','2013-03-05 10:20:54',0,'','Software Inventory, Root entity, D'),(4757,'User',121,'0',20,'Duong Trung','2013-03-05 10:20:54',0,'',''),(4758,'User',122,'UserEmail',17,'Duong Trung','2013-03-05 10:20:54',0,'','tmvo@apm.com'),(4759,'User',122,'Profile_User',17,'Duong Trung','2013-03-05 10:20:54',0,'','Software Inventory, Root entity, D'),(4760,'User',122,'0',20,'Duong Trung','2013-03-05 10:20:54',0,'',''),(4761,'User',123,'UserEmail',17,'Duong Trung','2013-03-05 10:20:54',0,'','tngo@apm.com'),(4762,'User',123,'Profile_User',17,'Duong Trung','2013-03-05 10:20:54',0,'','Software Inventory, Root entity, D'),(4763,'User',123,'0',20,'Duong Trung','2013-03-05 10:20:54',0,'',''),(4764,'User',124,'UserEmail',17,'Duong Trung','2013-03-05 10:20:55',0,'','tnhuynh@apm.com'),(4765,'User',124,'Profile_User',17,'Duong Trung','2013-03-05 10:20:55',0,'','Software Inventory, Root entity, D'),(4766,'User',124,'0',20,'Duong Trung','2013-03-05 10:20:55',0,'',''),(4767,'User',125,'UserEmail',17,'Duong Trung','2013-03-05 10:20:55',0,'','tnle@apm.com'),(4768,'User',125,'Profile_User',17,'Duong Trung','2013-03-05 10:20:55',0,'','Software Inventory, Root entity, D'),(4769,'User',125,'0',20,'Duong Trung','2013-03-05 10:20:55',0,'',''),(4770,'User',126,'UserEmail',17,'Duong Trung','2013-03-05 10:20:55',0,'','toanle@apm.com'),(4771,'User',126,'Profile_User',17,'Duong Trung','2013-03-05 10:20:55',0,'','Software Inventory, Root entity, D'),(4772,'User',126,'0',20,'Duong Trung','2013-03-05 10:20:55',0,'',''),(4773,'User',127,'UserEmail',17,'Duong Trung','2013-03-05 10:20:56',0,'','tpnguyen@apm.com'),(4774,'User',127,'Profile_User',17,'Duong Trung','2013-03-05 10:20:56',0,'','Software Inventory, Root entity, D'),(4775,'User',127,'0',20,'Duong Trung','2013-03-05 10:20:56',0,'',''),(4776,'User',128,'UserEmail',17,'Duong Trung','2013-03-05 10:20:56',0,'','tqanguyen@apm.com'),(4777,'User',128,'Profile_User',17,'Duong Trung','2013-03-05 10:20:56',0,'','Software Inventory, Root entity, D'),(4778,'User',128,'0',20,'Duong Trung','2013-03-05 10:20:56',0,'',''),(4779,'User',129,'UserEmail',17,'Duong Trung','2013-03-05 10:20:56',0,'','tqle@apm.com'),(4780,'User',129,'Profile_User',17,'Duong Trung','2013-03-05 10:20:56',0,'','Software Inventory, Root entity, D'),(4781,'User',129,'0',20,'Duong Trung','2013-03-05 10:20:56',0,'',''),(4782,'User',130,'UserEmail',17,'Duong Trung','2013-03-05 10:20:57',0,'','tqnguyen@apm.com'),(4783,'User',130,'Profile_User',17,'Duong Trung','2013-03-05 10:20:57',0,'','Software Inventory, Root entity, D'),(4784,'User',130,'0',20,'Duong Trung','2013-03-05 10:20:57',0,'',''),(4785,'User',131,'UserEmail',17,'Duong Trung','2013-03-05 10:20:57',0,'','tqpham@apm.com'),(4786,'User',131,'Profile_User',17,'Duong Trung','2013-03-05 10:20:57',0,'','Software Inventory, Root entity, D'),(4787,'User',131,'0',20,'Duong Trung','2013-03-05 10:20:57',0,'',''),(4788,'User',132,'UserEmail',17,'Duong Trung','2013-03-05 10:20:57',0,'','tthle@apm.com'),(4789,'User',132,'Profile_User',17,'Duong Trung','2013-03-05 10:20:57',0,'','Software Inventory, Root entity, D'),(4790,'User',132,'0',20,'Duong Trung','2013-03-05 10:20:57',0,'',''),(4791,'User',133,'UserEmail',17,'Duong Trung','2013-03-05 10:20:58',0,'','tthoang@apm.com'),(4792,'User',133,'Profile_User',17,'Duong Trung','2013-03-05 10:20:58',0,'','Software Inventory, Root entity, D'),(4793,'User',133,'0',20,'Duong Trung','2013-03-05 10:20:58',0,'',''),(4794,'User',134,'UserEmail',17,'Duong Trung','2013-03-05 10:20:58',0,'','ttpham@apm.com'),(4795,'User',134,'Profile_User',17,'Duong Trung','2013-03-05 10:20:58',0,'','Software Inventory, Root entity, D'),(4796,'User',134,'0',20,'Duong Trung','2013-03-05 10:20:58',0,'',''),(4797,'User',135,'UserEmail',17,'Duong Trung','2013-03-05 10:20:58',0,'','tuanguyen@apm.com'),(4798,'User',135,'Profile_User',17,'Duong Trung','2013-03-05 10:20:58',0,'','Software Inventory, Root entity, D'),(4799,'User',135,'0',20,'Duong Trung','2013-03-05 10:20:58',0,'',''),(4800,'User',136,'UserEmail',17,'Duong Trung','2013-03-05 10:20:58',0,'','tuynguyen@apm.com'),(4801,'User',136,'Profile_User',17,'Duong Trung','2013-03-05 10:20:58',0,'','Software Inventory, Root entity, D'),(4802,'User',136,'0',20,'Duong Trung','2013-03-05 10:20:58',0,'',''),(4803,'User',137,'UserEmail',17,'Duong Trung','2013-03-05 10:20:59',0,'','tvnguyen@apm.com'),(4804,'User',137,'Profile_User',17,'Duong Trung','2013-03-05 10:20:59',0,'','Software Inventory, Root entity, D'),(4805,'User',137,'0',20,'Duong Trung','2013-03-05 10:20:59',0,'',''),(4806,'User',138,'UserEmail',17,'Duong Trung','2013-03-05 10:20:59',0,'','uvan@apm.com'),(4807,'User',138,'Profile_User',17,'Duong Trung','2013-03-05 10:20:59',0,'','Software Inventory, Root entity, D'),(4808,'User',138,'0',20,'Duong Trung','2013-03-05 10:20:59',0,'',''),(4809,'User',139,'UserEmail',17,'Duong Trung','2013-03-05 10:20:59',0,'','vhtnguyen@apm.com'),(4810,'User',139,'Profile_User',17,'Duong Trung','2013-03-05 10:20:59',0,'','Software Inventory, Root entity, D'),(4811,'User',139,'0',20,'Duong Trung','2013-03-05 10:20:59',0,'',''),(4812,'User',140,'UserEmail',17,'Duong Trung','2013-03-05 10:21:00',0,'','vltran@apm.com'),(4813,'User',140,'Profile_User',17,'Duong Trung','2013-03-05 10:21:00',0,'','Software Inventory, Root entity, D'),(4814,'User',140,'0',20,'Duong Trung','2013-03-05 10:21:00',0,'',''),(4815,'User',141,'UserEmail',17,'Duong Trung','2013-03-05 10:21:00',0,'','vphan@apm.com'),(4816,'User',141,'Profile_User',17,'Duong Trung','2013-03-05 10:21:00',0,'','Software Inventory, Root entity, D'),(4817,'User',141,'0',20,'Duong Trung','2013-03-05 10:21:00',0,'',''),(4818,'User',142,'UserEmail',17,'Duong Trung','2013-03-05 10:21:00',0,'','vpnguyen@apm.com'),(4819,'User',142,'Profile_User',17,'Duong Trung','2013-03-05 10:21:00',0,'','Software Inventory, Root entity, D'),(4820,'User',142,'0',20,'Duong Trung','2013-03-05 10:21:00',0,'',''),(4821,'User',143,'UserEmail',17,'Duong Trung','2013-03-05 10:21:01',0,'','yvo@apm.com'),(4822,'User',143,'Profile_User',17,'Duong Trung','2013-03-05 10:21:01',0,'','Software Inventory, Root entity, D'),(4823,'User',143,'0',20,'Duong Trung','2013-03-05 10:21:01',0,'',''),(4824,'Computer',70,'',0,'Duong Trung','2013-03-05 10:22:25',70,'&nbsp;','hha'),(4825,'Computer',51,'',0,'Duong Trung','2013-03-05 10:22:37',70,'&nbsp;','ktram'),(4826,'Computer',26,'',0,'Duong Trung','2013-03-05 10:23:21',70,'&nbsp;','hanguyen'),(4827,'PluginRacksRack',1,'',0,'Duong Trung','2013-03-05 10:36:57',4,'60','30'),(4828,'PluginRacksRack',2,'0',20,'Duong Trung','2013-03-05 10:38:29',0,'',''),(4829,'PluginRacksRack',3,'0',20,'Duong Trung','2013-03-05 10:38:52',0,'',''),(4830,'PluginRacksRack',3,'',0,'Duong Trung','2013-03-05 10:40:43',1,'RACK03','RACK011'),(4831,'PluginRacksRack',1,'',0,'Duong Trung','2013-03-05 10:40:55',1,'RACK01','RACK03'),(4832,'PluginRacksRack',3,'',0,'Duong Trung','2013-03-05 10:41:44',1,'RACK011','RACK01'),(4833,'PluginRacksRack',1,'',0,'Duong Trung','2013-03-05 10:42:49',3,'&nbsp;','Server Room'),(4834,'PluginRacksRack',2,'0',13,'Duong Trung','2013-03-05 10:43:54',0,'',''),(4835,'PluginRacksRack',1,'0',13,'Duong Trung','2013-03-05 10:44:11',0,'',''),(4836,'PluginRacksRack',3,'0',13,'Duong Trung','2013-03-05 10:44:16',0,'',''),(4837,'Location',1,'',0,'Duong Trung','2013-03-05 11:19:39',1,'Hardware','3rd Floor > Hardware'),(4838,'Location',3,'Location',17,'Duong Trung','2013-03-05 11:19:39',0,'','Hardware'),(4839,'Location',1,'Location',18,'Duong Trung','2013-03-05 11:19:39',0,'','3rd Floor'),(4840,'Location',2,'',0,'Duong Trung','2013-03-05 11:19:51',1,'IT','3rd Floor > IT'),(4841,'Location',3,'Location',17,'Duong Trung','2013-03-05 11:19:51',0,'','IT'),(4842,'Location',2,'Location',18,'Duong Trung','2013-03-05 11:19:51',0,'','3rd Floor'),(4843,'Location',4,'Location',17,'Duong Trung','2013-03-05 11:20:18',0,'','Software'),(4844,'Location',6,'0',20,'Duong Trung','2013-03-05 11:20:18',0,'',''),(4845,'Location',4,'Location',17,'Duong Trung','2013-03-05 11:20:36',0,'','ASIC'),(4846,'Location',7,'0',20,'Duong Trung','2013-03-05 11:20:36',0,'',''),(4847,'Location',4,'Location',17,'Duong Trung','2013-03-05 11:20:54',0,'','TransportASIC'),(4848,'Location',8,'0',20,'Duong Trung','2013-03-05 11:20:54',0,'',''),(4849,'Location',3,'Location',17,'Duong Trung','2013-03-05 11:21:13',0,'','Validation & Diag'),(4850,'Location',9,'0',20,'Duong Trung','2013-03-05 11:21:13',0,'',''),(4851,'Location',4,'Location',17,'Duong Trung','2013-03-05 11:21:32',0,'','BackEnd'),(4852,'Location',10,'0',20,'Duong Trung','2013-03-05 11:21:32',0,'',''),(4853,'PluginRacksRack',4,'0',20,'Duong Trung','2013-03-05 11:31:12',0,'',''),(4854,'PluginRacksRack',1,'',0,'Duong Trung','2013-03-05 11:33:24',3,'Server Room','&nbsp;'),(4855,'PluginRacksRack',4,'',0,'Duong Trung','2013-03-05 11:33:58',3,'&nbsp;','Server Room'),(4856,'PluginRacksRack',5,'0',20,'Duong Trung','2013-03-05 11:34:54',0,'',''),(4857,'PluginRacksRack',6,'0',20,'Duong Trung','2013-03-05 11:35:15',0,'',''),(4858,'Computer',229,'',0,'Duong Trung','2013-03-05 11:48:16',1,'HCMESXI01','HCMESXi01'),(4859,'NetworkEquipment',2,'',0,'Duong Trung','2013-03-05 12:10:41',1,'hcmrr99','HCMRR99'),(4860,'Computer',82,'',0,'Duong Trung','2013-03-05 12:15:12',70,'&nbsp;','tbtran'),(4861,'Computer',82,'',0,'Duong Trung','2013-03-05 12:15:28',53,'&nbsp;','Tecapro'),(4862,'Computer',70,'NetworkEquipment',7,'Duong Trung','2013-03-05 12:18:31',0,'','HCMSR01 > #Gi2/37'),(4863,'NetworkEquipment',4,'Computer',7,'Duong Trung','2013-03-05 12:18:31',0,'','#Gi2/37 > APM-laptop'),(4864,'Computer',70,'',0,'Duong Trung','2013-03-05 12:18:55',53,'&nbsp;','Tecapro'),(4865,'PluginRacksRack',6,'',0,'Duong Trung','2013-03-06 04:33:27',7,'&nbsp;','tduong'),(4866,'PluginRacksRack',6,'',0,'Duong Trung','2013-03-06 04:33:27',6,'&nbsp;','Hardware'),(4867,'Computer',254,'NetworkEquipment',7,'Duong Trung','2013-03-06 11:27:40',0,'','HCMSR01 > #Gi1/14'),(4868,'NetworkEquipment',4,'Computer',7,'Duong Trung','2013-03-06 11:27:40',0,'','#Gi1/14 > HCMR9PRP5Y'),(4869,'Location',10,'Netpoint',17,'Duong Trung','2013-03-06 11:28:18',0,'','2A-D-09'),(4870,'Netpoint',1,'0',20,'Duong Trung','2013-03-06 11:28:18',0,'',''),(4871,'Location',7,'Netpoint',17,'Duong Trung','2013-03-06 11:28:52',0,'','2A-D-09'),(4875,'Location',7,'Netpoint',19,'Duong Trung','2013-03-06 11:33:49',0,'2A-D-09',''),(4873,'Location',10,'Netpoint',17,'Duong Trung','2013-03-06 11:29:08',0,'','2AD09'),(4876,'Location',10,'Netpoint',19,'Duong Trung','2013-03-06 11:33:49',0,'2AD09',''),(4877,'Netpoint',1,'',0,'Duong Trung','2013-03-06 11:34:45',3,'2nd Floor > BackEnd','2nd Floor'),(4878,'NetworkPort',930,'',0,'Duong Trung','2013-03-06 11:35:04',9,'&nbsp;','2A-D-09 (2nd Floor)'),(4879,'NetworkPort',930,'',0,'Duong Trung','2013-03-06 11:35:28',1,'Lan1','Eth0'),(4880,'Computer',254,'',0,'Duong Trung','2013-03-06 11:36:00',70,'&nbsp;','hvtran'),(4881,'Printer',3,'',0,'Duong Trung','2013-03-06 11:36:18',3,'3rd Floor','2nd Floor'),(4882,'Printer',3,'',0,'Duong Trung','2013-03-06 11:36:18',70,'tduong','hvtran'),(4883,'Printer',3,'',0,'Duong Trung','2013-03-06 11:36:18',71,'IT','BE'),(4884,'Printer',3,'',0,'Duong Trung','2013-03-06 11:36:18',7,'','Hoai Van Tran'),(4885,'Computer',254,'Printer',15,'Duong Trung','2013-03-06 11:36:18',0,'','HCMCP3A02 (3)'),(4886,'Printer',3,'Computer',15,'Duong Trung','2013-03-06 11:36:18',0,'','HCMR9PRP5Y (254)'),(4887,'Computer',254,'',0,'Duong Trung','2013-03-06 11:36:38',53,'&nbsp;','Tecapro'),(4888,'Location',4,'Netpoint',17,'Duong Trung','2013-03-06 11:38:47',0,'','2A-D-02'),(4889,'Netpoint',4,'0',20,'Duong Trung','2013-03-06 11:38:47',0,'',''),(4890,'NetworkPort',752,'',0,'Duong Trung','2013-03-06 11:38:58',9,'&nbsp;','2A-D-02 (2nd Floor)'),(4891,'Location',4,'Netpoint',17,'Duong Trung','2013-03-06 11:39:30',0,'','2A-D-01'),(4892,'Netpoint',5,'0',20,'Duong Trung','2013-03-06 11:39:30',0,'',''),(4893,'Location',4,'Netpoint',17,'Duong Trung','2013-03-06 11:39:39',0,'','2A-d-03'),(4894,'Netpoint',6,'0',20,'Duong Trung','2013-03-06 11:39:39',0,'',''),(4895,'Netpoint',6,'',0,'Duong Trung','2013-03-06 11:39:52',1,'2A-d-03','2A-D-03'),(4896,'Location',4,'Netpoint',17,'Duong Trung','2013-03-06 11:40:05',0,'','2A-D-04'),(4897,'Netpoint',7,'0',20,'Duong Trung','2013-03-06 11:40:05',0,'',''),(4898,'Location',4,'Netpoint',17,'Duong Trung','2013-03-06 11:40:24',0,'','2A-D-05'),(4899,'Netpoint',8,'0',20,'Duong Trung','2013-03-06 11:40:24',0,'',''),(4900,'Location',4,'Netpoint',17,'Duong Trung','2013-03-06 11:40:33',0,'','2A-D-06'),(4901,'Netpoint',9,'0',20,'Duong Trung','2013-03-06 11:40:33',0,'',''),(4902,'Location',4,'Netpoint',17,'Duong Trung','2013-03-06 11:40:41',0,'','2A-D-07'),(4903,'Netpoint',10,'0',20,'Duong Trung','2013-03-06 11:40:41',0,'',''),(4904,'Location',4,'Netpoint',17,'Duong Trung','2013-03-06 11:40:51',0,'','2A-D-08'),(4905,'Netpoint',11,'0',20,'Duong Trung','2013-03-06 11:40:51',0,'',''),(4906,'Location',4,'Netpoint',17,'Duong Trung','2013-03-06 11:40:59',0,'','2A-D-10'),(4907,'Netpoint',12,'0',20,'Duong Trung','2013-03-06 11:40:59',0,'',''),(4908,'Location',4,'Netpoint',17,'Duong Trung','2013-03-06 11:41:18',0,'','2A-D-11'),(4909,'Netpoint',13,'0',20,'Duong Trung','2013-03-06 11:41:18',0,'',''),(4910,'Location',4,'Netpoint',17,'Duong Trung','2013-03-06 11:41:57',0,'','2A-D-12'),(4911,'Netpoint',14,'0',20,'Duong Trung','2013-03-06 11:41:57',0,'',''),(4912,'Location',4,'Netpoint',17,'Duong Trung','2013-03-06 11:42:04',0,'','2A-D-13'),(4913,'Netpoint',15,'0',20,'Duong Trung','2013-03-06 11:42:04',0,'',''),(4914,'Location',4,'Netpoint',17,'Duong Trung','2013-03-06 11:42:13',0,'','2A-D-14'),(4915,'Netpoint',16,'0',20,'Duong Trung','2013-03-06 11:42:13',0,'',''),(4916,'Location',4,'Netpoint',17,'Duong Trung','2013-03-06 11:42:18',0,'','2A-D-15'),(4917,'Netpoint',17,'0',20,'Duong Trung','2013-03-06 11:42:18',0,'',''),(4918,'Location',4,'Netpoint',17,'Duong Trung','2013-03-06 11:42:23',0,'','2A-D-16'),(4919,'Netpoint',18,'0',20,'Duong Trung','2013-03-06 11:42:23',0,'',''),(4920,'Location',4,'Netpoint',17,'Duong Trung','2013-03-06 11:42:29',0,'','2A-D-17'),(4921,'Netpoint',19,'0',20,'Duong Trung','2013-03-06 11:42:29',0,'',''),(4922,'Location',4,'Netpoint',17,'Duong Trung','2013-03-06 11:42:39',0,'','2A-D-18'),(4923,'Netpoint',20,'0',20,'Duong Trung','2013-03-06 11:42:39',0,'',''),(4924,'Location',4,'Netpoint',17,'Duong Trung','2013-03-06 11:42:45',0,'','2A-D-19'),(4925,'Netpoint',21,'0',20,'Duong Trung','2013-03-06 11:42:45',0,'',''),(4926,'Location',4,'Netpoint',17,'Duong Trung','2013-03-06 11:42:56',0,'','2A-D-20'),(4927,'Netpoint',22,'0',20,'Duong Trung','2013-03-06 11:42:56',0,'',''),(4928,'Location',4,'Netpoint',17,'Duong Trung','2013-03-06 11:43:00',0,'','2A-D-21'),(4929,'Netpoint',23,'0',20,'Duong Trung','2013-03-06 11:43:00',0,'',''),(4930,'Location',4,'Netpoint',17,'Duong Trung','2013-03-06 11:43:04',0,'','2A-D-22'),(4931,'Netpoint',24,'0',20,'Duong Trung','2013-03-06 11:43:04',0,'',''),(4932,'Location',4,'Netpoint',17,'Duong Trung','2013-03-06 11:43:09',0,'','2A-D-23'),(4933,'Netpoint',25,'0',20,'Duong Trung','2013-03-06 11:43:09',0,'',''),(4934,'Location',4,'Netpoint',17,'Duong Trung','2013-03-06 11:43:14',0,'','2A-D-24'),(4935,'Netpoint',26,'0',20,'Duong Trung','2013-03-06 11:43:14',0,'',''),(4936,'Location',4,'Netpoint',17,'Duong Trung','2013-03-06 11:43:18',0,'','25'),(4937,'Netpoint',27,'0',20,'Duong Trung','2013-03-06 11:43:18',0,'',''),(4938,'Netpoint',27,'',0,'Duong Trung','2013-03-06 11:43:29',1,'25','2A-D-25'),(4939,'Location',4,'Netpoint',17,'Duong Trung','2013-03-06 11:43:37',0,'','2A-D-26'),(4940,'Netpoint',28,'0',20,'Duong Trung','2013-03-06 11:43:37',0,'',''),(4941,'Location',4,'Netpoint',17,'Duong Trung','2013-03-06 11:43:42',0,'','2A-D-27'),(4942,'Netpoint',29,'0',20,'Duong Trung','2013-03-06 11:43:42',0,'',''),(4943,'Location',4,'Netpoint',17,'Duong Trung','2013-03-06 11:43:47',0,'','2A-D-28'),(4944,'Netpoint',30,'0',20,'Duong Trung','2013-03-06 11:43:47',0,'',''),(4945,'Location',4,'Netpoint',17,'Duong Trung','2013-03-06 11:43:52',0,'','2A-D-29'),(4946,'Netpoint',31,'0',20,'Duong Trung','2013-03-06 11:43:52',0,'',''),(4947,'Location',4,'Netpoint',17,'Duong Trung','2013-03-06 11:44:00',0,'','2A-D-30'),(4948,'Netpoint',32,'0',20,'Duong Trung','2013-03-06 11:44:00',0,'',''),(4949,'Computer',71,'NetworkEquipment',7,'Duong Trung','2013-03-06 11:44:58',0,'','HCMSR01 > #Gi3/40'),(4950,'NetworkEquipment',4,'Computer',7,'Duong Trung','2013-03-06 11:44:58',0,'','#Gi3/40 > HCMR9LM2P7'),(4951,'NetworkPort',805,'',0,'Duong Trung','2013-03-06 11:45:53',1,'Lan1','Eth0'),(4952,'NetworkPort',805,'',0,'Duong Trung','2013-03-06 11:45:53',9,'&nbsp;','2A-D-03 (2nd Floor)'),(4953,'Computer',124,'NetworkEquipment',7,'Duong Trung','2013-03-06 11:46:19',0,'','HCMSR01 > #Gi3/39'),(4954,'NetworkEquipment',4,'Computer',7,'Duong Trung','2013-03-06 11:46:19',0,'','#Gi3/39 > HCMCYR752S'),(4955,'NetworkEquipment',13,'0',20,'Duong Trung','2013-03-06 11:48:07',0,'',''),(4956,'NetworkEquipment',13,'NetworkPort',17,'Duong Trung','2013-03-06 11:48:47',0,'','LAN (945)'),(4957,'NetworkPort',945,'0',20,'Duong Trung','2013-03-06 11:48:47',0,'',''),(4958,'NetworkEquipment',13,'NetworkEquipment',7,'Duong Trung','2013-03-06 11:50:13',0,'','#LAN > HCMSR01 > #Gi3/43'),(4959,'NetworkEquipment',4,'NetworkEquipment',7,'Duong Trung','2013-03-06 11:50:13',0,'','#Gi3/43 > HCMWAP2A01 > #LAN'),(4960,'Computer',4,'NetworkPort',17,'Duong Trung','2013-03-07 05:06:19',0,'','Eth0 (946)'),(4961,'NetworkPort',946,'0',20,'Duong Trung','2013-03-07 05:06:19',0,'',''),(4962,'Computer',4,'NetworkEquipment',7,'Duong Trung','2013-03-07 05:07:01',0,'','HCMSR01 > #Gi3/34'),(4963,'NetworkEquipment',4,'Computer',7,'Duong Trung','2013-03-07 05:07:01',0,'','#Gi3/34 > HCM7QHJV1S'),(4964,'Computer',166,'',0,'Duong Trung','2013-03-07 05:18:46',31,'OK','Failure'),(4965,'Computer',166,'',0,'Duong Trung','2013-03-07 05:26:49',17,'Vinh Nguyen','IT'),(4966,'Computer',166,'',0,'Duong Trung','2013-03-07 05:26:49',71,'Software','IT'),(4967,'Computer',165,'',0,'Duong Trung','2013-03-07 05:27:34',17,'Vinh Nguyen','Vinh Phuc Nguyen'),(4968,'Computer',165,'',0,'Duong Trung','2013-03-07 05:27:34',70,'&nbsp;','vpnguyen'),(4969,'Computer',165,'',0,'Duong Trung','2013-03-07 05:28:31',17,'Vinh Phuc Nguyen','Vinh Tuong Huu Nguyen'),(4970,'Computer',165,'',0,'Duong Trung','2013-03-07 05:28:31',70,'vpnguyen','vhtnguye'),(4971,'NetworkEquipment',4,'NetworkPort',17,'Duong Trung','2013-03-07 05:33:31',0,'','Gi9/01 (947)'),(4972,'NetworkPort',947,'0',20,'Duong Trung','2013-03-07 05:33:31',0,'',''),(4973,'NetworkEquipment',4,'NetworkPort',17,'Duong Trung','2013-03-07 05:33:31',0,'','Gi9/02 (948)'),(4974,'NetworkPort',948,'0',20,'Duong Trung','2013-03-07 05:33:31',0,'',''),(4975,'NetworkEquipment',4,'NetworkPort',17,'Duong Trung','2013-03-07 05:33:31',0,'','Gi9/03 (949)'),(4976,'NetworkPort',949,'0',20,'Duong Trung','2013-03-07 05:33:31',0,'',''),(4977,'NetworkEquipment',4,'NetworkPort',17,'Duong Trung','2013-03-07 05:33:31',0,'','Gi9/04 (950)'),(4978,'NetworkPort',950,'0',20,'Duong Trung','2013-03-07 05:33:31',0,'',''),(4979,'NetworkEquipment',4,'NetworkPort',17,'Duong Trung','2013-03-07 05:33:31',0,'','Gi9/05 (951)'),(4980,'NetworkPort',951,'0',20,'Duong Trung','2013-03-07 05:33:31',0,'',''),(4981,'NetworkEquipment',4,'NetworkPort',17,'Duong Trung','2013-03-07 05:33:31',0,'','Gi9/06 (952)'),(4982,'NetworkPort',952,'0',20,'Duong Trung','2013-03-07 05:33:31',0,'',''),(4983,'NetworkEquipment',4,'NetworkPort',17,'Duong Trung','2013-03-07 05:33:31',0,'','Gi9/07 (953)'),(4984,'NetworkPort',953,'0',20,'Duong Trung','2013-03-07 05:33:31',0,'',''),(4985,'NetworkEquipment',4,'NetworkPort',17,'Duong Trung','2013-03-07 05:33:31',0,'','Gi9/08 (954)'),(4986,'NetworkPort',954,'0',20,'Duong Trung','2013-03-07 05:33:31',0,'',''),(4987,'NetworkEquipment',4,'NetworkPort',17,'Duong Trung','2013-03-07 05:33:31',0,'','Gi9/09 (955)'),(4988,'NetworkPort',955,'0',20,'Duong Trung','2013-03-07 05:33:31',0,'',''),(4989,'NetworkEquipment',4,'NetworkPort',17,'Duong Trung','2013-03-07 05:33:31',0,'','Gi9/10 (956)'),(4990,'NetworkPort',956,'0',20,'Duong Trung','2013-03-07 05:33:31',0,'',''),(4991,'NetworkEquipment',4,'NetworkPort',17,'Duong Trung','2013-03-07 05:33:31',0,'','Gi9/11 (957)'),(4992,'NetworkPort',957,'0',20,'Duong Trung','2013-03-07 05:33:31',0,'',''),(4993,'NetworkEquipment',4,'NetworkPort',17,'Duong Trung','2013-03-07 05:33:31',0,'','Gi9/12 (958)'),(4994,'NetworkPort',958,'0',20,'Duong Trung','2013-03-07 05:33:31',0,'',''),(4995,'NetworkEquipment',4,'NetworkPort',17,'Duong Trung','2013-03-07 05:33:31',0,'','Gi9/13 (959)'),(4996,'NetworkPort',959,'0',20,'Duong Trung','2013-03-07 05:33:31',0,'',''),(4997,'NetworkEquipment',4,'NetworkPort',17,'Duong Trung','2013-03-07 05:33:31',0,'','Gi9/14 (960)'),(4998,'NetworkPort',960,'0',20,'Duong Trung','2013-03-07 05:33:31',0,'',''),(4999,'NetworkEquipment',4,'NetworkPort',17,'Duong Trung','2013-03-07 05:33:31',0,'','Gi9/15 (961)'),(5000,'NetworkPort',961,'0',20,'Duong Trung','2013-03-07 05:33:31',0,'',''),(5001,'NetworkEquipment',4,'NetworkPort',17,'Duong Trung','2013-03-07 05:33:31',0,'','Gi9/16 (962)'),(5002,'NetworkPort',962,'0',20,'Duong Trung','2013-03-07 05:33:31',0,'',''),(5003,'NetworkEquipment',4,'NetworkPort',17,'Duong Trung','2013-03-07 05:33:31',0,'','Gi9/17 (963)'),(5004,'NetworkPort',963,'0',20,'Duong Trung','2013-03-07 05:33:31',0,'',''),(5005,'NetworkEquipment',4,'NetworkPort',17,'Duong Trung','2013-03-07 05:33:31',0,'','Gi9/18 (964)'),(5006,'NetworkPort',964,'0',20,'Duong Trung','2013-03-07 05:33:31',0,'',''),(5007,'NetworkEquipment',4,'NetworkPort',17,'Duong Trung','2013-03-07 05:33:31',0,'','Gi9/19 (965)'),(5008,'NetworkPort',965,'0',20,'Duong Trung','2013-03-07 05:33:31',0,'',''),(5009,'NetworkEquipment',4,'NetworkPort',17,'Duong Trung','2013-03-07 05:33:31',0,'','Gi9/20 (966)'),(5010,'NetworkPort',966,'0',20,'Duong Trung','2013-03-07 05:33:31',0,'',''),(5011,'NetworkEquipment',4,'NetworkPort',17,'Duong Trung','2013-03-07 05:33:31',0,'','Gi9/21 (967)'),(5012,'NetworkPort',967,'0',20,'Duong Trung','2013-03-07 05:33:31',0,'',''),(5013,'NetworkEquipment',4,'NetworkPort',17,'Duong Trung','2013-03-07 05:33:31',0,'','Gi9/22 (968)'),(5014,'NetworkPort',968,'0',20,'Duong Trung','2013-03-07 05:33:31',0,'',''),(5015,'NetworkEquipment',4,'NetworkPort',17,'Duong Trung','2013-03-07 05:33:31',0,'','Gi9/23 (969)'),(5016,'NetworkPort',969,'0',20,'Duong Trung','2013-03-07 05:33:31',0,'',''),(5017,'NetworkEquipment',4,'NetworkPort',17,'Duong Trung','2013-03-07 05:33:31',0,'','Gi9/24 (970)'),(5018,'NetworkPort',970,'0',20,'Duong Trung','2013-03-07 05:33:31',0,'',''),(5019,'NetworkEquipment',4,'NetworkPort',17,'Duong Trung','2013-03-07 05:33:31',0,'','Gi9/25 (971)'),(5020,'NetworkPort',971,'0',20,'Duong Trung','2013-03-07 05:33:31',0,'',''),(5021,'NetworkEquipment',4,'NetworkPort',17,'Duong Trung','2013-03-07 05:33:31',0,'','Gi9/26 (972)'),(5022,'NetworkPort',972,'0',20,'Duong Trung','2013-03-07 05:33:31',0,'',''),(5023,'NetworkEquipment',4,'NetworkPort',17,'Duong Trung','2013-03-07 05:33:31',0,'','Gi9/27 (973)'),(5024,'NetworkPort',973,'0',20,'Duong Trung','2013-03-07 05:33:31',0,'',''),(5025,'NetworkEquipment',4,'NetworkPort',17,'Duong Trung','2013-03-07 05:33:31',0,'','Gi9/28 (974)'),(5026,'NetworkPort',974,'0',20,'Duong Trung','2013-03-07 05:33:31',0,'',''),(5027,'NetworkEquipment',4,'NetworkPort',17,'Duong Trung','2013-03-07 05:33:31',0,'','Gi9/29 (975)'),(5028,'NetworkPort',975,'0',20,'Duong Trung','2013-03-07 05:33:31',0,'',''),(5029,'NetworkEquipment',4,'NetworkPort',17,'Duong Trung','2013-03-07 05:33:31',0,'','Gi9/30 (976)'),(5030,'NetworkPort',976,'0',20,'Duong Trung','2013-03-07 05:33:31',0,'',''),(5031,'NetworkEquipment',4,'NetworkPort',17,'Duong Trung','2013-03-07 05:33:31',0,'','Gi9/31 (977)'),(5032,'NetworkPort',977,'0',20,'Duong Trung','2013-03-07 05:33:31',0,'',''),(5033,'NetworkEquipment',4,'NetworkPort',17,'Duong Trung','2013-03-07 05:33:31',0,'','Gi9/32 (978)'),(5034,'NetworkPort',978,'0',20,'Duong Trung','2013-03-07 05:33:31',0,'',''),(5035,'NetworkEquipment',4,'NetworkPort',17,'Duong Trung','2013-03-07 05:33:31',0,'','Gi9/33 (979)'),(5036,'NetworkPort',979,'0',20,'Duong Trung','2013-03-07 05:33:31',0,'',''),(5037,'NetworkEquipment',4,'NetworkPort',17,'Duong Trung','2013-03-07 05:33:31',0,'','Gi9/34 (980)'),(5038,'NetworkPort',980,'0',20,'Duong Trung','2013-03-07 05:33:31',0,'',''),(5039,'NetworkEquipment',4,'NetworkPort',17,'Duong Trung','2013-03-07 05:33:31',0,'','Gi9/35 (981)'),(5040,'NetworkPort',981,'0',20,'Duong Trung','2013-03-07 05:33:31',0,'',''),(5041,'NetworkEquipment',4,'NetworkPort',17,'Duong Trung','2013-03-07 05:33:31',0,'','Gi9/36 (982)'),(5042,'NetworkPort',982,'0',20,'Duong Trung','2013-03-07 05:33:31',0,'',''),(5043,'NetworkEquipment',4,'NetworkPort',17,'Duong Trung','2013-03-07 05:33:31',0,'','Gi9/37 (983)'),(5044,'NetworkPort',983,'0',20,'Duong Trung','2013-03-07 05:33:31',0,'',''),(5045,'NetworkEquipment',4,'NetworkPort',17,'Duong Trung','2013-03-07 05:33:31',0,'','Gi9/38 (984)'),(5046,'NetworkPort',984,'0',20,'Duong Trung','2013-03-07 05:33:31',0,'',''),(5047,'NetworkEquipment',4,'NetworkPort',17,'Duong Trung','2013-03-07 05:33:31',0,'','Gi9/39 (985)'),(5048,'NetworkPort',985,'0',20,'Duong Trung','2013-03-07 05:33:31',0,'',''),(5049,'NetworkEquipment',4,'NetworkPort',17,'Duong Trung','2013-03-07 05:33:31',0,'','Gi9/40 (986)'),(5050,'NetworkPort',986,'0',20,'Duong Trung','2013-03-07 05:33:31',0,'',''),(5051,'NetworkEquipment',4,'NetworkPort',17,'Duong Trung','2013-03-07 05:33:31',0,'','Gi9/41 (987)'),(5052,'NetworkPort',987,'0',20,'Duong Trung','2013-03-07 05:33:31',0,'',''),(5053,'NetworkEquipment',4,'NetworkPort',17,'Duong Trung','2013-03-07 05:33:31',0,'','Gi9/42 (988)'),(5054,'NetworkPort',988,'0',20,'Duong Trung','2013-03-07 05:33:31',0,'',''),(5055,'NetworkEquipment',4,'NetworkPort',17,'Duong Trung','2013-03-07 05:33:31',0,'','Gi9/43 (989)'),(5056,'NetworkPort',989,'0',20,'Duong Trung','2013-03-07 05:33:31',0,'',''),(5057,'NetworkEquipment',4,'NetworkPort',17,'Duong Trung','2013-03-07 05:33:31',0,'','Gi9/44 (990)'),(5058,'NetworkPort',990,'0',20,'Duong Trung','2013-03-07 05:33:31',0,'',''),(5059,'NetworkEquipment',4,'NetworkPort',17,'Duong Trung','2013-03-07 05:33:31',0,'','Gi9/45 (991)'),(5060,'NetworkPort',991,'0',20,'Duong Trung','2013-03-07 05:33:31',0,'',''),(5061,'NetworkEquipment',4,'NetworkPort',17,'Duong Trung','2013-03-07 05:33:31',0,'','Gi9/46 (992)'),(5062,'NetworkPort',992,'0',20,'Duong Trung','2013-03-07 05:33:31',0,'',''),(5063,'NetworkEquipment',4,'NetworkPort',17,'Duong Trung','2013-03-07 05:33:31',0,'','Gi9/47 (993)'),(5064,'NetworkPort',993,'0',20,'Duong Trung','2013-03-07 05:33:31',0,'',''),(5065,'NetworkEquipment',4,'NetworkPort',17,'Duong Trung','2013-03-07 05:33:31',0,'','Gi9/48 (994)'),(5066,'NetworkPort',994,'0',20,'Duong Trung','2013-03-07 05:33:31',0,'',''),(5067,'NetworkEquipment',4,'NetworkPort',17,'Duong Trung','2013-03-07 05:34:12',0,'','Gi8/01 (995)'),(5068,'NetworkPort',995,'0',20,'Duong Trung','2013-03-07 05:34:12',0,'',''),(5069,'NetworkEquipment',4,'NetworkPort',17,'Duong Trung','2013-03-07 05:34:12',0,'','Gi8/02 (996)'),(5070,'NetworkPort',996,'0',20,'Duong Trung','2013-03-07 05:34:12',0,'',''),(5071,'NetworkEquipment',4,'NetworkPort',17,'Duong Trung','2013-03-07 05:34:12',0,'','Gi8/03 (997)'),(5072,'NetworkPort',997,'0',20,'Duong Trung','2013-03-07 05:34:12',0,'',''),(5073,'NetworkEquipment',4,'NetworkPort',17,'Duong Trung','2013-03-07 05:34:12',0,'','Gi8/04 (998)'),(5074,'NetworkPort',998,'0',20,'Duong Trung','2013-03-07 05:34:12',0,'',''),(5075,'NetworkEquipment',4,'NetworkPort',17,'Duong Trung','2013-03-07 05:34:12',0,'','Gi8/05 (999)'),(5076,'NetworkPort',999,'0',20,'Duong Trung','2013-03-07 05:34:12',0,'',''),(5077,'NetworkEquipment',4,'NetworkPort',17,'Duong Trung','2013-03-07 05:34:12',0,'','Gi8/06 (1000)'),(5078,'NetworkPort',1000,'0',20,'Duong Trung','2013-03-07 05:34:12',0,'',''),(5079,'NetworkEquipment',4,'NetworkPort',17,'Duong Trung','2013-03-07 05:34:12',0,'','Gi8/07 (1001)'),(5080,'NetworkPort',1001,'0',20,'Duong Trung','2013-03-07 05:34:12',0,'',''),(5081,'NetworkEquipment',4,'NetworkPort',17,'Duong Trung','2013-03-07 05:34:12',0,'','Gi8/08 (1002)'),(5082,'NetworkPort',1002,'0',20,'Duong Trung','2013-03-07 05:34:12',0,'',''),(5083,'NetworkEquipment',4,'NetworkPort',17,'Duong Trung','2013-03-07 05:34:12',0,'','Gi8/09 (1003)'),(5084,'NetworkPort',1003,'0',20,'Duong Trung','2013-03-07 05:34:12',0,'',''),(5085,'NetworkEquipment',4,'NetworkPort',17,'Duong Trung','2013-03-07 05:34:12',0,'','Gi8/10 (1004)'),(5086,'NetworkPort',1004,'0',20,'Duong Trung','2013-03-07 05:34:12',0,'',''),(5087,'NetworkEquipment',4,'NetworkPort',17,'Duong Trung','2013-03-07 05:34:12',0,'','Gi8/11 (1005)'),(5088,'NetworkPort',1005,'0',20,'Duong Trung','2013-03-07 05:34:12',0,'',''),(5089,'NetworkEquipment',4,'NetworkPort',17,'Duong Trung','2013-03-07 05:34:12',0,'','Gi8/12 (1006)'),(5090,'NetworkPort',1006,'0',20,'Duong Trung','2013-03-07 05:34:12',0,'',''),(5091,'NetworkEquipment',4,'NetworkPort',17,'Duong Trung','2013-03-07 05:34:12',0,'','Gi8/13 (1007)'),(5092,'NetworkPort',1007,'0',20,'Duong Trung','2013-03-07 05:34:12',0,'',''),(5093,'NetworkEquipment',4,'NetworkPort',17,'Duong Trung','2013-03-07 05:34:12',0,'','Gi8/14 (1008)'),(5094,'NetworkPort',1008,'0',20,'Duong Trung','2013-03-07 05:34:12',0,'',''),(5095,'NetworkEquipment',4,'NetworkPort',17,'Duong Trung','2013-03-07 05:34:12',0,'','Gi8/15 (1009)'),(5096,'NetworkPort',1009,'0',20,'Duong Trung','2013-03-07 05:34:12',0,'',''),(5097,'NetworkEquipment',4,'NetworkPort',17,'Duong Trung','2013-03-07 05:34:12',0,'','Gi8/16 (1010)'),(5098,'NetworkPort',1010,'0',20,'Duong Trung','2013-03-07 05:34:12',0,'',''),(5099,'NetworkEquipment',4,'NetworkPort',17,'Duong Trung','2013-03-07 05:34:12',0,'','Gi8/17 (1011)'),(5100,'NetworkPort',1011,'0',20,'Duong Trung','2013-03-07 05:34:12',0,'',''),(5101,'NetworkEquipment',4,'NetworkPort',17,'Duong Trung','2013-03-07 05:34:12',0,'','Gi8/18 (1012)'),(5102,'NetworkPort',1012,'0',20,'Duong Trung','2013-03-07 05:34:12',0,'',''),(5103,'NetworkEquipment',4,'NetworkPort',17,'Duong Trung','2013-03-07 05:34:12',0,'','Gi8/19 (1013)'),(5104,'NetworkPort',1013,'0',20,'Duong Trung','2013-03-07 05:34:12',0,'',''),(5105,'NetworkEquipment',4,'NetworkPort',17,'Duong Trung','2013-03-07 05:34:12',0,'','Gi8/20 (1014)'),(5106,'NetworkPort',1014,'0',20,'Duong Trung','2013-03-07 05:34:12',0,'',''),(5107,'NetworkEquipment',4,'NetworkPort',17,'Duong Trung','2013-03-07 05:34:12',0,'','Gi8/21 (1015)'),(5108,'NetworkPort',1015,'0',20,'Duong Trung','2013-03-07 05:34:12',0,'',''),(5109,'NetworkEquipment',4,'NetworkPort',17,'Duong Trung','2013-03-07 05:34:12',0,'','Gi8/22 (1016)'),(5110,'NetworkPort',1016,'0',20,'Duong Trung','2013-03-07 05:34:12',0,'',''),(5111,'NetworkEquipment',4,'NetworkPort',17,'Duong Trung','2013-03-07 05:34:12',0,'','Gi8/23 (1017)'),(5112,'NetworkPort',1017,'0',20,'Duong Trung','2013-03-07 05:34:12',0,'',''),(5113,'NetworkEquipment',4,'NetworkPort',17,'Duong Trung','2013-03-07 05:34:12',0,'','Gi8/24 (1018)'),(5114,'NetworkPort',1018,'0',20,'Duong Trung','2013-03-07 05:34:12',0,'',''),(5115,'NetworkEquipment',4,'NetworkPort',17,'Duong Trung','2013-03-07 05:34:12',0,'','Gi8/25 (1019)'),(5116,'NetworkPort',1019,'0',20,'Duong Trung','2013-03-07 05:34:12',0,'',''),(5117,'NetworkEquipment',4,'NetworkPort',17,'Duong Trung','2013-03-07 05:34:12',0,'','Gi8/26 (1020)'),(5118,'NetworkPort',1020,'0',20,'Duong Trung','2013-03-07 05:34:12',0,'',''),(5119,'NetworkEquipment',4,'NetworkPort',17,'Duong Trung','2013-03-07 05:34:12',0,'','Gi8/27 (1021)'),(5120,'NetworkPort',1021,'0',20,'Duong Trung','2013-03-07 05:34:12',0,'',''),(5121,'NetworkEquipment',4,'NetworkPort',17,'Duong Trung','2013-03-07 05:34:12',0,'','Gi8/28 (1022)'),(5122,'NetworkPort',1022,'0',20,'Duong Trung','2013-03-07 05:34:12',0,'',''),(5123,'NetworkEquipment',4,'NetworkPort',17,'Duong Trung','2013-03-07 05:34:12',0,'','Gi8/29 (1023)'),(5124,'NetworkPort',1023,'0',20,'Duong Trung','2013-03-07 05:34:12',0,'',''),(5125,'NetworkEquipment',4,'NetworkPort',17,'Duong Trung','2013-03-07 05:34:12',0,'','Gi8/30 (1024)'),(5126,'NetworkPort',1024,'0',20,'Duong Trung','2013-03-07 05:34:12',0,'',''),(5127,'NetworkEquipment',4,'NetworkPort',17,'Duong Trung','2013-03-07 05:34:12',0,'','Gi8/31 (1025)'),(5128,'NetworkPort',1025,'0',20,'Duong Trung','2013-03-07 05:34:12',0,'',''),(5129,'NetworkEquipment',4,'NetworkPort',17,'Duong Trung','2013-03-07 05:34:12',0,'','Gi8/32 (1026)'),(5130,'NetworkPort',1026,'0',20,'Duong Trung','2013-03-07 05:34:12',0,'',''),(5131,'NetworkEquipment',4,'NetworkPort',17,'Duong Trung','2013-03-07 05:34:12',0,'','Gi8/33 (1027)'),(5132,'NetworkPort',1027,'0',20,'Duong Trung','2013-03-07 05:34:12',0,'',''),(5133,'NetworkEquipment',4,'NetworkPort',17,'Duong Trung','2013-03-07 05:34:12',0,'','Gi8/34 (1028)'),(5134,'NetworkPort',1028,'0',20,'Duong Trung','2013-03-07 05:34:12',0,'',''),(5135,'NetworkEquipment',4,'NetworkPort',17,'Duong Trung','2013-03-07 05:34:12',0,'','Gi8/35 (1029)'),(5136,'NetworkPort',1029,'0',20,'Duong Trung','2013-03-07 05:34:12',0,'',''),(5137,'NetworkEquipment',4,'NetworkPort',17,'Duong Trung','2013-03-07 05:34:12',0,'','Gi8/36 (1030)'),(5138,'NetworkPort',1030,'0',20,'Duong Trung','2013-03-07 05:34:12',0,'',''),(5139,'NetworkEquipment',4,'NetworkPort',17,'Duong Trung','2013-03-07 05:34:12',0,'','Gi8/37 (1031)'),(5140,'NetworkPort',1031,'0',20,'Duong Trung','2013-03-07 05:34:12',0,'',''),(5141,'NetworkEquipment',4,'NetworkPort',17,'Duong Trung','2013-03-07 05:34:12',0,'','Gi8/38 (1032)'),(5142,'NetworkPort',1032,'0',20,'Duong Trung','2013-03-07 05:34:12',0,'',''),(5143,'NetworkEquipment',4,'NetworkPort',17,'Duong Trung','2013-03-07 05:34:12',0,'','Gi8/39 (1033)'),(5144,'NetworkPort',1033,'0',20,'Duong Trung','2013-03-07 05:34:12',0,'',''),(5145,'NetworkEquipment',4,'NetworkPort',17,'Duong Trung','2013-03-07 05:34:12',0,'','Gi8/40 (1034)'),(5146,'NetworkPort',1034,'0',20,'Duong Trung','2013-03-07 05:34:12',0,'',''),(5147,'NetworkEquipment',4,'NetworkPort',17,'Duong Trung','2013-03-07 05:34:12',0,'','Gi8/41 (1035)'),(5148,'NetworkPort',1035,'0',20,'Duong Trung','2013-03-07 05:34:12',0,'',''),(5149,'NetworkEquipment',4,'NetworkPort',17,'Duong Trung','2013-03-07 05:34:12',0,'','Gi8/42 (1036)'),(5150,'NetworkPort',1036,'0',20,'Duong Trung','2013-03-07 05:34:12',0,'',''),(5151,'NetworkEquipment',4,'NetworkPort',17,'Duong Trung','2013-03-07 05:34:12',0,'','Gi8/43 (1037)'),(5152,'NetworkPort',1037,'0',20,'Duong Trung','2013-03-07 05:34:12',0,'',''),(5153,'NetworkEquipment',4,'NetworkPort',17,'Duong Trung','2013-03-07 05:34:12',0,'','Gi8/44 (1038)'),(5154,'NetworkPort',1038,'0',20,'Duong Trung','2013-03-07 05:34:12',0,'',''),(5155,'NetworkEquipment',4,'NetworkPort',17,'Duong Trung','2013-03-07 05:34:12',0,'','Gi8/45 (1039)'),(5156,'NetworkPort',1039,'0',20,'Duong Trung','2013-03-07 05:34:12',0,'',''),(5157,'NetworkEquipment',4,'NetworkPort',17,'Duong Trung','2013-03-07 05:34:12',0,'','Gi8/46 (1040)'),(5158,'NetworkPort',1040,'0',20,'Duong Trung','2013-03-07 05:34:12',0,'',''),(5159,'NetworkEquipment',4,'NetworkPort',17,'Duong Trung','2013-03-07 05:34:12',0,'','Gi8/47 (1041)'),(5160,'NetworkPort',1041,'0',20,'Duong Trung','2013-03-07 05:34:12',0,'',''),(5161,'NetworkEquipment',4,'NetworkPort',17,'Duong Trung','2013-03-07 05:34:12',0,'','Gi8/48 (1042)'),(5162,'NetworkPort',1042,'0',20,'Duong Trung','2013-03-07 05:34:12',0,'',''),(5163,'Computer',18,'NetworkEquipment',7,'Duong Trung','2013-03-07 05:35:46',0,'','HCMSR01 > #Gi9/05'),(5164,'NetworkEquipment',4,'Computer',7,'Duong Trung','2013-03-07 05:35:46',0,'','#Gi9/05 > HCMLIC01'),(5165,'Computer',19,'NetworkEquipment',7,'Duong Trung','2013-03-07 05:36:52',0,'','HCMSR01 > #Gi9/01'),(5166,'NetworkEquipment',4,'Computer',7,'Duong Trung','2013-03-07 05:36:52',0,'','#Gi9/01 > HCMLIC02'),(5167,'Computer',20,'NetworkEquipment',7,'Duong Trung','2013-03-07 05:37:56',0,'','HCMSR01 > #Gi9/03'),(5168,'NetworkEquipment',4,'Computer',7,'Duong Trung','2013-03-07 05:37:56',0,'','#Gi9/03 > HCMLIC03'),(5169,'Computer',17,'NetworkEquipment',7,'Duong Trung','2013-03-07 05:38:40',0,'','HCMSR01 > #Gi9/22'),(5170,'NetworkEquipment',4,'Computer',7,'Duong Trung','2013-03-07 05:38:40',0,'','#Gi9/22 > HCMNBU01'),(5171,'NetworkPort',637,'',0,'Duong Trung','2013-03-07 05:39:20',1,'Eth1','Eth0'),(5172,'NetworkPort',740,'',0,'Duong Trung','2013-03-07 05:39:54',1,'Lan1','Eth0'),(5173,'NetworkPort',737,'',0,'Duong Trung','2013-03-07 05:40:53',1,'Lan1','Eth0'),(5174,'NetworkPort',649,'',0,'Duong Trung','2013-03-07 05:41:44',1,'Eth1','Eth0'),(5175,'NetworkPort',733,'',0,'Duong Trung','2013-03-07 05:42:05',1,'Lan1','Eth0'),(5176,'NetworkPort',928,'',0,'Duong Trung','2013-03-07 05:43:00',3,'0','1'),(5177,'NetworkPort',928,'',0,'Duong Trung','2013-03-07 05:43:00',1,'','Eth0'),(5178,'NetworkPort',751,'',0,'Duong Trung','2013-03-07 05:43:33',1,'Lan1','Eth0'),(5179,'NetworkPort',751,'',0,'Duong Trung','2013-03-07 05:44:37',9,'&nbsp;','2A-D-22 (2nd Floor)'),(5180,'NetworkPort',837,'',0,'Duong Trung','2013-03-07 05:45:12',1,'Lan1','Eth0'),(5181,'NetworkPort',762,'',0,'Duong Trung','2013-03-07 05:45:44',1,'Lan1','Eth0'),(5182,'Computer',6,'NetworkEquipment',7,'Duong Trung','2013-03-07 05:48:15',0,'','HCMSR01 > #Gi9/48'),(5183,'NetworkEquipment',4,'Computer',7,'Duong Trung','2013-03-07 05:48:15',0,'','#Gi9/48 > HCMLC001'),(5184,'NetworkPort',152,'',0,'Duong Trung','2013-03-07 05:48:27',1,'Eth1','Eth0'),(5185,'NetworkPort',153,'',0,'Duong Trung','2013-03-07 05:48:44',1,'Eth1','Eth0'),(5186,'Computer',15,'',0,'Duong Trung','2013-03-07 05:50:23',31,'Failure','Retired'),(5187,'NetworkPort',647,'',0,'Duong Trung','2013-03-07 05:50:33',1,'Eth1','Eth0'),(5188,'Computer',5,'',0,'Duong Trung','2013-03-07 05:51:30',4,'Infrastructure Server','Server'),(5189,'Computer',229,'',0,'Duong Trung','2013-03-07 05:51:30',4,'Infrastructure Server','Server'),(5190,'Computer',230,'',0,'Duong Trung','2013-03-07 05:51:30',4,'Infrastructure Server','Server'),(5191,'Computer',224,'',0,'Duong Trung','2013-03-07 05:51:30',4,'Infrastructure Server','Server'),(5192,'Computer',225,'',0,'Duong Trung','2013-03-07 05:51:30',4,'Infrastructure Server','Server'),(5193,'Computer',21,'',0,'Duong Trung','2013-03-07 05:51:30',4,'Infrastructure Server','Server'),(5194,'Computer',18,'',0,'Duong Trung','2013-03-07 05:51:30',4,'Infrastructure Server','Server'),(5195,'Computer',19,'',0,'Duong Trung','2013-03-07 05:51:30',4,'Infrastructure Server','Server'),(5196,'Computer',20,'',0,'Duong Trung','2013-03-07 05:51:30',4,'Infrastructure Server','Server'),(5197,'Computer',17,'',0,'Duong Trung','2013-03-07 05:51:30',4,'Infrastructure Server','Server'),(5198,'Computer',6,'',0,'Duong Trung','2013-03-07 05:52:26',4,'LSF-Server','Server'),(5199,'Computer',7,'',0,'Duong Trung','2013-03-07 05:52:26',4,'LSF-Server','Server'),(5200,'Computer',8,'',0,'Duong Trung','2013-03-07 05:52:26',4,'LSF-Server','Server'),(5201,'Computer',9,'',0,'Duong Trung','2013-03-07 05:52:26',4,'LSF-Server','Server'),(5202,'Computer',14,'',0,'Duong Trung','2013-03-07 05:52:26',4,'LSF-Server','Server'),(5203,'Computer',11,'',0,'Duong Trung','2013-03-07 05:52:26',4,'LSF-Server','Server'),(5204,'Computer',12,'',0,'Duong Trung','2013-03-07 05:52:26',4,'LSF-Server','Server'),(5205,'Computer',13,'',0,'Duong Trung','2013-03-07 05:52:26',4,'LSF-Server','Server'),(5206,'Computer',10,'',0,'Duong Trung','2013-03-07 05:52:26',4,'LSF-Server','Server'),(5207,'Computer',15,'',0,'Duong Trung','2013-03-07 05:52:26',4,'LSF-Server','Server'),(5208,'Computer',16,'',0,'Duong Trung','2013-03-07 05:52:26',4,'LSF-Server','Server'),(5209,'Computer',238,'',0,'Duong Trung','2013-03-07 05:52:26',4,'LSF-Server','Server'),(5210,'Computer',237,'',0,'Duong Trung','2013-03-07 05:52:26',4,'LSF-Server','Server'),(5211,'Computer',236,'',0,'Duong Trung','2013-03-07 05:52:26',4,'LSF-Server','Server'),(5212,'Computer',235,'',0,'Duong Trung','2013-03-07 05:52:26',4,'LSF-Server','Server'),(5213,'Computer',234,'',0,'Duong Trung','2013-03-07 05:52:26',4,'LSF-Server','Server'),(5214,'Computer',232,'',0,'Duong Trung','2013-03-07 05:52:26',4,'LSF-Server','Server'),(5215,'Computer',231,'',0,'Duong Trung','2013-03-07 05:52:26',4,'LSF-Server','Server'),(5216,'Computer',217,'',0,'Duong Trung','2013-03-07 05:52:26',4,'LSF-Server','Server'),(5217,'Computer',233,'',0,'Duong Trung','2013-03-07 05:53:22',4,'LSF-Server','Server'),(5218,'Computer',221,'',0,'Duong Trung','2013-03-07 05:53:58',4,'Storage Server','Server'),(5219,'Computer',222,'',0,'Duong Trung','2013-03-07 05:53:58',4,'Storage Server','Server'),(5220,'Computer',223,'',0,'Duong Trung','2013-03-07 05:54:23',4,'Tape Library','Server'),(5221,'Computer',228,'',0,'Duong Trung','2013-03-07 05:54:53',4,'Chassis','Server'),(5222,'Computer',222,'',0,'Duong Trung','2013-03-07 05:56:18',1,'hcmna02','HCMNA02'),(5223,'Computer',221,'',0,'Duong Trung','2013-03-07 05:56:31',1,'hcmna01','HCMNA02'),(5224,'Computer',221,'',0,'Duong Trung','2013-03-07 05:59:37',1,'HCMNA02','HCMNA01'),(5225,'Computer',221,'',0,'Duong Trung','2013-03-07 06:00:03',45,'ONTAP 8.0.1P3','ONTAP 8.0.1P3 7-Mode'),(5226,'Computer',222,'',0,'Duong Trung','2013-03-07 06:02:08',45,'ONTAP 8.0.1P3','ONTAP 8.0.1P3 7-Mode'),(5227,'Computer',226,'',0,'Duong Trung','2013-03-07 06:02:53',1,'hcmcon01','HCMNCON01'),(5228,'Computer',226,'',0,'Duong Trung','2013-03-07 06:02:53',16,'','Console Server'),(5229,'NetworkPort',907,'',0,'Duong Trung','2013-03-07 06:03:04',1,'Eth1','Eth0'),(5230,'Computer',227,'',0,'Duong Trung','2013-03-07 06:03:30',1,'hcmbotz01','HCMBOTZ01'),(5231,'NetworkPort',908,'',0,'Duong Trung','2013-03-07 06:03:36',1,'Eth1','Eth0'),(5232,'Computer',263,'',0,'Duong Trung','2013-03-07 06:04:43',31,'Free In Stock','OK'),(5233,'Computer',107,'',0,'Duong Trung','2013-03-07 06:05:04',31,'Free In Stock','OK'),(5234,'Computer',202,'',0,'Duong Trung','2013-03-07 06:05:31',31,'Free In Stock','OK'),(5235,'Computer',202,'',0,'Duong Trung','2013-03-07 06:05:38',31,'OK','Free In Stock'),(5236,'Computer',206,'',0,'Duong Trung','2013-03-07 06:05:55',31,'Free In Stock','OK'),(5237,'Computer',206,'',0,'Duong Trung','2013-03-07 06:05:55',70,'&nbsp;','dqnguyen'),(5238,'Computer',265,'',0,'Duong Trung','2013-03-07 06:06:52',3,'&nbsp;','2nd Floor > ASIC'),(5239,'Computer',265,'',0,'Duong Trung','2013-03-07 06:06:52',70,'&nbsp;','choang'),(5240,'NetworkPort',941,'',0,'Duong Trung','2013-03-07 06:07:00',1,'Lan1','Eth0'),(5241,'Computer',36,'',0,'Duong Trung','2013-03-07 06:07:38',31,'OK','Failure'),(5242,'Computer',36,'',0,'Duong Trung','2013-03-07 06:07:38',17,'','IT Room'),(5243,'Computer',54,'',0,'Duong Trung','2013-03-07 06:08:05',31,'OK','Free In Stock'),(5244,'Computer',54,'',0,'Duong Trung','2013-03-07 06:08:05',17,'','IT Room'),(5245,'Computer',65,'',0,'Duong Trung','2013-03-07 06:12:22',17,'','IT Room'),(5246,'Computer',78,'',0,'Duong Trung','2013-03-07 06:12:22',17,'','IT Room'),(5247,'Computer',79,'',0,'Duong Trung','2013-03-07 06:12:22',17,'','IT Room'),(5248,'Computer',84,'',0,'Duong Trung','2013-03-07 06:12:22',17,'','IT Room'),(5249,'Computer',85,'',0,'Duong Trung','2013-03-07 06:12:22',17,'','IT Room'),(5250,'Computer',116,'',0,'Duong Trung','2013-03-07 06:12:22',17,'','IT Room'),(5251,'Computer',117,'',0,'Duong Trung','2013-03-07 06:12:22',17,'','IT Room'),(5252,'Computer',142,'',0,'Duong Trung','2013-03-07 06:12:22',17,'','IT Room'),(5253,'Computer',145,'',0,'Duong Trung','2013-03-07 06:12:22',17,'','IT Room'),(5254,'Computer',147,'',0,'Duong Trung','2013-03-07 06:12:22',17,'','IT Room'),(5255,'Computer',169,'',0,'Duong Trung','2013-03-07 06:12:22',17,'','IT Room'),(5256,'Computer',172,'',0,'Duong Trung','2013-03-07 06:12:22',17,'','IT Room'),(5257,'Computer',174,'',0,'Duong Trung','2013-03-07 06:12:22',17,'','IT Room'),(5258,'Computer',175,'',0,'Duong Trung','2013-03-07 06:12:22',17,'','IT Room'),(5259,'Computer',176,'',0,'Duong Trung','2013-03-07 06:12:22',17,'','IT Room'),(5260,'Computer',177,'',0,'Duong Trung','2013-03-07 06:12:22',17,'','IT Room'),(5261,'Computer',178,'',0,'Duong Trung','2013-03-07 06:12:22',17,'','IT Room'),(5262,'Computer',180,'',0,'Duong Trung','2013-03-07 06:12:22',17,'','IT Room'),(5263,'Computer',181,'',0,'Duong Trung','2013-03-07 06:12:22',17,'','IT Room'),(5264,'Computer',182,'',0,'Duong Trung','2013-03-07 06:12:22',17,'','IT Room'),(5265,'Computer',187,'',0,'Duong Trung','2013-03-07 06:12:22',17,'','IT Room'),(5266,'Computer',188,'',0,'Duong Trung','2013-03-07 06:12:22',17,'','IT Room'),(5267,'Computer',189,'',0,'Duong Trung','2013-03-07 06:12:22',17,'','IT Room'),(5268,'Computer',190,'',0,'Duong Trung','2013-03-07 06:12:22',17,'','IT Room'),(5269,'Computer',191,'',0,'Duong Trung','2013-03-07 06:12:22',17,'','IT Room'),(5270,'Computer',192,'',0,'Duong Trung','2013-03-07 06:12:22',17,'','IT Room'),(5271,'Computer',193,'',0,'Duong Trung','2013-03-07 06:12:22',17,'','IT Room'),(5272,'Computer',196,'',0,'Duong Trung','2013-03-07 06:12:22',17,'','IT Room'),(5273,'Computer',198,'',0,'Duong Trung','2013-03-07 06:13:28',17,'','IT Room'),(5274,'Computer',199,'',0,'Duong Trung','2013-03-07 06:13:28',17,'','IT Room'),(5275,'Computer',207,'',0,'Duong Trung','2013-03-07 06:13:28',17,'','IT Room'),(5276,'Computer',208,'',0,'Duong Trung','2013-03-07 06:13:28',17,'','IT Room'),(5277,'Computer',210,'',0,'Duong Trung','2013-03-07 06:13:28',17,'','IT Room'),(5278,'Computer',211,'',0,'Duong Trung','2013-03-07 06:13:28',17,'','IT Room'),(5279,'Computer',212,'',0,'Duong Trung','2013-03-07 06:13:28',17,'','IT Room'),(5280,'Computer',213,'',0,'Duong Trung','2013-03-07 06:13:28',17,'','IT Room'),(5281,'Computer',214,'',0,'Duong Trung','2013-03-07 06:13:28',17,'','IT Room'),(5282,'Computer',215,'',0,'Duong Trung','2013-03-07 06:13:28',17,'','IT Room'),(5283,'Computer',216,'',0,'Duong Trung','2013-03-07 06:13:28',17,'','IT Room'),(5284,'Computer',239,'',0,'Duong Trung','2013-03-07 06:13:28',17,'','IT Room'),(5285,'Computer',240,'',0,'Duong Trung','2013-03-07 06:13:28',17,'','IT Room'),(5286,'Computer',241,'',0,'Duong Trung','2013-03-07 06:13:28',17,'','IT Room'),(5287,'Computer',243,'',0,'Duong Trung','2013-03-07 06:13:28',17,'','IT Room'),(5288,'Computer',244,'',0,'Duong Trung','2013-03-07 06:13:28',17,'','IT Room'),(5289,'Computer',256,'',0,'Duong Trung','2013-03-07 06:15:48',31,'Free In Stock','New-In-Stock'),(5290,'Computer',258,'',0,'Duong Trung','2013-03-07 06:15:48',31,'Free In Stock','New-In-Stock'),(5291,'Computer',259,'',0,'Duong Trung','2013-03-07 06:15:48',31,'Free In Stock','New-In-Stock'),(5292,'Computer',260,'',0,'Duong Trung','2013-03-07 06:15:48',31,'Free In Stock','New-In-Stock'),(5293,'Computer',262,'',0,'Duong Trung','2013-03-07 06:15:48',31,'Free In Stock','New-In-Stock'),(5294,'Computer',264,'',0,'Duong Trung','2013-03-07 06:15:48',31,'Free In Stock','New-In-Stock'),(5295,'Computer',268,'',0,'Duong Trung','2013-03-07 06:15:48',31,'Free In Stock','New-In-Stock'),(5296,'Computer',183,'',0,'Duong Trung','2013-03-07 06:17:01',31,'OK','Free In Stock'),(5297,'Computer',183,'',0,'Duong Trung','2013-03-07 06:17:18',17,'Trung Duong','IT Room'),(5298,'Computer',202,'',0,'Duong Trung','2013-03-07 06:17:18',17,'Trung Duong','IT Room'),(5299,'Computer',183,'',0,'Duong Trung','2013-03-07 06:18:11',71,'BE','IT'),(5307,'NetworkPort',817,'',0,'Duong Trung','2013-03-07 07:06:56',1,'Lan1','Eth0'),(5308,'Computer',71,'',0,'Duong Trung','2013-03-07 07:08:46',70,'&nbsp;','smai'),(5309,'NetworkPort',752,'',0,'Duong Trung','2013-03-07 07:08:48',9,'2A-D-02 (2nd Floor)','&nbsp;'),(5310,'Computer',71,'NetworkEquipment',6,'Duong Trung','2013-03-07 07:08:48',0,'HCMSR01 > #Gi3/40',''),(5311,'NetworkEquipment',4,'Computer',6,'Duong Trung','2013-03-07 07:08:48',0,'#Gi3/40 > HCMR9LM2P7',''),(5312,'Computer',136,'NetworkEquipment',7,'Duong Trung','2013-03-07 07:10:32',0,'','HCMSR01 > #Gi3/40'),(5313,'NetworkEquipment',4,'Computer',7,'Duong Trung','2013-03-07 07:10:32',0,'','#Gi3/40 > HCM9WJ14R1'),(5314,'Computer',136,'',0,'Duong Trung','2013-03-07 07:12:20',70,'&nbsp;','dvo'),(5315,'Computer',194,'',0,'Duong Trung','2013-03-11 05:31:08',31,'OK','Retired'),(5316,'Computer',194,'',0,'Duong Trung','2013-03-11 05:31:08',16,'','Lost - reported on mar 11, Monday 2013'),(5317,'Computer',147,'',0,'Duong Trung','2013-03-11 06:22:33',1,'hcm','HCM71N4QF1'),(5318,'Computer',147,'',0,'Duong Trung','2013-03-11 06:22:59',3,'2nd Floor','3rd Floor > Validation & Diag'),(5319,'Computer',147,'',0,'Duong Trung','2013-03-11 06:22:59',24,'&nbsp;','bxnguyen'),(5320,'Computer',147,'',0,'Duong Trung','2013-03-11 06:22:59',49,'IT','Validation'),(5321,'Computer',147,'',0,'Duong Trung','2013-03-11 06:22:59',17,'IT Room','Bao Xuan Nguyen'),(5322,'Computer',147,'',0,'Duong Trung','2013-03-11 06:23:10',71,'IT','Validation'),(5323,'Computer',147,'',0,'Duong Trung','2013-03-11 06:23:10',45,'Ubuntu Client','MS Windows XP x32'),(5324,'Computer',147,'',0,'Duong Trung','2013-03-11 06:23:24',53,'&nbsp;','APM Sunnyvale'),(5325,'NetworkPort',828,'',0,'Duong Trung','2013-03-11 06:23:36',1,'Lan1','Eth0'),(5326,'Computer',147,'',0,'Duong Trung','2013-03-11 07:08:22',31,'OK','Failure'),(5327,'Computer',147,'',0,'Duong Trung','2013-03-11 07:08:22',3,'3rd Floor > Validation & Diag','3rd Floor > IT Data Center'),(5328,'Computer',147,'',0,'Duong Trung','2013-03-11 07:08:22',24,'bxnguyen','&nbsp;'),(5329,'Computer',147,'',0,'Duong Trung','2013-03-11 07:08:22',49,'Validation','IT'),(5330,'Computer',147,'',0,'Duong Trung','2013-03-11 07:08:22',17,'Bao Xuan Nguyen',''),(5331,'Computer',147,'',0,'Duong Trung','2013-03-11 07:08:22',71,'Validation','&nbsp;'),(5332,'Computer',174,'',0,'Duong Trung','2013-03-11 10:44:52',1,'HCM3J1RT1S02','HCM3J1RT1S'),(5333,'Computer',174,'',0,'Duong Trung','2013-03-11 10:44:52',49,'IT','Validation'),(5334,'Computer',174,'',0,'Duong Trung','2013-03-11 10:44:52',17,'IT Room','Bao Xuan Nguyen'),(5335,'Computer',174,'',0,'Duong Trung','2013-03-11 10:44:52',70,'&nbsp;','bxnguyen'),(5336,'Computer',174,'',0,'Duong Trung','2013-03-11 10:44:52',71,'IT','Validation'),(5337,'Computer',174,'',0,'Duong Trung','2013-03-11 10:45:21',16,'','After T420s lost on Mar 11, 2013'),(5338,'Computer',174,'',0,'Duong Trung','2013-03-11 11:34:56',3,'2nd Floor','3rd Floor > Validation & Diag'),(5339,'NetworkPort',855,'',0,'Duong Trung','2013-03-11 11:35:10',1,'Lan1','Eth0'),(5340,'Computer',57,'',0,'Duong Trung','2013-03-11 12:56:35',1,'HCM3J1RT1S','HCMD1N4QF1'),(5341,'Computer',129,'',0,'Duong Trung','2013-03-18 09:55:14',70,'&nbsp;','hqbui'),(5342,'NetworkPort',810,'',0,'Duong Trung','2013-03-18 09:55:38',4,'','5c:26:0a:5e:4a:12'),(5343,'Computer',129,'',0,'Duong Trung','2013-03-18 09:57:10',16,'','5c26.0a5e.4a12'),(5344,'Computer',129,'',0,'Duong Trung','2013-03-18 09:57:16',16,'5c26.0a5e.4a12','MAC: 5c26.0a5e.4a12'),(5345,'NetworkPort',810,'',0,'Duong Trung','2013-03-18 10:09:19',16,'','5c26.0a5e.4a12'),(5346,'Computer',129,'',0,'Duong Trung','2013-03-18 10:10:21',16,'MAC: 5c26.0a5e.4a12','MAC: 5c26.0a5e.4a12rn5c260a5e4a12'),(5347,'Computer',84,'',0,'Duong Trung','2013-03-19 06:16:48',49,'IT','Validation'),(5348,'Computer',84,'',0,'Duong Trung','2013-03-19 06:16:48',17,'IT Room','Cong Pham'),(5349,'Computer',84,'',0,'Duong Trung','2013-03-19 06:17:15',70,'&nbsp;','cpham'),(5350,'Computer',84,'',0,'Duong Trung','2013-03-19 06:17:15',71,'IT','Validation'),(5351,'Computer',84,'',0,'Duong Trung','2013-03-19 06:17:15',16,'','Loaner on Mar 19, 2013'),(5352,'Computer',175,'',0,'Duong Trung','2013-03-19 06:18:33',49,'IT','Validation'),(5353,'Computer',175,'',0,'Duong Trung','2013-03-19 06:18:33',17,'IT Room','Cong Pham'),(5354,'Computer',175,'',0,'Duong Trung','2013-03-19 06:18:33',70,'&nbsp;','cpham'),(5355,'Computer',175,'',0,'Duong Trung','2013-03-19 06:18:33',71,'IT','Validation'),(5356,'Computer',175,'',0,'Duong Trung','2013-03-19 06:18:33',16,'','loaner on Mar 19, 2013'),(5357,'Computer',175,'',0,'Duong Trung','2013-03-19 10:51:27',16,'loaner on Mar 19, 2013','loaner on Mar 19, 2013rnMAC: 00:26:B9:B2:92:29'),(5358,'Computer',175,'',0,'Duong Trung','2013-03-19 10:51:36',45,'Ubuntu Client','MS Windows XP x32'),(5359,'Computer',118,'',0,'Duong Trung','2013-03-21 10:18:44',49,'Validation','&nbsp;'),(5360,'Computer',118,'',0,'Duong Trung','2013-03-21 10:18:44',17,'Tien Van Nguyen',''),(5361,'Computer',118,'',0,'Duong Trung','2013-03-21 10:18:44',16,'Terminated on Jan 18, 2013. Returned on Jan 18, 2013 (Pham Van Vinh - Validation)- Transferred to Tien Van Nguyen\r\n','rn'),(5362,'Computer',122,'',0,'Duong Trung','2013-03-21 10:19:38',49,'IT','Validation'),(5363,'Computer',122,'',0,'Duong Trung','2013-03-21 10:19:38',17,'','Tien Van Nguyen'),(5364,'Computer',122,'',0,'Duong Trung','2013-03-21 10:19:38',70,'&nbsp;','tvnguyen'),(5365,'Computer',122,'',0,'Duong Trung','2013-03-21 10:19:38',71,'IT','Validation'),(5366,'Computer',118,'',0,'Duong Trung','2013-03-21 10:28:45',31,'OK','Free In Stock'),(5367,'Computer',118,'',0,'Duong Trung','2013-03-21 10:28:45',16,'\r\n',''),(5368,'Computer',118,'',0,'Duong Trung','2013-03-21 10:29:48',16,'','HDD swapped with Tien Nguyen'),(5369,'Computer',57,'',0,'Duong Trung','2013-03-21 10:33:49',49,'IT','Validation'),(5370,'Computer',57,'',0,'Duong Trung','2013-03-21 10:33:49',70,'&nbsp;','hphan'),(5371,'Computer',57,'',0,'Duong Trung','2013-03-21 10:33:49',71,'IT','Validation'),(5372,'Computer',28,'',0,'Duong Trung','2013-03-22 06:23:21',70,'&nbsp;','tdoan'),(5373,'Computer',28,'',0,'Duong Trung','2013-03-22 06:23:30',16,'','5c26.0a63.b1f1'),(5374,'NetworkPort',661,'',0,'Duong Trung','2013-03-22 06:25:40',4,'','5c:26:0a:63:b1:f1'),(5375,'NetworkPort',661,'',0,'Duong Trung','2013-03-22 06:25:52',1,'Lan1','Eth0'),(5376,'NetworkPort',799,'',0,'Duong Trung','2013-03-22 06:27:53',1,'Lan1','Eth0'),(5377,'NetworkPort',799,'',0,'Duong Trung','2013-03-22 06:27:53',4,'','5c:26:0a:5d:b9:56'),(5378,'NetworkPort',675,'',0,'Duong Trung','2013-03-22 07:05:38',1,'Lan1','Eth0'),(5379,'NetworkPort',675,'',0,'Duong Trung','2013-03-22 07:05:38',4,'','00:26:b9:b5:a5:88'),(5380,'Location',3,'Netpoint',17,'Duong Trung','2013-03-22 07:06:39',0,'','3B-D-10'),(5381,'Netpoint',33,'0',20,'Duong Trung','2013-03-22 07:06:39',0,'',''),(5382,'NetworkPort',675,'',0,'Duong Trung','2013-03-22 07:06:51',9,'&nbsp;','3B-D-10 (3rd Floor)'),(5383,'Location',3,'Netpoint',17,'Duong Trung','2013-03-22 07:07:39',0,'','3B-D-01'),(5384,'Netpoint',34,'0',20,'Duong Trung','2013-03-22 07:07:39',0,'',''),(5385,'Location',3,'Netpoint',17,'Duong Trung','2013-03-22 07:07:49',0,'','3B-D-02'),(5386,'Netpoint',35,'0',20,'Duong Trung','2013-03-22 07:07:49',0,'',''),(5387,'Location',3,'Netpoint',17,'Duong Trung','2013-03-22 07:08:00',0,'','3B-D-03'),(5388,'Netpoint',36,'0',20,'Duong Trung','2013-03-22 07:08:00',0,'',''),(5389,'Location',3,'Netpoint',17,'Duong Trung','2013-03-22 07:08:06',0,'','3B-D-04'),(5390,'Netpoint',37,'0',20,'Duong Trung','2013-03-22 07:08:06',0,'',''),(5391,'Location',3,'Netpoint',17,'Duong Trung','2013-03-22 07:08:11',0,'','3B-D-05'),(5392,'Netpoint',38,'0',20,'Duong Trung','2013-03-22 07:08:11',0,'',''),(5393,'Location',3,'Netpoint',17,'Duong Trung','2013-03-22 07:08:16',0,'','3B-D-06'),(5394,'Netpoint',39,'0',20,'Duong Trung','2013-03-22 07:08:16',0,'',''),(5395,'Location',3,'Netpoint',17,'Duong Trung','2013-03-22 07:08:23',0,'','3B-D-07'),(5396,'Netpoint',40,'0',20,'Duong Trung','2013-03-22 07:08:23',0,'',''),(5397,'Location',3,'Netpoint',17,'Duong Trung','2013-03-22 07:08:29',0,'','3B-D-08'),(5398,'Netpoint',41,'0',20,'Duong Trung','2013-03-22 07:08:29',0,'',''),(5399,'Location',3,'Netpoint',17,'Duong Trung','2013-03-22 07:08:34',0,'','3B-D-09'),(5400,'Netpoint',42,'0',20,'Duong Trung','2013-03-22 07:08:34',0,'',''),(5401,'Location',3,'Netpoint',17,'Duong Trung','2013-03-22 07:08:48',0,'','3B-D-10'),(5402,'Netpoint',43,'0',20,'Duong Trung','2013-03-22 07:08:48',0,'',''),(5403,'Location',3,'Netpoint',17,'Duong Trung','2013-03-22 07:08:53',0,'','3B-D-11'),(5404,'Netpoint',44,'0',20,'Duong Trung','2013-03-22 07:08:53',0,'',''),(5405,'Location',3,'Netpoint',17,'Duong Trung','2013-03-22 07:08:57',0,'','3B-D-12'),(5406,'Netpoint',45,'0',20,'Duong Trung','2013-03-22 07:08:57',0,'',''),(5407,'Location',3,'Netpoint',17,'Duong Trung','2013-03-22 07:09:03',0,'','3B-D-13'),(5408,'Netpoint',46,'0',20,'Duong Trung','2013-03-22 07:09:03',0,'',''),(5409,'Location',3,'Netpoint',17,'Duong Trung','2013-03-22 07:09:08',0,'','3B-D-14'),(5410,'Netpoint',47,'0',20,'Duong Trung','2013-03-22 07:09:08',0,'',''),(5411,'Location',3,'Netpoint',17,'Duong Trung','2013-03-22 07:09:17',0,'','3B-D-15'),(5412,'Netpoint',48,'0',20,'Duong Trung','2013-03-22 07:09:17',0,'',''),(5413,'Location',3,'Netpoint',17,'Duong Trung','2013-03-22 07:09:22',0,'','3B-D-16'),(5414,'Netpoint',49,'0',20,'Duong Trung','2013-03-22 07:09:22',0,'',''),(5415,'Location',3,'Netpoint',17,'Duong Trung','2013-03-22 07:09:28',0,'','3B-D-17'),(5416,'Netpoint',50,'0',20,'Duong Trung','2013-03-22 07:09:28',0,'',''),(5417,'Location',3,'Netpoint',17,'Duong Trung','2013-03-22 07:10:41',0,'','3B-D-18'),(5418,'Netpoint',51,'0',20,'Duong Trung','2013-03-22 07:10:41',0,'',''),(5419,'Location',3,'Netpoint',17,'Duong Trung','2013-03-22 07:10:47',0,'','3B-D-19'),(5420,'Netpoint',52,'0',20,'Duong Trung','2013-03-22 07:10:47',0,'',''),(5421,'Location',3,'Netpoint',17,'Duong Trung','2013-03-22 07:10:55',0,'','3B-D-20'),(5422,'Netpoint',53,'0',20,'Duong Trung','2013-03-22 07:10:55',0,'',''),(5423,'Location',3,'Netpoint',17,'Duong Trung','2013-03-22 07:11:01',0,'','3B-D-21'),(5424,'Netpoint',54,'0',20,'Duong Trung','2013-03-22 07:11:01',0,'',''),(5425,'Location',3,'Netpoint',17,'Duong Trung','2013-03-22 07:11:06',0,'','3B-D-22'),(5426,'Netpoint',55,'0',20,'Duong Trung','2013-03-22 07:11:06',0,'',''),(5427,'Location',3,'Netpoint',17,'Duong Trung','2013-03-22 07:11:12',0,'','3B-D-23'),(5428,'Netpoint',56,'0',20,'Duong Trung','2013-03-22 07:11:12',0,'',''),(5429,'Location',3,'Netpoint',17,'Duong Trung','2013-03-22 07:11:17',0,'','3B-D-24'),(5430,'Netpoint',57,'0',20,'Duong Trung','2013-03-22 07:11:17',0,'',''),(5431,'Location',3,'Netpoint',17,'Duong Trung','2013-03-22 07:11:23',0,'','3B-D-25'),(5432,'Netpoint',58,'0',20,'Duong Trung','2013-03-22 07:11:23',0,'',''),(5433,'Location',3,'Netpoint',17,'Duong Trung','2013-03-22 07:11:29',0,'','3B-D-26'),(5434,'Netpoint',59,'0',20,'Duong Trung','2013-03-22 07:11:29',0,'',''),(5435,'Location',3,'Netpoint',17,'Duong Trung','2013-03-22 07:11:34',0,'','3B-D-27'),(5436,'Netpoint',60,'0',20,'Duong Trung','2013-03-22 07:11:34',0,'',''),(5437,'Location',3,'Netpoint',17,'Duong Trung','2013-03-22 07:11:40',0,'','3B-D-28'),(5438,'Netpoint',61,'0',20,'Duong Trung','2013-03-22 07:11:40',0,'',''),(5439,'Location',3,'Netpoint',17,'Duong Trung','2013-03-22 07:11:46',0,'','3B-D-29'),(5440,'Netpoint',62,'0',20,'Duong Trung','2013-03-22 07:11:46',0,'',''),(5441,'Location',3,'Netpoint',17,'Duong Trung','2013-03-22 07:11:52',0,'','3B-D-30'),(5442,'Netpoint',63,'0',20,'Duong Trung','2013-03-22 07:11:52',0,'',''),(5443,'Location',3,'Netpoint',17,'Duong Trung','2013-03-22 07:11:59',0,'','3B-D-31'),(5444,'Netpoint',64,'0',20,'Duong Trung','2013-03-22 07:11:59',0,'',''),(5445,'Location',3,'Netpoint',17,'Duong Trung','2013-03-22 07:12:07',0,'','3B-D-32'),(5446,'Netpoint',65,'0',20,'Duong Trung','2013-03-22 07:12:07',0,'',''),(5447,'Location',3,'Netpoint',17,'Duong Trung','2013-03-22 07:12:14',0,'','3B-D-33'),(5448,'Netpoint',66,'0',20,'Duong Trung','2013-03-22 07:12:14',0,'',''),(5449,'Location',3,'Netpoint',17,'Duong Trung','2013-03-22 07:13:02',0,'','3B-D-34'),(5450,'Netpoint',67,'0',20,'Duong Trung','2013-03-22 07:13:02',0,'',''),(5451,'Location',3,'Netpoint',17,'Duong Trung','2013-03-22 07:13:07',0,'','3B-D-35'),(5452,'Netpoint',68,'0',20,'Duong Trung','2013-03-22 07:13:07',0,'',''),(5453,'Location',3,'Netpoint',17,'Duong Trung','2013-03-22 07:13:12',0,'','3B-D-36'),(5454,'Netpoint',69,'0',20,'Duong Trung','2013-03-22 07:13:12',0,'',''),(5455,'Location',3,'Netpoint',17,'Duong Trung','2013-03-22 07:13:17',0,'','3B-D-37'),(5456,'Netpoint',70,'0',20,'Duong Trung','2013-03-22 07:13:17',0,'',''),(5457,'NetworkPort',661,'',0,'Duong Trung','2013-03-22 07:14:19',9,'&nbsp;','3B-D-24 (3rd Floor)'),(5458,'Computer',127,'',0,'Duong Trung','2013-03-22 11:42:59',17,'Hung Huynh','Hien Phan'),(5459,'Computer',127,'',0,'Duong Trung','2013-03-22 11:42:59',70,'&nbsp;','hphan'),(5460,'Computer',127,'',0,'Duong Trung','2013-03-22 11:43:24',16,'','transferred to Hien Phan on Mar 22, 2013'),(5461,'Computer',127,'',0,'Duong Trung','2013-03-22 11:47:59',16,'transferred to Hien Phan on Mar 22, 2013','Transferred to Hien Phan on Mar 22, 2013'),(5462,'NetworkPort',808,'',0,'Duong Trung','2013-03-22 11:48:08',1,'Lan1','Eth0'),(5463,'NetworkPort',808,'',0,'Duong Trung','2013-03-22 11:48:49',4,'','5c:16:0a:64:24:26'),(5464,'Computer',138,'',0,'Duong Trung','2013-03-22 11:54:12',70,'&nbsp;','nnle'),(5465,'NetworkPort',819,'',0,'Duong Trung','2013-03-22 11:54:22',1,'Lan1','Eth0'),(5466,'Computer',118,'',0,'Duong Trung','2013-03-22 11:55:16',17,'','Ngoc Le'),(5467,'Computer',118,'',0,'Duong Trung','2013-03-22 11:55:16',70,'&nbsp;','nnle'),(5468,'Computer',118,'',0,'Duong Trung','2013-03-22 11:55:58',16,'HDD swapped with Tien Nguyen','Transferred to Ngoc Le on Mar 22, 2013 rnHDD swapped with Tien Nguyen'),(5469,'Computer',118,'',0,'Duong Trung','2013-03-22 11:56:14',31,'Free In Stock','OK'),(5470,'Computer',122,'',0,'Duong Trung','2013-03-22 12:02:17',31,'Free In Stock','OK'),(5471,'PluginBadgesBadge',1,'0',20,'Duong Trung','2013-03-26 13:08:51',0,'',''),(5472,'PluginBadgesBadge',1,'',0,'Duong Trung','2013-03-26 13:10:20',2,'&nbsp;','Employees'),(5473,'PluginBadgesBadge',1,'',0,'Duong Trung','2013-03-26 13:10:20',3,'','35571'),(5474,'PluginResourcesResource',1,'0',20,'Duong Trung','2013-03-26 13:11:38',0,'',''),(5475,'PluginResourcesResource',1,'',0,'Duong Trung','2013-03-26 13:16:26',4,'hvu','&nbsp;'),(5476,'PluginResourcesResource',1,'',0,'Duong Trung','2013-03-26 13:16:38',3,'&nbsp;','CDI-OpenEnded'),(5477,'PluginResourcesResource',1,'',0,'Duong Trung','2013-03-26 13:19:54',11,'&nbsp;','IT'),(5478,'PluginResourcesResource',1,'',0,'Duong Trung','2013-03-26 13:21:22',17,'&nbsp;','Employeeing'),(5479,'PluginBadgesBadge',2,'0',20,'Duong Trung','2013-03-26 13:27:27',0,'',''),(5480,'PluginResourcesResource',2,'0',20,'Duong Trung','2013-03-26 13:28:34',0,'',''),(5481,'User',118,'',0,'Duong Trung','2013-03-26 13:30:47',3,'&nbsp;','3rd Floor'),(5482,'User',118,'Group',15,'Duong Trung','2013-03-26 13:31:01',0,'','Hardware (1)'),(5483,'PluginBadgesBadge',3,'0',20,'Duong Trung','2013-03-26 13:34:13',0,'',''),(5484,'PluginBadgesBadge',3,'',0,'Duong Trung','2013-03-26 13:34:29',4,'','2012-09-13'),(5485,'PluginResourcesResource',3,'0',20,'Duong Trung','2013-03-26 13:35:31',0,'',''),(5486,'PluginResourcesResource',4,'0',20,'Duong Trung','2013-03-26 13:36:29',0,'',''),(5487,'Computer',26,'',0,'Duong Trung','2013-04-01 10:38:54',17,'Hao Nguyen','Bao Xuan Nguyen'),(5488,'Computer',26,'',0,'Duong Trung','2013-04-01 10:38:54',70,'hanguyen','bxnguyen'),(5489,'Computer',26,'',0,'Duong Trung','2013-04-01 10:38:54',16,'Sent to Tecapro for warranty on Feb 28, 2013 (Triet old temparoty)','- Sent to Tecapro for warranty on Feb 28, 2013 (Triet old temparoty)rn- Sent to Bao for using on April 1, 2013'),(5490,'Computer',43,'',0,'Duong Trung','2013-04-01 10:40:03',31,'Failure','OK'),(5491,'Computer',43,'',0,'Duong Trung','2013-04-01 10:40:03',49,'IT','Hardware'),(5492,'Computer',43,'',0,'Duong Trung','2013-04-01 10:40:03',17,'IT','Hao Thanh Nguyen'),(5493,'Computer',43,'',0,'Duong Trung','2013-04-01 10:40:03',70,'&nbsp;','hanguyen'),(5494,'Computer',43,'',0,'Duong Trung','2013-04-01 10:40:03',71,'IT','Hardware'),(5495,'Computer',43,'',0,'Duong Trung','2013-04-01 10:40:03',16,'HDD failed. IT is keeping','- HDD failed. IT is keepingrn- Hao is using (this was Triet\'s one before)'),(5496,'Computer',205,'',0,'Duong Trung','2013-04-01 10:40:36',49,'&nbsp;','Hardware'),(5497,'Computer',205,'',0,'Duong Trung','2013-04-01 10:40:36',71,'&nbsp;','Hardware'),(5498,'Computer',174,'',0,'Duong Trung','2013-04-01 10:42:32',49,'Validation','&nbsp;'),(5499,'Computer',174,'',0,'Duong Trung','2013-04-01 10:42:32',17,'Bao Xuan Nguyen','IT'),(5500,'Computer',174,'',0,'Duong Trung','2013-04-01 10:42:32',70,'bxnguyen','&nbsp;'),(5501,'Computer',174,'',0,'Duong Trung','2013-04-01 10:42:32',71,'Validation','&nbsp;'),(5502,'Computer',174,'',0,'Duong Trung','2013-04-01 10:42:32',16,'After T420s lost on Mar 11, 2013',''),(5503,'Computer',174,'',0,'Duong Trung','2013-04-01 10:43:20',3,'3rd Floor > Validation & Diag','&nbsp;'),(5504,'Computer',26,'',0,'Duong Trung','2013-04-02 05:31:48',49,'Hardware','Validation'),(5505,'Computer',26,'',0,'Duong Trung','2013-04-02 05:31:48',71,'Hardware','Validation'),(5506,'Computer',26,'',0,'Duong Trung','2013-04-02 05:31:48',45,'MS Windows XP x32','MS Windows 7 x64'),(5507,'Computer',174,'',0,'Duong Trung','2013-04-02 07:10:04',3,'&nbsp;','2nd Floor > ASIC'),(5508,'Computer',174,'',0,'Duong Trung','2013-04-02 07:10:04',49,'&nbsp;','ASIC'),(5509,'Computer',174,'',0,'Duong Trung','2013-04-02 07:10:04',17,'IT','Quat Bao'),(5510,'Computer',174,'',0,'Duong Trung','2013-04-02 07:10:04',71,'&nbsp;','ASIC'),(5511,'Computer',174,'',0,'Duong Trung','2013-04-02 07:10:04',16,'','Sent to Quat Bao on April 2, 2013 for home-using'),(5512,'User',8,'0',12,'','2013-04-15 05:52:00',0,'','Deleted user in LDAP directory'),(5513,'User',8,'0',12,'','2013-04-15 05:52:04',0,'','Deleted user in LDAP directory'),(5514,'AuthLDAP',1,'',0,'glpi','2013-04-15 05:55:31',5,'ou=users,ou=hcm,ou=asiapac,dc=ad,dc=amcc,dc=com','ou=hcm,ou=employees,ou=people,dc=ad,dc=amcc,dc=com'),(5515,'User',8,'0',12,'','2013-04-15 05:55:50',0,'','Deleted user in LDAP directory'),(5516,'User',8,'0',12,'','2013-04-15 05:55:57',0,'','Deleted user in LDAP directory'),(5517,'AuthLDAP',1,'',0,'glpi','2013-04-15 05:56:32',5,'ou=hcm,ou=employees,ou=people,dc=ad,dc=amcc,dc=com','ou=HCM,ou=Employees,ou=People,dc=ad,dc=amcc,dc=com'),(5518,'AuthLDAP',1,'',0,'glpi','2013-04-15 05:57:08',5,'ou=HCM,ou=Employees,ou=People,dc=ad,dc=amcc,dc=com','ou=hcm,ou=employees,ou=people,dc=ad,dc=amcc,dc=com'),(5519,'User',8,'0',12,'','2013-04-15 06:12:46',0,'','Deleted user in LDAP directory'),(5520,'AuthLDAP',1,'',0,'glpi','2013-04-15 06:16:15',5,'ou=hcm,ou=employees,ou=people,dc=ad,dc=amcc,dc=com','ou=HCM,ou=Employees,ou=People,dc=ad,dc=amcc,dc=com'),(5521,'Computer',269,'Infocom',17,'glpi','2013-04-18 10:55:48',0,'','N/A (263)'),(5522,'Infocom',263,'0',20,'glpi','2013-04-18 10:55:48',0,'',''),(5523,'Computer',269,'0',20,'glpi','2013-04-18 10:55:48',0,'','');
/*!40000 ALTER TABLE `glpi_logs` ENABLE KEYS */;
UNLOCK TABLES;

--
-- Table structure for table `glpi_mailcollectors`
--

DROP TABLE IF EXISTS `glpi_mailcollectors`;
/*!40101 SET @saved_cs_client     = @@character_set_client */;
/*!40101 SET character_set_client = utf8 */;
CREATE TABLE `glpi_mailcollectors` (
  `id` int(11) NOT NULL AUTO_INCREMENT,
  `name` varchar(255) COLLATE utf8_unicode_ci DEFAULT NULL,
  `host` varchar(255) COLLATE utf8_unicode_ci DEFAULT NULL,
  `login` varchar(255) COLLATE utf8_unicode_ci DEFAULT NULL,
  `filesize_max` int(11) NOT NULL DEFAULT '2097152',
  `is_active` tinyint(1) NOT NULL DEFAULT '1',
  `date_mod` datetime DEFAULT NULL,
  `comment` text COLLATE utf8_unicode_ci,
  `passwd` varchar(255) COLLATE utf8_unicode_ci DEFAULT NULL,
  PRIMARY KEY (`id`),
  KEY `is_active` (`is_active`),
  KEY `date_mod` (`date_mod`)
) ENGINE=MyISAM DEFAULT CHARSET=utf8 COLLATE=utf8_unicode_ci;
/*!40101 SET character_set_client = @saved_cs_client */;

--
-- Dumping data for table `glpi_mailcollectors`
--

LOCK TABLES `glpi_mailcollectors` WRITE;
/*!40000 ALTER TABLE `glpi_mailcollectors` DISABLE KEYS */;
/*!40000 ALTER TABLE `glpi_mailcollectors` ENABLE KEYS */;
UNLOCK TABLES;

--
-- Table structure for table `glpi_manufacturers`
--

DROP TABLE IF EXISTS `glpi_manufacturers`;
/*!40101 SET @saved_cs_client     = @@character_set_client */;
/*!40101 SET character_set_client = utf8 */;
CREATE TABLE `glpi_manufacturers` (
  `id` int(11) NOT NULL AUTO_INCREMENT,
  `name` varchar(255) COLLATE utf8_unicode_ci DEFAULT NULL,
  `comment` text COLLATE utf8_unicode_ci,
  PRIMARY KEY (`id`),
  KEY `name` (`name`)
) ENGINE=MyISAM AUTO_INCREMENT=11 DEFAULT CHARSET=utf8 COLLATE=utf8_unicode_ci;
/*!40101 SET character_set_client = @saved_cs_client */;

--
-- Dumping data for table `glpi_manufacturers`
--

LOCK TABLES `glpi_manufacturers` WRITE;
/*!40000 ALTER TABLE `glpi_manufacturers` DISABLE KEYS */;
INSERT INTO `glpi_manufacturers` VALUES (1,'Dell',''),(2,'Lenovo',''),(3,'Cisco',''),(4,'HP','HP Branch'),(5,'MicroSun',''),(6,'PaloAlto',''),(7,'NetApp',''),(8,'Avocent',''),(9,'NetBotz','APC/ ADP NetBotz'),(10,'Riverbed','');
/*!40000 ALTER TABLE `glpi_manufacturers` ENABLE KEYS */;
UNLOCK TABLES;

--
-- Table structure for table `glpi_monitormodels`
--

DROP TABLE IF EXISTS `glpi_monitormodels`;
/*!40101 SET @saved_cs_client     = @@character_set_client */;
/*!40101 SET character_set_client = utf8 */;
CREATE TABLE `glpi_monitormodels` (
  `id` int(11) NOT NULL AUTO_INCREMENT,
  `name` varchar(255) COLLATE utf8_unicode_ci DEFAULT NULL,
  `comment` text COLLATE utf8_unicode_ci,
  PRIMARY KEY (`id`),
  KEY `name` (`name`)
) ENGINE=MyISAM DEFAULT CHARSET=utf8 COLLATE=utf8_unicode_ci;
/*!40101 SET character_set_client = @saved_cs_client */;

--
-- Dumping data for table `glpi_monitormodels`
--

LOCK TABLES `glpi_monitormodels` WRITE;
/*!40000 ALTER TABLE `glpi_monitormodels` DISABLE KEYS */;
/*!40000 ALTER TABLE `glpi_monitormodels` ENABLE KEYS */;
UNLOCK TABLES;

--
-- Table structure for table `glpi_monitors`
--

DROP TABLE IF EXISTS `glpi_monitors`;
/*!40101 SET @saved_cs_client     = @@character_set_client */;
/*!40101 SET character_set_client = utf8 */;
CREATE TABLE `glpi_monitors` (
  `id` int(11) NOT NULL AUTO_INCREMENT,
  `entities_id` int(11) NOT NULL DEFAULT '0',
  `name` varchar(255) COLLATE utf8_unicode_ci DEFAULT NULL,
  `date_mod` datetime DEFAULT NULL,
  `contact` varchar(255) COLLATE utf8_unicode_ci DEFAULT NULL,
  `contact_num` varchar(255) COLLATE utf8_unicode_ci DEFAULT NULL,
  `users_id_tech` int(11) NOT NULL DEFAULT '0',
  `groups_id_tech` int(11) NOT NULL DEFAULT '0',
  `comment` text COLLATE utf8_unicode_ci,
  `serial` varchar(255) COLLATE utf8_unicode_ci DEFAULT NULL,
  `otherserial` varchar(255) COLLATE utf8_unicode_ci DEFAULT NULL,
  `size` int(11) NOT NULL DEFAULT '0',
  `have_micro` tinyint(1) NOT NULL DEFAULT '0',
  `have_speaker` tinyint(1) NOT NULL DEFAULT '0',
  `have_subd` tinyint(1) NOT NULL DEFAULT '0',
  `have_bnc` tinyint(1) NOT NULL DEFAULT '0',
  `have_dvi` tinyint(1) NOT NULL DEFAULT '0',
  `have_pivot` tinyint(1) NOT NULL DEFAULT '0',
  `have_hdmi` tinyint(1) NOT NULL DEFAULT '0',
  `have_displayport` tinyint(1) NOT NULL DEFAULT '0',
  `locations_id` int(11) NOT NULL DEFAULT '0',
  `monitortypes_id` int(11) NOT NULL DEFAULT '0',
  `monitormodels_id` int(11) NOT NULL DEFAULT '0',
  `manufacturers_id` int(11) NOT NULL DEFAULT '0',
  `is_global` tinyint(1) NOT NULL DEFAULT '0',
  `is_deleted` tinyint(1) NOT NULL DEFAULT '0',
  `is_template` tinyint(1) NOT NULL DEFAULT '0',
  `template_name` varchar(255) COLLATE utf8_unicode_ci DEFAULT NULL,
  `notepad` longtext COLLATE utf8_unicode_ci,
  `users_id` int(11) NOT NULL DEFAULT '0',
  `groups_id` int(11) NOT NULL DEFAULT '0',
  `states_id` int(11) NOT NULL DEFAULT '0',
  `ticket_tco` decimal(20,4) DEFAULT '0.0000',
  PRIMARY KEY (`id`),
  KEY `name` (`name`),
  KEY `is_template` (`is_template`),
  KEY `is_global` (`is_global`),
  KEY `entities_id` (`entities_id`),
  KEY `manufacturers_id` (`manufacturers_id`),
  KEY `groups_id` (`groups_id`),
  KEY `users_id` (`users_id`),
  KEY `locations_id` (`locations_id`),
  KEY `monitormodels_id` (`monitormodels_id`),
  KEY `states_id` (`states_id`),
  KEY `users_id_tech` (`users_id_tech`),
  KEY `monitortypes_id` (`monitortypes_id`),
  KEY `is_deleted` (`is_deleted`),
  KEY `groups_id_tech` (`groups_id_tech`)
) ENGINE=MyISAM DEFAULT CHARSET=utf8 COLLATE=utf8_unicode_ci;
/*!40101 SET character_set_client = @saved_cs_client */;

--
-- Dumping data for table `glpi_monitors`
--

LOCK TABLES `glpi_monitors` WRITE;
/*!40000 ALTER TABLE `glpi_monitors` DISABLE KEYS */;
/*!40000 ALTER TABLE `glpi_monitors` ENABLE KEYS */;
UNLOCK TABLES;

--
-- Table structure for table `glpi_monitortypes`
--

DROP TABLE IF EXISTS `glpi_monitortypes`;
/*!40101 SET @saved_cs_client     = @@character_set_client */;
/*!40101 SET character_set_client = utf8 */;
CREATE TABLE `glpi_monitortypes` (
  `id` int(11) NOT NULL AUTO_INCREMENT,
  `name` varchar(255) COLLATE utf8_unicode_ci DEFAULT NULL,
  `comment` text COLLATE utf8_unicode_ci,
  PRIMARY KEY (`id`),
  KEY `name` (`name`)
) ENGINE=MyISAM DEFAULT CHARSET=utf8 COLLATE=utf8_unicode_ci;
/*!40101 SET character_set_client = @saved_cs_client */;

--
-- Dumping data for table `glpi_monitortypes`
--

LOCK TABLES `glpi_monitortypes` WRITE;
/*!40000 ALTER TABLE `glpi_monitortypes` DISABLE KEYS */;
/*!40000 ALTER TABLE `glpi_monitortypes` ENABLE KEYS */;
UNLOCK TABLES;

--
-- Table structure for table `glpi_netpoints`
--

DROP TABLE IF EXISTS `glpi_netpoints`;
/*!40101 SET @saved_cs_client     = @@character_set_client */;
/*!40101 SET character_set_client = utf8 */;
CREATE TABLE `glpi_netpoints` (
  `id` int(11) NOT NULL AUTO_INCREMENT,
  `entities_id` int(11) NOT NULL DEFAULT '0',
  `locations_id` int(11) NOT NULL DEFAULT '0',
  `name` varchar(255) COLLATE utf8_unicode_ci DEFAULT NULL,
  `comment` text COLLATE utf8_unicode_ci,
  PRIMARY KEY (`id`),
  KEY `name` (`name`),
  KEY `complete` (`entities_id`,`locations_id`,`name`),
  KEY `location_name` (`locations_id`,`name`)
) ENGINE=MyISAM AUTO_INCREMENT=71 DEFAULT CHARSET=utf8 COLLATE=utf8_unicode_ci;
/*!40101 SET character_set_client = @saved_cs_client */;

--
-- Dumping data for table `glpi_netpoints`
--

LOCK TABLES `glpi_netpoints` WRITE;
/*!40000 ALTER TABLE `glpi_netpoints` DISABLE KEYS */;
INSERT INTO `glpi_netpoints` VALUES (1,0,4,'2A-D-09',''),(4,0,4,'2A-D-02',''),(5,0,4,'2A-D-01',''),(6,0,4,'2A-D-03',''),(7,0,4,'2A-D-04',''),(8,0,4,'2A-D-05',''),(9,0,4,'2A-D-06',''),(10,0,4,'2A-D-07',''),(11,0,4,'2A-D-08',''),(12,0,4,'2A-D-10',''),(13,0,4,'2A-D-11',''),(14,0,4,'2A-D-12',''),(15,0,4,'2A-D-13',''),(16,0,4,'2A-D-14',''),(17,0,4,'2A-D-15',''),(18,0,4,'2A-D-16',''),(19,0,4,'2A-D-17',''),(20,0,4,'2A-D-18',''),(21,0,4,'2A-D-19',''),(22,0,4,'2A-D-20',''),(23,0,4,'2A-D-21',''),(24,0,4,'2A-D-22',''),(25,0,4,'2A-D-23',''),(26,0,4,'2A-D-24',''),(27,0,4,'2A-D-25',''),(28,0,4,'2A-D-26',''),(29,0,4,'2A-D-27',''),(30,0,4,'2A-D-28',''),(31,0,4,'2A-D-29',''),(32,0,4,'2A-D-30',''),(33,0,3,'3B-D-10',''),(34,0,3,'3B-D-01',''),(35,0,3,'3B-D-02',''),(36,0,3,'3B-D-03',''),(37,0,3,'3B-D-04',''),(38,0,3,'3B-D-05',''),(39,0,3,'3B-D-06',''),(40,0,3,'3B-D-07',''),(41,0,3,'3B-D-08',''),(42,0,3,'3B-D-09',''),(43,0,3,'3B-D-10',''),(44,0,3,'3B-D-11',''),(45,0,3,'3B-D-12',''),(46,0,3,'3B-D-13',''),(47,0,3,'3B-D-14',''),(48,0,3,'3B-D-15',''),(49,0,3,'3B-D-16',''),(50,0,3,'3B-D-17',''),(51,0,3,'3B-D-18',''),(52,0,3,'3B-D-19',''),(53,0,3,'3B-D-20',''),(54,0,3,'3B-D-21',''),(55,0,3,'3B-D-22',''),(56,0,3,'3B-D-23',''),(57,0,3,'3B-D-24',''),(58,0,3,'3B-D-25',''),(59,0,3,'3B-D-26',''),(60,0,3,'3B-D-27',''),(61,0,3,'3B-D-28',''),(62,0,3,'3B-D-29',''),(63,0,3,'3B-D-30',''),(64,0,3,'3B-D-31',''),(65,0,3,'3B-D-32',''),(66,0,3,'3B-D-33',''),(67,0,3,'3B-D-34',''),(68,0,3,'3B-D-35',''),(69,0,3,'3B-D-36',''),(70,0,3,'3B-D-37','');
/*!40000 ALTER TABLE `glpi_netpoints` ENABLE KEYS */;
UNLOCK TABLES;

--
-- Table structure for table `glpi_networkequipmentfirmwares`
--

DROP TABLE IF EXISTS `glpi_networkequipmentfirmwares`;
/*!40101 SET @saved_cs_client     = @@character_set_client */;
/*!40101 SET character_set_client = utf8 */;
CREATE TABLE `glpi_networkequipmentfirmwares` (
  `id` int(11) NOT NULL AUTO_INCREMENT,
  `name` varchar(255) COLLATE utf8_unicode_ci DEFAULT NULL,
  `comment` text COLLATE utf8_unicode_ci,
  PRIMARY KEY (`id`),
  KEY `name` (`name`)
) ENGINE=MyISAM DEFAULT CHARSET=utf8 COLLATE=utf8_unicode_ci;
/*!40101 SET character_set_client = @saved_cs_client */;

--
-- Dumping data for table `glpi_networkequipmentfirmwares`
--

LOCK TABLES `glpi_networkequipmentfirmwares` WRITE;
/*!40000 ALTER TABLE `glpi_networkequipmentfirmwares` DISABLE KEYS */;
/*!40000 ALTER TABLE `glpi_networkequipmentfirmwares` ENABLE KEYS */;
UNLOCK TABLES;

--
-- Table structure for table `glpi_networkequipmentmodels`
--

DROP TABLE IF EXISTS `glpi_networkequipmentmodels`;
/*!40101 SET @saved_cs_client     = @@character_set_client */;
/*!40101 SET character_set_client = utf8 */;
CREATE TABLE `glpi_networkequipmentmodels` (
  `id` int(11) NOT NULL AUTO_INCREMENT,
  `name` varchar(255) COLLATE utf8_unicode_ci DEFAULT NULL,
  `comment` text COLLATE utf8_unicode_ci,
  PRIMARY KEY (`id`),
  KEY `name` (`name`)
) ENGINE=MyISAM AUTO_INCREMENT=7 DEFAULT CHARSET=utf8 COLLATE=utf8_unicode_ci;
/*!40101 SET character_set_client = @saved_cs_client */;

--
-- Dumping data for table `glpi_networkequipmentmodels`
--

LOCK TABLES `glpi_networkequipmentmodels` WRITE;
/*!40000 ALTER TABLE `glpi_networkequipmentmodels` DISABLE KEYS */;
INSERT INTO `glpi_networkequipmentmodels` VALUES (1,'CISCO2851-V/K9','Cisco 2800 series'),(2,'Cisco Core Switch 6500',''),(3,'PaloAlto PA-500',''),(4,'Cisco 2600',''),(5,'Cisco 2950',''),(6,'ASA 5000','');
/*!40000 ALTER TABLE `glpi_networkequipmentmodels` ENABLE KEYS */;
UNLOCK TABLES;

--
-- Table structure for table `glpi_networkequipments`
--

DROP TABLE IF EXISTS `glpi_networkequipments`;
/*!40101 SET @saved_cs_client     = @@character_set_client */;
/*!40101 SET character_set_client = utf8 */;
CREATE TABLE `glpi_networkequipments` (
  `id` int(11) NOT NULL AUTO_INCREMENT,
  `entities_id` int(11) NOT NULL DEFAULT '0',
  `is_recursive` tinyint(1) NOT NULL DEFAULT '0',
  `name` varchar(255) COLLATE utf8_unicode_ci DEFAULT NULL,
  `ram` varchar(255) COLLATE utf8_unicode_ci DEFAULT NULL,
  `serial` varchar(255) COLLATE utf8_unicode_ci DEFAULT NULL,
  `otherserial` varchar(255) COLLATE utf8_unicode_ci DEFAULT NULL,
  `contact` varchar(255) COLLATE utf8_unicode_ci DEFAULT NULL,
  `contact_num` varchar(255) COLLATE utf8_unicode_ci DEFAULT NULL,
  `users_id_tech` int(11) NOT NULL DEFAULT '0',
  `groups_id_tech` int(11) NOT NULL DEFAULT '0',
  `date_mod` datetime DEFAULT NULL,
  `comment` text COLLATE utf8_unicode_ci,
  `locations_id` int(11) NOT NULL DEFAULT '0',
  `domains_id` int(11) NOT NULL DEFAULT '0',
  `networks_id` int(11) NOT NULL DEFAULT '0',
  `networkequipmenttypes_id` int(11) NOT NULL DEFAULT '0',
  `networkequipmentmodels_id` int(11) NOT NULL DEFAULT '0',
  `networkequipmentfirmwares_id` int(11) NOT NULL DEFAULT '0',
  `manufacturers_id` int(11) NOT NULL DEFAULT '0',
  `is_deleted` tinyint(1) NOT NULL DEFAULT '0',
  `is_template` tinyint(1) NOT NULL DEFAULT '0',
  `template_name` varchar(255) COLLATE utf8_unicode_ci DEFAULT NULL,
  `mac` varchar(255) COLLATE utf8_unicode_ci DEFAULT NULL,
  `ip` varchar(255) COLLATE utf8_unicode_ci DEFAULT NULL,
  `notepad` longtext COLLATE utf8_unicode_ci,
  `users_id` int(11) NOT NULL DEFAULT '0',
  `groups_id` int(11) NOT NULL DEFAULT '0',
  `states_id` int(11) NOT NULL DEFAULT '0',
  `ticket_tco` decimal(20,4) DEFAULT '0.0000',
  PRIMARY KEY (`id`),
  KEY `name` (`name`),
  KEY `is_template` (`is_template`),
  KEY `domains_id` (`domains_id`),
  KEY `networkequipmentfirmwares_id` (`networkequipmentfirmwares_id`),
  KEY `entities_id` (`entities_id`),
  KEY `manufacturers_id` (`manufacturers_id`),
  KEY `groups_id` (`groups_id`),
  KEY `users_id` (`users_id`),
  KEY `locations_id` (`locations_id`),
  KEY `networkequipmentmodels_id` (`networkequipmentmodels_id`),
  KEY `networks_id` (`networks_id`),
  KEY `states_id` (`states_id`),
  KEY `users_id_tech` (`users_id_tech`),
  KEY `networkequipmenttypes_id` (`networkequipmenttypes_id`),
  KEY `is_deleted` (`is_deleted`),
  KEY `date_mod` (`date_mod`),
  KEY `groups_id_tech` (`groups_id_tech`)
) ENGINE=MyISAM AUTO_INCREMENT=14 DEFAULT CHARSET=utf8 COLLATE=utf8_unicode_ci;
/*!40101 SET character_set_client = @saved_cs_client */;

--
-- Dumping data for table `glpi_networkequipments`
--

LOCK TABLES `glpi_networkequipments` WRITE;
/*!40000 ALTER TABLE `glpi_networkequipments` DISABLE KEYS */;
INSERT INTO `glpi_networkequipments` VALUES (1,0,0,'Cisco Router','','','','Trung Duong','',8,7,'2012-08-27 12:49:04','',5,0,0,1,0,0,3,0,1,'Cisco Router','','',NULL,8,0,1,'0.0000'),(2,0,0,'HCMRR99','','JHY0744K1RQ','','Trung Duong','',8,7,'2013-03-05 12:10:41','',5,0,0,1,4,0,3,0,0,'Cisco Router','','',NULL,8,7,1,'0.0000'),(3,0,0,'HCMRR01','','','','','',8,7,'2012-08-27 12:47:23','',5,0,0,1,1,0,3,0,0,'Cisco Router','','',NULL,8,7,1,'0.0000'),(4,0,0,'HCMSR01','','','','','',8,7,'2012-08-27 12:48:09','',5,0,0,3,2,0,3,0,0,'Cisco Router','','10.38.255.254',NULL,8,7,1,'0.0000'),(5,0,0,'HCMPAN01','','006C111237','','Trung Duong','',8,7,'2012-08-27 12:47:54','',5,0,0,7,3,0,6,0,0,'Cisco Router','','',NULL,8,7,1,'0.0000'),(6,0,0,'HCMPAN02','','','','Turng Duong','',8,7,'2012-08-27 12:47:54','',5,0,0,7,3,0,6,0,0,'Cisco Router','','',NULL,8,7,1,'0.0000'),(7,0,0,'hcmsw3a99','','F0C0744X100','','Trung Duong','',8,7,'2012-08-27 12:50:14','',5,0,0,2,5,0,3,0,0,'Cisco Router','','',NULL,8,0,1,'0.0000'),(8,0,0,'hcmswcr01','','0716QAT086','','Trung Duong','',8,7,'2012-08-27 12:50:58','',5,0,0,2,5,0,3,0,0,'Cisco Router','','',NULL,8,0,1,'0.0000'),(9,0,0,'HCMWANACC01','','D63NG0005BBF5','','Trung Duong','',8,7,'2012-08-27 12:53:15','',5,0,0,1,0,0,10,0,0,'Cisco Router','','',NULL,8,0,1,'0.0000'),(10,0,0,'HCMASA01','','','','Trung Duong','',8,7,'2012-08-27 12:59:58','',5,0,0,7,6,0,3,0,0,'Cisco Router','','',NULL,8,0,1,'0.0000'),(11,0,0,'HCMASA02','','','','Trung Duong','',8,7,'2012-08-27 13:00:08','',5,0,0,7,6,0,3,0,0,'Cisco Router','','',NULL,8,0,1,'0.0000'),(12,0,0,'Infoblox Trinzic 800','','0800201209100161','','','',0,7,'2012-12-12 10:18:02','The Trinzic 810 and 820 network services appliances provide reliable, scalable, and secure core network services \r\nincluding DNS (Domain Name System), DHCP (Dynamic Host Configuration Protocol), IPAM (IP Address \r\nManagement), IF-MAP, and more',5,0,0,1,0,0,0,0,0,NULL,'','',NULL,0,7,4,'0.0000'),(13,0,0,'HCMWAP2A01','','','','Trung Duong','',8,7,'2013-03-06 11:48:07','',7,0,0,1,0,0,3,0,0,'Cisco Router','','',NULL,8,0,1,'0.0000');
/*!40000 ALTER TABLE `glpi_networkequipments` ENABLE KEYS */;
UNLOCK TABLES;

--
-- Table structure for table `glpi_networkequipmenttypes`
--

DROP TABLE IF EXISTS `glpi_networkequipmenttypes`;
/*!40101 SET @saved_cs_client     = @@character_set_client */;
/*!40101 SET character_set_client = utf8 */;
CREATE TABLE `glpi_networkequipmenttypes` (
  `id` int(11) NOT NULL AUTO_INCREMENT,
  `name` varchar(255) COLLATE utf8_unicode_ci DEFAULT NULL,
  `comment` text COLLATE utf8_unicode_ci,
  PRIMARY KEY (`id`),
  KEY `name` (`name`)
) ENGINE=MyISAM AUTO_INCREMENT=8 DEFAULT CHARSET=utf8 COLLATE=utf8_unicode_ci;
/*!40101 SET character_set_client = @saved_cs_client */;

--
-- Dumping data for table `glpi_networkequipmenttypes`
--

LOCK TABLES `glpi_networkequipmenttypes` WRITE;
/*!40000 ALTER TABLE `glpi_networkequipmenttypes` DISABLE KEYS */;
INSERT INTO `glpi_networkequipmenttypes` VALUES (1,'Router',''),(2,'Switch',''),(3,'Core Switch',''),(4,'Hub',''),(5,'WIFI Router',''),(6,'Layer 2 Switch',''),(7,'Firewall','');
/*!40000 ALTER TABLE `glpi_networkequipmenttypes` ENABLE KEYS */;
UNLOCK TABLES;

--
-- Table structure for table `glpi_networkinterfaces`
--

DROP TABLE IF EXISTS `glpi_networkinterfaces`;
/*!40101 SET @saved_cs_client     = @@character_set_client */;
/*!40101 SET character_set_client = utf8 */;
CREATE TABLE `glpi_networkinterfaces` (
  `id` int(11) NOT NULL AUTO_INCREMENT,
  `name` varchar(255) COLLATE utf8_unicode_ci DEFAULT NULL,
  `comment` text COLLATE utf8_unicode_ci,
  PRIMARY KEY (`id`),
  KEY `name` (`name`)
) ENGINE=MyISAM AUTO_INCREMENT=3 DEFAULT CHARSET=utf8 COLLATE=utf8_unicode_ci;
/*!40101 SET character_set_client = @saved_cs_client */;

--
-- Dumping data for table `glpi_networkinterfaces`
--

LOCK TABLES `glpi_networkinterfaces` WRITE;
/*!40000 ALTER TABLE `glpi_networkinterfaces` DISABLE KEYS */;
INSERT INTO `glpi_networkinterfaces` VALUES (1,'Ethernet 1G',''),(2,'Ethernet 100M','');
/*!40000 ALTER TABLE `glpi_networkinterfaces` ENABLE KEYS */;
UNLOCK TABLES;

--
-- Table structure for table `glpi_networkports`
--

DROP TABLE IF EXISTS `glpi_networkports`;
/*!40101 SET @saved_cs_client     = @@character_set_client */;
/*!40101 SET character_set_client = utf8 */;
CREATE TABLE `glpi_networkports` (
  `id` int(11) NOT NULL AUTO_INCREMENT,
  `items_id` int(11) NOT NULL DEFAULT '0',
  `itemtype` varchar(100) COLLATE utf8_unicode_ci NOT NULL,
  `entities_id` int(11) NOT NULL DEFAULT '0',
  `is_recursive` tinyint(1) NOT NULL DEFAULT '0',
  `logical_number` int(11) NOT NULL DEFAULT '0',
  `name` varchar(255) COLLATE utf8_unicode_ci DEFAULT NULL,
  `ip` varchar(255) COLLATE utf8_unicode_ci DEFAULT NULL,
  `mac` varchar(255) COLLATE utf8_unicode_ci DEFAULT NULL,
  `networkinterfaces_id` int(11) NOT NULL DEFAULT '0',
  `netpoints_id` int(11) NOT NULL DEFAULT '0',
  `netmask` varchar(255) COLLATE utf8_unicode_ci DEFAULT NULL,
  `gateway` varchar(255) COLLATE utf8_unicode_ci DEFAULT NULL,
  `subnet` varchar(255) COLLATE utf8_unicode_ci DEFAULT NULL,
  `comment` text COLLATE utf8_unicode_ci,
  PRIMARY KEY (`id`),
  KEY `on_device` (`items_id`,`itemtype`),
  KEY `networkinterfaces_id` (`networkinterfaces_id`),
  KEY `netpoints_id` (`netpoints_id`),
  KEY `item` (`itemtype`,`items_id`),
  KEY `entities_id` (`entities_id`),
  KEY `is_recursive` (`is_recursive`)
) ENGINE=MyISAM AUTO_INCREMENT=1044 DEFAULT CHARSET=utf8 COLLATE=utf8_unicode_ci;
/*!40101 SET character_set_client = @saved_cs_client */;

--
-- Dumping data for table `glpi_networkports`
--

LOCK TABLES `glpi_networkports` WRITE;
/*!40000 ALTER TABLE `glpi_networkports` DISABLE KEYS */;
INSERT INTO `glpi_networkports` VALUES (1,3,'Computer',0,0,0,'','','',1,0,'','','',''),(153,7,'Computer',0,0,1,'Eth0','10.38.16.51','00:1B:24:1D:EF:FA',1,0,'','10.38.16.1','255.255.255.0',''),(398,4,'NetworkEquipment',0,0,2,'Gi6/02','','',1,0,'','','',''),(399,4,'NetworkEquipment',0,0,3,'Gi6/03','','',1,0,'','','',''),(400,4,'NetworkEquipment',0,0,4,'Gi6/04','','',1,0,'','','',''),(401,4,'NetworkEquipment',0,0,5,'Gi6/05','','',1,0,'','','',''),(402,4,'NetworkEquipment',0,0,6,'Gi6/06','','',1,0,'','','',''),(403,4,'NetworkEquipment',0,0,7,'Gi6/07','','',1,0,'','','',''),(404,4,'NetworkEquipment',0,0,8,'Gi6/08','','',1,0,'','','',''),(405,4,'NetworkEquipment',0,0,9,'Gi6/09','','',1,0,'','','',''),(406,4,'NetworkEquipment',0,0,10,'Gi6/10','','',1,0,'','','',''),(407,4,'NetworkEquipment',0,0,11,'Gi6/11','','',1,0,'','','',''),(408,4,'NetworkEquipment',0,0,12,'Gi6/12','','',1,0,'','','',''),(409,4,'NetworkEquipment',0,0,13,'Gi6/13','','',1,0,'','','',''),(410,4,'NetworkEquipment',0,0,14,'Gi6/14','','',1,0,'','','',''),(411,4,'NetworkEquipment',0,0,15,'Gi6/15','','',1,0,'','','',''),(412,4,'NetworkEquipment',0,0,16,'Gi6/16','','',1,0,'','','',''),(413,4,'NetworkEquipment',0,0,17,'Gi6/17','','',1,0,'','','',''),(414,4,'NetworkEquipment',0,0,18,'Gi6/18','','',1,0,'','','',''),(415,4,'NetworkEquipment',0,0,19,'Gi6/19','','',1,0,'','','',''),(416,4,'NetworkEquipment',0,0,20,'Gi6/20','','',1,0,'','','',''),(417,4,'NetworkEquipment',0,0,21,'Gi6/21','','',1,0,'','','',''),(418,4,'NetworkEquipment',0,0,22,'Gi6/22','','',1,0,'','','',''),(419,4,'NetworkEquipment',0,0,23,'Gi6/23','','',1,57,'','','',''),(420,4,'NetworkEquipment',0,0,24,'Gi6/24','','',1,0,'','','',''),(421,4,'NetworkEquipment',0,0,25,'Gi6/25','','',1,0,'','','',''),(422,4,'NetworkEquipment',0,0,26,'Gi6/26','','',1,0,'','','',''),(423,4,'NetworkEquipment',0,0,27,'Gi6/27','','',1,0,'','','',''),(424,4,'NetworkEquipment',0,0,28,'Gi6/28','','',1,0,'','','',''),(425,4,'NetworkEquipment',0,0,29,'Gi6/29','','',1,0,'','','',''),(426,4,'NetworkEquipment',0,0,30,'Gi6/30','','',1,0,'','','',''),(427,4,'NetworkEquipment',0,0,31,'Gi6/31','','',1,0,'','','',''),(428,4,'NetworkEquipment',0,0,32,'Gi6/32','','',1,0,'','','',''),(429,4,'NetworkEquipment',0,0,33,'Gi6/33','','',1,0,'','','',''),(430,4,'NetworkEquipment',0,0,34,'Gi6/34','','',1,0,'','','',''),(431,4,'NetworkEquipment',0,0,35,'Gi6/35','','',1,0,'','','',''),(432,4,'NetworkEquipment',0,0,36,'Gi6/36','','',1,0,'','','',''),(433,4,'NetworkEquipment',0,0,37,'Gi6/37','','',1,0,'','','',''),(434,4,'NetworkEquipment',0,0,38,'Gi6/38','','',1,0,'','','',''),(435,4,'NetworkEquipment',0,0,39,'Gi6/39','','',1,0,'','','',''),(436,4,'NetworkEquipment',0,0,40,'Gi6/40','','',1,0,'','','',''),(437,4,'NetworkEquipment',0,0,41,'Gi6/41','','',1,0,'','','',''),(438,4,'NetworkEquipment',0,0,42,'Gi6/42','','',1,0,'','','',''),(439,4,'NetworkEquipment',0,0,43,'Gi6/43','','',1,0,'','','',''),(440,4,'NetworkEquipment',0,0,44,'Gi6/44','','',1,0,'','','',''),(441,4,'NetworkEquipment',0,0,45,'Gi6/45','','',1,0,'','','',''),(442,4,'NetworkEquipment',0,0,46,'Gi6/46','','',1,0,'','','',''),(443,4,'NetworkEquipment',0,0,47,'Gi6/47','','',1,0,'','','',''),(444,4,'NetworkEquipment',0,0,48,'Gi6/48','','',1,0,'','','',''),(730,4,'NetworkEquipment',0,0,48,'Gi2/48','','',1,0,'','','',''),(729,4,'NetworkEquipment',0,0,47,'Gi2/47','','',1,0,'','','',''),(728,4,'NetworkEquipment',0,0,46,'Gi2/46','','',1,0,'','','',''),(727,4,'NetworkEquipment',0,0,45,'Gi2/45','','',1,0,'','','',''),(726,4,'NetworkEquipment',0,0,44,'Gi2/44','','',1,0,'','','',''),(725,4,'NetworkEquipment',0,0,43,'Gi2/43','','',1,0,'','','',''),(724,4,'NetworkEquipment',0,0,42,'Gi2/42','','',1,0,'','','',''),(723,4,'NetworkEquipment',0,0,41,'Gi2/41','','',1,0,'','','',''),(722,4,'NetworkEquipment',0,0,40,'Gi2/40','','',1,0,'','','',''),(721,4,'NetworkEquipment',0,0,39,'Gi2/39','','',1,0,'','','',''),(720,4,'NetworkEquipment',0,0,38,'Gi2/38','','',1,0,'','','',''),(719,4,'NetworkEquipment',0,0,37,'Gi2/37','','',1,24,'','','',''),(718,4,'NetworkEquipment',0,0,36,'Gi2/36','','',1,0,'','','',''),(717,4,'NetworkEquipment',0,0,35,'Gi2/35','','',1,0,'','','',''),(716,4,'NetworkEquipment',0,0,34,'Gi2/34','','',1,0,'','','',''),(715,4,'NetworkEquipment',0,0,33,'Gi2/33','','',1,0,'','','',''),(714,4,'NetworkEquipment',0,0,32,'Gi2/32','','',1,0,'','','',''),(713,4,'NetworkEquipment',0,0,31,'Gi2/31','','',1,0,'','','',''),(712,4,'NetworkEquipment',0,0,30,'Gi2/30','','',1,0,'','','',''),(711,4,'NetworkEquipment',0,0,29,'Gi2/29','','',1,0,'','','',''),(710,4,'NetworkEquipment',0,0,28,'Gi2/28','','',1,0,'','','',''),(709,4,'NetworkEquipment',0,0,27,'Gi2/27','','',1,0,'','','',''),(708,4,'NetworkEquipment',0,0,26,'Gi2/26','','',1,0,'','','',''),(707,4,'NetworkEquipment',0,0,25,'Gi2/25','','',1,0,'','','',''),(706,4,'NetworkEquipment',0,0,24,'Gi2/24','','',1,0,'','','',''),(705,4,'NetworkEquipment',0,0,23,'Gi2/23','','',1,0,'','','',''),(704,4,'NetworkEquipment',0,0,22,'Gi2/22','','',1,0,'','','',''),(703,4,'NetworkEquipment',0,0,21,'Gi2/21','','',1,0,'','','',''),(702,4,'NetworkEquipment',0,0,20,'Gi2/20','','',1,0,'','','',''),(701,4,'NetworkEquipment',0,0,19,'Gi2/19','','',1,0,'','','',''),(700,4,'NetworkEquipment',0,0,18,'Gi2/18','','',1,0,'','','',''),(699,4,'NetworkEquipment',0,0,17,'Gi2/17','','',1,0,'','','',''),(698,4,'NetworkEquipment',0,0,16,'Gi2/16','','',1,0,'','','',''),(697,4,'NetworkEquipment',0,0,15,'Gi2/15','','',1,0,'','','',''),(696,4,'NetworkEquipment',0,0,14,'Gi2/14','','',1,0,'','','',''),(695,4,'NetworkEquipment',0,0,13,'Gi2/13','','',1,0,'','','',''),(694,4,'NetworkEquipment',0,0,12,'Gi2/12','','',1,0,'','','',''),(693,4,'NetworkEquipment',0,0,11,'Gi2/11','','',1,0,'','','',''),(692,4,'NetworkEquipment',0,0,10,'Gi2/10','','',1,0,'','','',''),(691,4,'NetworkEquipment',0,0,9,'Gi2/09','','',1,0,'','','',''),(690,4,'NetworkEquipment',0,0,8,'Gi2/08','','',1,0,'','','',''),(689,4,'NetworkEquipment',0,0,7,'Gi2/07','','',1,0,'','','',''),(688,4,'NetworkEquipment',0,0,6,'Gi2/06','','',1,0,'','','',''),(687,4,'NetworkEquipment',0,0,5,'Gi2/05','','',1,0,'','','',''),(686,4,'NetworkEquipment',0,0,4,'Gi2/04','','',1,0,'','','',''),(685,4,'NetworkEquipment',0,0,3,'Gi2/03','','',1,0,'','','',''),(684,4,'NetworkEquipment',0,0,2,'Gi2/02','','',1,0,'','','',''),(683,4,'NetworkEquipment',0,0,1,'Gi2/01','','',1,0,'','','',''),(493,4,'NetworkEquipment',0,0,1,'Gi3/01','','',1,0,'','','',''),(152,6,'Computer',0,0,1,'Eth0','10.38.16.50','00:1B:24:1D:EB:E4',1,0,'','10.38.16.1','255.255.255.0',''),(540,4,'NetworkEquipment',0,0,48,'Gi3/48','','',1,0,'','','',''),(155,2,'Printer',0,0,1,'Eth1','10.38.4.101','00:1b:78:0a:fa:ad',2,0,'','10.38.4.1','255.255.252.0',''),(539,4,'NetworkEquipment',0,0,47,'Gi3/47','','',1,0,'','','',''),(538,4,'NetworkEquipment',0,0,46,'Gi3/46','','',1,0,'','','',''),(537,4,'NetworkEquipment',0,0,45,'Gi3/45','','',1,0,'','','',''),(536,4,'NetworkEquipment',0,0,44,'Gi3/44','','',1,0,'','','',''),(535,4,'NetworkEquipment',0,0,43,'Gi3/43','','',1,10,'','','',''),(534,4,'NetworkEquipment',0,0,42,'Gi3/42','','',1,0,'','','',''),(533,4,'NetworkEquipment',0,0,41,'Gi3/41','','',1,0,'','','',''),(532,4,'NetworkEquipment',0,0,40,'Gi3/40','','',1,4,'','','',''),(531,4,'NetworkEquipment',0,0,39,'Gi3/39','','',1,6,'','','',''),(530,4,'NetworkEquipment',0,0,38,'Gi3/38','','',1,0,'','','',''),(529,4,'NetworkEquipment',0,0,37,'Gi3/37','','',1,0,'','','',''),(528,4,'NetworkEquipment',0,0,36,'Gi3/36','','',1,0,'','','',''),(527,4,'NetworkEquipment',0,0,35,'Gi3/35','','',1,0,'','','',''),(526,4,'NetworkEquipment',0,0,34,'Gi3/34','','',1,0,'','','',''),(525,4,'NetworkEquipment',0,0,33,'Gi3/33','','',1,0,'','','',''),(524,4,'NetworkEquipment',0,0,32,'Gi3/32','','',1,0,'','','',''),(523,4,'NetworkEquipment',0,0,31,'Gi3/31','','',1,0,'','','',''),(522,4,'NetworkEquipment',0,0,30,'Gi3/30','','',1,0,'','','',''),(521,4,'NetworkEquipment',0,0,29,'Gi3/29','','',1,0,'','','',''),(520,4,'NetworkEquipment',0,0,28,'Gi3/28','','',1,0,'','','',''),(519,4,'NetworkEquipment',0,0,27,'Gi3/27','','',1,0,'','','',''),(518,4,'NetworkEquipment',0,0,26,'Gi3/26','','',1,0,'','','',''),(517,4,'NetworkEquipment',0,0,25,'Gi3/25','','',1,0,'','','',''),(516,4,'NetworkEquipment',0,0,24,'Gi3/24','','',1,0,'','','',''),(515,4,'NetworkEquipment',0,0,23,'Gi3/23','','',1,0,'','','',''),(514,4,'NetworkEquipment',0,0,22,'Gi3/22','','',1,0,'','','',''),(513,4,'NetworkEquipment',0,0,21,'Gi3/21','','',1,0,'','','',''),(512,4,'NetworkEquipment',0,0,20,'Gi3/20','','',1,0,'','','',''),(511,4,'NetworkEquipment',0,0,19,'Gi3/19','','',1,0,'','','',''),(510,4,'NetworkEquipment',0,0,18,'Gi3/18','','',1,0,'','','',''),(509,4,'NetworkEquipment',0,0,17,'Gi3/17','','',1,0,'','','',''),(508,4,'NetworkEquipment',0,0,16,'Gi3/16','','',1,0,'','','',''),(507,4,'NetworkEquipment',0,0,15,'Gi3/15','','',1,0,'','','',''),(506,4,'NetworkEquipment',0,0,14,'Gi3/14','','',1,0,'','','',''),(505,4,'NetworkEquipment',0,0,13,'Gi3/13','','',1,0,'','','',''),(504,4,'NetworkEquipment',0,0,12,'Gi3/12','','',1,0,'','','',''),(503,4,'NetworkEquipment',0,0,11,'Gi3/11','','',1,0,'','','',''),(502,4,'NetworkEquipment',0,0,10,'Gi3/10','','',1,0,'','','',''),(501,4,'NetworkEquipment',0,0,9,'Gi3/09','','',1,0,'','','',''),(500,4,'NetworkEquipment',0,0,8,'Gi3/08','','',1,0,'','','',''),(499,4,'NetworkEquipment',0,0,7,'Gi3/07','','',1,0,'','','',''),(498,4,'NetworkEquipment',0,0,6,'Gi3/06','','',1,0,'','','',''),(497,4,'NetworkEquipment',0,0,5,'Gi3/05','','',1,0,'','','',''),(496,4,'NetworkEquipment',0,0,4,'Gi3/04','','',1,0,'','','',''),(495,4,'NetworkEquipment',0,0,3,'Gi3/03','','',1,0,'','','',''),(494,4,'NetworkEquipment',0,0,2,'Gi3/02','','',1,0,'','','',''),(349,4,'NetworkEquipment',0,0,1,'Gi1/01','','',1,0,'','','',''),(350,4,'NetworkEquipment',0,0,2,'Gi1/02','','',1,0,'','','',''),(351,4,'NetworkEquipment',0,0,3,'Gi1/03','','',1,0,'','','',''),(352,4,'NetworkEquipment',0,0,4,'Gi1/04','','',1,0,'','','',''),(353,4,'NetworkEquipment',0,0,5,'Gi1/05','','',1,0,'','','',''),(354,4,'NetworkEquipment',0,0,6,'Gi1/06','','',1,0,'','','',''),(355,4,'NetworkEquipment',0,0,7,'Gi1/07','','',1,0,'','','',''),(356,4,'NetworkEquipment',0,0,8,'Gi1/08','','',1,0,'','','',''),(357,4,'NetworkEquipment',0,0,9,'Gi1/09','','',1,0,'','','',''),(358,4,'NetworkEquipment',0,0,10,'Gi1/10','','',1,0,'','','',''),(359,4,'NetworkEquipment',0,0,11,'Gi1/11','','',1,0,'','','',''),(360,4,'NetworkEquipment',0,0,12,'Gi1/12','','',1,0,'','','',''),(361,4,'NetworkEquipment',0,0,13,'Gi1/13','','',1,0,'','','',''),(362,4,'NetworkEquipment',0,0,14,'Gi1/14','','',1,1,'','','',''),(363,4,'NetworkEquipment',0,0,15,'Gi1/15','','',1,0,'','','',''),(364,4,'NetworkEquipment',0,0,16,'Gi1/16','','',1,0,'','','',''),(365,4,'NetworkEquipment',0,0,17,'Gi1/17','','',1,0,'','','',''),(366,4,'NetworkEquipment',0,0,18,'Gi1/18','','',1,0,'','','',''),(367,4,'NetworkEquipment',0,0,19,'Gi1/19','','',1,0,'','','',''),(368,4,'NetworkEquipment',0,0,20,'Gi1/20','','',1,0,'','','',''),(369,4,'NetworkEquipment',0,0,21,'Gi1/21','','',1,0,'','','',''),(370,4,'NetworkEquipment',0,0,22,'Gi1/22','','',1,0,'','','',''),(371,4,'NetworkEquipment',0,0,23,'Gi1/23','','',1,0,'','','',''),(372,4,'NetworkEquipment',0,0,24,'Gi1/24','','',1,0,'','','',''),(373,4,'NetworkEquipment',0,0,25,'Gi1/25','','',1,0,'','','',''),(374,4,'NetworkEquipment',0,0,26,'Gi1/26','','',1,0,'','','',''),(375,4,'NetworkEquipment',0,0,27,'Gi1/27','','',1,0,'','','',''),(376,4,'NetworkEquipment',0,0,28,'Gi1/28','','',1,0,'','','',''),(377,4,'NetworkEquipment',0,0,29,'Gi1/29','','',1,0,'','','',''),(378,4,'NetworkEquipment',0,0,30,'Gi1/30','','',1,0,'','','',''),(379,4,'NetworkEquipment',0,0,31,'Gi1/31','','',1,0,'','','',''),(380,4,'NetworkEquipment',0,0,32,'Gi1/32','','',1,0,'','','',''),(381,4,'NetworkEquipment',0,0,33,'Gi1/33','','',1,0,'','','',''),(382,4,'NetworkEquipment',0,0,34,'Gi1/34','','',1,0,'','','',''),(383,4,'NetworkEquipment',0,0,35,'Gi1/35','','',1,0,'','','',''),(384,4,'NetworkEquipment',0,0,36,'Gi1/36','','',1,0,'','','',''),(385,4,'NetworkEquipment',0,0,37,'Gi1/37','','',1,0,'','','',''),(386,4,'NetworkEquipment',0,0,38,'Gi1/38','','',1,0,'','','',''),(387,4,'NetworkEquipment',0,0,39,'Gi1/39','','',1,0,'','','',''),(388,4,'NetworkEquipment',0,0,40,'Gi1/40','','',1,0,'','','',''),(389,4,'NetworkEquipment',0,0,41,'Gi1/41','','',1,0,'','','',''),(390,4,'NetworkEquipment',0,0,42,'Gi1/42','','',1,0,'','','',''),(391,4,'NetworkEquipment',0,0,43,'Gi1/43','','',1,0,'','','',''),(392,4,'NetworkEquipment',0,0,44,'Gi1/44','','',1,0,'','','',''),(393,4,'NetworkEquipment',0,0,45,'Gi1/45','','',1,0,'','','',''),(394,4,'NetworkEquipment',0,0,46,'Gi1/46','','',1,0,'','','',''),(395,4,'NetworkEquipment',0,0,47,'Gi1/47','','',1,0,'','','',''),(396,4,'NetworkEquipment',0,0,48,'Gi1/48','','',1,0,'','','',''),(397,4,'NetworkEquipment',0,0,1,'Gi6/01','','',1,0,'','','',''),(541,4,'NetworkEquipment',0,0,1,'Gi4/01','','',1,0,'','','',''),(542,4,'NetworkEquipment',0,0,2,'Gi4/02','','',1,0,'','','',''),(543,4,'NetworkEquipment',0,0,3,'Gi4/03','','',1,0,'','','',''),(544,4,'NetworkEquipment',0,0,4,'Gi4/04','','',1,0,'','','',''),(545,4,'NetworkEquipment',0,0,5,'Gi4/05','','',1,0,'','','',''),(546,4,'NetworkEquipment',0,0,6,'Gi4/06','','',1,0,'','','',''),(547,4,'NetworkEquipment',0,0,7,'Gi4/07','','',1,0,'','','',''),(548,4,'NetworkEquipment',0,0,8,'Gi4/08','','',1,0,'','','',''),(549,4,'NetworkEquipment',0,0,9,'Gi4/09','','',1,0,'','','',''),(550,4,'NetworkEquipment',0,0,10,'Gi4/10','','',1,0,'','','',''),(551,4,'NetworkEquipment',0,0,11,'Gi4/11','','',1,0,'','','',''),(552,4,'NetworkEquipment',0,0,12,'Gi4/12','','',1,0,'','','',''),(553,4,'NetworkEquipment',0,0,13,'Gi4/13','','',1,0,'','','',''),(554,4,'NetworkEquipment',0,0,14,'Gi4/14','','',1,0,'','','',''),(555,4,'NetworkEquipment',0,0,15,'Gi4/15','','',1,0,'','','',''),(556,4,'NetworkEquipment',0,0,16,'Gi4/16','','',1,0,'','','',''),(557,4,'NetworkEquipment',0,0,17,'Gi4/17','','',1,0,'','','',''),(558,4,'NetworkEquipment',0,0,18,'Gi4/18','','',1,0,'','','',''),(559,4,'NetworkEquipment',0,0,19,'Gi4/19','','',1,0,'','','',''),(560,4,'NetworkEquipment',0,0,20,'Gi4/20','','',1,0,'','','',''),(561,4,'NetworkEquipment',0,0,21,'Gi4/21','','',1,0,'','','',''),(562,4,'NetworkEquipment',0,0,22,'Gi4/22','','',1,0,'','','',''),(563,4,'NetworkEquipment',0,0,23,'Gi4/23','','',1,0,'','','',''),(564,4,'NetworkEquipment',0,0,24,'Gi4/24','','',1,0,'','','',''),(565,4,'NetworkEquipment',0,0,25,'Gi4/25','','',1,0,'','','',''),(566,4,'NetworkEquipment',0,0,26,'Gi4/26','','',1,0,'','','',''),(567,4,'NetworkEquipment',0,0,27,'Gi4/27','','',1,0,'','','',''),(568,4,'NetworkEquipment',0,0,28,'Gi4/28','','',1,0,'','','',''),(569,4,'NetworkEquipment',0,0,29,'Gi4/29','','',1,0,'','','',''),(570,4,'NetworkEquipment',0,0,30,'Gi4/30','','',1,0,'','','',''),(571,4,'NetworkEquipment',0,0,31,'Gi4/31','','',1,0,'','','',''),(572,4,'NetworkEquipment',0,0,32,'Gi4/32','','',1,0,'','','',''),(573,4,'NetworkEquipment',0,0,33,'Gi4/33','','',1,0,'','','',''),(574,4,'NetworkEquipment',0,0,34,'Gi4/34','','',1,0,'','','',''),(575,4,'NetworkEquipment',0,0,35,'Gi4/35','','',1,0,'','','',''),(576,4,'NetworkEquipment',0,0,36,'Gi4/36','','',1,0,'','','',''),(577,4,'NetworkEquipment',0,0,37,'Gi4/37','','',1,0,'','','',''),(578,4,'NetworkEquipment',0,0,38,'Gi4/38','','',1,0,'','','',''),(579,4,'NetworkEquipment',0,0,39,'Gi4/39','','',1,0,'','','',''),(580,4,'NetworkEquipment',0,0,40,'Gi4/40','','',1,0,'','','',''),(581,4,'NetworkEquipment',0,0,41,'Gi4/41','','',1,0,'','','',''),(582,4,'NetworkEquipment',0,0,42,'Gi4/42','','',1,33,'','','',''),(583,4,'NetworkEquipment',0,0,43,'Gi4/43','','',1,0,'','','',''),(584,4,'NetworkEquipment',0,0,44,'Gi4/44','','',1,0,'','','',''),(585,4,'NetworkEquipment',0,0,45,'Gi4/45','','',1,0,'','','',''),(586,4,'NetworkEquipment',0,0,46,'Gi4/46','','',1,0,'','','',''),(587,4,'NetworkEquipment',0,0,47,'Gi4/47','','',1,0,'','','',''),(588,4,'NetworkEquipment',0,0,48,'Gi4/48','','',1,0,'','','',''),(589,4,'NetworkEquipment',0,0,1,'Gi7/01','','',1,0,'','','',''),(590,4,'NetworkEquipment',0,0,2,'Gi7/02','','',1,0,'','','',''),(591,4,'NetworkEquipment',0,0,3,'Gi7/03','','',1,0,'','','',''),(592,4,'NetworkEquipment',0,0,4,'Gi7/04','','',1,0,'','','',''),(593,4,'NetworkEquipment',0,0,5,'Gi7/05','','',1,0,'','','',''),(594,4,'NetworkEquipment',0,0,6,'Gi7/06','','',1,0,'','','',''),(595,4,'NetworkEquipment',0,0,7,'Gi7/07','','',1,0,'','','',''),(596,4,'NetworkEquipment',0,0,8,'Gi7/08','','',1,0,'','','',''),(597,4,'NetworkEquipment',0,0,9,'Gi7/09','','',1,0,'','','',''),(598,4,'NetworkEquipment',0,0,10,'Gi7/10','','',1,0,'','','',''),(599,4,'NetworkEquipment',0,0,11,'Gi7/11','','',1,0,'','','',''),(600,4,'NetworkEquipment',0,0,12,'Gi7/12','','',1,0,'','','',''),(601,4,'NetworkEquipment',0,0,13,'Gi7/13','','',1,0,'','','',''),(602,4,'NetworkEquipment',0,0,14,'Gi7/14','','',1,0,'','','',''),(603,4,'NetworkEquipment',0,0,15,'Gi7/15','','',1,0,'','','',''),(604,4,'NetworkEquipment',0,0,16,'Gi7/16','','',1,0,'','','',''),(605,4,'NetworkEquipment',0,0,17,'Gi7/17','','',1,0,'','','',''),(606,4,'NetworkEquipment',0,0,18,'Gi7/18','','',1,0,'','','',''),(607,4,'NetworkEquipment',0,0,19,'Gi7/19','','',1,0,'','','',''),(608,4,'NetworkEquipment',0,0,20,'Gi7/20','','',1,0,'','','',''),(609,4,'NetworkEquipment',0,0,21,'Gi7/21','','',1,0,'','','',''),(610,4,'NetworkEquipment',0,0,22,'Gi7/22','','',1,0,'','','',''),(611,4,'NetworkEquipment',0,0,23,'Gi7/23','','',1,0,'','','',''),(612,4,'NetworkEquipment',0,0,24,'Gi7/24','','',1,0,'','','',''),(613,4,'NetworkEquipment',0,0,25,'Gi7/25','','',1,0,'','','',''),(614,4,'NetworkEquipment',0,0,26,'Gi7/26','','',1,0,'','','',''),(615,4,'NetworkEquipment',0,0,27,'Gi7/27','','',1,0,'','','',''),(616,4,'NetworkEquipment',0,0,28,'Gi7/28','','',1,0,'','','',''),(617,4,'NetworkEquipment',0,0,29,'Gi7/29','','',1,0,'','','',''),(618,4,'NetworkEquipment',0,0,30,'Gi7/30','','',1,0,'','','',''),(619,4,'NetworkEquipment',0,0,31,'Gi7/31','','',1,0,'','','',''),(620,4,'NetworkEquipment',0,0,32,'Gi7/32','','',1,0,'','','',''),(621,4,'NetworkEquipment',0,0,33,'Gi7/33','','',1,0,'','','',''),(622,4,'NetworkEquipment',0,0,34,'Gi7/34','','',1,0,'','','',''),(623,4,'NetworkEquipment',0,0,35,'Gi7/35','','',1,0,'','','',''),(624,4,'NetworkEquipment',0,0,36,'Gi7/36','','',1,0,'','','',''),(625,4,'NetworkEquipment',0,0,37,'Gi7/37','','',1,0,'','','',''),(626,4,'NetworkEquipment',0,0,38,'Gi7/38','','',1,0,'','','',''),(627,4,'NetworkEquipment',0,0,39,'Gi7/39','','',1,0,'','','',''),(628,4,'NetworkEquipment',0,0,40,'Gi7/40','','',1,0,'','','',''),(629,4,'NetworkEquipment',0,0,41,'Gi7/41','','',1,0,'','','',''),(630,4,'NetworkEquipment',0,0,42,'Gi7/42','','',1,0,'','','',''),(631,4,'NetworkEquipment',0,0,43,'Gi7/43','','',1,0,'','','',''),(632,4,'NetworkEquipment',0,0,44,'Gi7/44','','',1,0,'','','',''),(633,4,'NetworkEquipment',0,0,45,'Gi7/45','','',1,0,'','','',''),(634,4,'NetworkEquipment',0,0,46,'Gi7/46','','',1,0,'','','',''),(635,4,'NetworkEquipment',0,0,47,'Gi7/47','','',1,0,'','','',''),(636,4,'NetworkEquipment',0,0,48,'Gi7/48','','',1,0,'','','',''),(637,5,'Printer',0,0,1,'Eth0','10.38.4.100','',2,0,'','10.38.4.1','255.255.252.0',''),(638,3,'Printer',0,0,1,'Eth1','10.38.4.102','',2,0,'','10.38.4.1','255.255.252.0',''),(639,8,'Computer',0,0,1,'Eth1','10.38.16.52','00:1B:24:1D:F1:36',1,0,'255.255.255.0','10.38.16.1','',''),(640,9,'Computer',0,0,1,'Eth1','10.38.16.53','00:16:36:E7:7F:2F',1,0,'255.255.255.0','10.38.16.1','',''),(641,2,'Computer',0,0,1,'Eth1','10.38.16.54','00:1B:24:1D:EC:2C',1,0,'255.255.255.0','10.38.16.1','',''),(642,10,'Computer',0,0,1,'Eth1','10.38.16.58','00:1B:24:1D:EC:BC',1,0,'255.255.255.0','10.38.16.1','',''),(643,11,'Computer',0,0,1,'Eth1','10.38.16.55','00:1B:24:1D:EF:E2',1,0,'255.255.255.0','10.38.16.1','',''),(644,12,'Computer',0,0,1,'Eth1','10.38.16.56','00:16:3:E0:7F:14',1,0,'255.255.255.0','10.38.16.1','',''),(645,13,'Computer',0,0,1,'Eth1','10.38.16.57','00:1B:24:1D:F0:FA',1,0,'255.255.255.0','10.38.16.1','',''),(646,14,'Computer',0,0,1,'Eth1','10.38.16.54','00:1B:24:1D:EC:2C',1,0,'255.255.255.0','10.38.16.1','',''),(647,15,'Computer',0,0,1,'Eth0','10.38.16.59',NULL,1,0,'255.255.255.0','10.38.16.1','',''),(648,16,'Computer',0,0,1,'Eth1','10.38.16.60','00:23:8B:57:C3:6A',1,0,'255.255.255.0','10.38.16.1','',''),(649,17,'Computer',0,0,1,'Eth0','10.38.18.26','00:14:4F:8D:C5:90',1,0,'255.255.255.0','10.38.16.1','',''),(650,18,'Computer',0,0,1,'Eth0','10.38.18.21','00:03:BA:5C:2B:6B',1,0,'255.255.254.0','10.38.18.1','',''),(651,19,'Computer',0,0,1,'Eth0','10.38.18.22','00:0:BA:4E:74:0E',1,0,'255.255.254.0','10.38.18.1','',''),(652,20,'Computer',0,0,1,'Eth0','10.38.18.23','00:03:BA:5C:40:3F',1,0,'255.255.254.0','10.38.18.1','',''),(653,21,'Computer',0,0,1,'Eth0','10.38.18.24','00:03:BA:7A:B3:8F',1,0,'255.255.254.0','10.38.18.1','',''),(654,22,'Computer',0,0,1,'Eth1',NULL,NULL,1,0,'255.255.255.0','10.38.16.1','',''),(655,23,'Computer',0,0,1,'Lan1','','',1,0,'','','',''),(656,24,'Computer',0,0,1,'Lan1','','',1,0,'','','',''),(657,25,'Computer',0,0,1,'Lan1','','',1,0,'','','',''),(658,1,'Computer',0,0,1,'Lan1','','',1,0,'','','',''),(659,26,'Computer',0,0,1,'Lan1',NULL,NULL,1,0,'','','',''),(660,27,'Computer',0,0,1,'Lan1',NULL,NULL,1,0,'','','',''),(661,28,'Computer',0,0,1,'Eth0',NULL,'5c:26:0a:63:b1:f1',1,57,'','','',''),(662,29,'Computer',0,0,1,'Lan1',NULL,NULL,1,0,'','','',''),(663,30,'Computer',0,0,1,'Lan1',NULL,NULL,1,0,'','','',''),(664,31,'Computer',0,0,1,'Lan1',NULL,NULL,1,0,'','','',''),(665,32,'Computer',0,0,1,'Lan1',NULL,NULL,1,0,'','','',''),(666,33,'Computer',0,0,1,'Lan1',NULL,NULL,1,0,'','','',''),(667,34,'Computer',0,0,1,'Lan1',NULL,NULL,1,0,'','','',''),(668,35,'Computer',0,0,1,'Lan1',NULL,NULL,1,0,'','','',''),(669,36,'Computer',0,0,1,'Lan1',NULL,NULL,1,0,'','','',''),(670,37,'Computer',0,0,1,'Lan1',NULL,NULL,1,0,'','','',''),(671,38,'Computer',0,0,1,'Lan1',NULL,NULL,1,0,'','','',''),(672,39,'Computer',0,0,1,'Lan1',NULL,NULL,1,0,'','','',''),(673,40,'Computer',0,0,1,'Lan1',NULL,NULL,1,0,'','','',''),(674,41,'Computer',0,0,1,'Lan1',NULL,NULL,1,0,'','','',''),(675,42,'Computer',0,0,1,'Eth0',NULL,'00:26:b9:b5:a5:88',1,33,'','','',''),(676,43,'Computer',0,0,1,'Lan1',NULL,NULL,1,0,'','','',''),(677,44,'Computer',0,0,1,'Lan1',NULL,NULL,1,0,'','','',''),(678,45,'Computer',0,0,1,'Lan1',NULL,NULL,1,0,'','','',''),(679,46,'Computer',0,0,1,'Lan1',NULL,NULL,1,0,'','','',''),(680,47,'Computer',0,0,1,'Lan1',NULL,NULL,1,0,'','','',''),(681,48,'Computer',0,0,1,'Lan1',NULL,NULL,1,0,'','','',''),(682,49,'Computer',0,0,1,'Lan1',NULL,NULL,1,0,'','','',''),(731,50,'Computer',0,0,1,'Lan1',NULL,NULL,1,0,'','','',''),(732,51,'Computer',0,0,1,'Lan1',NULL,NULL,1,0,'','','',''),(733,52,'Computer',0,0,1,'Eth0',NULL,NULL,1,0,'','','',''),(734,53,'Computer',0,0,1,'Lan1',NULL,NULL,1,0,'','','',''),(735,54,'Computer',0,0,1,'Lan1',NULL,NULL,1,0,'','','',''),(736,55,'Computer',0,0,1,'Lan1',NULL,NULL,1,0,'','','',''),(737,56,'Computer',0,0,1,'Eth0',NULL,NULL,1,0,'','','',''),(738,57,'Computer',0,0,1,'Lan1',NULL,NULL,1,0,'','','',''),(739,58,'Computer',0,0,1,'Lan1',NULL,NULL,1,0,'','','',''),(740,59,'Computer',0,0,1,'Eth0',NULL,NULL,1,0,'','','',''),(741,60,'Computer',0,0,1,'Lan1',NULL,NULL,1,0,'','','',''),(742,61,'Computer',0,0,1,'Lan1',NULL,NULL,1,0,'','','',''),(743,62,'Computer',0,0,1,'Lan1',NULL,NULL,1,0,'','','',''),(744,63,'Computer',0,0,1,'Lan1',NULL,NULL,1,0,'','','',''),(745,64,'Computer',0,0,1,'Lan1',NULL,NULL,1,0,'','','',''),(746,65,'Computer',0,0,1,'Lan1',NULL,NULL,1,0,'','','',''),(747,66,'Computer',0,0,1,'Lan1',NULL,NULL,1,0,'','','',''),(748,67,'Computer',0,0,1,'Lan1',NULL,NULL,1,0,'','','',''),(749,68,'Computer',0,0,1,'Lan1',NULL,NULL,1,0,'','','',''),(750,69,'Computer',0,0,1,'Lan1',NULL,NULL,1,0,'','','',''),(751,70,'Computer',0,0,1,'Eth0',NULL,NULL,1,24,'','','',''),(752,71,'Computer',0,0,1,'Lan1',NULL,NULL,1,0,'','','',''),(753,72,'Computer',0,0,1,'Lan1',NULL,NULL,1,0,'','','',''),(754,73,'Computer',0,0,1,'Lan1',NULL,NULL,1,0,'','','',''),(755,74,'Computer',0,0,1,'Lan1',NULL,NULL,1,0,'','','',''),(756,75,'Computer',0,0,1,'Lan1',NULL,NULL,1,0,'','','',''),(757,76,'Computer',0,0,1,'Lan1',NULL,NULL,1,0,'','','',''),(758,77,'Computer',0,0,1,'Lan1',NULL,NULL,1,0,'','','',''),(759,78,'Computer',0,0,1,'Lan1',NULL,NULL,1,0,'','','',''),(760,79,'Computer',0,0,1,'Lan1',NULL,NULL,1,0,'','','',''),(761,80,'Computer',0,0,1,'Lan1',NULL,NULL,1,0,'','','',''),(762,81,'Computer',0,0,1,'Eth0',NULL,NULL,1,0,'','','',''),(763,82,'Computer',0,0,1,'Lan1',NULL,NULL,1,0,'','','',''),(764,83,'Computer',0,0,1,'Lan1',NULL,NULL,1,0,'','','',''),(765,84,'Computer',0,0,1,'Lan1',NULL,NULL,1,0,'','','',''),(766,85,'Computer',0,0,1,'Lan1',NULL,NULL,1,0,'','','',''),(767,86,'Computer',0,0,1,'Lan1',NULL,NULL,1,0,'','','',''),(768,87,'Computer',0,0,1,'Lan1',NULL,NULL,1,0,'','','',''),(769,88,'Computer',0,0,1,'Lan1',NULL,NULL,1,0,'','','',''),(770,89,'Computer',0,0,1,'Lan1',NULL,NULL,1,0,'','','',''),(771,90,'Computer',0,0,1,'Lan1',NULL,NULL,1,0,'','','',''),(772,91,'Computer',0,0,1,'Lan1',NULL,NULL,1,0,'','','',''),(773,92,'Computer',0,0,1,'Lan1',NULL,NULL,1,0,'','','',''),(774,93,'Computer',0,0,1,'Lan1',NULL,NULL,1,0,'','','',''),(775,94,'Computer',0,0,1,'Lan1',NULL,NULL,1,0,'','','',''),(776,95,'Computer',0,0,1,'Lan1',NULL,NULL,1,0,'','','',''),(777,96,'Computer',0,0,1,'Lan1',NULL,NULL,1,0,'','','',''),(778,97,'Computer',0,0,1,'Lan1',NULL,NULL,1,0,'','','',''),(779,98,'Computer',0,0,1,'Lan1',NULL,NULL,1,0,'','','',''),(780,99,'Computer',0,0,1,'Lan1',NULL,NULL,1,0,'','','',''),(781,100,'Computer',0,0,1,'Lan1',NULL,NULL,1,0,'','','',''),(782,101,'Computer',0,0,1,'Lan1',NULL,NULL,1,0,'','','',''),(783,102,'Computer',0,0,1,'Lan1',NULL,NULL,1,0,'','','',''),(784,103,'Computer',0,0,1,'Lan1',NULL,NULL,1,0,'','','',''),(785,104,'Computer',0,0,1,'Lan1',NULL,NULL,1,0,'','','',''),(786,105,'Computer',0,0,1,'Lan1',NULL,NULL,1,0,'','','',''),(787,106,'Computer',0,0,1,'Lan1',NULL,NULL,1,0,'','','',''),(788,107,'Computer',0,0,1,'Lan1',NULL,NULL,1,0,'','','',''),(789,108,'Computer',0,0,1,'Lan1',NULL,NULL,1,0,'','','',''),(790,109,'Computer',0,0,1,'Lan1',NULL,NULL,1,0,'','','',''),(791,110,'Computer',0,0,1,'Lan1',NULL,NULL,1,0,'','','',''),(792,111,'Computer',0,0,1,'Lan1',NULL,NULL,1,0,'','','',''),(928,112,'Computer',0,0,1,'Eth0','','f0:de:f1:c7:c3:a9',1,0,'225.255.252.0','10.38.4.1','',''),(794,113,'Computer',0,0,1,'Lan1',NULL,NULL,1,0,'','','',''),(795,114,'Computer',0,0,1,'Lan1',NULL,NULL,1,0,'','','',''),(796,115,'Computer',0,0,1,'Lan1',NULL,NULL,1,0,'','','',''),(797,116,'Computer',0,0,1,'Lan1',NULL,NULL,1,0,'','','',''),(798,117,'Computer',0,0,1,'Lan1',NULL,NULL,1,0,'','','',''),(799,118,'Computer',0,0,1,'Eth0',NULL,'5c:26:0a:5d:b9:56',1,0,'','','',''),(800,119,'Computer',0,0,1,'Lan1',NULL,NULL,1,0,'','','',''),(801,120,'Computer',0,0,1,'Lan1',NULL,NULL,1,0,'','','',''),(802,121,'Computer',0,0,1,'Lan1',NULL,NULL,1,0,'','','',''),(803,122,'Computer',0,0,1,'Lan1',NULL,NULL,1,0,'','','',''),(804,123,'Computer',0,0,1,'Lan1',NULL,NULL,1,0,'','','',''),(805,124,'Computer',0,0,1,'Eth0',NULL,NULL,1,6,'','','',''),(806,125,'Computer',0,0,1,'Lan1',NULL,NULL,1,0,'','','',''),(807,126,'Computer',0,0,1,'Lan1',NULL,NULL,1,0,'','','',''),(808,127,'Computer',0,0,1,'Eth0',NULL,'5c:16:0a:64:24:26',1,0,'','','',''),(809,128,'Computer',0,0,1,'Lan1',NULL,NULL,1,0,'','','',''),(810,129,'Computer',0,0,1,'Lan1',NULL,'5c:26:0a:5e:4a:12',1,0,'','','','5c26.0a5e.4a12'),(811,130,'Computer',0,0,1,'Lan1',NULL,NULL,1,0,'','','',''),(812,131,'Computer',0,0,1,'Lan1',NULL,NULL,1,0,'','','',''),(813,132,'Computer',0,0,1,'Lan1',NULL,NULL,1,0,'','','',''),(814,133,'Computer',0,0,1,'Lan1',NULL,NULL,1,0,'','','',''),(815,134,'Computer',0,0,1,'Lan1',NULL,NULL,1,0,'','','',''),(816,135,'Computer',0,0,1,'Lan1',NULL,NULL,1,0,'','','',''),(817,136,'Computer',0,0,1,'Eth0',NULL,NULL,1,4,'','','',''),(818,137,'Computer',0,0,1,'Lan1',NULL,NULL,1,0,'','','',''),(819,138,'Computer',0,0,1,'Eth0',NULL,NULL,1,0,'','','',''),(820,139,'Computer',0,0,1,'Lan1',NULL,NULL,1,0,'','','',''),(821,140,'Computer',0,0,1,'Lan1',NULL,NULL,1,0,'','','',''),(822,141,'Computer',0,0,1,'Lan1',NULL,NULL,1,0,'','','',''),(823,142,'Computer',0,0,1,'Lan1',NULL,NULL,1,0,'','','',''),(824,143,'Computer',0,0,1,'Lan1',NULL,NULL,1,0,'','','',''),(825,144,'Computer',0,0,1,'Lan1',NULL,NULL,1,0,'','','',''),(826,145,'Computer',0,0,1,'Lan1',NULL,NULL,1,0,'','','',''),(827,146,'Computer',0,0,1,'Lan1',NULL,NULL,1,0,'','','',''),(828,147,'Computer',0,0,1,'Eth0',NULL,NULL,1,0,'','','',''),(829,148,'Computer',0,0,1,'Lan1',NULL,NULL,1,0,'','','',''),(830,149,'Computer',0,0,1,'Lan1',NULL,NULL,1,0,'','','',''),(831,150,'Computer',0,0,1,'Lan1',NULL,NULL,1,0,'','','',''),(832,151,'Computer',0,0,1,'Lan1',NULL,NULL,1,0,'','','',''),(833,152,'Computer',0,0,1,'Lan1',NULL,NULL,1,0,'','','',''),(834,153,'Computer',0,0,1,'Lan1',NULL,NULL,1,0,'','','',''),(835,154,'Computer',0,0,1,'Lan1',NULL,NULL,1,0,'','','',''),(836,155,'Computer',0,0,1,'Lan1',NULL,NULL,1,0,'','','',''),(837,156,'Computer',0,0,1,'Eth0',NULL,NULL,1,0,'','','',''),(838,157,'Computer',0,0,1,'Lan1',NULL,NULL,1,0,'','','',''),(839,158,'Computer',0,0,1,'Lan1',NULL,NULL,1,0,'','','',''),(840,159,'Computer',0,0,1,'Lan1',NULL,NULL,1,0,'','','',''),(841,160,'Computer',0,0,1,'Lan1',NULL,NULL,1,0,'','','',''),(842,161,'Computer',0,0,1,'Lan1',NULL,NULL,1,0,'','','',''),(843,162,'Computer',0,0,1,'Lan1',NULL,NULL,1,0,'','','',''),(844,163,'Computer',0,0,1,'Lan1',NULL,NULL,1,0,'','','',''),(845,164,'Computer',0,0,1,'Lan1',NULL,NULL,1,0,'','','',''),(846,165,'Computer',0,0,1,'Lan1',NULL,NULL,1,0,'','','',''),(847,166,'Computer',0,0,1,'Lan1',NULL,NULL,1,0,'','','',''),(848,167,'Computer',0,0,1,'Lan1',NULL,NULL,1,0,'','','',''),(849,168,'Computer',0,0,1,'Lan1',NULL,NULL,1,0,'','','',''),(850,169,'Computer',0,0,1,'Lan1',NULL,NULL,1,0,'','','',''),(851,170,'Computer',0,0,1,'Lan1',NULL,NULL,1,0,'','','',''),(852,171,'Computer',0,0,1,'Lan1',NULL,NULL,1,0,'','','',''),(853,172,'Computer',0,0,1,'Lan1',NULL,NULL,1,0,'','','',''),(854,173,'Computer',0,0,1,'Lan1',NULL,NULL,1,0,'','','',''),(855,174,'Computer',0,0,1,'Eth0',NULL,NULL,1,0,'','','',''),(856,175,'Computer',0,0,1,'Lan1',NULL,NULL,1,0,'','','',''),(857,176,'Computer',0,0,1,'Lan1',NULL,NULL,1,0,'','','',''),(858,177,'Computer',0,0,1,'Lan1',NULL,NULL,1,0,'','','',''),(859,178,'Computer',0,0,1,'Lan1',NULL,NULL,1,0,'','','',''),(860,179,'Computer',0,0,1,'Lan1',NULL,NULL,1,0,'','','',''),(861,180,'Computer',0,0,1,'Lan1',NULL,NULL,1,0,'','','',''),(862,181,'Computer',0,0,1,'Lan1',NULL,NULL,1,0,'','','',''),(863,182,'Computer',0,0,1,'Lan1',NULL,NULL,1,0,'','','',''),(864,183,'Computer',0,0,1,'Lan1',NULL,NULL,1,0,'','','',''),(865,184,'Computer',0,0,1,'Lan1',NULL,NULL,1,0,'','','',''),(866,185,'Computer',0,0,1,'Lan1',NULL,NULL,1,0,'','','',''),(867,186,'Computer',0,0,1,'Lan1',NULL,NULL,1,0,'','','',''),(868,187,'Computer',0,0,1,'Lan1',NULL,NULL,1,0,'','','',''),(869,188,'Computer',0,0,1,'Lan1',NULL,NULL,1,0,'','','',''),(870,189,'Computer',0,0,1,'Lan1',NULL,NULL,1,0,'','','',''),(871,190,'Computer',0,0,1,'Lan1',NULL,NULL,1,0,'','','',''),(872,191,'Computer',0,0,1,'Lan1',NULL,NULL,1,0,'','','',''),(873,192,'Computer',0,0,1,'Lan1',NULL,NULL,1,0,'','','',''),(874,193,'Computer',0,0,1,'Lan1',NULL,NULL,1,0,'','','',''),(875,194,'Computer',0,0,1,'Lan1',NULL,NULL,1,0,'','','',''),(876,195,'Computer',0,0,1,'Lan1',NULL,NULL,1,0,'','','',''),(877,196,'Computer',0,0,1,'Lan1',NULL,NULL,1,0,'','','',''),(878,197,'Computer',0,0,1,'Lan1',NULL,NULL,1,0,'','','',''),(879,198,'Computer',0,0,1,'Lan1',NULL,NULL,1,0,'','','',''),(880,199,'Computer',0,0,1,'Lan1',NULL,NULL,1,0,'','','',''),(881,200,'Computer',0,0,1,'Lan1',NULL,NULL,1,0,'','','',''),(882,201,'Computer',0,0,1,'Lan1',NULL,NULL,1,0,'','','',''),(883,202,'Computer',0,0,1,'Lan1',NULL,NULL,1,0,'','','',''),(884,203,'Computer',0,0,1,'Lan1',NULL,NULL,1,0,'','','',''),(885,204,'Computer',0,0,1,'Lan1',NULL,NULL,1,0,'','','',''),(886,205,'Computer',0,0,1,'Lan1',NULL,NULL,1,0,'','','',''),(887,206,'Computer',0,0,1,'Lan1',NULL,NULL,1,0,'','','',''),(888,207,'Computer',0,0,1,'Lan1',NULL,NULL,1,0,'','','',''),(889,208,'Computer',0,0,1,'Lan1',NULL,NULL,1,0,'','','',''),(890,209,'Computer',0,0,1,'Lan1',NULL,NULL,1,0,'','','',''),(891,210,'Computer',0,0,1,'Lan1',NULL,NULL,1,0,'','','',''),(892,211,'Computer',0,0,1,'Lan1',NULL,NULL,1,0,'','','',''),(893,212,'Computer',0,0,1,'Lan1',NULL,NULL,1,0,'','','',''),(894,213,'Computer',0,0,1,'Lan1',NULL,NULL,1,0,'','','',''),(895,214,'Computer',0,0,1,'Lan1',NULL,NULL,1,0,'','','',''),(896,215,'Computer',0,0,1,'Lan1',NULL,NULL,1,0,'','','',''),(897,216,'Computer',0,0,1,'Lan1',NULL,NULL,1,0,'','','',''),(898,217,'Computer',0,0,1,'Eth1',NULL,NULL,1,0,'255.255.255.0','10.38.16.1','',''),(899,218,'Computer',0,0,1,'Lan1',NULL,NULL,1,0,'','','',''),(900,219,'Computer',0,0,1,'Lan1',NULL,NULL,1,0,'','','',''),(901,220,'Computer',0,0,1,'Lan1',NULL,NULL,1,0,'','','',''),(902,221,'Computer',0,0,1,'Eth1',NULL,NULL,1,0,'255.255.255.0','10.38.16.1','',''),(903,222,'Computer',0,0,1,'Eth1',NULL,NULL,1,0,'255.255.255.0','10.38.16.1','',''),(904,223,'Computer',0,0,1,'Eth1',NULL,NULL,1,0,'255.255.255.0','10.38.16.1','',''),(905,224,'Computer',0,0,1,'Eth1',NULL,NULL,1,0,'255.255.255.0','10.38.16.1','',''),(906,225,'Computer',0,0,1,'Eth1',NULL,NULL,1,0,'255.255.255.0','10.38.16.1','',''),(907,226,'Computer',0,0,1,'Eth0',NULL,NULL,1,0,'255.255.255.0','10.38.16.1','',''),(908,227,'Computer',0,0,1,'Eth0',NULL,NULL,1,0,'255.255.255.0','10.38.16.1','',''),(909,228,'Computer',0,0,1,'Eth1',NULL,NULL,1,0,'255.255.255.0','10.38.16.1','',''),(910,229,'Computer',0,0,1,'Eth1',NULL,NULL,1,0,'255.255.255.0','10.38.16.1','',''),(911,230,'Computer',0,0,1,'Eth1',NULL,NULL,1,0,'255.255.255.0','10.38.16.1','',''),(912,231,'Computer',0,0,1,'Eth1',NULL,NULL,1,0,'255.255.255.0','10.38.16.1','',''),(913,232,'Computer',0,0,1,'Eth1',NULL,NULL,1,0,'255.255.255.0','10.38.16.1','',''),(914,239,'Computer',0,0,1,'Lan1',NULL,NULL,1,0,'','','',''),(915,240,'Computer',0,0,1,'Lan1',NULL,NULL,1,0,'','','',''),(916,241,'Computer',0,0,1,'Lan1',NULL,NULL,1,0,'','','',''),(917,242,'Computer',0,0,1,'Lan1',NULL,NULL,1,0,'','','',''),(918,243,'Computer',0,0,1,'Lan1',NULL,NULL,1,0,'','','',''),(919,244,'Computer',0,0,1,'Lan1',NULL,NULL,1,0,'','','',''),(920,245,'Computer',0,0,1,'Lan1',NULL,NULL,1,0,'','','',''),(921,246,'Computer',0,0,1,'Lan1',NULL,NULL,1,0,'','','',''),(922,247,'Computer',0,0,1,'Lan1',NULL,NULL,1,0,'','','',''),(923,248,'Computer',0,0,1,'Lan1',NULL,NULL,1,0,'','','',''),(924,249,'Computer',0,0,1,'Lan1',NULL,NULL,1,0,'','','',''),(925,250,'Computer',0,0,1,'Lan1',NULL,NULL,1,0,'','','',''),(926,251,'Computer',0,0,1,'Lan1',NULL,NULL,1,0,'','','',''),(927,252,'Computer',0,0,1,'Lan1',NULL,NULL,1,0,'','','',''),(929,253,'Computer',0,0,1,'Lan1',NULL,NULL,1,0,'','','',''),(930,254,'Computer',0,0,1,'Eth0',NULL,NULL,1,1,'','','',''),(931,255,'Computer',0,0,1,'Lan1',NULL,NULL,1,0,'','','',''),(932,256,'Computer',0,0,1,'Lan1',NULL,NULL,1,0,'','','',''),(933,257,'Computer',0,0,1,'Lan1',NULL,NULL,1,0,'','','',''),(934,258,'Computer',0,0,1,'Lan1',NULL,NULL,1,0,'','','',''),(935,259,'Computer',0,0,1,'Lan1',NULL,NULL,1,0,'','','',''),(936,260,'Computer',0,0,1,'Lan1',NULL,NULL,1,0,'','','',''),(937,261,'Computer',0,0,1,'Lan1',NULL,NULL,1,0,'','','',''),(938,262,'Computer',0,0,1,'Lan1',NULL,NULL,1,0,'','','',''),(939,263,'Computer',0,0,1,'Lan1',NULL,NULL,1,0,'','','',''),(940,264,'Computer',0,0,1,'Lan1',NULL,NULL,1,0,'','','',''),(941,265,'Computer',0,0,1,'Eth0',NULL,NULL,1,0,'','','',''),(942,266,'Computer',0,0,1,'Lan1',NULL,NULL,1,0,'','','',''),(943,267,'Computer',0,0,1,'Lan1',NULL,NULL,1,0,'','','',''),(944,268,'Computer',0,0,1,'Lan1',NULL,NULL,1,0,'','','',''),(945,13,'NetworkEquipment',0,0,1,'LAN','','',1,10,'','','',''),(946,4,'Computer',0,0,1,'Eth0','','',1,0,'','','',''),(947,4,'NetworkEquipment',0,0,1,'Gi9/01','','',1,0,'','','',''),(948,4,'NetworkEquipment',0,0,2,'Gi9/02','','',1,0,'','','',''),(949,4,'NetworkEquipment',0,0,3,'Gi9/03','','',1,0,'','','',''),(950,4,'NetworkEquipment',0,0,4,'Gi9/04','','',1,0,'','','',''),(951,4,'NetworkEquipment',0,0,5,'Gi9/05','','',1,0,'','','',''),(952,4,'NetworkEquipment',0,0,6,'Gi9/06','','',1,0,'','','',''),(953,4,'NetworkEquipment',0,0,7,'Gi9/07','','',1,0,'','','',''),(954,4,'NetworkEquipment',0,0,8,'Gi9/08','','',1,0,'','','',''),(955,4,'NetworkEquipment',0,0,9,'Gi9/09','','',1,0,'','','',''),(956,4,'NetworkEquipment',0,0,10,'Gi9/10','','',1,0,'','','',''),(957,4,'NetworkEquipment',0,0,11,'Gi9/11','','',1,0,'','','',''),(958,4,'NetworkEquipment',0,0,12,'Gi9/12','','',1,0,'','','',''),(959,4,'NetworkEquipment',0,0,13,'Gi9/13','','',1,0,'','','',''),(960,4,'NetworkEquipment',0,0,14,'Gi9/14','','',1,0,'','','',''),(961,4,'NetworkEquipment',0,0,15,'Gi9/15','','',1,0,'','','',''),(962,4,'NetworkEquipment',0,0,16,'Gi9/16','','',1,0,'','','',''),(963,4,'NetworkEquipment',0,0,17,'Gi9/17','','',1,0,'','','',''),(964,4,'NetworkEquipment',0,0,18,'Gi9/18','','',1,0,'','','',''),(965,4,'NetworkEquipment',0,0,19,'Gi9/19','','',1,0,'','','',''),(966,4,'NetworkEquipment',0,0,20,'Gi9/20','','',1,0,'','','',''),(967,4,'NetworkEquipment',0,0,21,'Gi9/21','','',1,0,'','','',''),(968,4,'NetworkEquipment',0,0,22,'Gi9/22','','',1,0,'','','',''),(969,4,'NetworkEquipment',0,0,23,'Gi9/23','','',1,0,'','','',''),(970,4,'NetworkEquipment',0,0,24,'Gi9/24','','',1,0,'','','',''),(971,4,'NetworkEquipment',0,0,25,'Gi9/25','','',1,0,'','','',''),(972,4,'NetworkEquipment',0,0,26,'Gi9/26','','',1,0,'','','',''),(973,4,'NetworkEquipment',0,0,27,'Gi9/27','','',1,0,'','','',''),(974,4,'NetworkEquipment',0,0,28,'Gi9/28','','',1,0,'','','',''),(975,4,'NetworkEquipment',0,0,29,'Gi9/29','','',1,0,'','','',''),(976,4,'NetworkEquipment',0,0,30,'Gi9/30','','',1,0,'','','',''),(977,4,'NetworkEquipment',0,0,31,'Gi9/31','','',1,0,'','','',''),(978,4,'NetworkEquipment',0,0,32,'Gi9/32','','',1,0,'','','',''),(979,4,'NetworkEquipment',0,0,33,'Gi9/33','','',1,0,'','','',''),(980,4,'NetworkEquipment',0,0,34,'Gi9/34','','',1,0,'','','',''),(981,4,'NetworkEquipment',0,0,35,'Gi9/35','','',1,0,'','','',''),(982,4,'NetworkEquipment',0,0,36,'Gi9/36','','',1,0,'','','',''),(983,4,'NetworkEquipment',0,0,37,'Gi9/37','','',1,0,'','','',''),(984,4,'NetworkEquipment',0,0,38,'Gi9/38','','',1,0,'','','',''),(985,4,'NetworkEquipment',0,0,39,'Gi9/39','','',1,0,'','','',''),(986,4,'NetworkEquipment',0,0,40,'Gi9/40','','',1,0,'','','',''),(987,4,'NetworkEquipment',0,0,41,'Gi9/41','','',1,0,'','','',''),(988,4,'NetworkEquipment',0,0,42,'Gi9/42','','',1,0,'','','',''),(989,4,'NetworkEquipment',0,0,43,'Gi9/43','','',1,0,'','','',''),(990,4,'NetworkEquipment',0,0,44,'Gi9/44','','',1,0,'','','',''),(991,4,'NetworkEquipment',0,0,45,'Gi9/45','','',1,0,'','','',''),(992,4,'NetworkEquipment',0,0,46,'Gi9/46','','',1,0,'','','',''),(993,4,'NetworkEquipment',0,0,47,'Gi9/47','','',1,0,'','','',''),(994,4,'NetworkEquipment',0,0,48,'Gi9/48','','',1,0,'','','',''),(995,4,'NetworkEquipment',0,0,1,'Gi8/01','','',1,0,'','','',''),(996,4,'NetworkEquipment',0,0,2,'Gi8/02','','',1,0,'','','',''),(997,4,'NetworkEquipment',0,0,3,'Gi8/03','','',1,0,'','','',''),(998,4,'NetworkEquipment',0,0,4,'Gi8/04','','',1,0,'','','',''),(999,4,'NetworkEquipment',0,0,5,'Gi8/05','','',1,0,'','','',''),(1000,4,'NetworkEquipment',0,0,6,'Gi8/06','','',1,0,'','','',''),(1001,4,'NetworkEquipment',0,0,7,'Gi8/07','','',1,0,'','','',''),(1002,4,'NetworkEquipment',0,0,8,'Gi8/08','','',1,0,'','','',''),(1003,4,'NetworkEquipment',0,0,9,'Gi8/09','','',1,0,'','','',''),(1004,4,'NetworkEquipment',0,0,10,'Gi8/10','','',1,0,'','','',''),(1005,4,'NetworkEquipment',0,0,11,'Gi8/11','','',1,0,'','','',''),(1006,4,'NetworkEquipment',0,0,12,'Gi8/12','','',1,0,'','','',''),(1007,4,'NetworkEquipment',0,0,13,'Gi8/13','','',1,0,'','','',''),(1008,4,'NetworkEquipment',0,0,14,'Gi8/14','','',1,0,'','','',''),(1009,4,'NetworkEquipment',0,0,15,'Gi8/15','','',1,0,'','','',''),(1010,4,'NetworkEquipment',0,0,16,'Gi8/16','','',1,0,'','','',''),(1011,4,'NetworkEquipment',0,0,17,'Gi8/17','','',1,0,'','','',''),(1012,4,'NetworkEquipment',0,0,18,'Gi8/18','','',1,0,'','','',''),(1013,4,'NetworkEquipment',0,0,19,'Gi8/19','','',1,0,'','','',''),(1014,4,'NetworkEquipment',0,0,20,'Gi8/20','','',1,0,'','','',''),(1015,4,'NetworkEquipment',0,0,21,'Gi8/21','','',1,0,'','','',''),(1016,4,'NetworkEquipment',0,0,22,'Gi8/22','','',1,0,'','','',''),(1017,4,'NetworkEquipment',0,0,23,'Gi8/23','','',1,0,'','','',''),(1018,4,'NetworkEquipment',0,0,24,'Gi8/24','','',1,0,'','','',''),(1019,4,'NetworkEquipment',0,0,25,'Gi8/25','','',1,0,'','','',''),(1020,4,'NetworkEquipment',0,0,26,'Gi8/26','','',1,0,'','','',''),(1021,4,'NetworkEquipment',0,0,27,'Gi8/27','','',1,0,'','','',''),(1022,4,'NetworkEquipment',0,0,28,'Gi8/28','','',1,0,'','','',''),(1023,4,'NetworkEquipment',0,0,29,'Gi8/29','','',1,0,'','','',''),(1024,4,'NetworkEquipment',0,0,30,'Gi8/30','','',1,0,'','','',''),(1025,4,'NetworkEquipment',0,0,31,'Gi8/31','','',1,0,'','','',''),(1026,4,'NetworkEquipment',0,0,32,'Gi8/32','','',1,0,'','','',''),(1027,4,'NetworkEquipment',0,0,33,'Gi8/33','','',1,0,'','','',''),(1028,4,'NetworkEquipment',0,0,34,'Gi8/34','','',1,0,'','','',''),(1029,4,'NetworkEquipment',0,0,35,'Gi8/35','','',1,0,'','','',''),(1030,4,'NetworkEquipment',0,0,36,'Gi8/36','','',1,0,'','','',''),(1031,4,'NetworkEquipment',0,0,37,'Gi8/37','','',1,0,'','','',''),(1032,4,'NetworkEquipment',0,0,38,'Gi8/38','','',1,0,'','','',''),(1033,4,'NetworkEquipment',0,0,39,'Gi8/39','','',1,0,'','','',''),(1034,4,'NetworkEquipment',0,0,40,'Gi8/40','','',1,0,'','','',''),(1035,4,'NetworkEquipment',0,0,41,'Gi8/41','','',1,0,'','','',''),(1036,4,'NetworkEquipment',0,0,42,'Gi8/42','','',1,0,'','','',''),(1037,4,'NetworkEquipment',0,0,43,'Gi8/43','','',1,0,'','','',''),(1038,4,'NetworkEquipment',0,0,44,'Gi8/44','','',1,0,'','','',''),(1039,4,'NetworkEquipment',0,0,45,'Gi8/45','','',1,0,'','','',''),(1040,4,'NetworkEquipment',0,0,46,'Gi8/46','','',1,0,'','','',''),(1041,4,'NetworkEquipment',0,0,47,'Gi8/47','','',1,0,'','','',''),(1042,4,'NetworkEquipment',0,0,48,'Gi8/48','','',1,0,'','','',''),(1043,269,'Computer',0,0,1,'Lan1',NULL,NULL,1,0,'','','','');
/*!40000 ALTER TABLE `glpi_networkports` ENABLE KEYS */;
UNLOCK TABLES;

--
-- Table structure for table `glpi_networkports_networkports`
--

DROP TABLE IF EXISTS `glpi_networkports_networkports`;
/*!40101 SET @saved_cs_client     = @@character_set_client */;
/*!40101 SET character_set_client = utf8 */;
CREATE TABLE `glpi_networkports_networkports` (
  `id` int(11) NOT NULL AUTO_INCREMENT,
  `networkports_id_1` int(11) NOT NULL DEFAULT '0',
  `networkports_id_2` int(11) NOT NULL DEFAULT '0',
  PRIMARY KEY (`id`),
  UNIQUE KEY `unicity` (`networkports_id_1`,`networkports_id_2`),
  KEY `networkports_id_2` (`networkports_id_2`)
) ENGINE=MyISAM AUTO_INCREMENT=120 DEFAULT CHARSET=utf8 COLLATE=utf8_unicode_ci;
/*!40101 SET character_set_client = @saved_cs_client */;

--
-- Dumping data for table `glpi_networkports_networkports`
--

LOCK TABLES `glpi_networkports_networkports` WRITE;
/*!40000 ALTER TABLE `glpi_networkports_networkports` DISABLE KEYS */;
INSERT INTO `glpi_networkports_networkports` VALUES (3,155,435),(4,637,393),(5,638,533),(6,566,655),(7,433,656),(105,884,443),(9,659,401),(11,661,419),(12,663,584),(13,664,439),(14,665,406),(15,668,423),(17,671,407),(18,672,403),(19,673,586),(20,675,582),(21,677,415),(22,680,397),(24,682,696),(25,731,438),(26,733,688),(27,734,404),(28,735,519),(29,736,697),(30,737,687),(31,738,425),(32,739,516),(33,740,685),(34,741,706),(35,743,581),(36,744,701),(37,746,518),(38,747,587),(39,748,515),(40,750,528),(41,755,708),(42,756,702),(43,732,698),(45,758,560),(46,762,694),(47,763,721),(48,764,729),(49,768,578),(50,780,503),(100,875,565),(52,785,511),(53,786,563),(54,787,504),(55,791,720),(107,928,521),(57,796,551),(106,813,577),(60,799,564),(61,800,569),(62,803,529),(63,804,704),(64,806,559),(65,810,552),(66,811,546),(67,812,547),(68,816,579),(69,818,571),(70,819,557),(72,827,512),(73,831,509),(74,834,508),(92,784,441),(76,837,691),(78,841,499),(79,844,496),(80,846,514),(81,848,495),(90,881,580),(91,883,568),(94,832,567),(104,674,399),(97,809,699),(101,790,575),(102,820,550),(103,852,555),(108,751,719),(109,930,362),(119,817,532),(111,805,531),(112,945,535),(113,946,526),(114,650,951),(115,651,947),(116,652,949),(117,649,968),(118,152,994);
/*!40000 ALTER TABLE `glpi_networkports_networkports` ENABLE KEYS */;
UNLOCK TABLES;

--
-- Table structure for table `glpi_networkports_vlans`
--

DROP TABLE IF EXISTS `glpi_networkports_vlans`;
/*!40101 SET @saved_cs_client     = @@character_set_client */;
/*!40101 SET character_set_client = utf8 */;
CREATE TABLE `glpi_networkports_vlans` (
  `id` int(11) NOT NULL AUTO_INCREMENT,
  `networkports_id` int(11) NOT NULL DEFAULT '0',
  `vlans_id` int(11) NOT NULL DEFAULT '0',
  PRIMARY KEY (`id`),
  UNIQUE KEY `unicity` (`networkports_id`,`vlans_id`),
  KEY `vlans_id` (`vlans_id`)
) ENGINE=MyISAM AUTO_INCREMENT=44 DEFAULT CHARSET=utf8 COLLATE=utf8_unicode_ci;
/*!40101 SET character_set_client = @saved_cs_client */;

--
-- Dumping data for table `glpi_networkports_vlans`
--

LOCK TABLES `glpi_networkports_vlans` WRITE;
/*!40000 ALTER TABLE `glpi_networkports_vlans` DISABLE KEYS */;
INSERT INTO `glpi_networkports_vlans` VALUES (1,1,1),(2,152,2),(3,638,1),(4,637,1),(5,639,2),(6,640,2),(7,642,2),(8,643,2),(9,644,2),(10,645,2),(11,646,2),(12,647,2),(13,648,2),(15,649,3),(16,650,3),(17,651,3),(18,652,3),(19,653,3),(20,657,1),(21,656,1),(22,928,1),(23,930,1),(24,752,1),(25,805,1),(26,945,4),(27,740,1),(28,737,1),(29,733,1),(30,751,1),(31,837,1),(32,762,1),(33,153,3),(34,817,1),(35,828,1),(36,855,1),(37,810,1),(38,661,1),(39,419,1),(40,799,1),(41,675,1),(42,808,1),(43,819,1);
/*!40000 ALTER TABLE `glpi_networkports_vlans` ENABLE KEYS */;
UNLOCK TABLES;

--
-- Table structure for table `glpi_networks`
--

DROP TABLE IF EXISTS `glpi_networks`;
/*!40101 SET @saved_cs_client     = @@character_set_client */;
/*!40101 SET character_set_client = utf8 */;
CREATE TABLE `glpi_networks` (
  `id` int(11) NOT NULL AUTO_INCREMENT,
  `name` varchar(255) COLLATE utf8_unicode_ci DEFAULT NULL,
  `comment` text COLLATE utf8_unicode_ci,
  PRIMARY KEY (`id`),
  KEY `name` (`name`)
) ENGINE=MyISAM AUTO_INCREMENT=7 DEFAULT CHARSET=utf8 COLLATE=utf8_unicode_ci;
/*!40101 SET character_set_client = @saved_cs_client */;

--
-- Dumping data for table `glpi_networks`
--

LOCK TABLES `glpi_networks` WRITE;
/*!40000 ALTER TABLE `glpi_networks` DISABLE KEYS */;
/*!40000 ALTER TABLE `glpi_networks` ENABLE KEYS */;
UNLOCK TABLES;

--
-- Table structure for table `glpi_notifications`
--

DROP TABLE IF EXISTS `glpi_notifications`;
/*!40101 SET @saved_cs_client     = @@character_set_client */;
/*!40101 SET character_set_client = utf8 */;
CREATE TABLE `glpi_notifications` (
  `id` int(11) NOT NULL AUTO_INCREMENT,
  `name` varchar(255) COLLATE utf8_unicode_ci DEFAULT NULL,
  `entities_id` int(11) NOT NULL DEFAULT '0',
  `itemtype` varchar(100) COLLATE utf8_unicode_ci NOT NULL,
  `event` varchar(255) COLLATE utf8_unicode_ci NOT NULL,
  `mode` varchar(255) COLLATE utf8_unicode_ci NOT NULL,
  `notificationtemplates_id` int(11) NOT NULL DEFAULT '0',
  `comment` text COLLATE utf8_unicode_ci,
  `is_recursive` tinyint(1) NOT NULL DEFAULT '0',
  `is_active` tinyint(1) NOT NULL DEFAULT '0',
  `date_mod` datetime DEFAULT NULL,
  PRIMARY KEY (`id`),
  KEY `name` (`name`),
  KEY `itemtype` (`itemtype`),
  KEY `entities_id` (`entities_id`),
  KEY `is_active` (`is_active`),
  KEY `date_mod` (`date_mod`),
  KEY `is_recursive` (`is_recursive`),
  KEY `notificationtemplates_id` (`notificationtemplates_id`)
) ENGINE=MyISAM AUTO_INCREMENT=64 DEFAULT CHARSET=utf8 COLLATE=utf8_unicode_ci;
/*!40101 SET character_set_client = @saved_cs_client */;

--
-- Dumping data for table `glpi_notifications`
--

LOCK TABLES `glpi_notifications` WRITE;
/*!40000 ALTER TABLE `glpi_notifications` DISABLE KEYS */;
INSERT INTO `glpi_notifications` VALUES (1,'Alert Tickets not closed',0,'Ticket','alertnotclosed','mail',6,'',1,1,'2010-02-16 16:41:39'),(2,'HCM Local Service New Ticket',0,'Ticket','new','mail',4,'',0,1,'2012-05-10 10:30:22'),(3,'Update Ticket',0,'Ticket','update','mail',4,'',1,1,'2010-02-16 16:41:39'),(4,'Close Ticket',0,'Ticket','closed','mail',4,'',1,1,'2010-02-16 16:41:39'),(5,'Add Followup',0,'Ticket','add_followup','mail',4,'',1,1,'2010-02-16 16:41:39'),(6,'Add Task',0,'Ticket','add_task','mail',4,'',1,1,'2010-02-16 16:41:39'),(7,'Update Followup',0,'Ticket','update_followup','mail',4,'',1,1,'2010-02-16 16:41:39'),(8,'Update Task',0,'Ticket','update_task','mail',4,'',1,1,'2010-02-16 16:41:39'),(9,'Delete Followup',0,'Ticket','delete_followup','mail',4,'',1,1,'2010-02-16 16:41:39'),(10,'Delete Task',0,'Ticket','delete_task','mail',4,'',1,1,'2010-02-16 16:41:39'),(11,'Resolve ticket',0,'Ticket','solved','mail',4,'',1,1,'2010-02-16 16:41:39'),(12,'Ticket Validation',0,'Ticket','validation','mail',7,'',1,1,'2010-02-16 16:41:39'),(13,'New Reservation',0,'Reservation','new','mail',2,'',1,1,'2010-02-16 16:41:39'),(14,'Update Reservation',0,'Reservation','update','mail',2,'',1,1,'2010-02-16 16:41:39'),(15,'Delete Reservation',0,'Reservation','delete','mail',2,'',1,1,'2010-02-16 16:41:39'),(16,'Alert Reservation',0,'Reservation','alert','mail',3,'',1,1,'2010-02-16 16:41:39'),(17,'Contract Notice',0,'Contract','notice','mail',12,'',1,1,'2010-02-16 16:41:39'),(18,'Contract End',0,'Contract','end','mail',12,'',1,1,'2010-02-16 16:41:39'),(19,'MySQL Synchronization',0,'DBConnection','desynchronization','mail',1,'',1,1,'2010-02-16 16:41:39'),(20,'Cartridges',0,'Cartridge','alert','mail',8,'',1,1,'2010-02-16 16:41:39'),(21,'Consumables',0,'Consumable','alert','mail',9,'',1,1,'2010-02-16 16:41:39'),(22,'Infocoms',0,'Infocom','alert','mail',10,'',1,1,'2010-02-16 16:41:39'),(23,'Software Licenses',0,'SoftwareLicense','alert','mail',11,'',1,1,'2010-02-16 16:41:39'),(24,'Ticket Recall',0,'Ticket','recall','mail',4,'',1,1,'2011-03-04 11:35:13'),(25,'Password Forget',0,'User','passwordforget','mail',13,'',1,1,'2011-03-04 11:35:13'),(26,'Ticket Satisfaction',0,'Ticket','satisfaction','mail',14,'',1,1,'2011-03-04 11:35:15'),(27,'Item not unique',0,'FieldUnicity','refuse','mail',15,'',1,1,'2011-03-04 11:35:16'),(28,'Crontask Watcher',0,'Crontask','alert','mail',16,'',1,1,'2011-03-04 11:35:16'),(29,'New Problem',0,'Problem','new','mail',17,'',1,1,'2011-12-06 09:48:33'),(30,'Update Problem',0,'Problem','update','mail',17,'',1,1,'2011-12-06 09:48:33'),(31,'Resolve Problem',0,'Problem','solved','mail',17,'',1,1,'2011-12-06 09:48:33'),(32,'Add Task',0,'Problem','add_task','mail',17,'',1,1,'2011-12-06 09:48:33'),(33,'Update Task',0,'Problem','update_task','mail',17,'',1,1,'2011-12-06 09:48:33'),(34,'Delete Task',0,'Problem','delete_task','mail',17,'',1,1,'2011-12-06 09:48:33'),(35,'Close Problem',0,'Problem','closed','mail',17,'',1,1,'2011-12-06 09:48:33'),(36,'Delete Problem',0,'Problem','delete','mail',17,'',1,1,'2011-12-06 09:48:33'),(37,'Alert Expired Badges',0,'PluginBadgesBadge','ExpiredBadges','mail',18,'',1,1,'2010-02-17 22:36:46'),(38,'Alert Badges Which Expire',0,'PluginBadgesBadge','BadgesWhichExpire','mail',18,'',1,1,'2010-02-17 22:36:46'),(39,'New Resource',0,'PluginResourcesResource','new','mail',19,'',1,1,'2010-05-16 22:36:46'),(40,'Update Resource',0,'PluginResourcesResource','update','mail',19,'',1,1,'2010-05-16 22:36:46'),(41,'Delete Resource',0,'PluginResourcesResource','delete','mail',19,'',1,1,'2010-05-16 22:36:46'),(42,'New Resource Task',0,'PluginResourcesResource','newtask','mail',19,'',1,1,'2010-05-16 22:36:46'),(43,'Update Resource Task',0,'PluginResourcesResource','updatetask','mail',19,'',1,1,'2010-05-16 22:36:46'),(44,'Delete Resource Task',0,'PluginResourcesResource','deletetask','mail',19,'',1,1,'2010-05-16 22:36:46'),(45,'Alert Expired Resources Tasks',0,'PluginResourcesResource','AlertExpiredTasks','mail',20,'',1,1,'2010-02-17 22:36:46'),(46,'Alert Leaving Resources',0,'PluginResourcesResource','AlertLeavingResources','mail',21,'',1,1,'2010-02-17 22:36:46'),(47,'Alert Arrival Checklists',0,'PluginResourcesResource','AlertArrivalChecklists','mail',22,'',1,1,'2010-02-17 22:36:46'),(48,'Alert Leaving Checklists',0,'PluginResourcesResource','AlertLeavingChecklists','mail',22,'',1,1,'2010-02-17 22:36:46'),(49,'Leaving Resource',0,'PluginResourcesResource','LeavingResource','mail',23,'',1,1,'2010-05-16 22:36:46'),(50,'Resource Report Creation',0,'PluginResourcesResource','report','mail',24,'',1,1,'2010-11-16 11:36:46'),(51,'New Resource Resting',0,'PluginResourcesResource','newresting','mail',25,'',1,1,'2010-05-16 22:36:46'),(52,'Update Resource Resting',0,'PluginResourcesResource','updateresting','mail',25,'',1,1,'2010-05-16 22:36:46'),(53,'Delete Resource Resting',0,'PluginResourcesResource','deleteresting','mail',25,'',1,1,'2010-05-16 22:36:46'),(54,'New Resource Holiday',0,'PluginResourcesResource','newholiday','mail',26,'',1,1,'2010-05-16 22:36:46'),(55,'Update Resource Holiday',0,'PluginResourcesResource','updateholiday','mail',26,'',1,1,'2010-05-16 22:36:46'),(56,'Delete Resource Holiday',0,'PluginResourcesResource','deleteholiday','mail',26,'',1,1,'2010-05-16 22:36:46'),(57,'New Project',0,'PluginProjetProjet','new','mail',27,'',1,1,'2010-05-16 22:36:46'),(58,'Update Project',0,'PluginProjetProjet','update','mail',27,'',1,1,'2010-05-16 22:36:46'),(59,'Delete Project',0,'PluginProjetProjet','delete','mail',27,'',1,1,'2010-05-16 22:36:46'),(60,'New Project Task',0,'PluginProjetProjet','newtask','mail',27,'',1,1,'2010-05-16 22:36:46'),(61,'Update Project Task',0,'PluginProjetProjet','updatetask','mail',27,'',1,1,'2010-05-16 22:36:46'),(62,'Delete Project Task',0,'PluginProjetProjet','deletetask','mail',27,'',1,1,'2010-05-16 22:36:46'),(63,'Alert Expired Projects Tasks',0,'PluginProjetProjet','AlertExpiredTasks','mail',28,'',1,1,'2010-02-17 22:36:46');
/*!40000 ALTER TABLE `glpi_notifications` ENABLE KEYS */;
UNLOCK TABLES;

--
-- Table structure for table `glpi_notificationtargets`
--

DROP TABLE IF EXISTS `glpi_notificationtargets`;
/*!40101 SET @saved_cs_client     = @@character_set_client */;
/*!40101 SET character_set_client = utf8 */;
CREATE TABLE `glpi_notificationtargets` (
  `id` int(11) NOT NULL AUTO_INCREMENT,
  `items_id` int(11) NOT NULL DEFAULT '0',
  `type` int(11) NOT NULL DEFAULT '0',
  `notifications_id` int(11) NOT NULL DEFAULT '0',
  PRIMARY KEY (`id`),
  KEY `items` (`type`,`items_id`),
  KEY `notifications_id` (`notifications_id`)
) ENGINE=MyISAM AUTO_INCREMENT=76 DEFAULT CHARSET=utf8 COLLATE=utf8_unicode_ci;
/*!40101 SET character_set_client = @saved_cs_client */;

--
-- Dumping data for table `glpi_notificationtargets`
--

LOCK TABLES `glpi_notificationtargets` WRITE;
/*!40000 ALTER TABLE `glpi_notificationtargets` DISABLE KEYS */;
INSERT INTO `glpi_notificationtargets` VALUES (1,3,1,13),(2,1,1,13),(5,1,1,3),(6,1,1,5),(7,1,1,4),(8,2,1,3),(9,4,1,3),(11,3,1,3),(12,3,1,5),(13,3,1,4),(14,1,1,19),(15,14,1,12),(16,3,1,14),(17,1,1,14),(18,3,1,15),(19,1,1,15),(20,1,1,6),(21,3,1,6),(22,1,1,7),(23,3,1,7),(24,1,1,8),(25,3,1,8),(26,1,1,9),(27,3,1,9),(28,1,1,10),(29,3,1,10),(30,1,1,11),(31,3,1,11),(32,19,1,25),(33,3,1,26),(75,7,3,2),(35,21,1,3),(36,21,1,5),(37,21,1,4),(38,21,1,6),(39,21,1,7),(40,21,1,8),(41,21,1,9),(42,21,1,10),(43,21,1,11),(44,21,1,26),(45,19,1,27),(46,1,1,28),(47,3,1,29),(48,1,1,29),(49,21,1,29),(50,2,1,30),(51,4,1,30),(52,3,1,30),(53,1,1,30),(54,21,1,30),(55,3,1,31),(56,1,1,31),(57,21,1,31),(58,3,1,32),(59,1,1,32),(60,21,1,32),(61,3,1,33),(62,1,1,33),(63,21,1,33),(64,3,1,34),(65,1,1,34),(66,21,1,34),(67,3,1,35),(68,1,1,35),(69,21,1,35),(70,3,1,36),(71,1,1,36),(72,21,1,36);
/*!40000 ALTER TABLE `glpi_notificationtargets` ENABLE KEYS */;
UNLOCK TABLES;

--
-- Table structure for table `glpi_notificationtemplates`
--

DROP TABLE IF EXISTS `glpi_notificationtemplates`;
/*!40101 SET @saved_cs_client     = @@character_set_client */;
/*!40101 SET character_set_client = utf8 */;
CREATE TABLE `glpi_notificationtemplates` (
  `id` int(11) NOT NULL AUTO_INCREMENT,
  `name` varchar(255) COLLATE utf8_unicode_ci DEFAULT NULL,
  `itemtype` varchar(100) COLLATE utf8_unicode_ci NOT NULL,
  `date_mod` datetime DEFAULT NULL,
  `comment` text COLLATE utf8_unicode_ci,
  `css` text COLLATE utf8_unicode_ci,
  PRIMARY KEY (`id`),
  KEY `itemtype` (`itemtype`),
  KEY `date_mod` (`date_mod`),
  KEY `name` (`name`)
) ENGINE=MyISAM AUTO_INCREMENT=31 DEFAULT CHARSET=utf8 COLLATE=utf8_unicode_ci;
/*!40101 SET character_set_client = @saved_cs_client */;

--
-- Dumping data for table `glpi_notificationtemplates`
--

LOCK TABLES `glpi_notificationtemplates` WRITE;
/*!40000 ALTER TABLE `glpi_notificationtemplates` DISABLE KEYS */;
INSERT INTO `glpi_notificationtemplates` VALUES (1,'MySQL Synchronization','DBConnection','2010-02-01 15:51:46','',NULL),(2,'Reservations','Reservation','2010-02-03 14:03:45','',NULL),(3,'Alert Reservation','Reservation','2010-02-03 14:03:45','',NULL),(4,'Tickets','Ticket','2010-02-07 21:39:15','',NULL),(5,'Tickets (Simple)','Ticket','2010-02-07 21:39:15','',NULL),(6,'Alert Tickets not closed','Ticket','2010-02-07 21:39:15','',NULL),(7,'Tickets Validation','Ticket','2010-02-26 21:39:15','',NULL),(8,'Cartridges','Cartridge','2010-02-16 13:17:24','',NULL),(9,'Consumables','Consumable','2010-02-16 13:17:38','',NULL),(10,'Infocoms','Infocom','2010-02-16 13:17:55','',NULL),(11,'Licenses','SoftwareLicense','2010-02-16 13:18:12','',NULL),(12,'Contracts','Contract','2010-02-16 13:18:12','',NULL),(13,'Password Forget','User','2011-03-04 11:35:13',NULL,NULL),(14,'Ticket Satisfaction','Ticket','2011-03-04 11:35:15',NULL,NULL),(15,'Item not unique','FieldUnicity','2011-03-04 11:35:16',NULL,NULL),(16,'Crontask','Crontask','2011-03-04 11:35:16',NULL,NULL),(17,'Problems','Problem','2011-12-06 09:48:33',NULL,NULL),(18,'Alert Badges','PluginBadgesBadge','2010-02-23 23:44:46','',NULL),(19,'Resources','PluginResourcesResource','2010-05-17 22:36:46','',NULL),(20,'Alert Resources Tasks','PluginResourcesResource','2010-05-17 22:36:46','',NULL),(21,'Alert Leaving Resources','PluginResourcesResource','2010-05-17 22:36:46','',NULL),(22,'Alert Resources Checklists','PluginResourcesResource','2010-05-17 22:36:46','',NULL),(23,'Leaving Resource','PluginResourcesResource','2010-05-17 22:36:46','',NULL),(24,'Resource Report Creation','PluginResourcesResource','2010-11-16 11:36:46','',NULL),(25,'Resource Resting','PluginResourcesResource','2010-05-17 22:36:46','',NULL),(26,'Resource Holiday','PluginResourcesResource','2010-05-17 22:36:46','',NULL),(27,'Projets','PluginProjetProjet','2010-12-29 11:04:46','',NULL),(28,'Alert Projets Tasks','PluginProjetProjet','2010-12-29 11:04:46','',NULL),(29,'Projets','PluginProjetProjet','2010-12-29 11:04:46','',NULL),(30,'Alert Projets Tasks','PluginProjetProjet','2010-12-29 11:04:46','',NULL);
/*!40000 ALTER TABLE `glpi_notificationtemplates` ENABLE KEYS */;
UNLOCK TABLES;

--
-- Table structure for table `glpi_notificationtemplatetranslations`
--

DROP TABLE IF EXISTS `glpi_notificationtemplatetranslations`;
/*!40101 SET @saved_cs_client     = @@character_set_client */;
/*!40101 SET character_set_client = utf8 */;
CREATE TABLE `glpi_notificationtemplatetranslations` (
  `id` int(11) NOT NULL AUTO_INCREMENT,
  `notificationtemplates_id` int(11) NOT NULL DEFAULT '0',
  `language` char(5) COLLATE utf8_unicode_ci NOT NULL DEFAULT '',
  `subject` varchar(255) COLLATE utf8_unicode_ci NOT NULL,
  `content_text` text COLLATE utf8_unicode_ci,
  `content_html` text COLLATE utf8_unicode_ci,
  PRIMARY KEY (`id`),
  KEY `notificationtemplates_id` (`notificationtemplates_id`)
) ENGINE=MyISAM AUTO_INCREMENT=29 DEFAULT CHARSET=utf8 COLLATE=utf8_unicode_ci;
/*!40101 SET character_set_client = @saved_cs_client */;

--
-- Dumping data for table `glpi_notificationtemplatetranslations`
--

LOCK TABLES `glpi_notificationtemplatetranslations` WRITE;
/*!40000 ALTER TABLE `glpi_notificationtemplatetranslations` DISABLE KEYS */;
INSERT INTO `glpi_notificationtemplatetranslations` VALUES (1,1,'','##lang.dbconnection.title##','##lang.dbconnection.delay## : ##dbconnection.delay##\n','&lt;p&gt;##lang.dbconnection.delay## : ##dbconnection.delay##&lt;/p&gt;'),(2,2,'','##reservation.action##','======================================================================\n##lang.reservation.user##: ##reservation.user##\n##lang.reservation.item.name##: ##reservation.itemtype## - ##reservation.item.name##\n##IFreservation.tech## ##lang.reservation.tech## ##reservation.tech## ##ENDIFreservation.tech##\n##lang.reservation.begin##: ##reservation.begin##\n##lang.reservation.end##: ##reservation.end##\n##lang.reservation.comment##: ##reservation.comment##\n======================================================================\n','&lt;!-- description{ color: inherit; background: #ebebeb;border-style: solid;border-color: #8d8d8d; border-width: 0px 1px 1px 0px; } --&gt;\n&lt;p&gt;&lt;span style=\"color: #8b8c8f; font-weight: bold; text-decoration: underline;\"&gt;##lang.reservation.user##:&lt;/span&gt;##reservation.user##&lt;br /&gt; &lt;span style=\"color: #8b8c8f; font-weight: bold; text-decoration: underline;\"&gt;##lang.reservation.item.name##:&lt;/span&gt;##reservation.itemtype## - ##reservation.item.name##&lt;br /&gt;##IFreservation.tech## ##lang.reservation.tech## ##reservation.tech####ENDIFreservation.tech##&lt;br /&gt; &lt;span style=\"color: #8b8c8f; font-weight: bold; text-decoration: underline;\"&gt;##lang.reservation.begin##:&lt;/span&gt; ##reservation.begin##&lt;br /&gt; &lt;span style=\"color: #8b8c8f; font-weight: bold; text-decoration: underline;\"&gt;##lang.reservation.end##:&lt;/span&gt;##reservation.end##&lt;br /&gt; &lt;span style=\"color: #8b8c8f; font-weight: bold; text-decoration: underline;\"&gt;##lang.reservation.comment##:&lt;/span&gt; ##reservation.comment##&lt;/p&gt;'),(3,3,'','##reservation.action##  ##reservation.entity##','##lang.reservation.entity## : ##reservation.entity## \n\n \n##FOREACHreservations## \n##lang.reservation.itemtype## : ##reservation.itemtype##\n\n ##lang.reservation.item## : ##reservation.item##\n \n ##reservation.url## \n\n ##ENDFOREACHreservations##','&lt;p&gt;##lang.reservation.entity## : ##reservation.entity## &lt;br /&gt; &lt;br /&gt;\n##FOREACHreservations## &lt;br /&gt;##lang.reservation.itemtype## :  ##reservation.itemtype##&lt;br /&gt;\n ##lang.reservation.item## :  ##reservation.item##&lt;br /&gt; &lt;br /&gt;\n &lt;a href=\"##reservation.url##\"&gt; ##reservation.url##&lt;/a&gt;&lt;br /&gt;\n ##ENDFOREACHreservations##&lt;/p&gt;'),(4,4,'','##ticket.action## ##ticket.title##',' ##IFticket.storestatus=solved##\n ##lang.ticket.url## : ##ticket.urlapprove##\n ##lang.ticket.autoclosewarning##\n ##lang.ticket.solvedate## : ##ticket.solvedate##\n ##lang.ticket.solution.type## : ##ticket.solution.type##\n ##lang.ticket.solution.description## : ##ticket.solution.description## ##ENDIFticket.storestatus##\n ##ELSEticket.storestatus## ##lang.ticket.url## : ##ticket.url## ##ENDELSEticket.storestatus##\n\n ##lang.ticket.description##\n\n ##lang.ticket.title## : ##ticket.title##\n ##lang.ticket.authors## : ##IFticket.authors## ##ticket.authors## ##ENDIFticket.authors## ##ELSEticket.authors##--##ENDELSEticket.authors##\n ##lang.ticket.creationdate## : ##ticket.creationdate##\n ##lang.ticket.closedate## : ##ticket.closedate##\n ##lang.ticket.requesttype## : ##ticket.requesttype##\n##IFticket.itemtype## ##lang.ticket.item.name## : ##ticket.itemtype## - ##ticket.item.name## ##IFticket.item.model## - ##ticket.item.model## ##ENDIFticket.item.model## ##IFticket.item.serial## - ##ticket.item.serial## ##ENDIFticket.item.serial##  ##IFticket.item.otherserial## -##ticket.item.otherserial## ##ENDIFticket.item.otherserial## ##ENDIFticket.itemtype##\n##IFticket.assigntousers## ##lang.ticket.assigntousers## : ##ticket.assigntousers## ##ENDIFticket.assigntousers##\n ##lang.ticket.status## : ##ticket.status##\n##IFticket.assigntogroups## ##lang.ticket.assigntogroups## : ##ticket.assigntogroups## ##ENDIFticket.assigntogroups##\n ##lang.ticket.urgency## : ##ticket.urgency##\n ##lang.ticket.impact## : ##ticket.impact##\n ##lang.ticket.priority## : ##ticket.priority##\n##IFticket.user.email## ##lang.ticket.user.email## : ##ticket.user.email ##ENDIFticket.user.email##\n##IFticket.category## ##lang.ticket.category## : ##ticket.category## ##ENDIFticket.category## ##ELSEticket.category## ##lang.ticket.nocategoryassigned## ##ENDELSEticket.category##\n ##lang.ticket.content## : ##ticket.content##\n ##IFticket.storestatus=closed##\n\n ##lang.ticket.solvedate## : ##ticket.solvedate##\n ##lang.ticket.solution.type## : ##ticket.solution.type##\n ##lang.ticket.solution.description## : ##ticket.solution.description##\n ##ENDIFticket.storestatus##\n ##lang.ticket.numberoffollowups## : ##ticket.numberoffollowups##\n\n##FOREACHfollowups##\n\n [##followup.date##] ##lang.followup.isprivate## : ##followup.isprivate##\n ##lang.followup.author## ##followup.author##\n ##lang.followup.description## ##followup.description##\n ##lang.followup.date## ##followup.date##\n ##lang.followup.requesttype## ##followup.requesttype##\n\n##ENDFOREACHfollowups##\n ##lang.ticket.numberoftasks## : ##ticket.numberoftasks##\n\n##FOREACHtasks##\n\n [##task.date##] ##lang.task.isprivate## : ##task.isprivate##\n ##lang.task.author## ##task.author##\n ##lang.task.description## ##task.description##\n ##lang.task.time## ##task.time##\n ##lang.task.category## ##task.category##\n\n##ENDFOREACHtasks##','<!-- description{ color: inherit; background: #ebebeb; border-style: solid;border-color: #8d8d8d; border-width: 0px 1px 1px 0px; }    -->\n<div>##IFticket.storestatus=solved##</div>\n<div>##lang.ticket.url## : <a href=\"##ticket.urlapprove##\">##ticket.urlapprove##</a> <strong>&#160;</strong></div>\n<div><strong>##lang.ticket.autoclosewarning##</strong></div>\n<div><span style=\"color: #888888;\"><strong><span style=\"text-decoration: underline;\">##lang.ticket.solvedate##</span></strong></span> : ##ticket.solvedate##<br /><span style=\"text-decoration: underline; color: #888888;\"><strong>##lang.ticket.solution.type##</strong></span> : ##ticket.solution.type##<br /><span style=\"text-decoration: underline; color: #888888;\"><strong>##lang.ticket.solution.description##</strong></span> : ##ticket.solution.description## ##ENDIFticket.storestatus##</div>\n<div>##ELSEticket.storestatus## ##lang.ticket.url## : <a href=\"##ticket.url##\">##ticket.url##</a> ##ENDELSEticket.storestatus##</div>\n<p class=\"description b\"><strong>##lang.ticket.description##</strong></p>\n<p><span style=\"color: #8b8c8f; font-weight: bold; text-decoration: underline;\"> ##lang.ticket.title##</span>&#160;:##ticket.title## <br /> <span style=\"color: #8b8c8f; font-weight: bold; text-decoration: underline;\"> ##lang.ticket.authors##</span>&#160;:##IFticket.authors## ##ticket.authors## ##ENDIFticket.authors##    ##ELSEticket.authors##--##ENDELSEticket.authors## <br /> <span style=\"color: #8b8c8f; font-weight: bold; text-decoration: underline;\"> ##lang.ticket.creationdate##</span>&#160;:##ticket.creationdate## <br /> <span style=\"color: #8b8c8f; font-weight: bold; text-decoration: underline;\"> ##lang.ticket.closedate##</span>&#160;:##ticket.closedate## <br /> <span style=\"color: #8b8c8f; font-weight: bold; text-decoration: underline;\"> ##lang.ticket.requesttype##</span>&#160;:##ticket.requesttype##<br /> ##IFticket.itemtype## <span style=\"color: #8b8c8f; font-weight: bold; text-decoration: underline;\"> ##lang.ticket.item.name##</span>&#160;: ##ticket.itemtype## - ##ticket.item.name##    ##IFticket.item.model## - ##ticket.item.model##    ##ENDIFticket.item.model## ##IFticket.item.serial## -##ticket.item.serial## ##ENDIFticket.item.serial##&#160; ##IFticket.item.otherserial## -##ticket.item.otherserial##  ##ENDIFticket.item.otherserial## ##ENDIFticket.itemtype## <br /> ##IFticket.assigntousers## <span style=\"color: #8b8c8f; font-weight: bold; text-decoration: underline;\"> ##lang.ticket.assigntousers##</span>&#160;: ##ticket.assigntousers## ##ENDIFticket.assigntousers##<br /> <span style=\"color: #8b8c8f; font-weight: bold; text-decoration: underline;\">##lang.ticket.status## </span>&#160;: ##ticket.status##<br /> ##IFticket.assigntogroups## <span style=\"color: #8b8c8f; font-weight: bold; text-decoration: underline;\"> ##lang.ticket.assigntogroups##</span>&#160;: ##ticket.assigntogroups## ##ENDIFticket.assigntogroups##<br /> <span style=\"color: #8b8c8f; font-weight: bold; text-decoration: underline;\"> ##lang.ticket.urgency##</span>&#160;: ##ticket.urgency##<br /> <span style=\"color: #8b8c8f; font-weight: bold; text-decoration: underline;\"> ##lang.ticket.impact##</span>&#160;: ##ticket.impact##<br /> <span style=\"color: #8b8c8f; font-weight: bold; text-decoration: underline;\"> ##lang.ticket.priority##</span>&#160;: ##ticket.priority## <br /> ##IFticket.user.email##<span style=\"color: #8b8c8f; font-weight: bold; text-decoration: underline;\"> ##lang.ticket.user.email##</span>&#160;: ##ticket.user.email ##ENDIFticket.user.email##    <br /> ##IFticket.category##<span style=\"color: #8b8c8f; font-weight: bold; text-decoration: underline;\">##lang.ticket.category## </span>&#160;:##ticket.category## ##ENDIFticket.category## ##ELSEticket.category## ##lang.ticket.nocategoryassigned## ##ENDELSEticket.category##    <br /> <span style=\"color: #8b8c8f; font-weight: bold; text-decoration: underline;\"> ##lang.ticket.content##</span>&#160;: ##ticket.content##</p>\n<br />##IFticket.storestatus=closed##<br /><span style=\"text-decoration: underline;\"><strong><span style=\"color: #888888;\">##lang.ticket.solvedate##</span></strong></span> : ##ticket.solvedate##<br /><span style=\"color: #888888;\"><strong><span style=\"text-decoration: underline;\">##lang.ticket.solution.type##</span></strong></span> : ##ticket.solution.type##<br /><span style=\"text-decoration: underline; color: #888888;\"><strong>##lang.ticket.solution.description##</strong></span> : ##ticket.solution.description##<br />##ENDIFticket.storestatus##</p>\n<div class=\"description b\">##lang.ticket.numberoffollowups##&#160;: ##ticket.numberoffollowups##</div>\n<p>##FOREACHfollowups##</p>\n<div class=\"description b\"><br /> <strong> [##followup.date##] <em>##lang.followup.isprivate## : ##followup.isprivate## </em></strong><br /> <span style=\"color: #8b8c8f; font-weight: bold; text-decoration: underline;\"> ##lang.followup.author## </span> ##followup.author##<br /> <span style=\"color: #8b8c8f; font-weight: bold; text-decoration: underline;\"> ##lang.followup.description## </span> ##followup.description##<br /> <span style=\"color: #8b8c8f; font-weight: bold; text-decoration: underline;\"> ##lang.followup.date## </span> ##followup.date##<br /> <span style=\"color: #8b8c8f; font-weight: bold; text-decoration: underline;\"> ##lang.followup.requesttype## </span> ##followup.requesttype##</div>\n<p>##ENDFOREACHfollowups##</p>\n<div class=\"description b\">##lang.ticket.numberoftasks##&#160;: ##ticket.numberoftasks##</div>\n<p>##FOREACHtasks##</p>\n<div class=\"description b\"><br /> <strong> [##task.date##] <em>##lang.task.isprivate## : ##task.isprivate## </em></strong><br /> <span style=\"color: #8b8c8f; font-weight: bold; text-decoration: underline;\"> ##lang.task.author##</span> ##task.author##<br /> <span style=\"color: #8b8c8f; font-weight: bold; text-decoration: underline;\"> ##lang.task.description##</span> ##task.description##<br /> <span style=\"color: #8b8c8f; font-weight: bold; text-decoration: underline;\"> ##lang.task.time##</span> ##task.time##<br /> <span style=\"color: #8b8c8f; font-weight: bold; text-decoration: underline;\"> ##lang.task.category##</span> ##task.category##</div>\n<p>##ENDFOREACHtasks##</p>'),(5,12,'','##contract.action##  ##contract.entity##','##lang.contract.entity## : ##contract.entity##\n\n##FOREACHcontracts##\n##lang.contract.name## : ##contract.name##\n##lang.contract.number## : ##contract.number##\n##lang.contract.time## : ##contract.time##\n##IFcontract.type####lang.contract.type## : ##contract.type####ENDIFcontract.type##\n##contract.url##\n##ENDFOREACHcontracts##','&lt;p&gt;##lang.contract.entity## : ##contract.entity##&lt;br /&gt;\n&lt;br /&gt;##FOREACHcontracts##&lt;br /&gt;##lang.contract.name## :\n##contract.name##&lt;br /&gt;\n##lang.contract.number## : ##contract.number##&lt;br /&gt;\n##lang.contract.time## : ##contract.time##&lt;br /&gt;\n##IFcontract.type####lang.contract.type## : ##contract.type##\n##ENDIFcontract.type##&lt;br /&gt;\n&lt;a href=\"##contract.url##\"&gt;\n##contract.url##&lt;/a&gt;&lt;br /&gt;\n##ENDFOREACHcontracts##&lt;/p&gt;'),(6,5,'','##ticket.action## ##ticket.title##','##lang.ticket.url## : ##ticket.url## \n\n##lang.ticket.description## \n\n\n##lang.ticket.title## &#160;:##ticket.title## \n\n##lang.ticket.authors## &#160;:##IFticket.authors##\n##ticket.authors## ##ENDIFticket.authors##\n##ELSEticket.authors##--##ENDELSEticket.authors## &#160; \n\n##IFticket.category## ##lang.ticket.category## &#160;:##ticket.category##\n##ENDIFticket.category## ##ELSEticket.category##\n##lang.ticket.nocategoryassigned## ##ENDELSEticket.category##\n\n##lang.ticket.content## &#160;: ##ticket.content##\n##IFticket.itemtype##\n##lang.ticket.item.name## &#160;: ##ticket.itemtype## - ##ticket.item.name##\n##ENDIFticket.itemtype##','&lt;div&gt;##lang.ticket.url## : &lt;a href=\"##ticket.url##\"&gt;\n##ticket.url##&lt;/a&gt;&lt;/div&gt;\n&lt;div class=\"description b\"&gt;\n##lang.ticket.description##&lt;/div&gt;\n&lt;p&gt;&lt;span\nstyle=\"color: #8b8c8f; font-weight: bold; text-decoration: underline;\"&gt;\n##lang.ticket.title##&lt;/span&gt;&#160;:##ticket.title##\n&lt;br /&gt; &lt;span style=\"color: #8b8c8f; font-weight: bold; text-decoration: underline;\"&gt;\n##lang.ticket.authors##&lt;/span&gt;\n##IFticket.authors## ##ticket.authors##\n##ENDIFticket.authors##\n##ELSEticket.authors##--##ENDELSEticket.authors##\n&lt;span style=\"color: #8b8c8f; font-weight: bold; text-decoration: underline;\"&gt;&#160\n;&lt;/span&gt;&lt;br /&gt; &lt;span style=\"color: #8b8c8f; font-weight: bold; text-decoration: underline;\"&gt; &lt;/span&gt;\n##IFticket.category##&lt;span style=\"color: #8b8c8f; font-weight: bold; text-decoration: underline;\"&gt;\n##lang.ticket.category## &lt;/span&gt;&#160;:##ticket.category##\n##ENDIFticket.category## ##ELSEticket.category##\n##lang.ticket.nocategoryassigned## ##ENDELSEticket.category##\n&lt;br /&gt; &lt;span style=\"color: #8b8c8f; font-weight: bold; text-decoration: underline;\"&gt;\n##lang.ticket.content##&lt;/span&gt;&#160;:\n##ticket.content##&lt;br /&gt;##IFticket.itemtype##\n&lt;span style=\"color: #8b8c8f; font-weight: bold; text-decoration: underline;\"&gt;\n##lang.ticket.item.name##&lt;/span&gt;&#160;:\n##ticket.itemtype## - ##ticket.item.name##\n##ENDIFticket.itemtype##&lt;/p&gt;'),(15,15,'','##lang.unicity.action##','##lang.unicity.entity## : ##unicity.entity## \n\n##lang.unicity.itemtype## : ##unicity.itemtype## \n\n##lang.unicity.message## : ##unicity.message## \n\n##lang.unicity.action_user## : ##unicity.action_user## \n\n##lang.unicity.action_type## : ##unicity.action_type## \n\n##lang.unicity.date## : ##unicity.date##','&lt;p&gt;##lang.unicity.entity## : ##unicity.entity##&lt;/p&gt;\n&lt;p&gt;##lang.unicity.itemtype## : ##unicity.itemtype##&lt;/p&gt;\n&lt;p&gt;##lang.unicity.message## : ##unicity.message##&lt;/p&gt;\n&lt;p&gt;##lang.unicity.action_user## : ##unicity.action_user##&lt;/p&gt;\n&lt;p&gt;##lang.unicity.action_type## : ##unicity.action_type##&lt;/p&gt;\n&lt;p&gt;##lang.unicity.date## : ##unicity.date##&lt;/p&gt;'),(7,7,'','##ticket.action## ##ticket.title##','##FOREACHvalidations##\n\n##IFvalidation.storestatus=waiting##\n##validation.submission.title##\n##lang.validation.commentsubmission## : ##validation.commentsubmission##\n##ENDIFvalidation.storestatus##\n##ELSEvalidation.storestatus## ##validation.answer.title## ##ENDELSEvalidation.storestatus##\n\n##lang.ticket.url## : ##ticket.urlvalidation##\n\n##IFvalidation.status## ##lang.validation.status## : ##validation.status## ##ENDIFvalidation.status##\n##IFvalidation.commentvalidation##\n##lang.validation.commentvalidation## : ##validation.commentvalidation##\n##ENDIFvalidation.commentvalidation##\n##ENDFOREACHvalidations##','&lt;div&gt;##FOREACHvalidations##&lt;/div&gt;\n&lt;p&gt;##IFvalidation.storestatus=waiting##&lt;/p&gt;\n&lt;div&gt;##validation.submission.title##&lt;/div&gt;\n&lt;div&gt;##lang.validation.commentsubmission## : ##validation.commentsubmission##&lt;/div&gt;\n&lt;div&gt;##ENDIFvalidation.storestatus##&lt;/div&gt;\n&lt;div&gt;##ELSEvalidation.storestatus## ##validation.answer.title## ##ENDELSEvalidation.storestatus##&lt;/div&gt;\n&lt;div&gt;&lt;/div&gt;\n&lt;div&gt;\n&lt;div&gt;##lang.ticket.url## : &lt;a href=\"##ticket.urlvalidation##\"&gt; ##ticket.urlvalidation## &lt;/a&gt;&lt;/div&gt;\n&lt;/div&gt;\n&lt;p&gt;##IFvalidation.status## ##lang.validation.status## : ##validation.status## ##ENDIFvalidation.status##\n&lt;br /&gt; ##IFvalidation.commentvalidation##&lt;br /&gt; ##lang.validation.commentvalidation## :\n&#160; ##validation.commentvalidation##&lt;br /&gt; ##ENDIFvalidation.commentvalidation##\n&lt;br /&gt;##ENDFOREACHvalidations##&lt;/p&gt;'),(8,6,'','##ticket.action## ##ticket.entity##','##lang.ticket.entity## : ##ticket.entity##\n \n##FOREACHtickets##\n\n##lang.ticket.title## : ##ticket.title##\n ##lang.ticket.status## : ##ticket.status##\n\n ##ticket.url## \n ##ENDFOREACHtickets##','&lt;table class=\"tab_cadre\" border=\"1\" cellspacing=\"2\" cellpadding=\"3\"&gt;\n&lt;tbody&gt;\n&lt;tr&gt;\n&lt;td style=\"text-align: left;\" width=\"auto\" bgcolor=\"#cccccc\"&gt;&lt;span style=\"font-size: 11px; text-align: left;\"&gt;##lang.ticket.authors##&lt;/span&gt;&lt;/td&gt;\n&lt;td style=\"text-align: left;\" width=\"auto\" bgcolor=\"#cccccc\"&gt;&lt;span style=\"font-size: 11px; text-align: left;\"&gt;##lang.ticket.title##&lt;/span&gt;&lt;/td&gt;\n&lt;td style=\"text-align: left;\" width=\"auto\" bgcolor=\"#cccccc\"&gt;&lt;span style=\"font-size: 11px; text-align: left;\"&gt;##lang.ticket.priority##&lt;/span&gt;&lt;/td&gt;\n&lt;td style=\"text-align: left;\" width=\"auto\" bgcolor=\"#cccccc\"&gt;&lt;span style=\"font-size: 11px; text-align: left;\"&gt;##lang.ticket.status##&lt;/span&gt;&lt;/td&gt;\n&lt;td style=\"text-align: left;\" width=\"auto\" bgcolor=\"#cccccc\"&gt;&lt;span style=\"font-size: 11px; text-align: left;\"&gt;##lang.ticket.attribution##&lt;/span&gt;&lt;/td&gt;\n&lt;td style=\"text-align: left;\" width=\"auto\" bgcolor=\"#cccccc\"&gt;&lt;span style=\"font-size: 11px; text-align: left;\"&gt;##lang.ticket.creationdate##&lt;/span&gt;&lt;/td&gt;\n&lt;td style=\"text-align: left;\" width=\"auto\" bgcolor=\"#cccccc\"&gt;&lt;span style=\"font-size: 11px; text-align: left;\"&gt;##lang.ticket.content##&lt;/span&gt;&lt;/td&gt;\n&lt;/tr&gt;\n##FOREACHtickets##                   \n&lt;tr&gt;\n&lt;td width=\"auto\"&gt;&lt;span style=\"font-size: 11px; text-align: left;\"&gt;##ticket.authors##&lt;/span&gt;&lt;/td&gt;\n&lt;td width=\"auto\"&gt;&lt;span style=\"font-size: 11px; text-align: left;\"&gt;&lt;a href=\"##ticket.url##\"&gt;##ticket.title##&lt;/a&gt;&lt;/span&gt;&lt;/td&gt;\n&lt;td width=\"auto\"&gt;&lt;span style=\"font-size: 11px; text-align: left;\"&gt;##ticket.priority##&lt;/span&gt;&lt;/td&gt;\n&lt;td width=\"auto\"&gt;&lt;span style=\"font-size: 11px; text-align: left;\"&gt;##ticket.status##&lt;/span&gt;&lt;/td&gt;\n&lt;td width=\"auto\"&gt;&lt;span style=\"font-size: 11px; text-align: left;\"&gt;##IFticket.assigntousers####ticket.assigntousers##&lt;br /&gt;##ENDIFticket.assigntousers####IFticket.assigntogroups##&lt;br /&gt;##ticket.assigntogroups## ##ENDIFticket.assigntogroups####IFticket.assigntosupplier##&lt;br /&gt;##ticket.assigntosupplier## ##ENDIFticket.assigntosupplier##&lt;/span&gt;&lt;/td&gt;\n&lt;td width=\"auto\"&gt;&lt;span style=\"font-size: 11px; text-align: left;\"&gt;##ticket.creationdate##&lt;/span&gt;&lt;/td&gt;\n&lt;td width=\"auto\"&gt;&lt;span style=\"font-size: 11px; text-align: left;\"&gt;##ticket.content##&lt;/span&gt;&lt;/td&gt;\n&lt;/tr&gt;\n##ENDFOREACHtickets##\n&lt;/tbody&gt;\n&lt;/table&gt;'),(9,9,'','##consumable.action##  ##consumable.entity##','##lang.consumable.entity## : ##consumable.entity##\n \n\n##FOREACHconsumables##\n##lang.consumable.item## : ##consumable.item##\n \n\n##lang.consumable.reference## : ##consumable.reference##\n\n##lang.consumable.remaining## : ##consumable.remaining##\n\n##consumable.url## \n\n##ENDFOREACHconsumables##','&lt;p&gt;\n##lang.consumable.entity## : ##consumable.entity##\n&lt;br /&gt; &lt;br /&gt;##FOREACHconsumables##\n&lt;br /&gt;##lang.consumable.item## : ##consumable.item##&lt;br /&gt;\n&lt;br /&gt;##lang.consumable.reference## : ##consumable.reference##&lt;br /&gt;\n##lang.consumable.remaining## : ##consumable.remaining##&lt;br /&gt;\n&lt;a href=\"##consumable.url##\"&gt; ##consumable.url##&lt;/a&gt;&lt;br /&gt;\n   ##ENDFOREACHconsumables##&lt;/p&gt;'),(10,8,'','##cartridge.action##  ##cartridge.entity##','##lang.cartridge.entity## : ##cartridge.entity##\n \n\n##FOREACHcartridges##\n##lang.cartridge.item## : ##cartridge.item##\n \n\n##lang.cartridge.reference## : ##cartridge.reference##\n\n##lang.cartridge.remaining## : ##cartridge.remaining##\n\n##cartridge.url## \n ##ENDFOREACHcartridges##','&lt;p&gt;##lang.cartridge.entity## : ##cartridge.entity##\n&lt;br /&gt; &lt;br /&gt;##FOREACHcartridges##\n&lt;br /&gt;##lang.cartridge.item## :\n##cartridge.item##&lt;br /&gt; &lt;br /&gt;\n##lang.cartridge.reference## :\n##cartridge.reference##&lt;br /&gt;\n##lang.cartridge.remaining## :\n##cartridge.remaining##&lt;br /&gt;\n&lt;a href=\"##cartridge.url##\"&gt;\n##cartridge.url##&lt;/a&gt;&lt;br /&gt;\n##ENDFOREACHcartridges##&lt;/p&gt;'),(11,10,'','##infocom.action##  ##infocom.entity##','##lang.infocom.entity## : ##infocom.entity## \n \n\n##FOREACHinfocoms## \n\n##lang.infocom.itemtype## : ##infocom.itemtype##\n\n##lang.infocom.item## : ##infocom.item##\n \n\n##lang.infocom.expirationdate## : ##infocom.expirationdate##\n\n##infocom.url## \n ##ENDFOREACHinfocoms##','&lt;p&gt;##lang.infocom.entity## : ##infocom.entity##\n&lt;br /&gt; &lt;br /&gt;##FOREACHinfocoms##\n&lt;br /&gt;##lang.infocom.itemtype## : ##infocom.itemtype##&lt;br /&gt;\n##lang.infocom.item## : ##infocom.item##&lt;br /&gt; &lt;br /&gt;\n##lang.infocom.expirationdate## : ##infocom.expirationdate##\n&lt;br /&gt; &lt;a href=\"##infocom.url##\"&gt;\n##infocom.url##&lt;/a&gt;&lt;br /&gt;\n##ENDFOREACHinfocoms##&lt;/p&gt;'),(12,11,'','##license.action##  ##license.entity##','##lang.license.entity## : ##license.entity##\n\n##FOREACHlicenses## \n\n##lang.license.item## : ##license.item##\n\n##lang.license.serial## : ##license.serial##\n\n##lang.license.expirationdate## : ##license.expirationdate##\n\n##license.url## \n ##ENDFOREACHlicenses##','&lt;p&gt;\n##lang.license.entity## : ##license.entity##&lt;br /&gt;\n##FOREACHlicenses##\n&lt;br /&gt;##lang.license.item## : ##license.item##&lt;br /&gt;\n##lang.license.serial## : ##license.serial##&lt;br /&gt;\n##lang.license.expirationdate## : ##license.expirationdate##\n&lt;br /&gt; &lt;a href=\"##license.url##\"&gt; ##license.url##\n&lt;/a&gt;&lt;br /&gt; ##ENDFOREACHlicenses##&lt;/p&gt;'),(13,13,'','##user.action##','##user.realname## ##user.firstname##\n\n##lang.passwordforget.information##\n\n##lang.passwordforget.link## ##user.passwordforgeturl##','&lt;p&gt;&lt;strong&gt;##user.realname## ##user.firstname##&lt;/strong&gt;&lt;/p&gt;\n&lt;p&gt;##lang.passwordforget.information##&lt;/p&gt;\n&lt;p&gt;##lang.passwordforget.link## &lt;a title=\"##user.passwordforgeturl##\" href=\"##user.passwordforgeturl##\"&gt;##user.passwordforgeturl##&lt;/a&gt;&lt;/p&gt;'),(14,14,'','##ticket.action## ##ticket.title##','##lang.ticket.title## : ##ticket.title##\n\n##lang.ticket.closedate## : ##ticket.closedate##\n\n##lang.satisfaction.text## ##ticket.urlsatisfaction##','&lt;p&gt;##lang.ticket.title## : ##ticket.title##&lt;/p&gt;\n&lt;p&gt;##lang.ticket.closedate## : ##ticket.closedate##&lt;/p&gt;\n&lt;p&gt;##lang.satisfaction.text## &lt;a href=\"##ticket.urlsatisfaction##\"&gt;##ticket.urlsatisfaction##&lt;/a&gt;&lt;/p&gt;'),(16,16,'','##crontask.action##','##lang.crontask.warning## \n\n##FOREACHcrontasks## \n ##crontask.name## : ##crontask.description##\n \n##ENDFOREACHcrontasks##','&lt;p&gt;##lang.crontask.warning##&lt;/p&gt;\n&lt;p&gt;##FOREACHcrontasks## &lt;br /&gt;&lt;a href=\"##crontask.url##\"&gt;##crontask.name##&lt;/a&gt; : ##crontask.description##&lt;br /&gt; &lt;br /&gt;##ENDFOREACHcrontasks##&lt;/p&gt;'),(17,17,'','##problem.action## ##problem.title##','##IFproblem.storestatus=solved##\n ##lang.problem.url## : ##problem.urlapprove##\n ##lang.problem.solvedate## : ##problem.solvedate##\n ##lang.problem.solution.type## : ##problem.solution.type##\n ##lang.problem.solution.description## : ##problem.solution.description## ##ENDIFproblem.storestatus##\n ##ELSEproblem.storestatus## ##lang.problem.url## : ##problem.url## ##ENDELSEproblem.storestatus##\n\n ##lang.problem.description##\n\n ##lang.problem.title## &#160;:##problem.title##\n ##lang.problem.authors## &#160;:##IFproblem.authors## ##problem.authors## ##ENDIFproblem.authors## ##ELSEproblem.authors##--##ENDELSEproblem.authors##\n ##lang.problem.creationdate## &#160;:##problem.creationdate##\n ##IFproblem.assigntousers## ##lang.problem.assigntousers## &#160;: ##problem.assigntousers## ##ENDIFproblem.assigntousers##\n ##lang.problem.status## &#160;: ##problem.status##\n ##IFproblem.assigntogroups## ##lang.problem.assigntogroups## &#160;: ##problem.assigntogroups## ##ENDIFproblem.assigntogroups##\n ##lang.problem.urgency## &#160;: ##problem.urgency##\n ##lang.problem.impact## &#160;: ##problem.impact##\n ##lang.problem.priority## : ##problem.priority##\n##IFproblem.category## ##lang.problem.category## &#160;:##problem.category## ##ENDIFproblem.category## ##ELSEproblem.category## ##lang.problem.nocategoryassigned## ##ENDELSEproblem.category##\n ##lang.problem.content## &#160;: ##problem.content##\n\n##IFproblem.storestatus=closed##\n ##lang.problem.solvedate## : ##problem.solvedate##\n ##lang.problem.solution.type## : ##problem.solution.type##\n ##lang.problem.solution.description## : ##problem.solution.description##\n##ENDIFproblem.storestatus##\n ##lang.problem.numberoftickets##&#160;: ##problem.numberoftickets##\n\n##FOREACHtickets##\n [##ticket.date##] ##lang.problem.title## : ##ticket.title##\n ##lang.problem.content## ##ticket.content##\n\n##ENDFOREACHtickets##\n ##lang.problem.numberoftasks##&#160;: ##problem.numberoftasks##\n\n##FOREACHtasks##\n [##task.date##]\n ##lang.task.author## ##task.author##\n ##lang.task.description## ##task.description##\n ##lang.task.time## ##task.time##\n ##lang.task.category## ##task.category##\n\n##ENDFOREACHtasks##\n','&lt;p&gt;##IFproblem.storestatus=solved##&lt;/p&gt;\n&lt;div&gt;##lang.problem.url## : &lt;a href=\"##problem.urlapprove##\"&gt;##problem.urlapprove##&lt;/a&gt;&lt;/div&gt;\n&lt;div&gt;&lt;span style=\"color: #888888;\"&gt;&lt;strong&gt;&lt;span style=\"text-decoration: underline;\"&gt;##lang.problem.solvedate##&lt;/span&gt;&lt;/strong&gt;&lt;/span&gt; : ##problem.solvedate##&lt;br /&gt;&lt;span style=\"text-decoration: underline; color: #888888;\"&gt;&lt;strong&gt;##lang.problem.solution.type##&lt;/strong&gt;&lt;/span&gt; : ##problem.solution.type##&lt;br /&gt;&lt;span style=\"text-decoration: underline; color: #888888;\"&gt;&lt;strong&gt;##lang.problem.solution.description##&lt;/strong&gt;&lt;/span&gt; : ##problem.solution.description## ##ENDIFproblem.storestatus##&lt;/div&gt;\n&lt;div&gt;##ELSEproblem.storestatus## ##lang.problem.url## : &lt;a href=\"##problem.url##\"&gt;##problem.url##&lt;/a&gt; ##ENDELSEproblem.storestatus##&lt;/div&gt;\n&lt;p class=\"description b\"&gt;&lt;strong&gt;##lang.problem.description##&lt;/strong&gt;&lt;/p&gt;\n&lt;p&gt;&lt;span style=\"color: #8b8c8f; font-weight: bold; text-decoration: underline;\"&gt; ##lang.problem.title##&lt;/span&gt;&#160;:##problem.title## &lt;br /&gt; &lt;span style=\"color: #8b8c8f; font-weight: bold; text-decoration: underline;\"&gt; ##lang.problem.authors##&lt;/span&gt;&#160;:##IFproblem.authors## ##problem.authors## ##ENDIFproblem.authors##    ##ELSEproblem.authors##--##ENDELSEproblem.authors## &lt;br /&gt; &lt;span style=\"color: #8b8c8f; font-weight: bold; text-decoration: underline;\"&gt; ##lang.problem.creationdate##&lt;/span&gt;&#160;:##problem.creationdate## &lt;br /&gt; ##IFproblem.assigntousers## &lt;span style=\"color: #8b8c8f; font-weight: bold; text-decoration: underline;\"&gt; ##lang.problem.assigntousers##&lt;/span&gt;&#160;: ##problem.assigntousers## ##ENDIFproblem.assigntousers##&lt;br /&gt; &lt;span style=\"color: #8b8c8f; font-weight: bold; text-decoration: underline;\"&gt;##lang.problem.status## &lt;/span&gt;&#160;: ##problem.status##&lt;br /&gt; ##IFproblem.assigntogroups## &lt;span style=\"color: #8b8c8f; font-weight: bold; text-decoration: underline;\"&gt; ##lang.problem.assigntogroups##&lt;/span&gt;&#160;: ##problem.assigntogroups## ##ENDIFproblem.assigntogroups##&lt;br /&gt; &lt;span style=\"color: #8b8c8f; font-weight: bold; text-decoration: underline;\"&gt; ##lang.problem.urgency##&lt;/span&gt;&#160;: ##problem.urgency##&lt;br /&gt; &lt;span style=\"color: #8b8c8f; font-weight: bold; text-decoration: underline;\"&gt; ##lang.problem.impact##&lt;/span&gt;&#160;: ##problem.impact##&lt;br /&gt; &lt;span style=\"color: #8b8c8f; font-weight: bold; text-decoration: underline;\"&gt; ##lang.problem.priority##&lt;/span&gt; : ##problem.priority## &lt;br /&gt;##IFproblem.category##&lt;span style=\"color: #8b8c8f; font-weight: bold; text-decoration: underline;\"&gt;##lang.problem.category## &lt;/span&gt;&#160;:##problem.category##  ##ENDIFproblem.category## ##ELSEproblem.category##  ##lang.problem.nocategoryassigned## ##ENDELSEproblem.category##    &lt;br /&gt; &lt;span style=\"color: #8b8c8f; font-weight: bold; text-decoration: underline;\"&gt; ##lang.problem.content##&lt;/span&gt;&#160;: ##problem.content##&lt;/p&gt;\n&lt;p&gt;##IFproblem.storestatus=closed##&lt;br /&gt;&lt;span style=\"text-decoration: underline;\"&gt;&lt;strong&gt;&lt;span style=\"color: #888888;\"&gt;##lang.problem.solvedate##&lt;/span&gt;&lt;/strong&gt;&lt;/span&gt; : ##problem.solvedate##&lt;br /&gt;&lt;span style=\"color: #888888;\"&gt;&lt;strong&gt;&lt;span style=\"text-decoration: underline;\"&gt;##lang.problem.solution.type##&lt;/span&gt;&lt;/strong&gt;&lt;/span&gt; : ##problem.solution.type##&lt;br /&gt;&lt;span style=\"text-decoration: underline; color: #888888;\"&gt;&lt;strong&gt;##lang.problem.solution.description##&lt;/strong&gt;&lt;/span&gt; : ##problem.solution.description##&lt;br /&gt;##ENDIFproblem.storestatus##&lt;/p&gt;\n&lt;div class=\"description b\"&gt;##lang.problem.numberoftickets##&#160;: ##problem.numberoftickets##&lt;/div&gt;\n&lt;p&gt;##FOREACHtickets##&lt;/p&gt;\n&lt;div&gt;&lt;strong&gt; [##ticket.date##] &lt;em&gt;##lang.problem.title## : &lt;a href=\"##ticket.url##\"&gt;##ticket.title## &lt;/a&gt;&lt;/em&gt;&lt;/strong&gt;&lt;br /&gt; &lt;span style=\"color: #8b8c8f; font-weight: bold; text-decoration: underline;\"&gt; &lt;/span&gt;&lt;span style=\"color: #8b8c8f; font-weight: bold; text-decoration: underline;\"&gt;##lang.problem.content## &lt;/span&gt; ##ticket.content##\n&lt;p&gt;##ENDFOREACHtickets##&lt;/p&gt;\n&lt;div class=\"description b\"&gt;##lang.problem.numberoftasks##&#160;: ##problem.numberoftasks##&lt;/div&gt;\n&lt;p&gt;##FOREACHtasks##&lt;/p&gt;\n&lt;div class=\"description b\"&gt;&lt;strong&gt;[##task.date##] &lt;/strong&gt;&lt;br /&gt; &lt;span style=\"color: #8b8c8f; font-weight: bold; text-decoration: underline;\"&gt; ##lang.task.author##&lt;/span&gt; ##task.author##&lt;br /&gt; &lt;span style=\"color: #8b8c8f; font-weight: bold; text-decoration: underline;\"&gt; ##lang.task.description##&lt;/span&gt; ##task.description##&lt;br /&gt; &lt;span style=\"color: #8b8c8f; font-weight: bold; text-decoration: underline;\"&gt; ##lang.task.time##&lt;/span&gt; ##task.time##&lt;br /&gt; &lt;span style=\"color: #8b8c8f; font-weight: bold; text-decoration: underline;\"&gt; ##lang.task.category##&lt;/span&gt; ##task.category##&lt;/div&gt;\n&lt;p&gt;##ENDFOREACHtasks##&lt;/p&gt;\n&lt;/div&gt;'),(18,18,'','##badge.action## : ##badge.entity##','##lang.badge.entity## :##badge.entity##\r\n   ##FOREACHbadges##\r\n   ##lang.badge.name## : ##badge.name## - ##lang.badge.dateexpiration## : ##badge.dateexpiration####IFbadge.serial## - ##lang.badge.serial## : ##badge.serial####ENDIFbadge.serial####IFbadge.users## - ##lang.badge.users## : ##badge.users####ENDIFbadge.users##\r\n   ##ENDFOREACHbadges##','&lt;p&gt;##lang.badge.entity## :##badge.entity##&lt;br /&gt; &lt;br /&gt;\r\n                        ##FOREACHbadges##&lt;br /&gt;\r\n                        ##lang.badge.name##  : ##badge.name## - ##lang.badge.dateexpiration## :  ##badge.dateexpiration####IFbadge.serial## - ##lang.badge.serial## :  ##badge.serial####ENDIFbadge.serial####IFbadge.users## - ##lang.badge.users## :  ##badge.users####ENDIFbadge.users##&lt;br /&gt; \r\n                        ##ENDFOREACHbadges##&lt;/p&gt;'),(19,19,'','##lang.resource.title## -  ##resource.firstname## ##resource.name##','##lang.resource.url##  : ##resource.url##\r\n\r\n   ##lang.resource.entity## : ##resource.entity##\r\n   ##IFresource.name####lang.resource.name## : ##resource.name##\r\n   ##ENDIFresource.name## ##IFresource.firstname####lang.resource.firstname## : ##resource.firstname##\r\n   ##ENDIFresource.firstname## ##IFresource.type####lang.resource.type## : ##resource.type##\r\n   ##ENDIFresource.type## ##IFresource.users####lang.resource.users## : ##resource.users##\r\n   ##ENDIFresource.users## ##IFresource.usersrecipient####lang.resource.usersrecipient## : ##resource.usersrecipient##\r\n   ##ENDIFresource.usersrecipient## ##IFresource.datedeclaration####lang.resource.datedeclaration## : ##resource.datedeclaration##\r\n   ##ENDIFresource.datedeclaration## ##IFresource.datebegin####lang.resource.datebegin## : ##resource.datebegin##\r\n   ##ENDIFresource.datebegin## ##IFresource.dateend####lang.resource.dateend## : ##resource.dateend##\r\n   ##ENDIFresource.dateend## ##IFresource.department####lang.resource.department## : ##resource.department##\r\n   ##ENDIFresource.department## ##IFresource.status####lang.resource.status## : ##resource.status##\r\n   ##ENDIFresource.status## ##IFresource.location####lang.resource.location## : ##resource.location##\r\n   ##ENDIFresource.location## ##IFresource.comment####lang.resource.comment## : ##resource.comment##\r\n   ##ENDIFresource.comment## ##IFresource.usersleaving####lang.resource.usersleaving## : ##resource.usersleaving##\r\n   ##ENDIFresource.usersleaving## ##IFresource.leaving####lang.resource.leaving## : ##resource.leaving##\r\n   ##ENDIFresource.leaving## ##IFresource.helpdesk####lang.resource.helpdesk## : ##resource.helpdesk##\r\n   ##ENDIFresource.helpdesk## ##FOREACHupdates##----------\r\n   ##lang.update.title## :\r\n   ##IFupdate.name####lang.resource.name## : ##update.name##\r\n   ##ENDIFupdate.name## ##IFupdate.firstname####lang.resource.firstname## : ##update.firstname##\r\n   ##ENDIFupdate.firstname## ##IFupdate.type####lang.resource.type## : ##update.type##\r\n   ##ENDIFupdate.type## ##IFupdate.users####lang.resource.users## : ##update.users##\r\n   ##ENDIFupdate.users## ##IFupdate.usersrecipient####lang.resource.usersrecipient## : ##update.usersrecipient##\r\n   ##ENDIFupdate.usersrecipient## ##IFupdate.datedeclaration####lang.resource.datedeclaration## : ##update.datedeclaration##\r\n   ##ENDIFupdate.datedeclaration## ##IFupdate.datebegin####lang.resource.datebegin## : ##update.datebegin##\r\n   ##ENDIFupdate.datebegin## ##IFupdate.dateend####lang.resource.dateend## : ##update.dateend##\r\n   ##ENDIFupdate.dateend## ##IFupdate.department####lang.resource.department## : ##update.department##\r\n   ##ENDIFupdate.department## ##IFupdate.status####lang.resource.status## : ##update.status##\r\n   ##ENDIFupdate.status## ##IFupdate.location####lang.resource.location## : ##update.location##\r\n   ##ENDIFupdate.location## ##IFupdate.comment####lang.resource.comment## : ##update.comment##\r\n   ##ENDIFupdate.comment## ##IFupdate.usersleaving####lang.resource.usersleaving## : ##update.usersleaving##\r\n   ##ENDIFupdate.usersleaving## ##IFupdate.leaving####lang.resource.leaving## : ##update.leaving##\r\n   ##ENDIFupdate.leaving## ##IFupdate.helpdesk####lang.resource.helpdesk## : ##update.helpdesk##\r\n   ##ENDIFupdate.helpdesk## ----------##ENDFOREACHupdates##\r\n   ##FOREACHtasks####lang.task.title## :\r\n   ##IFtask.name####lang.task.name## : ##task.name##\r\n   ##ENDIFtask.name## ##IFtask.type####lang.task.type## : ##task.type##\r\n   ##ENDIFtask.type## ##IFtask.users####lang.task.users## : ##task.users##\r\n   ##ENDIFtask.users## ##IFtask.groups####lang.task.groups## : ##task.groups##\r\n   ##ENDIFtask.groups## ##IFtask.datebegin####lang.task.datebegin## : ##task.datebegin##\r\n   ##ENDIFtask.datebegin## ##IFtask.dateend####lang.task.dateend## : ##task.dateend##\r\n   ##ENDIFtask.dateend## ##IFtask.comment####lang.task.comment## : ##task.comment##\r\n   ##ENDIFtask.comment## ##IFtask.finished####lang.task.finished## : ##task.finished##\r\n   ##ENDIFtask.finished## ##IFtask.realtime####lang.task.realtime## : ##task.realtime##\r\n   ##ENDIFtask.realtime## ----------##ENDFOREACHtasks## ','&lt;p&gt;&lt;span style=\"font-family: Verdana; font-size: 11px; text-align: left;\"&gt;&lt;strong&gt;##lang.resource.url##&lt;/strong&gt; : &lt;a href=\"##resource.url##\"&gt;##resource.url##&lt;/a&gt;&lt;/span&gt; &lt;br /&gt;&lt;br /&gt; &lt;span style=\"font-family: Verdana; font-size: 11px; text-align: left;\"&gt;&lt;strong&gt;##lang.resource.entity##&lt;/strong&gt; : ##resource.entity##&lt;/span&gt; &lt;br /&gt; ##IFresource.name##&lt;span style=\"font-family: Verdana; font-size: 11px; text-align: left;\"&gt;&lt;strong&gt;##lang.resource.name##&lt;/strong&gt; : ##resource.name##&lt;br /&gt;&lt;/span&gt;##ENDIFresource.name## ##IFresource.firstname##&lt;span style=\"font-family: Verdana; font-size: 11px; text-align: left;\"&gt;&lt;strong&gt;##lang.resource.firstname##&lt;/strong&gt; : ##resource.firstname##&lt;br /&gt;&lt;/span&gt;##ENDIFresource.firstname## ##IFresource.type##&lt;span style=\"font-family: Verdana; font-size: 11px; text-align: left;\"&gt;&lt;strong&gt;##lang.resource.type##&lt;/strong&gt; :  ##resource.type##&lt;br /&gt;&lt;/span&gt;##ENDIFresource.type## ##IFresource.status##&lt;span style=\"font-family: Verdana; font-size: 11px; text-align: left;\"&gt;&lt;strong&gt;##lang.resource.status##&lt;/strong&gt; :  ##resource.status##&lt;br /&gt;&lt;/span&gt;##ENDIFresource.status## ##IFresource.users##&lt;span style=\"font-family: Verdana; font-size: 11px; text-align: left;\"&gt;&lt;strong&gt;##lang.resource.users##&lt;/strong&gt; :  ##resource.users##&lt;br /&gt;&lt;/span&gt;##ENDIFresource.users## ##IFresource.usersrecipient##&lt;span style=\"font-family: Verdana; font-size: 11px; text-align: left;\"&gt;&lt;strong&gt;##lang.resource.usersrecipient##&lt;/strong&gt; :  ##resource.usersrecipient##&lt;br /&gt;&lt;/span&gt;##ENDIFresource.usersrecipient## ##IFresource.datedeclaration##&lt;span style=\"font-family: Verdana; font-size: 11px; text-align: left;\"&gt;&lt;strong&gt;##lang.resource.datedeclaration##&lt;/strong&gt; :  ##resource.datedeclaration##&lt;br /&gt;&lt;/span&gt;##ENDIFresource.datedeclaration## ##IFresource.datebegin##&lt;span style=\"font-family: Verdana; font-size: 11px; text-align: left;\"&gt;&lt;strong&gt;##lang.resource.datebegin##&lt;/strong&gt; :  ##resource.datebegin##&lt;br /&gt;&lt;/span&gt;##ENDIFresource.datebegin## ##IFresource.dateend##&lt;span style=\"font-family: Verdana; font-size: 11px; text-align: left;\"&gt;&lt;strong&gt;##lang.resource.dateend##&lt;/strong&gt; :  ##resource.dateend##&lt;br /&gt;&lt;/span&gt;##ENDIFresource.dateend## ##IFresource.department##&lt;span style=\"font-family: Verdana; font-size: 11px; text-align: left;\"&gt;&lt;strong&gt;##lang.resource.department##&lt;/strong&gt; :  ##resource.department##&lt;br /&gt;&lt;/span&gt;##ENDIFresource.department## ##IFresource.location##&lt;span style=\"font-family: Verdana; font-size: 11px; text-align: left;\"&gt;&lt;strong&gt;##lang.resource.location##&lt;/strong&gt; :  ##resource.location##&lt;br /&gt;&lt;/span&gt;##ENDIFresource.location## ##IFresource.comment##&lt;span style=\"font-family: Verdana; font-size: 11px; text-align: left;\"&gt;&lt;strong&gt;##lang.resource.comment##&lt;/strong&gt; :  ##resource.comment##&lt;br /&gt;&lt;/span&gt;##ENDIFresource.comment## ##IFresource.usersleaving##&lt;span style=\"font-family: Verdana; font-size: 11px; text-align: left;\"&gt;&lt;strong&gt;##lang.resource.usersleaving##&lt;/strong&gt; :  ##resource.usersleaving##&lt;br /&gt;&lt;/span&gt;##ENDIFresource.usersleaving## ##IFresource.leaving##&lt;span style=\"font-family: Verdana; font-size: 11px; text-align: left;\"&gt;&lt;strong&gt;##lang.resource.leaving##&lt;/strong&gt; :  ##resource.leaving##&lt;br /&gt;&lt;/span&gt;##ENDIFresource.leaving## ##IFresource.helpdesk##&lt;span style=\"font-family: Verdana; font-size: 11px; text-align: left;\"&gt;&lt;strong&gt;##lang.resource.helpdesk##&lt;/strong&gt; :  ##resource.helpdesk##&lt;br /&gt;&lt;/span&gt;##ENDIFresource.helpdesk##   ##FOREACHupdates##----------&lt;br /&gt;&lt;span style=\"font-family: Verdana; font-size: 11px; text-align: left;\"&gt;&lt;strong&gt;##lang.update.title## :&lt;/strong&gt;&lt;/span&gt; &lt;br /&gt; ##IFupdate.name##&lt;span style=\"font-family: Verdana; font-size: 11px; text-align: left;\"&gt;&lt;strong&gt;##lang.resource.name##&lt;/strong&gt; : ##update.name##&lt;br /&gt;&lt;/span&gt;##ENDIFupdate.name## ##IFupdate.firstname##&lt;span style=\"font-family: Verdana; font-size: 11px; text-align: left;\"&gt;&lt;strong&gt;##lang.resource.firstname##&lt;/strong&gt; : ##update.firstname##&lt;br /&gt;&lt;/span&gt;##ENDIFupdate.firstname## ##IFupdate.type##&lt;span style=\"font-family: Verdana; font-size: 11px; text-align: left;\"&gt;&lt;strong&gt;##lang.resource.type##&lt;/strong&gt; : ##update.type##&lt;br /&gt;&lt;/span&gt;##ENDIFupdate.type## ##IFupdate.status##&lt;span style=\"font-family: Verdana; font-size: 11px; text-align: left;\"&gt;&lt;strong&gt;##lang.resource.status##&lt;/strong&gt; : ##update.status##&lt;br /&gt;&lt;/span&gt;##ENDIFupdate.status## ##IFupdate.users##&lt;span style=\"font-family: Verdana; font-size: 11px; text-align: left;\"&gt;&lt;strong&gt;##lang.resource.users##&lt;/strong&gt; : ##update.users##&lt;br /&gt;&lt;/span&gt;##ENDIFupdate.users## ##IFupdate.usersrecipient##&lt;span style=\"font-family: Verdana; font-size: 11px; text-align: left;\"&gt;&lt;strong&gt;##lang.resource.usersrecipient##&lt;/strong&gt; : ##update.usersrecipient##&lt;br /&gt;&lt;/span&gt;##ENDIFupdate.usersrecipient## ##IFupdate.datedeclaration##&lt;span style=\"font-family: Verdana; font-size: 11px; text-align: left;\"&gt;&lt;strong&gt;##lang.resource.datedeclaration##&lt;/strong&gt; : ##update.datedeclaration##&lt;br /&gt;&lt;/span&gt;##ENDIFupdate.datedeclaration## ##IFupdate.datebegin##&lt;span style=\"font-family: Verdana; font-size: 11px; text-align: left;\"&gt;&lt;strong&gt;##lang.resource.datebegin##&lt;/strong&gt; : ##update.datebegin##&lt;br /&gt;&lt;/span&gt;##ENDIFupdate.datebegin## ##IFupdate.dateend##&lt;span style=\"font-family: Verdana; font-size: 11px; text-align: left;\"&gt;&lt;strong&gt;##lang.resource.dateend##&lt;/strong&gt; : ##update.dateend##&lt;br /&gt;&lt;/span&gt;##ENDIFupdate.dateend## ##IFupdate.department##&lt;span style=\"font-family: Verdana; font-size: 11px; text-align: left;\"&gt;&lt;strong&gt;##lang.resource.department##&lt;/strong&gt; : ##update.department##&lt;br /&gt;&lt;/span&gt;##ENDIFupdate.department## ##IFupdate.location##&lt;span style=\"font-family: Verdana; font-size: 11px; text-align: left;\"&gt;&lt;strong&gt;##lang.resource.location##&lt;/strong&gt; : ##update.location##&lt;br /&gt;&lt;/span&gt;##ENDIFupdate.location## ##IFupdate.comment##&lt;span style=\"font-family: Verdana; font-size: 11px; text-align: left;\"&gt;&lt;strong&gt;##lang.resource.comment##&lt;/strong&gt; : ##update.comment##&lt;br /&gt;&lt;/span&gt;##ENDIFupdate.comment## ##IFupdate.usersleaving##&lt;span style=\"font-family: Verdana; font-size: 11px; text-align: left;\"&gt;&lt;strong&gt;##lang.resource.usersleaving##&lt;/strong&gt; : ##update.usersleaving##&lt;br /&gt;&lt;/span&gt;##ENDIFupdate.usersleaving## ##IFupdate.leaving##&lt;span style=\"font-family: Verdana; font-size: 11px; text-align: left;\"&gt;&lt;strong&gt;##lang.resource.leaving##&lt;/strong&gt; : ##update.leaving##&lt;br /&gt;&lt;/span&gt;##ENDIFupdate.leaving## ##IFupdate.helpdesk##&lt;span style=\"font-family: Verdana; font-size: 11px; text-align: left;\"&gt;&lt;strong&gt;##lang.resource.helpdesk##&lt;/strong&gt; : ##update.helpdesk##&lt;br /&gt;&lt;/span&gt;##ENDIFupdate.helpdesk####ENDFOREACHupdates##   ##FOREACHtasks##----------&lt;br /&gt;&lt;span style=\"font-family: Verdana; font-size: 11px; text-align: left;\"&gt;&lt;strong&gt;##lang.task.title## :&lt;/strong&gt;&lt;/span&gt; &lt;br /&gt; ##IFtask.name##&lt;span style=\"font-family: Verdana; font-size: 11px; text-align: left;\"&gt;&lt;strong&gt;##lang.task.name##&lt;/strong&gt; : ##task.name##&lt;br /&gt;&lt;/span&gt;##ENDIFtask.name## ##IFtask.type##&lt;span style=\"font-family: Verdana; font-size: 11px; text-align: left;\"&gt;&lt;strong&gt;##lang.task.type##&lt;/strong&gt; : ##task.type##&lt;br /&gt;&lt;/span&gt;##ENDIFtask.type## ##IFtask.users##&lt;span style=\"font-family: Verdana; font-size: 11px; text-align: left;\"&gt;&lt;strong&gt;##lang.task.users##&lt;/strong&gt; : ##task.users##&lt;br /&gt;&lt;/span&gt;##ENDIFtask.users## ##IFtask.groups##&lt;span style=\"font-family: Verdana; font-size: 11px; text-align: left;\"&gt;&lt;strong&gt;##lang.task.groups##&lt;/strong&gt; : ##task.groups##&lt;br /&gt;&lt;/span&gt;##ENDIFtask.groups## ##IFtask.datebegin##&lt;span style=\"font-family: Verdana; font-size: 11px; text-align: left;\"&gt;&lt;strong&gt;##lang.task.datebegin##&lt;/strong&gt; : ##task.datebegin##&lt;br /&gt;&lt;/span&gt;##ENDIFtask.datebegin## ##IFtask.dateend##&lt;span style=\"font-family: Verdana; font-size: 11px; text-align: left;\"&gt;&lt;strong&gt;##lang.task.dateend##&lt;/strong&gt; : ##task.dateend##&lt;br /&gt;&lt;/span&gt;##ENDIFtask.dateend## ##IFtask.comment##&lt;span style=\"font-family: Verdana; font-size: 11px; text-align: left;\"&gt;&lt;strong&gt;##lang.task.comment##&lt;/strong&gt; : ##task.comment##&lt;br /&gt;&lt;/span&gt;##ENDIFtask.comment## ##IFtask.finished##&lt;span style=\"font-family: Verdana; font-size: 11px; text-align: left;\"&gt;&lt;strong&gt;##lang.task.finished##&lt;/strong&gt; : ##task.finished##&lt;br /&gt;&lt;/span&gt;##ENDIFtask.finished## ##IFtask.realtime##&lt;span style=\"font-family: Verdana; font-size: 11px; text-align: left;\"&gt;&lt;strong&gt;##lang.task.realtime##&lt;/strong&gt; : ##task.realtime##&lt;/span&gt;##ENDIFtask.realtime##&lt;br /&gt;----------##ENDFOREACHtasks##&lt;/p&gt;'),(20,20,'','##resource.action## : ##resource.entity##','##FOREACHtasks## \r\n   ##lang.task.name## : ##task.name##\r\n   ##lang.task.type## : ##task.type##\r\n   ##lang.task.users## : ##task.users##\r\n   ##lang.task.groups## : ##task.groups##\r\n   ##lang.task.datebegin## : ##task.datebegin##\r\n   ##lang.task.dateend## : ##task.dateend##\r\n   ##lang.task.comment## : ##task.comment##\r\n   ##lang.task.resource## : ##task.resource##\r\n   ##ENDFOREACHtasks##','&lt;table class=\"tab_cadre\" border=\"1\" cellspacing=\"2\" cellpadding=\"3\"&gt;\r\n   &lt;tbody&gt;\r\n   &lt;tr&gt;\r\n   &lt;td style=\"text-align: left;\" bgcolor=\"#cccccc\"&gt;&lt;span style=\"font-family: Verdana; font-size: 11px; text-align: left;\"&gt;##lang.task.name##&lt;/span&gt;&lt;/td&gt;\r\n   &lt;td style=\"text-align: left;\" bgcolor=\"#cccccc\"&gt;&lt;span style=\"font-family: Verdana; font-size: 11px; text-align: left;\"&gt;##lang.task.type##&lt;/span&gt;&lt;/td&gt;\r\n   &lt;td style=\"text-align: left;\" bgcolor=\"#cccccc\"&gt;&lt;span style=\"font-family: Verdana; font-size: 11px; text-align: left;\"&gt;##lang.task.users##&lt;/span&gt;&lt;/td&gt;\r\n   &lt;td style=\"text-align: left;\" bgcolor=\"#cccccc\"&gt;&lt;span style=\"font-family: Verdana; font-size: 11px; text-align: left;\"&gt;##lang.task.groups##&lt;/span&gt;&lt;/td&gt;\r\n   &lt;td style=\"text-align: left;\" bgcolor=\"#cccccc\"&gt;&lt;span style=\"font-family: Verdana; font-size: 11px; text-align: left;\"&gt;##lang.task.datebegin##&lt;/span&gt;&lt;/td&gt;\r\n   &lt;td style=\"text-align: left;\" bgcolor=\"#cccccc\"&gt;&lt;span style=\"font-family: Verdana; font-size: 11px; text-align: left;\"&gt;##lang.task.dateend##&lt;/span&gt;&lt;/td&gt;\r\n   &lt;td style=\"text-align: left;\" bgcolor=\"#cccccc\"&gt;&lt;span style=\"font-family: Verdana; font-size: 11px; text-align: left;\"&gt;##lang.task.comment##&lt;/span&gt;&lt;/td&gt;\r\n   &lt;td style=\"text-align: left;\" bgcolor=\"#cccccc\"&gt;&lt;span style=\"font-family: Verdana; font-size: 11px; text-align: left;\"&gt;##lang.task.resource##&lt;/span&gt;&lt;/td&gt;\r\n   &lt;/tr&gt;\r\n   ##FOREACHtasks##                 \r\n   &lt;tr&gt;\r\n   &lt;td&gt;&lt;span style=\"font-family: Verdana; font-size: 11px; text-align: left;\"&gt;##task.name##&lt;/span&gt;&lt;/td&gt;\r\n   &lt;td&gt;&lt;span style=\"font-family: Verdana; font-size: 11px; text-align: left;\"&gt;##task.type##&lt;/span&gt;&lt;/td&gt;\r\n   &lt;td&gt;&lt;span style=\"font-family: Verdana; font-size: 11px; text-align: left;\"&gt;##task.users##&lt;/span&gt;&lt;/td&gt;\r\n   &lt;td&gt;&lt;span style=\"font-family: Verdana; font-size: 11px; text-align: left;\"&gt;##task.groups##&lt;/span&gt;&lt;/td&gt;\r\n   &lt;td&gt;&lt;span style=\"font-family: Verdana; font-size: 11px; text-align: left;\"&gt;##task.datebegin##&lt;/span&gt;&lt;/td&gt;\r\n   &lt;td&gt;&lt;span style=\"font-family: Verdana; font-size: 11px; text-align: left;\"&gt;##task.dateend##&lt;/span&gt;&lt;/td&gt;\r\n   &lt;td&gt;&lt;span style=\"font-family: Verdana; font-size: 11px; text-align: left;\"&gt;##task.comment##&lt;/span&gt;&lt;/td&gt;\r\n   &lt;td&gt;&lt;span style=\"font-family: Verdana; font-size: 11px; text-align: left;\"&gt;##task.resource##&lt;/span&gt;&lt;/td&gt;\r\n   &lt;/tr&gt;\r\n   ##ENDFOREACHtasks##\r\n   &lt;/tbody&gt;\r\n   &lt;/table&gt;'),(21,21,'','##resource.action## : ##resource.entity##','##FOREACHresources##\r\n   ##lang.resource.name## : ##resource.name##\r\n   ##lang.resource.firstname## : ##resource.firstname##\r\n   ##lang.resource.type## : ##resource.type##\r\n   ##lang.resource.location## : ##resource.location##\r\n   ##lang.resource.users## : ##resource.users##\r\n   ##lang.resource.dateend## : ##resource.dateend##\r\n   ##ENDFOREACHresources##','&lt;table class=\"tab_cadre\" border=\"1\" cellspacing=\"2\" cellpadding=\"3\"&gt;\r\n   &lt;tbody&gt;\r\n   &lt;tr&gt;\r\n   &lt;td style=\"text-align: left;\" bgcolor=\"#cccccc\"&gt;&lt;span style=\"font-family: Verdana; font-size: 11px; text-align: left;\"&gt;##lang.resource.name##&lt;/span&gt;&lt;/td&gt;\r\n   &lt;td style=\"text-align: left;\" bgcolor=\"#cccccc\"&gt;&lt;span style=\"font-family: Verdana; font-size: 11px; text-align: left;\"&gt;##lang.resource.firstname##&lt;/span&gt;&lt;/td&gt;\r\n   &lt;td style=\"text-align: left;\" bgcolor=\"#cccccc\"&gt;&lt;span style=\"font-family: Verdana; font-size: 11px; text-align: left;\"&gt;##lang.resource.type##&lt;/span&gt;&lt;/td&gt;\r\n   &lt;td style=\"text-align: left;\" bgcolor=\"#cccccc\"&gt;&lt;span style=\"font-family: Verdana; font-size: 11px; text-align: left;\"&gt;##lang.resource.location##&lt;/span&gt;&lt;/td&gt;\r\n   &lt;td style=\"text-align: left;\" bgcolor=\"#cccccc\"&gt;&lt;span style=\"font-family: Verdana; font-size: 11px; text-align: left;\"&gt;##lang.resource.users##&lt;/span&gt;&lt;/td&gt;\r\n   &lt;td style=\"text-align: left;\" bgcolor=\"#cccccc\"&gt;&lt;span style=\"font-family: Verdana; font-size: 11px; text-align: left;\"&gt;##lang.resource.dateend##&lt;/span&gt;&lt;/td&gt;\r\n   &lt;/tr&gt;\r\n   ##FOREACHresources##                 \r\n   &lt;tr&gt;\r\n   &lt;td&gt;&lt;a href=\"##resource.url##\"&gt;&lt;span style=\"font-family: Verdana; font-size: 11px; text-align: left;\"&gt;##resource.name##&lt;/span&gt;&lt;/a&gt;&lt;/td&gt;\r\n   &lt;td&gt;&lt;span style=\"font-family: Verdana; font-size: 11px; text-align: left;\"&gt;##resource.firstname##&lt;/span&gt;&lt;/td&gt;\r\n   &lt;td&gt;&lt;span style=\"font-family: Verdana; font-size: 11px; text-align: left;\"&gt;##resource.type##&lt;/span&gt;&lt;/td&gt;\r\n   &lt;td&gt;&lt;span style=\"font-family: Verdana; font-size: 11px; text-align: left;\"&gt;##resource.location##&lt;/span&gt;&lt;/td&gt;\r\n   &lt;td&gt;&lt;span style=\"font-family: Verdana; font-size: 11px; text-align: left;\"&gt;##resource.users##&lt;/span&gt;&lt;/td&gt;\r\n   &lt;td&gt;&lt;span style=\"font-family: Verdana; font-size: 11px; text-align: left;\"&gt;##resource.dateend##&lt;/span&gt;&lt;/td&gt;\r\n   &lt;/tr&gt;\r\n   ##ENDFOREACHresources##\r\n   &lt;/tbody&gt;\r\n   &lt;/table&gt;'),(22,22,'','##checklist.action## : ##checklist.entity##','##lang.checklist.title## \r\n\r\n   ##FOREACHchecklists## \r\n   ##lang.checklist.name## ##lang.checklist.firstname## : ##checklist.name## ##checklist.firstname##\r\n   ##lang.checklist.datebegin## : ##checklist.datebegin##\r\n   ##lang.checklist.dateend## : ##checklist.dateend##\r\n   ##lang.checklist.entity## : ##checklist.entity##\r\n   ##lang.checklist.location## : ##checklist.location##\r\n   ##lang.checklist.type## : ##checklist.type##\r\n\r\n   ##lang.checklist.title2## :\r\n   ##tasklist.name## \r\n   ##ENDFOREACHchecklists##','&lt;table class=\"tab_cadre\" border=\"1\" cellspacing=\"2\" cellpadding=\"3\"&gt;\r\n   &lt;tbody&gt;\r\n   &lt;tr bgcolor=\"#d9c4b8\"&gt;\r\n   &lt;th colspan=\"7\"&gt;&lt;span style=\"font-family: Verdana; font-size: 11px; text-align: center;\"&gt;##lang.checklist.title##&lt;/span&gt;&lt;/th&gt;\r\n   &lt;/tr&gt;\r\n   &lt;tr&gt;\r\n   &lt;td style=\"text-align: left;\" bgcolor=\"#cccccc\"&gt;&lt;span style=\"font-family: Verdana; font-size: 11px; text-align: left;\"&gt;##lang.checklist.name## ##lang.checklist.firstname##&lt;/span&gt;&lt;/td&gt;\r\n   &lt;td style=\"text-align: left;\" bgcolor=\"#cccccc\"&gt;&lt;span style=\"font-family: Verdana; font-size: 11px; text-align: left;\"&gt;##lang.checklist.datebegin##&lt;/span&gt;&lt;/td&gt;\r\n   &lt;td style=\"text-align: left;\" bgcolor=\"#cccccc\"&gt;&lt;span style=\"font-family: Verdana; font-size: 11px; text-align: left;\"&gt;##lang.checklist.dateend##&lt;/span&gt;&lt;/td&gt;\r\n   &lt;td style=\"text-align: left;\" bgcolor=\"#cccccc\"&gt;&lt;span style=\"font-family: Verdana; font-size: 11px; text-align: left;\"&gt;##lang.checklist.entity##&lt;/span&gt;&lt;/td&gt;\r\n   &lt;td style=\"text-align: left;\" bgcolor=\"#cccccc\"&gt;&lt;span style=\"font-family: Verdana; font-size: 11px; text-align: left;\"&gt;##lang.checklist.location##&lt;/span&gt;&lt;/td&gt;\r\n   &lt;td style=\"text-align: left;\" bgcolor=\"#cccccc\"&gt;&lt;span style=\"font-family: Verdana; font-size: 11px; text-align: left;\"&gt;##lang.checklist.type##&lt;/span&gt;&lt;/td&gt;\r\n   &lt;td style=\"text-align: left;\" bgcolor=\"#cccccc\"&gt;&lt;span style=\"font-family: Verdana; font-size: 11px; text-align: left;\"&gt;##lang.checklist.title2##&lt;/span&gt;&lt;/td&gt;\r\n   &lt;/tr&gt;\r\n   ##FOREACHchecklists##                \r\n   &lt;tr&gt;\r\n   &lt;td&gt;&lt;a href=\"##checklist.url##\"&gt;&lt;span style=\"font-family: Verdana; font-size: 11px; text-align: left;\"&gt;##checklist.name## ##checklist.firstname##&lt;/span&gt;&lt;/a&gt;&lt;/td&gt;\r\n   &lt;td&gt;&lt;span style=\"font-family: Verdana; font-size: 11px; text-align: left;\"&gt;##checklist.datebegin##&lt;/span&gt;&lt;/td&gt;\r\n   &lt;td&gt;&lt;span style=\"font-family: Verdana; font-size: 11px; text-align: left;\"&gt;##checklist.dateend##&lt;/span&gt;&lt;/td&gt;\r\n   &lt;td&gt;&lt;span style=\"font-family: Verdana; font-size: 11px; text-align: left;\"&gt;##checklist.entity##&lt;/span&gt;&lt;/td&gt;\r\n   &lt;td&gt;&lt;span style=\"font-family: Verdana; font-size: 11px; text-align: left;\"&gt;##checklist.location##&lt;/span&gt;&lt;/td&gt;\r\n   &lt;td&gt;&lt;span style=\"font-family: Verdana; font-size: 11px; text-align: left;\"&gt;##checklist.type##&lt;/span&gt;&lt;/td&gt;\r\n   &lt;td&gt;&lt;span style=\"font-family: Verdana; font-size: 11px; text-align: left;\"&gt; \r\n   &lt;table width=\"100%\"&gt;\r\n   &lt;tbody&gt;\r\n   &lt;tr&gt;\r\n   &lt;td&gt;&lt;span style=\"font-family: Verdana; font-size: 11px; text-align: left;\"&gt; ##tasklist.name## &lt;/span&gt;&lt;/td&gt;\r\n   &lt;/tr&gt;\r\n   &lt;/tbody&gt;\r\n   &lt;/table&gt;\r\n   &lt;/span&gt;&lt;/td&gt;\r\n   &lt;/tr&gt;\r\n   ##ENDFOREACHchecklists##\r\n   &lt;/tbody&gt;\r\n   &lt;/table&gt;'),(23,23,'','##lang.resource.title## -  ##resource.firstname## ##resource.name##','##lang.resource.title2##\r\n\r\n   ##lang.resource.url## : ##resource.url##\r\n\r\n   ##lang.resource.entity## : ##resource.entity##\r\n   ##IFresource.name## ##lang.resource.name## : ##resource.name##\r\n   ##ENDIFresource.name##\r\n   ##IFresource.firstname## ##lang.resource.firstname## : ##resource.firstname##\r\n   ##ENDIFresource.firstname##\r\n\r\n   ##lang.resource.badge##','&lt;p&gt;&lt;span style=\"font-family: Verdana; font-size: 11px; text-align: left;\"&gt;&lt;strong&gt;##lang.resource.title2##&lt;/strong&gt;\r\n   &lt;p&gt;&lt;span style=\"font-family: Verdana; font-size: 11px; text-align: left;\"&gt;&lt;strong&gt;##lang.resource.url##&lt;/strong&gt; : &lt;a href=\"##resource.url##\"&gt;##resource.url##&lt;/a&gt;&lt;/span&gt; &lt;br /&gt;&lt;br /&gt; &lt;span style=\"font-family: Verdana; font-size: 11px; text-align: left;\"&gt;&lt;strong&gt;##lang.resource.entity##&lt;/strong&gt; : ##resource.entity##&lt;/span&gt; &lt;br /&gt; ##IFresource.name##&lt;span style=\"font-family: Verdana; font-size: 11px; text-align: left;\"&gt;&lt;strong&gt;##lang.resource.name##&lt;/strong&gt; : ##resource.name##&lt;br /&gt;&lt;/span&gt;##ENDIFresource.name## ##IFresource.firstname##&lt;span style=\"font-family: Verdana; font-size: 11px; text-align: left;\"&gt;&lt;strong&gt;##lang.resource.firstname##&lt;/strong&gt; : ##resource.firstname##&lt;br /&gt;&lt;/span&gt;##ENDIFresource.firstname##&lt;/p&gt;\r\n   &lt;p&gt;&lt;span style=\"font-family: Verdana; font-size: 11px; text-align: left;\"&gt;&lt;strong&gt;##lang.resource.badge##&lt;/strong&gt;&lt;/span&gt;&lt;/p&gt;\r\n   &lt;/span&gt;&lt;/p&gt;'),(24,24,'','##lang.resource.title## -  ##resource.firstname## ##resource.name##','##lang.resource.creationtitle## \r\n \r\n##lang.resource.entity## : ##resource.entity##\r\n \r\n##lang.resource.name## : ##resource.name##\r\n##lang.resource.firstname## : ##resource.firstname##\r\n##lang.resource.department## : ##resource.department##\r\n##lang.resource.location## : ##resource.location##\r\n##lang.resource.users## : ##resource.users##\r\n##lang.resource.usersrecipient## : ##resource.usersrecipient##\r\n##lang.resource.datedeclaration## : ##resource.datedeclaration## \r\n##lang.resource.datebegin## : ##resource.datebegin## \r\n\r\n##lang.resource.creation##\r\n\r\n##lang.resource.datecreation## : ##resource.datecreation##\r\n##lang.resource.login## : ##resource.login##\r\n##lang.resource.email## : ##resource.email##\r\n\r\n##lang.resource.informationtitle## \r\n\r\n##IFresource.commentaires####lang.resource.commentaires## : ##resource.commentaires####ENDIFresource.commentaires##\r\n\r\n##IFresource.informations####lang.resource.informations## : ##resource.informations####ENDIFresource.informations##','&lt;p style=\"text-align: center;\"&gt;&lt;span style=\"font-size: 11px; font-family: verdana;\"&gt;##lang.resource.creationtitle##&lt;/span&gt;&lt;/p&gt;\r\n&lt;table border=\"1\" cellspacing=\"2\" cellpadding=\"3\" width=\"590px\" align=\"center\"&gt;\r\n&lt;tbody&gt;\r\n&lt;tr&gt;\r\n&lt;td style=\"text-align: left;\" colspan=\"2\" width=\"auto\" bgcolor=\"#cccccc\"&gt;&lt;span style=\"font-family: Verdana; font-size: 11px; text-align: left;\"&gt;##lang.resource.entity##&lt;/span&gt;&lt;/td&gt;\r\n&lt;td style=\"text-align: left;\" colspan=\"2\" width=\"auto\"&gt;&lt;span style=\"font-family: Verdana; font-size: 11px; text-align: left;\"&gt;##resource.entity##&lt;/span&gt;&lt;/td&gt;\r\n&lt;/tr&gt;\r\n&lt;tr&gt;\r\n&lt;td style=\"text-align: left;\" width=\"auto\" bgcolor=\"#cccccc\"&gt;&lt;span style=\"font-family: Verdana; font-size: 11px; text-align: left;\"&gt;##lang.resource.name##&lt;/span&gt;&lt;/td&gt;\r\n&lt;td style=\"text-align: left;\" width=\"auto\"&gt;&lt;span style=\"font-family: Verdana; font-size: 11px; text-align: left;\"&gt;##resource.name##&lt;/span&gt;&lt;/td&gt;\r\n&lt;td style=\"text-align: left;\" width=\"auto\" bgcolor=\"#cccccc\"&gt;&lt;span style=\"font-family: Verdana; font-size: 11px; text-align: left;\"&gt;##lang.resource.firstname##&lt;/span&gt;&lt;/td&gt;\r\n&lt;td style=\"text-align: left;\" width=\"auto\"&gt;&lt;span style=\"font-family: Verdana; font-size: 11px; text-align: left;\"&gt;##resource.firstname##&lt;/span&gt;&lt;/td&gt;\r\n&lt;/tr&gt;\r\n&lt;tr&gt;\r\n&lt;td style=\"text-align: left;\" width=\"auto\" bgcolor=\"#cccccc\"&gt;&lt;span style=\"font-family: Verdana; font-size: 11px; text-align: left;\"&gt;##lang.resource.department##&lt;/span&gt;&lt;/td&gt;\r\n&lt;td style=\"text-align: left;\" width=\"auto\"&gt;&lt;span style=\"font-family: Verdana; font-size: 11px; text-align: left;\"&gt;##resource.department##&lt;/span&gt;&lt;/td&gt;\r\n&lt;td style=\"text-align: left;\" width=\"auto\" bgcolor=\"#cccccc\"&gt;&lt;span style=\"font-family: Verdana; font-size: 11px; text-align: left;\"&gt;##lang.resource.location##&lt;/span&gt;&lt;/td&gt;\r\n&lt;td style=\"text-align: left;\" width=\"auto\"&gt;&lt;span style=\"font-family: Verdana; font-size: 11px; text-align: left;\"&gt;##resource.location##&lt;/span&gt;&lt;/td&gt;\r\n&lt;/tr&gt;\r\n&lt;tr&gt;\r\n&lt;td style=\"text-align: left;\" width=\"auto\" bgcolor=\"#cccccc\"&gt;&lt;span style=\"font-family: Verdana; font-size: 11px; text-align: left;\"&gt;##lang.resource.users##&lt;/span&gt;&lt;/td&gt;\r\n&lt;td style=\"text-align: left;\" width=\"auto\"&gt;&lt;span style=\"font-family: Verdana; font-size: 11px; text-align: left;\"&gt;##resource.users##&lt;/span&gt;&lt;/td&gt;\r\n&lt;td style=\"text-align: left;\" width=\"auto\" bgcolor=\"#cccccc\"&gt;&lt;span style=\"font-family: Verdana; font-size: 11px; text-align: left;\"&gt;##lang.resource.usersrecipient##&lt;/span&gt;&lt;/td&gt;\r\n&lt;td style=\"text-align: left;\" width=\"auto\"&gt;&lt;span style=\"font-family: Verdana; font-size: 11px; text-align: left;\"&gt;##resource.usersrecipient##&lt;/span&gt;&lt;/td&gt;\r\n&lt;/tr&gt;\r\n&lt;tr&gt;\r\n&lt;td style=\"text-align: left;\" width=\"auto\" bgcolor=\"#cccccc\"&gt;&lt;span style=\"font-family: Verdana; font-size: 11px; text-align: left;\"&gt;##lang.resource.datedeclaration##&lt;/span&gt;&lt;/td&gt;\r\n&lt;td style=\"text-align: left;\" width=\"auto\"&gt;&lt;span style=\"font-family: Verdana; font-size: 11px; text-align: left;\"&gt;##resource.datedeclaration##&lt;/span&gt;&lt;/td&gt;\r\n&lt;td style=\"text-align: left;\" width=\"auto\" bgcolor=\"#cccccc\"&gt;&lt;span style=\"font-family: Verdana; font-size: 11px; text-align: left;\"&gt;##lang.resource.datebegin##&lt;/span&gt;&lt;/td&gt;\r\n&lt;td style=\"text-align: left;\" width=\"auto\"&gt;&lt;span style=\"font-family: Verdana; font-size: 11px; text-align: left;\"&gt;##resource.datebegin##&lt;/span&gt;&lt;/td&gt;\r\n&lt;/tr&gt;\r\n&lt;/tbody&gt;\r\n&lt;/table&gt;\r\n&lt;p style=\"text-align: center;\"&gt;&lt;span style=\"font-size: 11px; font-family: verdana;\"&gt;##lang.resource.creation##&lt;/span&gt;&lt;/p&gt;\r\n&lt;table border=\"1\" cellspacing=\"2\" cellpadding=\"3\" width=\"590px\" align=\"center\"&gt;\r\n&lt;tbody&gt;\r\n&lt;tr&gt;\r\n&lt;td style=\"text-align: left;\" width=\"auto\" bgcolor=\"#cccccc\"&gt;&lt;span style=\"font-family: Verdana; font-size: 11px; text-align: left;\"&gt;##lang.resource.datecreation##&lt;/span&gt;&lt;/td&gt;\r\n&lt;td style=\"text-align: left;\" width=\"auto\"&gt;&lt;span style=\"font-family: Verdana; font-size: 11px; text-align: left;\"&gt;##resource.datecreation##&lt;/span&gt;&lt;/td&gt;\r\n&lt;td style=\"text-align: left;\" width=\"auto\" bgcolor=\"#cccccc\"&gt;&lt;span style=\"font-family: Verdana; font-size: 11px; text-align: left;\"&gt;##lang.resource.login##&lt;/span&gt;&lt;/td&gt;\r\n&lt;td style=\"text-align: left;\" width=\"auto\"&gt;&lt;span style=\"font-family: Verdana; font-size: 11px; text-align: left;\"&gt;##resource.login##&lt;/span&gt;&lt;/td&gt;\r\n&lt;td style=\"text-align: left;\" width=\"auto\" bgcolor=\"#cccccc\"&gt;&lt;span style=\"font-family: Verdana; font-size: 11px; text-align: left;\"&gt;##lang.resource.email##&lt;/span&gt;&lt;/td&gt;\r\n&lt;td style=\"text-align: left;\" width=\"auto\"&gt;&lt;span style=\"font-family: Verdana; font-size: 11px; text-align: left;\"&gt;##resource.email##&lt;/span&gt;&lt;/td&gt;\r\n&lt;/tr&gt;\r\n&lt;/tbody&gt;\r\n&lt;/table&gt;\r\n&lt;p style=\"text-align: center;\"&gt;&lt;span style=\"font-size: 11px; font-family: verdana;\"&gt;##lang.resource.informationtitle##&lt;/span&gt;&lt;/p&gt;\r\n&lt;table border=\"1\" cellspacing=\"2\" cellpadding=\"3\" width=\"590px\" align=\"center\"&gt;\r\n&lt;tbody&gt;\r\n##IFresource.commentaires##    \r\n&lt;tr&gt;\r\n&lt;td style=\"text-align: left;\" width=\"auto\" bgcolor=\"#cccccc\"&gt;&lt;span style=\"font-family: Verdana; font-size: 11px; text-align: left;\"&gt;##lang.resource.commentaires##&lt;/span&gt;&lt;/td&gt;\r\n&lt;/tr&gt;\r\n&lt;tr&gt;\r\n&lt;td style=\"text-align: left;\" width=\"auto\"&gt;&lt;span style=\"font-family: Verdana; font-size: 11px; text-align: left;\"&gt;##resource.commentaires##&lt;/span&gt;&lt;/td&gt;\r\n&lt;/tr&gt;\r\n##ENDIFresource.commentaires## ##IFresource.informations##    \r\n&lt;tr&gt;\r\n&lt;td style=\"text-align: left;\" width=\"auto\" bgcolor=\"#cccccc\"&gt;&lt;span style=\"font-family: Verdana; font-size: 11px; text-align: left;\"&gt;##lang.resource.informations##&lt;/span&gt;&lt;/td&gt;\r\n&lt;/tr&gt;\r\n&lt;tr&gt;\r\n&lt;td style=\"text-align: left;\" width=\"auto\"&gt;&lt;span style=\"font-family: Verdana; font-size: 11px; text-align: left;\"&gt;##resource.informations##&lt;/span&gt;&lt;/td&gt;\r\n&lt;/tr&gt;\r\n##ENDIFresource.informations##\r\n&lt;/tbody&gt;\r\n&lt;/table&gt;'),(25,25,'','##lang.resource.title## -  ##resource.firstname## ##resource.name##','##lang.resource.restingtitle##\r\n##lang.resource.openby## : ##resource.openby##\r\n##lang.resource.entity## : ##resource.entity##\r\n\r\n##lang.resource.name## : ##resource.name##\r\n##lang.resource.firstname## : ##resource.firstname##\r\n\r\n##lang.resource.department## : ##resource.department##\r\n##lang.resource.users## : ##resource.users##\r\n\r\n##lang.resource.resting##\r\n\r\n##lang.resource.location## : ##resource.location##\r\n##lang.resource.home## : ##resource.home##\r\n##lang.resource.datebegin## : ##resource.datebegin##\r\n##lang.resource.dateend## : ##resource.dateend##\r\n\r\n##lang.resource.commentaires## : ##resource.commentaires##\r\n\r\n##FOREACHupdates##\r\n##lang.update.title##\r\n\r\n##IFupdate.datebegin####lang.resource.datebegin## : ##update.datebegin####ENDIFupdate.datebegin##\r\n##IFupdate.dateend####lang.resource.dateend## : ##update.dateend####ENDIFupdate.dateend##\r\n##IFupdate.location####lang.resource.location## : ##update.location###ENDIFupdate.location##\r\n##IFupdate.home####lang.resource.home## : ##update.home####ENDIFupdate.home##\r\n##IFupdate.comment####lang.resource.comment## : ##update.comment####ENDIFupdate.comment##\r\n##ENDFOREACHupdates##','&lt;p style=\"text-align: center;\"&gt;&lt;span style=\"font-size: 11px; font-family: verdana;\"&gt;##lang.resource.restingtitle##&lt;/span&gt;&lt;/p&gt;\r\n&lt;table border=\"1\" cellspacing=\"2\" cellpadding=\"3\" width=\"590px\" align=\"center\"&gt;\r\n&lt;tbody&gt;\r\n&lt;tr&gt;\r\n&lt;td style=\"text-align: left;\" width=\"auto\" bgcolor=\"#cccccc\"&gt;&lt;span style=\"font-family: Verdana; font-size: 11px; text-align: left;\"&gt;##lang.resource.entity##&lt;/span&gt;&lt;/td&gt;\r\n&lt;td style=\"text-align: left;\" width=\"auto\"&gt;&lt;span style=\"font-family: Verdana; font-size: 11px; text-align: left;\"&gt;##resource.entity##&lt;/span&gt;&lt;/td&gt;\r\n&lt;td style=\"text-align: left;\" width=\"auto\" bgcolor=\"#cccccc\"&gt;&lt;span style=\"font-family: Verdana; font-size: 11px; text-align: left;\"&gt;##lang.resource.openby##&lt;/span&gt;&lt;/td&gt;\r\n&lt;td style=\"text-align: left;\" width=\"auto\"&gt;&lt;span style=\"font-family: Verdana; font-size: 11px; text-align: left;\"&gt;##resource.openby##&lt;/span&gt;&lt;/td&gt;\r\n&lt;/tr&gt;\r\n&lt;tr&gt;\r\n&lt;td style=\"text-align: left;\" width=\"auto\" bgcolor=\"#cccccc\"&gt;&lt;span style=\"font-family: Verdana; font-size: 11px; text-align: left;\"&gt;##lang.resource.name##&lt;/span&gt;&lt;/td&gt;\r\n&lt;td style=\"text-align: left;\" width=\"auto\"&gt;&lt;span style=\"font-family: Verdana; font-size: 11px; text-align: left;\"&gt;##resource.name##&lt;/span&gt;&lt;/td&gt;\r\n&lt;td style=\"text-align: left;\" width=\"auto\" bgcolor=\"#cccccc\"&gt;&lt;span style=\"font-family: Verdana; font-size: 11px; text-align: left;\"&gt;##lang.resource.firstname##&lt;/span&gt;&lt;/td&gt;\r\n&lt;td style=\"text-align: left;\" width=\"auto\"&gt;&lt;span style=\"font-family: Verdana; font-size: 11px; text-align: left;\"&gt;##resource.firstname##&lt;/span&gt;&lt;/td&gt;\r\n&lt;/tr&gt;\r\n&lt;tr&gt;\r\n&lt;td style=\"text-align: left;\" width=\"auto\" bgcolor=\"#cccccc\"&gt;&lt;span style=\"font-family: Verdana; font-size: 11px; text-align: left;\"&gt;##lang.resource.department##&lt;/span&gt;&lt;/td&gt;\r\n&lt;td style=\"text-align: left;\" width=\"auto\"&gt;&lt;span style=\"font-family: Verdana; font-size: 11px; text-align: left;\"&gt;##resource.department##&lt;/span&gt;&lt;/td&gt;\r\n&lt;td style=\"text-align: left;\" width=\"auto\" bgcolor=\"#cccccc\"&gt;&lt;span style=\"font-family: Verdana; font-size: 11px; text-align: left;\"&gt;##lang.resource.users##&lt;/span&gt;&lt;/td&gt;\r\n&lt;td style=\"text-align: left;\" width=\"auto\"&gt;&lt;span style=\"font-family: Verdana; font-size: 11px; text-align: left;\"&gt;##resource.users##&lt;/span&gt;&lt;/td&gt;\r\n&lt;/tr&gt;\r\n&lt;/tbody&gt;\r\n&lt;/table&gt;\r\n&lt;p style=\"text-align: center;\"&gt;&lt;span style=\"font-size: 11px; font-family: verdana;\"&gt;##lang.resource.resting##&lt;/span&gt;&lt;/p&gt;\r\n&lt;table border=\"1\" cellspacing=\"2\" cellpadding=\"3\" width=\"590px\" align=\"center\"&gt;\r\n&lt;tbody&gt;\r\n&lt;tr&gt;\r\n&lt;td style=\"text-align: left;\" width=\"auto\" bgcolor=\"#cccccc\"&gt;&lt;span style=\"font-family: Verdana; font-size: 11px; text-align: left;\"&gt;##lang.resource.location##&lt;/span&gt;&lt;/td&gt;\r\n&lt;td style=\"text-align: left;\" width=\"auto\"&gt;&lt;span style=\"font-family: Verdana; font-size: 11px; text-align: left;\"&gt;##resource.location##&lt;/span&gt;&lt;/td&gt;\r\n&lt;td style=\"text-align: left;\" width=\"auto\" bgcolor=\"#cccccc\"&gt;&lt;span style=\"font-family: Verdana; font-size: 11px; text-align: left;\"&gt;##lang.resource.home##&lt;/span&gt;&lt;/td&gt;\r\n&lt;td style=\"text-align: left;\" width=\"auto\"&gt;&lt;span style=\"font-family: Verdana; font-size: 11px; text-align: left;\"&gt;##resource.home##&lt;/span&gt;&lt;/td&gt;\r\n&lt;/tr&gt;\r\n&lt;tr&gt;\r\n&lt;td style=\"text-align: left;\" width=\"auto\" bgcolor=\"#cccccc\"&gt;&lt;span style=\"font-family: Verdana; font-size: 11px; text-align: left;\"&gt;##lang.resource.datebegin##&lt;/span&gt;&lt;/td&gt;\r\n&lt;td style=\"text-align: left;\" width=\"auto\"&gt;&lt;span style=\"font-family: Verdana; font-size: 11px; text-align: left;\"&gt;##resource.datebegin##&lt;/span&gt;&lt;/td&gt;\r\n&lt;td style=\"text-align: left;\" width=\"auto\" bgcolor=\"#cccccc\"&gt;&lt;span style=\"font-family: Verdana; font-size: 11px; text-align: left;\"&gt;##lang.resource.dateend##&lt;/span&gt;&lt;/td&gt;\r\n&lt;td style=\"text-align: left;\" width=\"auto\"&gt;&lt;span style=\"font-family: Verdana; font-size: 11px; text-align: left;\"&gt;##resource.dateend##&lt;/span&gt;&lt;/td&gt;\r\n&lt;/tr&gt;\r\n&lt;tr&gt;\r\n&lt;td style=\"text-align: left;\" colspan=\"4\" width=\"auto\" bgcolor=\"#cccccc\"&gt;&lt;span style=\"font-family: Verdana; font-size: 11px; text-align: left;\"&gt;##lang.resource.commentaires##&lt;/span&gt;&lt;/td&gt;\r\n&lt;/tr&gt;\r\n&lt;tr&gt;\r\n&lt;td style=\"text-align: left;\" colspan=\"4\" width=\"auto\"&gt;&lt;span style=\"font-family: Verdana; font-size: 11px; text-align: left;\"&gt;##resource.commentaires##&lt;/span&gt;&lt;/td&gt;\r\n&lt;/tr&gt;\r\n&lt;/tbody&gt;\r\n&lt;/table&gt;\r\n&lt;p&gt;##FOREACHupdates##&lt;/p&gt;\r\n&lt;p style=\"text-align: center;\"&gt;&lt;span style=\"font-size: 11px; font-family: verdana;\"&gt;##lang.update.title##&lt;/span&gt;&lt;/p&gt;\r\n&lt;table border=\"1\" cellspacing=\"2\" cellpadding=\"3\" width=\"590px\" align=\"center\"&gt;\r\n&lt;tbody&gt;\r\n##IFupdate.datebegin##   \r\n&lt;tr&gt;\r\n&lt;td style=\"text-align: left;\" colspan=\"4\" width=\"auto\"&gt;&lt;span style=\"font-family: Verdana; font-size: 11px; text-align: left;\"&gt;&lt;span style=\"font-family: Verdana; font-size: 11px; text-align: left;\"&gt;##lang.resource.datebegin## : ##update.datebegin##&lt;/span&gt;&lt;/span&gt;&lt;/td&gt;\r\n&lt;/tr&gt;\r\n##ENDIFupdate.datebegin## ##IFupdate.dateend##   \r\n&lt;tr&gt;\r\n&lt;td style=\"text-align: left;\" colspan=\"4\" width=\"auto\"&gt;&lt;span style=\"font-family: Verdana; font-size: 11px; text-align: left;\"&gt;&lt;span style=\"font-family: Verdana; font-size: 11px; text-align: left;\"&gt;##lang.resource.dateend## : ##update.dateend##&lt;/span&gt;&lt;/span&gt;&lt;/td&gt;\r\n&lt;/tr&gt;\r\n##ENDIFupdate.dateend## ##IFupdate.location##   \r\n&lt;tr&gt;\r\n&lt;td style=\"text-align: left;\" colspan=\"4\" width=\"auto\"&gt;&lt;span style=\"font-family: Verdana; font-size: 11px; text-align: left;\"&gt;&lt;span style=\"font-family: Verdana; font-size: 11px; text-align: left;\"&gt;##lang.resource.location## : ##update.location##&lt;/span&gt;&lt;/span&gt;&lt;/td&gt;\r\n&lt;/tr&gt;\r\n##ENDIFupdate.location## ##IFupdate.home##   \r\n&lt;tr&gt;\r\n&lt;td style=\"text-align: left;\" colspan=\"4\" width=\"auto\"&gt;&lt;span style=\"font-family: Verdana; font-size: 11px; text-align: left;\"&gt;&lt;span style=\"font-family: Verdana; font-size: 11px; text-align: left;\"&gt;##lang.resource.home## : ##update.home##&lt;/span&gt;&lt;/span&gt;&lt;/td&gt;\r\n&lt;/tr&gt;\r\n##ENDIFupdate.home## ##IFupdate.comment##   \r\n&lt;tr&gt;\r\n&lt;td style=\"text-align: left;\" colspan=\"4\" width=\"auto\"&gt;&lt;span style=\"font-family: Verdana; font-size: 11px; text-align: left;\"&gt;&lt;span style=\"font-family: Verdana; font-size: 11px; text-align: left;\"&gt;##lang.resource.comment## : ##update.comment##&lt;/span&gt;&lt;/span&gt;&lt;/td&gt;\r\n&lt;/tr&gt;\r\n##ENDIFupdate.comment##\r\n&lt;/tbody&gt;\r\n&lt;/table&gt;\r\n&lt;p&gt;##ENDFOREACHupdates##&lt;/p&gt;'),(26,26,'','##lang.resource.title## -  ##resource.firstname## ##resource.name##','##lang.resource.holidaytitle##\r\n##lang.resource.openby## : ##resource.openby##\r\n##lang.resource.entity## : ##resource.entity##\r\n\r\n##lang.resource.name## : ##resource.name##\r\n##lang.resource.firstname## : ##resource.firstname##\r\n\r\n##lang.resource.department## : ##resource.department##\r\n##lang.resource.users## : ##resource.users##\r\n\r\n##lang.resource.holiday##\r\n\r\n##lang.resource.datebegin## : ##resource.datebegin##\r\n##lang.resource.dateend## : ##resource.dateend##\r\n\r\n##lang.resource.commentaires## : ##resource.commentaires##\r\n\r\n##FOREACHupdates##\r\n##lang.update.title##\r\n\r\n##IFupdate.datebegin####lang.resource.datebegin## : ##update.datebegin####ENDIFupdate.datebegin##\r\n##IFupdate.dateend####lang.resource.dateend## : ##update.dateend####ENDIFupdate.dateend##\r\n##IFupdate.comment####lang.resource.comment## : ##update.comment####ENDIFupdate.comment##\r\n##ENDFOREACHupdates##','&lt;p style=\"text-align: center;\"&gt;&lt;span style=\"font-size: 11px; font-family: verdana;\"&gt;##lang.resource.holidaytitle##&lt;/span&gt;&lt;/p&gt;\r\n&lt;table border=\"1\" cellspacing=\"2\" cellpadding=\"3\" width=\"590px\" align=\"center\"&gt;\r\n&lt;tbody&gt;\r\n&lt;tr&gt;\r\n&lt;td style=\"text-align: left;\" width=\"auto\" bgcolor=\"#cccccc\"&gt;&lt;span style=\"font-family: Verdana; font-size: 11px; text-align: left;\"&gt;##lang.resource.entity##&lt;/span&gt;&lt;/td&gt;\r\n&lt;td style=\"text-align: left;\" width=\"auto\"&gt;&lt;span style=\"font-family: Verdana; font-size: 11px; text-align: left;\"&gt;##resource.entity##&lt;/span&gt;&lt;/td&gt;\r\n&lt;td style=\"text-align: left;\" width=\"auto\" bgcolor=\"#cccccc\"&gt;&lt;span style=\"font-family: Verdana; font-size: 11px; text-align: left;\"&gt;##lang.resource.openby##&lt;/span&gt;&lt;/td&gt;\r\n&lt;td style=\"text-align: left;\" width=\"auto\"&gt;&lt;span style=\"font-family: Verdana; font-size: 11px; text-align: left;\"&gt;##resource.openby##&lt;/span&gt;&lt;/td&gt;\r\n&lt;/tr&gt;\r\n&lt;tr&gt;\r\n&lt;td style=\"text-align: left;\" width=\"auto\" bgcolor=\"#cccccc\"&gt;&lt;span style=\"font-family: Verdana; font-size: 11px; text-align: left;\"&gt;##lang.resource.name##&lt;/span&gt;&lt;/td&gt;\r\n&lt;td style=\"text-align: left;\" width=\"auto\"&gt;&lt;span style=\"font-family: Verdana; font-size: 11px; text-align: left;\"&gt;##resource.name##&lt;/span&gt;&lt;/td&gt;\r\n&lt;td style=\"text-align: left;\" width=\"auto\" bgcolor=\"#cccccc\"&gt;&lt;span style=\"font-family: Verdana; font-size: 11px; text-align: left;\"&gt;##lang.resource.firstname##&lt;/span&gt;&lt;/td&gt;\r\n&lt;td style=\"text-align: left;\" width=\"auto\"&gt;&lt;span style=\"font-family: Verdana; font-size: 11px; text-align: left;\"&gt;##resource.firstname##&lt;/span&gt;&lt;/td&gt;\r\n&lt;/tr&gt;\r\n&lt;tr&gt;\r\n&lt;td style=\"text-align: left;\" width=\"auto\" bgcolor=\"#cccccc\"&gt;&lt;span style=\"font-family: Verdana; font-size: 11px; text-align: left;\"&gt;##lang.resource.department##&lt;/span&gt;&lt;/td&gt;\r\n&lt;td style=\"text-align: left;\" width=\"auto\"&gt;&lt;span style=\"font-family: Verdana; font-size: 11px; text-align: left;\"&gt;##resource.department##&lt;/span&gt;&lt;/td&gt;\r\n&lt;td style=\"text-align: left;\" width=\"auto\" bgcolor=\"#cccccc\"&gt;&lt;span style=\"font-family: Verdana; font-size: 11px; text-align: left;\"&gt;##lang.resource.users##&lt;/span&gt;&lt;/td&gt;\r\n&lt;td style=\"text-align: left;\" width=\"auto\"&gt;&lt;span style=\"font-family: Verdana; font-size: 11px; text-align: left;\"&gt;##resource.users##&lt;/span&gt;&lt;/td&gt;\r\n&lt;/tr&gt;\r\n&lt;/tbody&gt;\r\n&lt;/table&gt;\r\n&lt;p style=\"text-align: center;\"&gt;&lt;span style=\"font-size: 11px; font-family: verdana;\"&gt;##lang.resource.holiday##&lt;/span&gt;&lt;/p&gt;\r\n&lt;table border=\"1\" cellspacing=\"2\" cellpadding=\"3\" width=\"590px\" align=\"center\"&gt;\r\n&lt;tbody&gt;\r\n&lt;tr&gt;\r\n&lt;td style=\"text-align: left;\" width=\"auto\" bgcolor=\"#cccccc\"&gt;&lt;span style=\"font-family: Verdana; font-size: 11px; text-align: left;\"&gt;##lang.resource.datebegin##&lt;/span&gt;&lt;/td&gt;\r\n&lt;td style=\"text-align: left;\" width=\"auto\"&gt;&lt;span style=\"font-family: Verdana; font-size: 11px; text-align: left;\"&gt;##resource.datebegin##&lt;/span&gt;&lt;/td&gt;\r\n&lt;td style=\"text-align: left;\" width=\"auto\" bgcolor=\"#cccccc\"&gt;&lt;span style=\"font-family: Verdana; font-size: 11px; text-align: left;\"&gt;##lang.resource.dateend##&lt;/span&gt;&lt;/td&gt;\r\n&lt;td style=\"text-align: left;\" width=\"auto\"&gt;&lt;span style=\"font-family: Verdana; font-size: 11px; text-align: left;\"&gt;##resource.dateend##&lt;/span&gt;&lt;/td&gt;\r\n&lt;/tr&gt;\r\n&lt;tr&gt;\r\n&lt;td style=\"text-align: left;\" colspan=\"4\" width=\"auto\" bgcolor=\"#cccccc\"&gt;&lt;span style=\"font-family: Verdana; font-size: 11px; text-align: left;\"&gt;##lang.resource.commentaires##&lt;/span&gt;&lt;/td&gt;\r\n&lt;/tr&gt;\r\n&lt;tr&gt;\r\n&lt;td style=\"text-align: left;\" colspan=\"4\" width=\"auto\"&gt;&lt;span style=\"font-family: Verdana; font-size: 11px; text-align: left;\"&gt;##resource.commentaires##&lt;/span&gt;&lt;/td&gt;\r\n&lt;/tr&gt;\r\n&lt;/tbody&gt;\r\n&lt;/table&gt;\r\n&lt;p&gt;##FOREACHupdates##&lt;/p&gt;\r\n&lt;p style=\"text-align: center;\"&gt;&lt;span style=\"font-size: 11px; font-family: verdana;\"&gt;##lang.update.title##&lt;/span&gt;&lt;/p&gt;\r\n&lt;table border=\"1\" cellspacing=\"2\" cellpadding=\"3\" width=\"590px\" align=\"center\"&gt;\r\n&lt;tbody&gt;\r\n##IFupdate.datebegin##   \r\n&lt;tr&gt;\r\n&lt;td style=\"text-align: left;\" colspan=\"4\" width=\"auto\"&gt;&lt;span style=\"font-family: Verdana; font-size: 11px; text-align: left;\"&gt;&lt;span style=\"font-family: Verdana; font-size: 11px; text-align: left;\"&gt;##lang.resource.datebegin## : ##update.datebegin##&lt;/span&gt;&lt;/span&gt;&lt;/td&gt;\r\n&lt;/tr&gt;\r\n##ENDIFupdate.datebegin## ##IFupdate.dateend##   \r\n&lt;tr&gt;\r\n&lt;td style=\"text-align: left;\" colspan=\"4\" width=\"auto\"&gt;&lt;span style=\"font-family: Verdana; font-size: 11px; text-align: left;\"&gt;&lt;span style=\"font-family: Verdana; font-size: 11px; text-align: left;\"&gt;##lang.resource.dateend## : ##update.dateend##&lt;/span&gt;&lt;/span&gt;&lt;/td&gt;\r\n&lt;/tr&gt;\r\n##ENDIFupdate.dateend## ##IFupdate.comment##   \r\n&lt;tr&gt;\r\n&lt;td style=\"text-align: left;\" colspan=\"4\" width=\"auto\"&gt;&lt;span style=\"font-family: Verdana; font-size: 11px; text-align: left;\"&gt;&lt;span style=\"font-family: Verdana; font-size: 11px; text-align: left;\"&gt;##lang.resource.comment## : ##update.comment##&lt;/span&gt;&lt;/span&gt;&lt;/td&gt;\r\n&lt;/tr&gt;\r\n##ENDIFupdate.comment##\r\n&lt;/tbody&gt;\r\n&lt;/table&gt;\r\n&lt;p&gt;##ENDFOREACHupdates##&lt;/p&gt;'),(27,27,'','##lang.projet.title## - ##projet.name##','##lang.projet.url## : ##projet.url##\n\n##lang.projet.entity## : ##projet.entity##\n##IFprojet.name####lang.projet.name## : ##projet.name####ENDIFprojet.name##\n##IFprojet.datebegin####lang.projet.datebegin## : ##projet.datebegin####ENDIFprojet.datebegin##\n##IFprojet.dateend####lang.projet.dateend## : ##projet.dateend####ENDIFprojet.dateend##\n##IFprojet.users####lang.projet.users## : ##projet.users####ENDIFprojet.users##\n##IFprojet.groups####lang.projet.groups## : ##projet.groups####ENDIFprojet.groups##\n##IFprojet.status####lang.projet.status## : ##projet.status####ENDIFprojet.status##\n##IFprojet.parent####lang.projet.parent## : ##projet.parent####ENDIFprojet.parent##\n##IFprojet.advance####lang.projet.advance## : ##projet.advance####ENDIFprojet.advance##\n##IFprojet.comment## ##lang.projet.comment## : ##projet.comment####ENDIFprojet.comment##\n##IFprojet.description####lang.projet.description## : ##projet.description####ENDIFprojet.description##\n##IFprojet.helpdesk####lang.projet.helpdesk## : ##projet.helpdesk####ENDIFprojet.helpdesk##\n##FOREACHupdates##----------\n##lang.update.title## : \n##IFupdate.name####lang.projet.name## : ##update.name####ENDIFupdate.name##\n##IFupdate.datebegin####lang.projet.datebegin## : ##update.datebegin####ENDIFupdate.datebegin##\n##IFupdate.dateend####lang.projet.dateend## : ##update.dateend####ENDIFupdate.dateend##\n##IFupdate.users####lang.projet.users## : ##update.users####ENDIFupdate.users##\n##IFupdate.groups####lang.projet.groups## : ##update.groups####ENDIFupdate.groups##\n##IFupdate.status####lang.projet.status## : ##update.status####ENDIFupdate.status##\n##IFupdate.parent####lang.projet.parent## : ##update.parent####ENDIFupdate.parent##\n##IFupdate.advance####lang.projet.advance## : ##update.advance####ENDIFupdate.advance##\n##IFupdate.comment## ##lang.projet.comment## : ##update.comment####ENDIFupdate.comment##\n##IFupdate.description####lang.projet.description## : ##update.description####ENDIFupdate.description##\n##IFupdate.helpdesk####lang.projet.helpdesk## : ##update.helpdesk####ENDIFupdate.helpdesk##\n##ENDFOREACHupdates##----------\n##IFtask.title## ##lang.task.title####ENDIFtask.title##\n##FOREACHtasks##----------\n##IFtask.name####lang.task.name## : ##task.name####ENDIFtask.name##\n##IFtask.users####lang.task.users## : ##task.users####ENDIFtask.users##\n##IFtask.groups####lang.task.groups## : ##task.groups####ENDIFtask.groups##\n##IFtask.contacts## ##lang.task.contacts## : ##task.contacts####ENDIFtask.contacts##\n##IFtask.type####lang.task.type## : ##task.type####ENDIFtask.type##\n##IFtask.status####lang.task.status## : ##task.status####ENDIFtask.status##\n##IFtask.location####lang.task.location## : ##task.location####ENDIFtask.location##\n##IFtask.advance####lang.task.advance## : ##task.advance####ENDIFtask.advance##\n##IFtask.priority####lang.task.priority## : ##task.priority####ENDIFtask.priority##\n##IFtask.comment####lang.task.comment## : ##task.comment####ENDIFtask.comment##\n##IFtask.sub####lang.task.sub## : ##task.sub####ENDIFtask.sub##\n##IFtask.others####lang.task.others## : ##task.others####ENDIFtask.others##\n##IFtask.affect####lang.task.affect## : ##task.affect####ENDIFtask.affect##\n##IFtask.depends####lang.task.depends## : ##task.depends####ENDIFtask.depends##\n##IFtask.parenttask####lang.task.parenttask## : ##task.parenttask####ENDIFtask.parenttask##\n##IFtask.realtime####lang.task.realtime## : ##task.realtime## ##ENDIFtask.realtime##\n----------##ENDFOREACHtasks##','&lt;p&gt;&lt;span style=\"font-family: Verdana; font-size: 11px; text-align: left;\"&gt;&lt;strong&gt;##lang.projet.url##&lt;/strong&gt; : &lt;a href=\"##projet.url##\"&gt;##projet.url##&lt;/a&gt;&lt;/span&gt; &lt;br /&gt;&lt;br /&gt; &lt;span style=\"font-family: Verdana; font-size: 11px; text-align: left;\"&gt;&lt;strong&gt;##lang.projet.entity##&lt;/strong&gt; : ##projet.entity##&lt;/span&gt; &lt;br /&gt; ##IFprojet.name##&lt;span style=\"font-family: Verdana; font-size: 11px; text-align: left;\"&gt;&lt;strong&gt;##lang.projet.name##&lt;/strong&gt; : ##projet.name##&lt;br /&gt;&lt;/span&gt;##ENDIFprojet.name## ##IFprojet.datebegin##&lt;span style=\"font-family: Verdana; font-size: 11px; text-align: left;\"&gt;&lt;strong&gt;##lang.projet.datebegin##&lt;/strong&gt; :  ##projet.datebegin##&lt;br /&gt;&lt;/span&gt;##ENDIFprojet.datebegin## ##IFprojet.dateend##&lt;span style=\"font-family: Verdana; font-size: 11px; text-align: left;\"&gt;&lt;strong&gt;##lang.projet.dateend##&lt;/strong&gt; :  ##projet.dateend##&lt;br /&gt;&lt;/span&gt;##ENDIFprojet.dateend## ##IFprojet.users##&lt;span style=\"font-family: Verdana; font-size: 11px; text-align: left;\"&gt;&lt;strong&gt;##lang.projet.users##&lt;/strong&gt; :  ##projet.users##&lt;br /&gt;&lt;/span&gt;##ENDIFprojet.users## ##IFprojet.groups##&lt;span style=\"font-family: Verdana; font-size: 11px; text-align: left;\"&gt;&lt;strong&gt;##lang.projet.groups##&lt;/strong&gt; :  ##projet.groups##&lt;br /&gt;&lt;/span&gt;##ENDIFprojet.groups## ##IFprojet.status##&lt;span style=\"font-family: Verdana; font-size: 11px; text-align: left;\"&gt;&lt;strong&gt;##lang.projet.status##&lt;/strong&gt; :  ##projet.status##&lt;br /&gt;&lt;/span&gt;##ENDIFprojet.status## ##IFprojet.parent##&lt;span style=\"font-family: Verdana; font-size: 11px; text-align: left;\"&gt;&lt;strong&gt;##lang.projet.parent##&lt;/strong&gt; :  ##projet.parent##&lt;br /&gt;&lt;/span&gt;##ENDIFprojet.parent## ##IFprojet.advance##&lt;span style=\"font-family: Verdana; font-size: 11px; text-align: left;\"&gt;&lt;strong&gt;##lang.projet.advance##&lt;/strong&gt; :  ##projet.advance##&lt;br /&gt;&lt;/span&gt;##ENDIFprojet.advance## ##IFprojet.comment##&lt;span style=\"font-family: Verdana; font-size: 11px; text-align: left;\"&gt;&lt;strong&gt;##lang.projet.comment##&lt;/strong&gt; :  ##projet.comment##&lt;br /&gt;&lt;/span&gt;##ENDIFprojet.comment## ##IFprojet.description##&lt;span style=\"font-family: Verdana; font-size: 11px; text-align: left;\"&gt;&lt;strong&gt;##lang.projet.description##&lt;/strong&gt; :  ##projet.description##&lt;br /&gt;&lt;/span&gt;##ENDIFprojet.description## ##IFprojet.helpdesk##&lt;span style=\"font-family: Verdana; font-size: 11px; text-align: left;\"&gt;&lt;strong&gt;##lang.projet.helpdesk##&lt;/strong&gt; :  ##projet.helpdesk##&lt;br /&gt;&lt;/span&gt;##ENDIFprojet.helpdesk##  ##FOREACHupdates##----------&lt;br /&gt;&lt;span style=\"font-family: Verdana; font-size: 11px; text-align: left;\"&gt;&lt;strong&gt;##lang.update.title## :&lt;/strong&gt;&lt;/span&gt; &lt;br /&gt; ##IFupdate.name##&lt;span style=\"font-family: Verdana; font-size: 11px; text-align: left;\"&gt;&lt;strong&gt;##lang.projet.name##&lt;/strong&gt; : ##update.name##&lt;br /&gt;&lt;/span&gt;##ENDIFupdate.name## ##IFupdate.datebegin##&lt;span style=\"font-family: Verdana; font-size: 11px; text-align: left;\"&gt;&lt;strong&gt;##lang.projet.datebegin##&lt;/strong&gt; : ##update.datebegin##&lt;br /&gt;&lt;/span&gt;##ENDIFupdate.datebegin## ##IFupdate.dateend##&lt;span style=\"font-family: Verdana; font-size: 11px; text-align: left;\"&gt;&lt;strong&gt;##lang.projet.dateend##&lt;/strong&gt; : ##update.dateend##&lt;br /&gt;&lt;/span&gt;##ENDIFupdate.dateend## ##IFupdate.users##&lt;span style=\"font-family: Verdana; font-size: 11px; text-align: left;\"&gt;&lt;strong&gt;##lang.projet.users##&lt;/strong&gt; : ##update.users##&lt;br /&gt;&lt;/span&gt;##ENDIFupdate.users## ##IFupdate.groups##&lt;span style=\"font-family: Verdana; font-size: 11px; text-align: left;\"&gt;&lt;strong&gt;##lang.projet.groups##&lt;/strong&gt; : ##update.groups##&lt;br /&gt;&lt;/span&gt;##ENDIFupdate.groups## ##IFupdate.status##&lt;span style=\"font-family: Verdana; font-size: 11px; text-align: left;\"&gt;&lt;strong&gt;##lang.projet.status##&lt;/strong&gt; : ##update.status##&lt;br /&gt;&lt;/span&gt;##ENDIFupdate.status## ##IFupdate.parent##&lt;span style=\"font-family: Verdana; font-size: 11px; text-align: left;\"&gt;&lt;strong&gt;##lang.projet.parent##&lt;/strong&gt; : ##update.parent##&lt;br /&gt;&lt;/span&gt;##ENDIFupdate.parent## ##IFupdate.advance##&lt;span style=\"font-family: Verdana; font-size: 11px; text-align: left;\"&gt;&lt;strong&gt;##lang.projet.advance##&lt;/strong&gt; : ##update.advance##&lt;br /&gt;&lt;/span&gt;##ENDIFupdate.advance## ##IFupdate.comment##&lt;span style=\"font-family: Verdana; font-size: 11px; text-align: left;\"&gt;&lt;strong&gt;##lang.projet.comment##&lt;/strong&gt; : ##update.comment##&lt;br /&gt;&lt;/span&gt;##ENDIFupdate.comment## ##IFupdate.description##&lt;span style=\"font-family: Verdana; font-size: 11px; text-align: left;\"&gt;&lt;strong&gt;##lang.projet.description##&lt;/strong&gt; : ##update.description##&lt;br /&gt;&lt;/span&gt;##ENDIFupdate.description## ##IFupdate.helpdesk##&lt;span style=\"font-family: Verdana; font-size: 11px; text-align: left;\"&gt;&lt;strong&gt;##lang.projet.helpdesk##&lt;/strong&gt; : ##update.helpdesk##&lt;br /&gt;&lt;/span&gt;##ENDIFupdate.helpdesk##  ##ENDFOREACHupdates##----------&lt;br /&gt; ##IFtask.title##&lt;span style=\"font-family: Verdana; font-size: 11px; text-align: left;\"&gt;&lt;strong&gt;##lang.task.title##&lt;/strong&gt;&lt;/span&gt;&lt;br /&gt;##ENDIFtask.title## ##FOREACHtasks##----------&lt;br /&gt; ##IFtask.name##&lt;span style=\"font-family: Verdana; font-size: 11px; text-align: left;\"&gt;&lt;strong&gt;##lang.task.name##&lt;/strong&gt; : ##task.name##&lt;br /&gt;&lt;/span&gt;##ENDIFtask.name## ##IFtask.users##&lt;span style=\"font-family: Verdana; font-size: 11px; text-align: left;\"&gt;&lt;strong&gt;##lang.task.users##&lt;/strong&gt; : ##task.users##&lt;br /&gt;&lt;/span&gt;##ENDIFtask.users## ##IFtask.groups##&lt;span style=\"font-family: Verdana; font-size: 11px; text-align: left;\"&gt;&lt;strong&gt;##lang.task.groups##&lt;/strong&gt; : ##task.groups##&lt;br /&gt;&lt;/span&gt;##ENDIFtask.groups## ##IFtask.contacts##&lt;span style=\"font-family: Verdana; font-size: 11px; text-align: left;\"&gt;&lt;strong&gt;##lang.task.contacts##&lt;/strong&gt; : ##task.contacts##&lt;br /&gt;&lt;/span&gt;##ENDIFtask.contacts## ##IFtask.type##&lt;span style=\"font-family: Verdana; font-size: 11px; text-align: left;\"&gt;&lt;strong&gt;##lang.task.type##&lt;/strong&gt; : ##task.type##&lt;br /&gt;&lt;/span&gt;##ENDIFtask.type## ##IFtask.status##&lt;span style=\"font-family: Verdana; font-size: 11px; text-align: left;\"&gt;&lt;strong&gt;##lang.task.status##&lt;/strong&gt; : ##task.status##&lt;br /&gt;&lt;/span&gt;##ENDIFtask.status## ##IFtask.location##&lt;span style=\"font-family: Verdana; font-size: 11px; text-align: left;\"&gt;&lt;strong&gt;##lang.task.location##&lt;/strong&gt; : ##task.location##&lt;br /&gt;&lt;/span&gt;##ENDIFtask.location## ##IFtask.advance##&lt;span style=\"font-family: Verdana; font-size: 11px; text-align: left;\"&gt;&lt;strong&gt;##lang.task.advance##&lt;/strong&gt; : ##task.advance##&lt;br /&gt;&lt;/span&gt;##ENDIFtask.advance## ##IFtask.priority##&lt;span style=\"font-family: Verdana; font-size: 11px; text-align: left;\"&gt;&lt;strong&gt;##lang.task.priority##&lt;/strong&gt; : ##task.priority##&lt;br /&gt;&lt;/span&gt;##ENDIFtask.priority## ##IFtask.comment##&lt;span style=\"font-family: Verdana; font-size: 11px; text-align: left;\"&gt;&lt;strong&gt;##lang.task.comment##&lt;/strong&gt; : ##task.comment##&lt;br /&gt;&lt;/span&gt;##ENDIFtask.comment## ##IFtask.sub##&lt;span style=\"font-family: Verdana; font-size: 11px; text-align: left;\"&gt;&lt;strong&gt;##lang.task.sub##&lt;/strong&gt; : ##task.sub##&lt;br /&gt;&lt;/span&gt;##ENDIFtask.sub## ##IFtask.others##&lt;span style=\"font-family: Verdana; font-size: 11px; text-align: left;\"&gt;&lt;strong&gt;##lang.task.others##&lt;/strong&gt; : ##task.others##&lt;br /&gt;&lt;/span&gt;##ENDIFtask.others## ##IFtask.affect##&lt;span style=\"font-family: Verdana; font-size: 11px; text-align: left;\"&gt;&lt;strong&gt;##lang.task.affect##&lt;/strong&gt; : ##task.affect##&lt;br /&gt;&lt;/span&gt;##ENDIFtask.affect## ##IFtask.depends##&lt;span style=\"font-family: Verdana; font-size: 11px; text-align: left;\"&gt;&lt;strong&gt;##lang.task.depends##&lt;/strong&gt; : ##task.depends##&lt;br /&gt;&lt;/span&gt;##ENDIFtask.depends## ##IFtask.parenttask##&lt;span style=\"font-family: Verdana; font-size: 11px; text-align: left;\"&gt;&lt;strong&gt;##lang.task.parenttask##&lt;/strong&gt; : ##task.parenttask##&lt;br /&gt;&lt;/span&gt;##ENDIFtask.parenttask## ##IFtask.realtime##&lt;span style=\"font-family: Verdana; font-size: 11px; text-align: left;\"&gt;&lt;strong&gt;##lang.task.realtime##&lt;/strong&gt; : ##task.realtime##&lt;/span&gt;##ENDIFtask.realtime## &lt;br /&gt;----------##ENDFOREACHtasks##&lt;/p&gt;'),(28,28,'','##projet.action## : ##projet.entity##','##FOREACHtasks## \n   ##lang.task.name## : ##task.name##\n   ##lang.task.type## : ##task.type##\n   ##lang.task.users## : ##task.users##\n   ##lang.task.groups## : ##task.groups##\n   ##lang.task.datebegin## : ##task.datebegin##\n   ##lang.task.dateend## : ##task.dateend##\n   ##lang.task.comment## : ##task.comment##\n   ##lang.task.projet## : ##task.projet##\n   ##ENDFOREACHtasks##','&lt;table class=\"tab_cadre\" border=\"1\" cellspacing=\"2\" cellpadding=\"3\"&gt;\n   &lt;tbody&gt;\n   &lt;tr&gt;\n   &lt;td style=\"text-align: left;\" bgcolor=\"#cccccc\"&gt;&lt;span style=\"font-family: Verdana; font-size: 11px; text-align: left;\"&gt;##lang.task.name##&lt;/span&gt;&lt;/td&gt;\n   &lt;td style=\"text-align: left;\" bgcolor=\"#cccccc\"&gt;&lt;span style=\"font-family: Verdana; font-size: 11px; text-align: left;\"&gt;##lang.task.type##&lt;/span&gt;&lt;/td&gt;\n   &lt;td style=\"text-align: left;\" bgcolor=\"#cccccc\"&gt;&lt;span style=\"font-family: Verdana; font-size: 11px; text-align: left;\"&gt;##lang.task.users##&lt;/span&gt;&lt;/td&gt;\n   &lt;td style=\"text-align: left;\" bgcolor=\"#cccccc\"&gt;&lt;span style=\"font-family: Verdana; font-size: 11px; text-align: left;\"&gt;##lang.task.groups##&lt;/span&gt;&lt;/td&gt;\n   &lt;td style=\"text-align: left;\" bgcolor=\"#cccccc\"&gt;&lt;span style=\"font-family: Verdana; font-size: 11px; text-align: left;\"&gt;##lang.task.datebegin##&lt;/span&gt;&lt;/td&gt;\n   &lt;td style=\"text-align: left;\" bgcolor=\"#cccccc\"&gt;&lt;span style=\"font-family: Verdana; font-size: 11px; text-align: left;\"&gt;##lang.task.dateend##&lt;/span&gt;&lt;/td&gt;\n   &lt;td style=\"text-align: left;\" bgcolor=\"#cccccc\"&gt;&lt;span style=\"font-family: Verdana; font-size: 11px; text-align: left;\"&gt;##lang.task.comment##&lt;/span&gt;&lt;/td&gt;\n   &lt;td style=\"text-align: left;\" bgcolor=\"#cccccc\"&gt;&lt;span style=\"font-family: Verdana; font-size: 11px; text-align: left;\"&gt;##lang.task.projet##&lt;/span&gt;&lt;/td&gt;\n   &lt;/tr&gt;\n   ##FOREACHtasks##                 \n   &lt;tr&gt;\n   &lt;td&gt;&lt;span style=\"font-family: Verdana; font-size: 11px; text-align: left;\"&gt;##task.name##&lt;/span&gt;&lt;/td&gt;\n   &lt;td&gt;&lt;span style=\"font-family: Verdana; font-size: 11px; text-align: left;\"&gt;##task.type##&lt;/span&gt;&lt;/td&gt;\n   &lt;td&gt;&lt;span style=\"font-family: Verdana; font-size: 11px; text-align: left;\"&gt;##task.users##&lt;/span&gt;&lt;/td&gt;\n   &lt;td&gt;&lt;span style=\"font-family: Verdana; font-size: 11px; text-align: left;\"&gt;##task.groups##&lt;/span&gt;&lt;/td&gt;\n   &lt;td&gt;&lt;span style=\"font-family: Verdana; font-size: 11px; text-align: left;\"&gt;##task.datebegin##&lt;/span&gt;&lt;/td&gt;\n   &lt;td&gt;&lt;span style=\"font-family: Verdana; font-size: 11px; text-align: left;\"&gt;##task.dateend##&lt;/span&gt;&lt;/td&gt;\n   &lt;td&gt;&lt;span style=\"font-family: Verdana; font-size: 11px; text-align: left;\"&gt;##task.comment##&lt;/span&gt;&lt;/td&gt;\n   &lt;td&gt;&lt;span style=\"font-family: Verdana; font-size: 11px; text-align: left;\"&gt;##task.projet##&lt;/span&gt;&lt;/td&gt;\n   &lt;/tr&gt;\n   ##ENDFOREACHtasks##\n   &lt;/tbody&gt;\n   &lt;/table&gt;');
/*!40000 ALTER TABLE `glpi_notificationtemplatetranslations` ENABLE KEYS */;
UNLOCK TABLES;

--
-- Table structure for table `glpi_notimportedemails`
--

DROP TABLE IF EXISTS `glpi_notimportedemails`;
/*!40101 SET @saved_cs_client     = @@character_set_client */;
/*!40101 SET character_set_client = utf8 */;
CREATE TABLE `glpi_notimportedemails` (
  `id` int(11) NOT NULL AUTO_INCREMENT,
  `from` varchar(255) NOT NULL,
  `to` varchar(255) NOT NULL,
  `mailcollectors_id` int(11) NOT NULL DEFAULT '0',
  `date` datetime NOT NULL,
  `subject` text,
  `messageid` varchar(255) NOT NULL,
  `reason` int(11) NOT NULL DEFAULT '0',
  `users_id` int(11) NOT NULL DEFAULT '0',
  PRIMARY KEY (`id`),
  KEY `users_id` (`users_id`),
  KEY `mailcollectors_id` (`mailcollectors_id`)
) ENGINE=MyISAM DEFAULT CHARSET=latin1;
/*!40101 SET character_set_client = @saved_cs_client */;

--
-- Dumping data for table `glpi_notimportedemails`
--

LOCK TABLES `glpi_notimportedemails` WRITE;
/*!40000 ALTER TABLE `glpi_notimportedemails` DISABLE KEYS */;
/*!40000 ALTER TABLE `glpi_notimportedemails` ENABLE KEYS */;
UNLOCK TABLES;

--
-- Table structure for table `glpi_ocsadmininfoslinks`
--

DROP TABLE IF EXISTS `glpi_ocsadmininfoslinks`;
/*!40101 SET @saved_cs_client     = @@character_set_client */;
/*!40101 SET character_set_client = utf8 */;
CREATE TABLE `glpi_ocsadmininfoslinks` (
  `id` int(11) NOT NULL AUTO_INCREMENT,
  `glpi_column` varchar(255) COLLATE utf8_unicode_ci DEFAULT NULL,
  `ocs_column` varchar(255) COLLATE utf8_unicode_ci DEFAULT NULL,
  `ocsservers_id` int(11) NOT NULL DEFAULT '0',
  PRIMARY KEY (`id`),
  KEY `ocsservers_id` (`ocsservers_id`)
) ENGINE=MyISAM DEFAULT CHARSET=utf8 COLLATE=utf8_unicode_ci;
/*!40101 SET character_set_client = @saved_cs_client */;

--
-- Dumping data for table `glpi_ocsadmininfoslinks`
--

LOCK TABLES `glpi_ocsadmininfoslinks` WRITE;
/*!40000 ALTER TABLE `glpi_ocsadmininfoslinks` DISABLE KEYS */;
/*!40000 ALTER TABLE `glpi_ocsadmininfoslinks` ENABLE KEYS */;
UNLOCK TABLES;

--
-- Table structure for table `glpi_ocslinks`
--

DROP TABLE IF EXISTS `glpi_ocslinks`;
/*!40101 SET @saved_cs_client     = @@character_set_client */;
/*!40101 SET character_set_client = utf8 */;
CREATE TABLE `glpi_ocslinks` (
  `id` int(11) NOT NULL AUTO_INCREMENT,
  `computers_id` int(11) NOT NULL DEFAULT '0',
  `ocsid` int(11) NOT NULL DEFAULT '0',
  `ocs_deviceid` varchar(255) COLLATE utf8_unicode_ci DEFAULT NULL,
  `use_auto_update` tinyint(1) NOT NULL DEFAULT '1',
  `last_update` datetime DEFAULT NULL,
  `last_ocs_update` datetime DEFAULT NULL,
  `computer_update` longtext COLLATE utf8_unicode_ci,
  `import_device` longtext COLLATE utf8_unicode_ci,
  `import_disk` longtext COLLATE utf8_unicode_ci,
  `import_software` longtext COLLATE utf8_unicode_ci,
  `import_monitor` longtext COLLATE utf8_unicode_ci,
  `import_peripheral` longtext COLLATE utf8_unicode_ci,
  `import_printer` longtext COLLATE utf8_unicode_ci,
  `ocsservers_id` int(11) NOT NULL DEFAULT '0',
  `import_ip` longtext COLLATE utf8_unicode_ci,
  `ocs_agent_version` varchar(255) COLLATE utf8_unicode_ci DEFAULT NULL,
  `entities_id` int(11) NOT NULL DEFAULT '0',
  `tag` varchar(255) COLLATE utf8_unicode_ci DEFAULT NULL,
  `import_vm` longtext COLLATE utf8_unicode_ci,
  PRIMARY KEY (`id`),
  UNIQUE KEY `unicity` (`ocsid`,`ocsservers_id`),
  KEY `last_update` (`last_update`),
  KEY `ocs_deviceid` (`ocs_deviceid`),
  KEY `last_ocs_update` (`ocsservers_id`,`last_ocs_update`),
  KEY `computers_id` (`computers_id`),
  KEY `use_auto_update` (`use_auto_update`)
) ENGINE=MyISAM DEFAULT CHARSET=utf8 COLLATE=utf8_unicode_ci;
/*!40101 SET character_set_client = @saved_cs_client */;

--
-- Dumping data for table `glpi_ocslinks`
--

LOCK TABLES `glpi_ocslinks` WRITE;
/*!40000 ALTER TABLE `glpi_ocslinks` DISABLE KEYS */;
/*!40000 ALTER TABLE `glpi_ocslinks` ENABLE KEYS */;
UNLOCK TABLES;

--
-- Table structure for table `glpi_ocsservers`
--

DROP TABLE IF EXISTS `glpi_ocsservers`;
/*!40101 SET @saved_cs_client     = @@character_set_client */;
/*!40101 SET character_set_client = utf8 */;
CREATE TABLE `glpi_ocsservers` (
  `id` int(11) NOT NULL AUTO_INCREMENT,
  `name` varchar(255) COLLATE utf8_unicode_ci DEFAULT NULL,
  `ocs_db_user` varchar(255) COLLATE utf8_unicode_ci DEFAULT NULL,
  `ocs_db_passwd` varchar(255) COLLATE utf8_unicode_ci DEFAULT NULL,
  `ocs_db_host` varchar(255) COLLATE utf8_unicode_ci DEFAULT NULL,
  `ocs_db_name` varchar(255) COLLATE utf8_unicode_ci DEFAULT NULL,
  `ocs_db_utf8` tinyint(1) NOT NULL DEFAULT '0',
  `checksum` int(11) NOT NULL DEFAULT '0',
  `import_periph` tinyint(1) NOT NULL DEFAULT '0',
  `import_monitor` tinyint(1) NOT NULL DEFAULT '0',
  `import_software` tinyint(1) NOT NULL DEFAULT '0',
  `import_printer` tinyint(1) NOT NULL DEFAULT '0',
  `import_general_name` tinyint(1) NOT NULL DEFAULT '0',
  `import_general_os` tinyint(1) NOT NULL DEFAULT '0',
  `import_general_serial` tinyint(1) NOT NULL DEFAULT '0',
  `import_general_model` tinyint(1) NOT NULL DEFAULT '0',
  `import_general_manufacturer` tinyint(1) NOT NULL DEFAULT '0',
  `import_general_type` tinyint(1) NOT NULL DEFAULT '0',
  `import_general_domain` tinyint(1) NOT NULL DEFAULT '0',
  `import_general_contact` tinyint(1) NOT NULL DEFAULT '0',
  `import_general_comment` tinyint(1) NOT NULL DEFAULT '0',
  `import_device_processor` tinyint(1) NOT NULL DEFAULT '0',
  `import_device_memory` tinyint(1) NOT NULL DEFAULT '0',
  `import_device_hdd` tinyint(1) NOT NULL DEFAULT '0',
  `import_device_iface` tinyint(1) NOT NULL DEFAULT '0',
  `import_device_gfxcard` tinyint(1) NOT NULL DEFAULT '0',
  `import_device_sound` tinyint(1) NOT NULL DEFAULT '0',
  `import_device_drive` tinyint(1) NOT NULL DEFAULT '0',
  `import_device_port` tinyint(1) NOT NULL DEFAULT '0',
  `import_device_modem` tinyint(1) NOT NULL DEFAULT '0',
  `import_registry` tinyint(1) NOT NULL DEFAULT '0',
  `import_os_serial` tinyint(1) NOT NULL DEFAULT '0',
  `import_ip` tinyint(1) NOT NULL DEFAULT '0',
  `import_disk` tinyint(1) NOT NULL DEFAULT '0',
  `import_monitor_comment` tinyint(1) NOT NULL DEFAULT '0',
  `states_id_default` int(11) NOT NULL DEFAULT '0',
  `tag_limit` varchar(255) COLLATE utf8_unicode_ci DEFAULT NULL,
  `tag_exclude` varchar(255) COLLATE utf8_unicode_ci DEFAULT NULL,
  `use_soft_dict` tinyint(1) NOT NULL DEFAULT '0',
  `cron_sync_number` int(11) DEFAULT '1',
  `deconnection_behavior` varchar(255) COLLATE utf8_unicode_ci DEFAULT NULL,
  `ocs_url` varchar(255) COLLATE utf8_unicode_ci DEFAULT NULL,
  `date_mod` datetime DEFAULT NULL,
  `comment` text COLLATE utf8_unicode_ci,
  `is_active` tinyint(1) NOT NULL DEFAULT '0',
  `deleted_behavior` varchar(255) COLLATE utf8_unicode_ci NOT NULL DEFAULT '1',
  `import_vms` tinyint(1) NOT NULL DEFAULT '0',
  `import_general_uuid` tinyint(1) NOT NULL DEFAULT '0',
  `ocs_version` varchar(255) COLLATE utf8_unicode_ci DEFAULT NULL,
  PRIMARY KEY (`id`),
  KEY `date_mod` (`date_mod`),
  KEY `is_active` (`is_active`)
) ENGINE=MyISAM AUTO_INCREMENT=2 DEFAULT CHARSET=utf8 COLLATE=utf8_unicode_ci;
/*!40101 SET character_set_client = @saved_cs_client */;

--
-- Dumping data for table `glpi_ocsservers`
--

LOCK TABLES `glpi_ocsservers` WRITE;
/*!40000 ALTER TABLE `glpi_ocsservers` DISABLE KEYS */;
INSERT INTO `glpi_ocsservers` VALUES (1,'localhost','ocs','ocs','localhost','ocsweb',0,0,0,0,0,0,0,0,0,0,0,0,0,0,0,0,0,0,0,0,0,0,0,0,0,0,0,0,0,0,'',NULL,0,1,NULL,'',NULL,NULL,1,'1',0,0,NULL);
/*!40000 ALTER TABLE `glpi_ocsservers` ENABLE KEYS */;
UNLOCK TABLES;

--
-- Table structure for table `glpi_operatingsystems`
--

DROP TABLE IF EXISTS `glpi_operatingsystems`;
/*!40101 SET @saved_cs_client     = @@character_set_client */;
/*!40101 SET character_set_client = utf8 */;
CREATE TABLE `glpi_operatingsystems` (
  `id` int(11) NOT NULL AUTO_INCREMENT,
  `name` varchar(255) COLLATE utf8_unicode_ci DEFAULT NULL,
  `comment` text COLLATE utf8_unicode_ci,
  PRIMARY KEY (`id`),
  KEY `name` (`name`)
) ENGINE=MyISAM AUTO_INCREMENT=14 DEFAULT CHARSET=utf8 COLLATE=utf8_unicode_ci;
/*!40101 SET character_set_client = @saved_cs_client */;

--
-- Dumping data for table `glpi_operatingsystems`
--

LOCK TABLES `glpi_operatingsystems` WRITE;
/*!40000 ALTER TABLE `glpi_operatingsystems` DISABLE KEYS */;
INSERT INTO `glpi_operatingsystems` VALUES (1,'MS Windows 7 x64',''),(2,'Linux RHEL 4 Server',''),(3,'Ubuntu Client',''),(4,'VMware Server',''),(5,'Linux RHEL 5 x64',''),(6,'Linux RHEL 5 x32',''),(7,'Linux RHEL 6 x32',''),(8,'Linux RHEL 6 x64',''),(9,'MS Windows XP x32',''),(10,'SunOS Sparc',''),(11,'ONTAP 8.0.1P3',''),(12,'Checkpoint',''),(13,'ONTAP 8.0.1P3 7-Mode','');
/*!40000 ALTER TABLE `glpi_operatingsystems` ENABLE KEYS */;
UNLOCK TABLES;

--
-- Table structure for table `glpi_operatingsystemservicepacks`
--

DROP TABLE IF EXISTS `glpi_operatingsystemservicepacks`;
/*!40101 SET @saved_cs_client     = @@character_set_client */;
/*!40101 SET character_set_client = utf8 */;
CREATE TABLE `glpi_operatingsystemservicepacks` (
  `id` int(11) NOT NULL AUTO_INCREMENT,
  `name` varchar(255) COLLATE utf8_unicode_ci DEFAULT NULL,
  `comment` text COLLATE utf8_unicode_ci,
  PRIMARY KEY (`id`),
  KEY `name` (`name`)
) ENGINE=MyISAM DEFAULT CHARSET=utf8 COLLATE=utf8_unicode_ci;
/*!40101 SET character_set_client = @saved_cs_client */;

--
-- Dumping data for table `glpi_operatingsystemservicepacks`
--

LOCK TABLES `glpi_operatingsystemservicepacks` WRITE;
/*!40000 ALTER TABLE `glpi_operatingsystemservicepacks` DISABLE KEYS */;
/*!40000 ALTER TABLE `glpi_operatingsystemservicepacks` ENABLE KEYS */;
UNLOCK TABLES;

--
-- Table structure for table `glpi_operatingsystemversions`
--

DROP TABLE IF EXISTS `glpi_operatingsystemversions`;
/*!40101 SET @saved_cs_client     = @@character_set_client */;
/*!40101 SET character_set_client = utf8 */;
CREATE TABLE `glpi_operatingsystemversions` (
  `id` int(11) NOT NULL AUTO_INCREMENT,
  `name` varchar(255) COLLATE utf8_unicode_ci DEFAULT NULL,
  `comment` text COLLATE utf8_unicode_ci,
  PRIMARY KEY (`id`),
  KEY `name` (`name`)
) ENGINE=MyISAM DEFAULT CHARSET=utf8 COLLATE=utf8_unicode_ci;
/*!40101 SET character_set_client = @saved_cs_client */;

--
-- Dumping data for table `glpi_operatingsystemversions`
--

LOCK TABLES `glpi_operatingsystemversions` WRITE;
/*!40000 ALTER TABLE `glpi_operatingsystemversions` DISABLE KEYS */;
/*!40000 ALTER TABLE `glpi_operatingsystemversions` ENABLE KEYS */;
UNLOCK TABLES;

--
-- Table structure for table `glpi_peripheralmodels`
--

DROP TABLE IF EXISTS `glpi_peripheralmodels`;
/*!40101 SET @saved_cs_client     = @@character_set_client */;
/*!40101 SET character_set_client = utf8 */;
CREATE TABLE `glpi_peripheralmodels` (
  `id` int(11) NOT NULL AUTO_INCREMENT,
  `name` varchar(255) COLLATE utf8_unicode_ci DEFAULT NULL,
  `comment` text COLLATE utf8_unicode_ci,
  PRIMARY KEY (`id`),
  KEY `name` (`name`)
) ENGINE=MyISAM DEFAULT CHARSET=utf8 COLLATE=utf8_unicode_ci;
/*!40101 SET character_set_client = @saved_cs_client */;

--
-- Dumping data for table `glpi_peripheralmodels`
--

LOCK TABLES `glpi_peripheralmodels` WRITE;
/*!40000 ALTER TABLE `glpi_peripheralmodels` DISABLE KEYS */;
/*!40000 ALTER TABLE `glpi_peripheralmodels` ENABLE KEYS */;
UNLOCK TABLES;

--
-- Table structure for table `glpi_peripherals`
--

DROP TABLE IF EXISTS `glpi_peripherals`;
/*!40101 SET @saved_cs_client     = @@character_set_client */;
/*!40101 SET character_set_client = utf8 */;
CREATE TABLE `glpi_peripherals` (
  `id` int(11) NOT NULL AUTO_INCREMENT,
  `entities_id` int(11) NOT NULL DEFAULT '0',
  `name` varchar(255) COLLATE utf8_unicode_ci DEFAULT NULL,
  `date_mod` datetime DEFAULT NULL,
  `contact` varchar(255) COLLATE utf8_unicode_ci DEFAULT NULL,
  `contact_num` varchar(255) COLLATE utf8_unicode_ci DEFAULT NULL,
  `users_id_tech` int(11) NOT NULL DEFAULT '0',
  `groups_id_tech` int(11) NOT NULL DEFAULT '0',
  `comment` text COLLATE utf8_unicode_ci,
  `serial` varchar(255) COLLATE utf8_unicode_ci DEFAULT NULL,
  `otherserial` varchar(255) COLLATE utf8_unicode_ci DEFAULT NULL,
  `locations_id` int(11) NOT NULL DEFAULT '0',
  `peripheraltypes_id` int(11) NOT NULL DEFAULT '0',
  `peripheralmodels_id` int(11) NOT NULL DEFAULT '0',
  `brand` varchar(255) COLLATE utf8_unicode_ci DEFAULT NULL,
  `manufacturers_id` int(11) NOT NULL DEFAULT '0',
  `is_global` tinyint(1) NOT NULL DEFAULT '0',
  `is_deleted` tinyint(1) NOT NULL DEFAULT '0',
  `is_template` tinyint(1) NOT NULL DEFAULT '0',
  `template_name` varchar(255) COLLATE utf8_unicode_ci DEFAULT NULL,
  `notepad` longtext COLLATE utf8_unicode_ci,
  `users_id` int(11) NOT NULL DEFAULT '0',
  `groups_id` int(11) NOT NULL DEFAULT '0',
  `states_id` int(11) NOT NULL DEFAULT '0',
  `ticket_tco` decimal(20,4) DEFAULT '0.0000',
  PRIMARY KEY (`id`),
  KEY `name` (`name`),
  KEY `is_template` (`is_template`),
  KEY `is_global` (`is_global`),
  KEY `entities_id` (`entities_id`),
  KEY `manufacturers_id` (`manufacturers_id`),
  KEY `groups_id` (`groups_id`),
  KEY `users_id` (`users_id`),
  KEY `locations_id` (`locations_id`),
  KEY `peripheralmodels_id` (`peripheralmodels_id`),
  KEY `states_id` (`states_id`),
  KEY `users_id_tech` (`users_id_tech`),
  KEY `peripheraltypes_id` (`peripheraltypes_id`),
  KEY `is_deleted` (`is_deleted`),
  KEY `date_mod` (`date_mod`),
  KEY `groups_id_tech` (`groups_id_tech`)
) ENGINE=MyISAM AUTO_INCREMENT=4 DEFAULT CHARSET=utf8 COLLATE=utf8_unicode_ci;
/*!40101 SET character_set_client = @saved_cs_client */;

--
-- Dumping data for table `glpi_peripherals`
--

LOCK TABLES `glpi_peripherals` WRITE;
/*!40000 ALTER TABLE `glpi_peripherals` DISABLE KEYS */;
INSERT INTO `glpi_peripherals` VALUES (1,0,'','2012-07-26 05:56:20','Chuong Pham','',0,0,'','','',3,0,0,'',0,0,0,1,'network',NULL,0,7,1,'0.0000'),(2,0,'switch 24 port','2012-05-11 06:06:41','','',0,1,'Total 10 Cisco switch 24 port :IT keeps 3, SW 2, HW 5','','',0,0,0,'',3,0,0,0,'network',NULL,0,1,1,'0.0000'),(3,0,'test','2012-07-26 05:56:14','Chuong Pham','',0,0,'','','',3,0,0,'',3,0,0,0,'network',NULL,0,7,1,'0.0000');
/*!40000 ALTER TABLE `glpi_peripherals` ENABLE KEYS */;
UNLOCK TABLES;

--
-- Table structure for table `glpi_peripheraltypes`
--

DROP TABLE IF EXISTS `glpi_peripheraltypes`;
/*!40101 SET @saved_cs_client     = @@character_set_client */;
/*!40101 SET character_set_client = utf8 */;
CREATE TABLE `glpi_peripheraltypes` (
  `id` int(11) NOT NULL AUTO_INCREMENT,
  `name` varchar(255) COLLATE utf8_unicode_ci DEFAULT NULL,
  `comment` text COLLATE utf8_unicode_ci,
  PRIMARY KEY (`id`),
  KEY `name` (`name`)
) ENGINE=MyISAM DEFAULT CHARSET=utf8 COLLATE=utf8_unicode_ci;
/*!40101 SET character_set_client = @saved_cs_client */;

--
-- Dumping data for table `glpi_peripheraltypes`
--

LOCK TABLES `glpi_peripheraltypes` WRITE;
/*!40000 ALTER TABLE `glpi_peripheraltypes` DISABLE KEYS */;
/*!40000 ALTER TABLE `glpi_peripheraltypes` ENABLE KEYS */;
UNLOCK TABLES;

--
-- Table structure for table `glpi_phonemodels`
--

DROP TABLE IF EXISTS `glpi_phonemodels`;
/*!40101 SET @saved_cs_client     = @@character_set_client */;
/*!40101 SET character_set_client = utf8 */;
CREATE TABLE `glpi_phonemodels` (
  `id` int(11) NOT NULL AUTO_INCREMENT,
  `name` varchar(255) COLLATE utf8_unicode_ci DEFAULT NULL,
  `comment` text COLLATE utf8_unicode_ci,
  PRIMARY KEY (`id`),
  KEY `name` (`name`)
) ENGINE=MyISAM AUTO_INCREMENT=2 DEFAULT CHARSET=utf8 COLLATE=utf8_unicode_ci;
/*!40101 SET character_set_client = @saved_cs_client */;

--
-- Dumping data for table `glpi_phonemodels`
--

LOCK TABLES `glpi_phonemodels` WRITE;
/*!40000 ALTER TABLE `glpi_phonemodels` DISABLE KEYS */;
INSERT INTO `glpi_phonemodels` VALUES (1,'Cisco IP Phone 7945G','Cisco IP Phone 7945G');
/*!40000 ALTER TABLE `glpi_phonemodels` ENABLE KEYS */;
UNLOCK TABLES;

--
-- Table structure for table `glpi_phonepowersupplies`
--

DROP TABLE IF EXISTS `glpi_phonepowersupplies`;
/*!40101 SET @saved_cs_client     = @@character_set_client */;
/*!40101 SET character_set_client = utf8 */;
CREATE TABLE `glpi_phonepowersupplies` (
  `id` int(11) NOT NULL AUTO_INCREMENT,
  `name` varchar(255) COLLATE utf8_unicode_ci DEFAULT NULL,
  `comment` text COLLATE utf8_unicode_ci,
  PRIMARY KEY (`id`),
  KEY `name` (`name`)
) ENGINE=MyISAM DEFAULT CHARSET=utf8 COLLATE=utf8_unicode_ci;
/*!40101 SET character_set_client = @saved_cs_client */;

--
-- Dumping data for table `glpi_phonepowersupplies`
--

LOCK TABLES `glpi_phonepowersupplies` WRITE;
/*!40000 ALTER TABLE `glpi_phonepowersupplies` DISABLE KEYS */;
/*!40000 ALTER TABLE `glpi_phonepowersupplies` ENABLE KEYS */;
UNLOCK TABLES;

--
-- Table structure for table `glpi_phones`
--

DROP TABLE IF EXISTS `glpi_phones`;
/*!40101 SET @saved_cs_client     = @@character_set_client */;
/*!40101 SET character_set_client = utf8 */;
CREATE TABLE `glpi_phones` (
  `id` int(11) NOT NULL AUTO_INCREMENT,
  `entities_id` int(11) NOT NULL DEFAULT '0',
  `name` varchar(255) COLLATE utf8_unicode_ci DEFAULT NULL,
  `date_mod` datetime DEFAULT NULL,
  `contact` varchar(255) COLLATE utf8_unicode_ci DEFAULT NULL,
  `contact_num` varchar(255) COLLATE utf8_unicode_ci DEFAULT NULL,
  `users_id_tech` int(11) NOT NULL DEFAULT '0',
  `groups_id_tech` int(11) NOT NULL DEFAULT '0',
  `comment` text COLLATE utf8_unicode_ci,
  `serial` varchar(255) COLLATE utf8_unicode_ci DEFAULT NULL,
  `otherserial` varchar(255) COLLATE utf8_unicode_ci DEFAULT NULL,
  `firmware` varchar(255) COLLATE utf8_unicode_ci DEFAULT NULL,
  `locations_id` int(11) NOT NULL DEFAULT '0',
  `phonetypes_id` int(11) NOT NULL DEFAULT '0',
  `phonemodels_id` int(11) NOT NULL DEFAULT '0',
  `brand` varchar(255) COLLATE utf8_unicode_ci DEFAULT NULL,
  `phonepowersupplies_id` int(11) NOT NULL DEFAULT '0',
  `number_line` varchar(255) COLLATE utf8_unicode_ci DEFAULT NULL,
  `have_headset` tinyint(1) NOT NULL DEFAULT '0',
  `have_hp` tinyint(1) NOT NULL DEFAULT '0',
  `manufacturers_id` int(11) NOT NULL DEFAULT '0',
  `is_global` tinyint(1) NOT NULL DEFAULT '0',
  `is_deleted` tinyint(1) NOT NULL DEFAULT '0',
  `is_template` tinyint(1) NOT NULL DEFAULT '0',
  `template_name` varchar(255) COLLATE utf8_unicode_ci DEFAULT NULL,
  `notepad` longtext COLLATE utf8_unicode_ci,
  `users_id` int(11) NOT NULL DEFAULT '0',
  `groups_id` int(11) NOT NULL DEFAULT '0',
  `states_id` int(11) NOT NULL DEFAULT '0',
  `ticket_tco` decimal(20,4) DEFAULT '0.0000',
  PRIMARY KEY (`id`),
  KEY `name` (`name`),
  KEY `is_template` (`is_template`),
  KEY `is_global` (`is_global`),
  KEY `entities_id` (`entities_id`),
  KEY `manufacturers_id` (`manufacturers_id`),
  KEY `groups_id` (`groups_id`),
  KEY `users_id` (`users_id`),
  KEY `locations_id` (`locations_id`),
  KEY `phonemodels_id` (`phonemodels_id`),
  KEY `phonepowersupplies_id` (`phonepowersupplies_id`),
  KEY `states_id` (`states_id`),
  KEY `users_id_tech` (`users_id_tech`),
  KEY `phonetypes_id` (`phonetypes_id`),
  KEY `is_deleted` (`is_deleted`),
  KEY `date_mod` (`date_mod`),
  KEY `groups_id_tech` (`groups_id_tech`)
) ENGINE=MyISAM AUTO_INCREMENT=138 DEFAULT CHARSET=utf8 COLLATE=utf8_unicode_ci;
/*!40101 SET character_set_client = @saved_cs_client */;

--
-- Dumping data for table `glpi_phones`
--

LOCK TABLES `glpi_phones` WRITE;
/*!40000 ALTER TABLE `glpi_phones` DISABLE KEYS */;
INSERT INTO `glpi_phones` VALUES (1,0,'38','2012-07-25 05:53:18','','',0,0,'','','','',4,0,1,'',0,'',0,0,3,0,0,1,'IP Phone 7945G',NULL,0,9,1,'0.0000'),(2,0,'3820','2012-07-24 10:01:33','Ngon Bui','',0,1,'','','','',3,0,1,'',0,'',0,0,3,0,0,0,'IP Phone 7945G',NULL,0,1,1,'0.0000'),(3,0,'3855','2012-07-24 10:01:08','Trung Duong','',0,7,'','','','',3,0,1,'',0,'',0,0,3,0,0,0,'IP Phone 7945G',NULL,0,7,1,'0.0000'),(4,0,'3886','2012-07-24 09:29:50','Chuong Pham','',0,7,'','','','',3,0,1,'',0,'',0,0,3,0,0,0,'IP Phone 7945G',NULL,0,7,1,'0.0000'),(5,0,'3868','2012-07-24 09:35:16','Thao Le','',0,0,'','','','',3,0,1,'',0,'',0,0,3,0,0,0,'IP Phone 7945G',NULL,0,5,1,'0.0000'),(6,0,'3872','2012-07-24 09:36:13','Khanh Do','',0,0,'','','','',3,0,1,'',0,'',0,0,3,0,0,0,'IP Phone 7945G',NULL,0,5,1,'0.0000'),(7,0,'3874','2012-07-24 09:46:52','Lien Duong','',0,0,'','','','',3,0,1,'',0,'',0,0,3,0,0,0,'IP Phone 7945G',NULL,0,5,1,'0.0000'),(8,0,'3896','2012-07-24 09:47:19','Hy Cao','',0,0,'','','','',3,0,1,'',0,'',0,0,3,0,0,0,'IP Phone 7945G',NULL,0,5,1,'0.0000'),(9,0,'3765','2012-07-24 09:49:04','My Huynh','',0,0,'','','','',3,0,1,'',0,'',0,0,3,0,0,0,'IP Phone 7945G',NULL,0,5,1,'0.0000'),(10,0,'3814','2012-07-24 09:49:45','Triet Tran','',0,0,'','','','',3,0,1,'',0,'',0,0,3,0,0,0,'IP Phone 7945G',NULL,0,1,1,'0.0000'),(11,0,'3815','2012-07-24 09:54:52','Khanh Ta','',0,0,'','','','',3,0,1,'',0,'',0,0,3,0,0,0,'IP Phone 7945G',NULL,0,1,1,'0.0000'),(12,0,'3817','2012-07-24 09:56:00','Tu Tran','',0,0,'','','','',3,0,1,'',0,'',0,0,3,0,0,0,'IP Phone 7945G',NULL,0,1,1,'0.0000'),(13,0,'3827','2012-07-24 09:56:41','Nguyen Tran','',0,0,'','','','',3,0,1,'',0,'',0,0,3,0,0,0,'IP Phone 7945G',NULL,0,1,1,'0.0000'),(14,0,'3837','2012-07-24 09:57:04','Ty Doan','',0,0,'','','','',3,0,1,'',0,'',0,0,3,0,0,0,'IP Phone 7945G',NULL,0,1,1,'0.0000'),(15,0,'3840','2012-07-24 09:57:33','Huy Bui','',0,0,'','','','',3,0,1,'',0,'',0,0,3,0,0,0,'IP Phone 7945G',NULL,0,1,1,'0.0000'),(16,0,'3844','2012-07-24 09:57:46','Can Tong','',0,0,'','','','',3,0,1,'',0,'',0,0,3,0,0,0,'IP Phone 7945G',NULL,0,1,1,'0.0000'),(17,0,'3845','2012-07-24 09:58:03','Toan Nguyen','',0,0,'','','','',3,0,1,'',0,'',0,0,3,0,0,0,'IP Phone 7945G',NULL,0,1,1,'0.0000'),(18,0,'3863','2012-07-24 09:58:19','Noi Huynh','',0,0,'','','','',3,0,1,'',0,'',0,0,3,0,0,0,'IP Phone 7945G',NULL,0,1,1,'0.0000'),(19,0,'3864','2012-07-24 09:58:35','Phat Sy','',0,0,'','','','',3,0,1,'',0,'',0,0,3,0,0,0,'IP Phone 7945G',NULL,0,1,1,'0.0000'),(20,0,'3865','2012-07-24 09:59:53','Anh Nguyen','',0,0,'','','','',3,0,1,'',0,'',0,0,3,0,0,0,'IP Phone 7945G',NULL,0,1,1,'0.0000'),(21,0,'3881','2012-07-24 10:00:07','Nghia Nguyen','',0,0,'','','','',3,0,1,'',0,'',0,0,3,0,0,0,'IP Phone 7945G',NULL,0,1,1,'0.0000'),(22,0,'3882','2012-07-24 10:02:29','Thuy Hoang','',0,0,'','','','',3,0,1,'',0,'',0,0,3,0,0,0,'IP Phone 7945G',NULL,0,1,1,'0.0000'),(23,0,'3883','2012-07-24 10:02:47','Hoai Hoang','',0,0,'','','','',3,0,1,'',0,'',0,0,3,0,0,0,'IP Phone 7945G',NULL,0,1,1,'0.0000'),(24,0,'3884','2012-07-24 10:03:23','Hao Nguyen','',0,0,'','','','',3,0,1,'',0,'',0,0,3,0,0,0,'IP Phone 7945G',NULL,0,1,1,'0.0000'),(25,0,'3889','2012-07-24 10:03:39','Bach Nguyen','',0,0,'','','','',3,0,1,'',0,'',0,0,3,0,0,0,'IP Phone 7945G',NULL,0,1,1,'0.0000'),(26,0,'3891','2012-07-24 10:03:59','Tung Ngo','',0,0,'','','','',3,0,1,'',0,'',0,0,3,0,0,0,'IP Phone 7945G',NULL,0,1,1,'0.0000'),(27,0,'3893','2012-07-24 10:05:02','Quy Pham','',0,0,'','','','',3,0,1,'',0,'',0,0,3,0,0,0,'IP Phone 7945G',NULL,0,1,1,'0.0000'),(28,0,'3898','2012-07-24 10:12:59','Thang Phan','',0,0,'','','','',3,0,1,'',0,'',0,0,3,0,0,0,'IP Phone 7945G',NULL,0,1,1,'0.0000'),(29,0,'3733','2012-07-24 10:13:17','Dai Nguyen','',0,0,'','','','',3,0,1,'',0,'',0,0,3,0,0,0,'IP Phone 7945G',NULL,0,1,1,'0.0000'),(30,0,'3734','2012-07-24 10:13:32','Huy Vo','',0,0,'','','','',3,0,1,'',0,'',0,0,3,0,0,0,'IP Phone 7945G',NULL,0,1,1,'0.0000'),(31,0,'3735','2012-07-24 10:13:46','Nguyen Pham','',0,0,'','','','',3,0,1,'',0,'',0,0,3,0,0,0,'IP Phone 7945G',NULL,0,1,1,'0.0000'),(32,0,'3736','2012-07-24 10:14:01','Suong Le','',0,0,'','','','',3,0,1,'',0,'',0,0,3,0,0,0,'IP Phone 7945G',NULL,0,1,1,'0.0000'),(33,0,'3737','2012-07-24 10:14:19','Toa Nguyen','',0,0,'','','','',3,0,1,'',0,'',0,0,3,0,0,0,'IP Phone 7945G',NULL,0,1,1,'0.0000'),(34,0,'3715','2012-07-24 11:26:59','Tuy Nguyen','',0,0,'','','','',4,0,1,'',0,'',0,0,3,0,0,0,'IP Phone 7945G',NULL,0,8,1,'0.0000'),(35,0,'3717','2012-07-24 11:27:21','Hoan Huynh','',0,0,'','','','',4,0,1,'',0,'',0,0,3,0,0,0,'IP Phone 7945G',NULL,0,8,1,'0.0000'),(36,0,'3718','2012-08-22 11:31:53','Minh Luong','',0,0,'','','','',4,0,1,'',0,'',0,0,3,0,1,0,'IP Phone 7945G',NULL,0,8,1,'0.0000'),(37,0,'3719','2012-07-24 11:28:01','Vinh Nguyen','',0,0,'','','','',4,0,1,'',0,'',0,0,3,0,0,0,'IP Phone 7945G',NULL,0,8,1,'0.0000'),(38,0,'3721','2012-07-24 11:28:31','Dien Nguyen','',0,0,'','','','',4,0,1,'',0,'',0,0,3,0,0,0,'IP Phone 7945G',NULL,0,8,1,'0.0000'),(39,0,'3809','2012-07-24 11:29:27','Thu Pham','',0,0,'','','','',4,0,1,'',0,'',0,0,3,0,0,0,'IP Phone 7945G',NULL,0,8,1,'0.0000'),(40,0,'3813','2012-07-24 11:29:42','Mai La','',0,0,'','','','',4,0,1,'',0,'',0,0,3,0,0,0,'IP Phone 7945G',NULL,0,8,1,'0.0000'),(41,0,'3816','2012-07-24 11:30:10','Uy Van','',0,0,'','','','',4,0,1,'',0,'',0,0,3,0,0,0,'IP Phone 7945G',NULL,0,8,1,'0.0000'),(42,0,'3825','2012-07-24 11:32:08','Quan Nguyen','',0,0,'','','','',4,0,1,'',0,'',0,0,3,0,0,0,'IP Phone 7945G',NULL,0,8,1,'0.0000'),(43,0,'3830','2012-07-24 11:32:30','Tin Huynh','',0,0,'','','','',4,0,1,'',0,'',0,0,3,0,0,0,'IP Phone 7945G',NULL,0,8,1,'0.0000'),(44,0,'3836','2012-07-24 11:32:51','Y Vo','',0,0,'','','','',4,0,1,'',0,'',0,0,3,0,0,0,'IP Phone 7945G',NULL,0,8,1,'0.0000'),(45,0,'3838','2012-07-24 11:33:37','Kien Ngo','',0,0,'','','','',4,0,1,'',0,'',0,0,3,0,0,0,'IP Phone 7945G',NULL,0,8,1,'0.0000'),(46,0,'3841','2012-07-24 11:34:04','Van Tran','',0,0,'','','','',4,0,1,'',0,'',0,0,3,0,0,0,'IP Phone 7945G',NULL,0,8,1,'0.0000'),(47,0,'3842','2012-07-24 11:34:22','Thang Nguyen','',0,0,'','','','',4,0,1,'',0,'',0,0,3,0,0,0,'IP Phone 7945G',NULL,0,8,1,'0.0000'),(48,0,'3847','2012-07-24 11:36:15','Thu Cao','',0,0,'','','','',4,0,1,'',0,'',0,0,3,0,0,0,'IP Phone 7945G',NULL,0,8,1,'0.0000'),(49,0,'3852','2012-07-24 11:36:28','Hoan Tran','',0,0,'','','','',4,0,1,'',0,'',0,0,3,0,0,0,'IP Phone 7945G',NULL,0,8,1,'0.0000'),(50,0,'3854','2012-07-24 11:36:49','Hien Pham','',0,0,'','','','',4,0,1,'',0,'',0,0,3,0,0,0,'IP Phone 7945G',NULL,0,8,1,'0.0000'),(51,0,'3857','2012-07-24 11:37:04','Sang Pham','',0,0,'','','','',4,0,1,'',0,'',0,0,3,0,0,0,'IP Phone 7945G',NULL,0,8,1,'0.0000'),(52,0,'3867','2012-07-24 11:37:59','Thu Ba Nguyen','',0,0,'','','','',4,0,1,'',0,'',0,0,3,0,0,0,'IP Phone 7945G',NULL,0,8,1,'0.0000'),(53,0,'3892','2012-07-24 11:38:22','Toan Le','',0,0,'','','','',4,0,1,'',0,'',0,0,3,0,0,0,'IP Phone 7945G',NULL,0,8,1,'0.0000'),(54,0,'3839','2012-07-24 11:38:47','Thinh Pham','',0,0,'','','','',4,0,1,'',0,'',0,0,3,0,0,0,'IP Phone 7945G',NULL,0,8,1,'0.0000'),(55,0,'3717','2012-07-24 11:39:04','Khuong Dinh','',0,0,'','','','',4,0,1,'',0,'',0,0,3,0,0,0,'IP Phone 7945G',NULL,0,8,1,'0.0000'),(56,0,'3713','2012-07-25 05:25:33','Thong Le','',0,0,'','','','',4,0,1,'',0,'',0,0,3,0,0,0,'IP Phone 7945G',NULL,0,3,1,'0.0000'),(57,0,'3723','2012-07-24 11:41:19','Tho Pham','',0,0,'','','','',4,0,1,'',0,'',0,0,3,0,0,0,'IP Phone 7945G',NULL,0,3,1,'0.0000'),(58,0,'3741','2012-07-24 11:41:31','Hieu Nguyen','',0,0,'','','','',4,0,1,'',0,'',0,0,3,0,0,0,'IP Phone 7945G',NULL,0,3,1,'0.0000'),(59,0,'3742','2012-07-24 11:41:45','Phong Tran','',0,0,'','','','',4,0,1,'',0,'',0,0,3,0,0,0,'IP Phone 7945G',NULL,0,3,1,'0.0000'),(60,0,'3743','2012-07-24 11:42:10','Su Dinh','',0,0,'','','','',4,0,1,'',0,'',0,0,3,0,0,0,'IP Phone 7945G',NULL,0,3,1,'0.0000'),(61,0,'3744','2012-07-24 11:42:21','Thai Tran','',0,0,'','','','',4,0,1,'',0,'',0,0,3,0,0,0,'IP Phone 7945G',NULL,0,3,1,'0.0000'),(62,0,'3745','2012-07-24 11:42:41','Tuan Nguyen','',0,0,'','','','',4,0,1,'',0,'',0,0,3,0,0,0,'IP Phone 7945G',NULL,0,3,1,'0.0000'),(63,0,'3746','2012-07-24 11:43:21','Vu Ngo','',0,0,'','','','',4,0,1,'',0,'',0,0,3,0,0,0,'IP Phone 7945G',NULL,0,3,1,'0.0000'),(64,0,'3759','2012-07-24 11:43:41','Khoa Tram','',0,0,'','','','',4,0,1,'',0,'',0,0,3,0,0,0,'IP Phone 7945G',NULL,0,3,1,'0.0000'),(65,0,'3766','2012-07-24 11:43:56','Ngoc Truong','',0,0,'','','','',4,0,1,'',0,'',0,0,3,0,0,0,'IP Phone 7945G',NULL,0,3,1,'0.0000'),(66,0,'3725','2012-07-25 05:27:10','Hung Vu','',0,0,'','','','',3,0,1,'',0,'',0,0,3,0,0,0,'IP Phone 7945G',NULL,0,2,1,'0.0000'),(67,0,'3821','2012-07-25 05:27:10','Hoa Nguyen','',0,0,'','','','',3,0,1,'',0,'',0,0,3,0,0,0,'IP Phone 7945G',NULL,0,2,1,'0.0000'),(68,0,'3829','2012-08-30 12:13:21','Trung Hoang','',0,0,'','','','',3,0,1,'',0,'',0,0,3,0,1,0,'IP Phone 7945G',NULL,0,2,1,'0.0000'),(69,0,'3831','2012-07-25 05:27:10','Nhan Nguyen','',0,0,'','','','',3,0,1,'',0,'',0,0,3,0,0,0,'IP Phone 7945G',NULL,0,2,1,'0.0000'),(70,0,'3833','2012-07-25 05:27:10','Duy Vo','',0,0,'','','','',3,0,1,'',0,'',0,0,3,0,0,0,'IP Phone 7945G',NULL,0,2,1,'0.0000'),(71,0,'3839','2012-07-25 05:27:10','Bao Nguyen','',0,0,'','','','',3,0,1,'',0,'',0,0,3,0,0,0,'IP Phone 7945G',NULL,0,2,1,'0.0000'),(72,0,'3843','2012-07-25 05:27:10','Cong Pham','',0,0,'','','','',3,0,1,'',0,'',0,0,3,0,0,0,'IP Phone 7945G',NULL,0,2,1,'0.0000'),(73,0,'3838','2012-07-25 05:27:10','Khiet Huynh','',0,0,'','','','',3,0,1,'',0,'',0,0,3,0,0,0,'IP Phone 7945G',NULL,0,2,1,'0.0000'),(74,0,'3851','2012-07-25 05:27:10','Dan Nguyen','',0,0,'','','','',3,0,1,'',0,'',0,0,3,0,0,0,'IP Phone 7945G',NULL,0,2,1,'0.0000'),(75,0,'3866','2012-07-25 05:27:10','Hien Phan','',0,0,'','','','',3,0,1,'',0,'',0,0,3,0,0,0,'IP Phone 7945G',NULL,0,2,1,'0.0000'),(76,0,'3870','2012-07-25 05:27:10','Ngoc Le','',0,0,'','','','',3,0,1,'',0,'',0,0,3,0,0,0,'IP Phone 7945G',NULL,0,2,1,'0.0000'),(77,0,'3871','2012-07-25 05:27:10','Tri Ho','',0,0,'','','','',3,0,1,'',0,'',0,0,3,0,0,0,'IP Phone 7945G',NULL,0,2,1,'0.0000'),(78,0,'3873','2012-07-25 05:27:10','Luc Ton','',0,0,'','','','',3,0,1,'',0,'',0,0,3,0,0,0,'IP Phone 7945G',NULL,0,2,1,'0.0000'),(79,0,'3894','2012-07-25 05:27:10','Thang Nguyen','',0,0,'','','','',3,0,1,'',0,'',0,0,3,0,0,0,'IP Phone 7945G',NULL,0,2,1,'0.0000'),(80,0,'3895','2012-07-25 05:27:10','Nguyen Nguyen','',0,0,'','','','',3,0,1,'',0,'',0,0,3,0,0,0,'IP Phone 7945G',NULL,0,2,1,'0.0000'),(81,0,'3747','2012-07-25 05:27:10','Can Tran','',0,0,'','','','',3,0,1,'',0,'',0,0,3,0,0,0,'IP Phone 7945G',NULL,0,2,1,'0.0000'),(82,0,'3738','2012-07-25 05:27:10','Hung Nguyen','',0,0,'','','','',3,0,1,'',0,'',0,0,3,0,0,0,'IP Phone 7945G',NULL,0,2,1,'0.0000'),(83,0,'3749','2012-07-25 05:27:10','Hung Huynh','',0,0,'','','','',3,0,1,'',0,'',0,0,3,0,0,0,'IP Phone 7945G',NULL,0,2,1,'0.0000'),(84,0,'3750','2012-07-25 05:27:10','Huyen Bui','',0,0,'','','','',3,0,1,'',0,'',0,0,3,0,0,0,'IP Phone 7945G',NULL,0,2,1,'0.0000'),(85,0,'3751','2012-07-25 05:27:10','Khai Nguyen','',0,0,'','','','',3,0,1,'',0,'',0,0,3,0,0,0,'IP Phone 7945G',NULL,0,2,1,'0.0000'),(86,0,'3752','2012-07-25 05:27:10','Khanh Ngo','',0,0,'','','','',3,0,1,'',0,'',0,0,3,0,0,0,'IP Phone 7945G',NULL,0,2,1,'0.0000'),(87,0,'3743','2012-07-25 05:27:10','Thao Nguyen','',0,0,'','','','',3,0,1,'',0,'',0,0,3,0,0,0,'IP Phone 7945G',NULL,0,2,1,'0.0000'),(88,0,'3754','2012-07-25 05:27:10','Tien Nguyen','',0,0,'','','','',3,0,1,'',0,'',0,0,3,0,0,0,'IP Phone 7945G',NULL,0,2,1,'0.0000'),(89,0,'3738','2012-07-25 05:27:10','Vinh Pham','',0,0,'','','','',3,0,1,'',0,'',0,0,3,0,0,0,'IP Phone 7945G',NULL,0,2,1,'0.0000'),(90,0,'3770','2012-07-25 05:27:10','Lai Pham','',0,0,'','','','',3,0,1,'',0,'',0,0,3,0,0,0,'IP Phone 7945G',NULL,0,2,1,'0.0000'),(91,0,'3764','2012-07-25 05:27:10','Hoang Nguyen','',0,0,'','','','',3,0,1,'',0,'',0,0,3,0,0,0,'IP Phone 7945G',NULL,0,2,1,'0.0000'),(92,0,'3722','2012-07-25 05:27:10','Lam Dinh','',0,0,'','','','',3,0,1,'',0,'',0,0,3,0,0,0,'IP Phone 7945G',NULL,0,2,1,'0.0000'),(93,0,'3818','2012-07-25 05:28:04','Sang Mai','',0,0,'','','','',4,0,1,'',0,'',0,0,3,0,0,0,'IP Phone 7945G',NULL,0,4,1,'0.0000'),(94,0,'3819','2012-07-25 05:28:16','Dien Luong','',0,0,'','','','',4,0,1,'',0,'',0,0,3,0,0,0,'IP Phone 7945G',NULL,0,4,1,'0.0000'),(95,0,'3824','2012-07-25 05:28:33','Duy Nguyen','',0,0,'','','','',4,0,1,'',0,'',0,0,3,0,0,0,'IP Phone 7945G',NULL,0,4,1,'0.0000'),(96,0,'3826','2012-07-25 05:29:32','Trung Le','',0,0,'','','','',4,0,1,'',0,'',0,0,3,0,0,0,'IP Phone 7945G',NULL,0,4,1,'0.0000'),(97,0,'3828','2012-07-25 05:34:15','Huy Tran','',0,0,'','','','',4,0,1,'',0,'',0,0,3,0,0,0,'IP Phone 7945G',NULL,0,4,1,'0.0000'),(98,0,'3825','2012-07-25 05:34:30','Hung Ngo','',0,0,'','','','',4,0,1,'',0,'',0,0,3,0,0,0,'IP Phone 7945G',NULL,0,4,1,'0.0000'),(99,0,'3850','2012-07-25 05:37:29','Linh Nguyen','',0,0,'','','','',4,0,1,'',0,'',0,0,3,0,0,0,'IP Phone 7945G',NULL,0,4,1,'0.0000'),(100,0,'3853','2012-07-25 05:37:46','Hieu Bui','',0,0,'','','','',4,0,1,'',0,'',0,0,3,0,0,0,'IP Phone 7945G',NULL,0,4,1,'0.0000'),(101,0,'3856','2012-07-25 05:38:06','Duong Dang','',0,0,'','','','',4,0,1,'',0,'',0,0,3,0,0,0,'IP Phone 7945G',NULL,0,4,1,'0.0000'),(102,0,'3861','2012-07-25 05:38:19','Hoang Tran','',0,0,'','','','',4,0,1,'',0,'',0,0,3,0,0,0,'IP Phone 7945G',NULL,0,4,1,'0.0000'),(103,0,'3869','2012-07-25 05:38:33','Dung Pham','',0,0,'','','','',4,0,1,'',0,'',0,0,3,0,0,0,'IP Phone 7945G',NULL,0,4,1,'0.0000'),(104,0,'3875','2012-08-30 12:13:00','Tuan Nguyen','',0,0,'','','','',4,0,1,'',0,'',0,0,3,0,1,0,'IP Phone 7945G',NULL,0,4,1,'0.0000'),(105,0,'3877','2012-07-25 05:39:35','Anh Le','',0,0,'','','','',4,0,1,'',0,'',0,0,3,0,0,0,'IP Phone 7945G',NULL,0,4,1,'0.0000'),(106,0,'3887','2012-07-25 05:40:08','Huu Nguyen','',0,0,'','','','',4,0,1,'',0,'',0,0,3,0,0,0,'IP Phone 7945G',NULL,0,4,1,'0.0000'),(107,0,'3888','2012-07-25 05:40:23','Hoa Lu','',0,0,'','','','',4,0,1,'',0,'',0,0,3,0,0,0,'IP Phone 7945G',NULL,0,4,1,'0.0000'),(108,0,'3710','2012-07-25 05:40:58','Hanh Ha','',0,0,'','','','',4,0,1,'',0,'',0,0,3,0,0,0,'IP Phone 7945G',NULL,0,4,1,'0.0000'),(109,0,'3720','2012-07-25 05:41:14','Hoang Nguyen','',0,0,'','','','',4,0,1,'',0,'',0,0,3,0,0,0,'IP Phone 7945G',NULL,0,4,1,'0.0000'),(110,0,'3726','2012-07-25 05:41:28','Luan Tran','',0,0,'','','','',4,0,1,'',0,'',0,0,3,0,0,0,'IP Phone 7945G',NULL,0,4,1,'0.0000'),(111,0,'3727','2012-07-25 05:41:41','Quang Han','',0,0,'','','','',4,0,1,'',0,'',0,0,3,0,0,0,'IP Phone 7945G',NULL,0,4,1,'0.0000'),(112,0,'3724','2012-07-25 05:41:55','Son Pham','',0,0,'','','','',4,0,1,'',0,'',0,0,3,0,0,0,'IP Phone 7945G',NULL,0,4,1,'0.0000'),(113,0,'3728','2012-07-25 05:42:17','Tan Le','',0,0,'','','','',4,0,1,'',0,'',0,0,3,0,0,0,'IP Phone 7945G',NULL,0,4,1,'0.0000'),(114,0,'3729','2012-07-25 05:45:26','Tao Tran','',0,0,'','','','',4,0,1,'',0,'',0,0,3,0,0,0,'IP Phone 7945G',NULL,0,4,1,'0.0000'),(115,0,'3730','2012-07-25 05:45:52','Viet Phan','',0,0,'','','','',4,0,1,'',0,'',0,0,3,0,0,0,'IP Phone 7945G',NULL,0,4,1,'0.0000'),(116,0,'3828','2012-07-25 05:46:20','Huy Tran','',0,0,'','','','',4,0,1,'',0,'',0,0,3,0,0,0,'IP Phone 7945G',NULL,0,4,1,'0.0000'),(117,0,'3860','2012-07-25 05:46:36','Hanh Luyen','',0,0,'','','','',4,0,1,'',0,'',0,0,3,0,0,0,'IP Phone 7945G',NULL,0,4,1,'0.0000'),(118,0,'3890','2012-07-25 05:47:05','Anh Nguyen','',0,0,'','','','',4,0,1,'',0,'',0,0,3,0,0,0,'IP Phone 7945G',NULL,0,4,1,'0.0000'),(119,0,'3759','2012-07-25 05:47:23','Danh La','',0,0,'','','','',4,0,1,'',0,'',0,0,3,0,0,0,'IP Phone 7945G',NULL,0,4,1,'0.0000'),(120,0,'3760','2012-07-30 11:05:02','Tu Nguyen','',0,0,'','','','',4,0,1,'',0,'',0,0,3,0,0,0,'IP Phone 7945G',NULL,0,3,1,'0.0000'),(121,0,'3761','2012-07-30 11:14:02','Hai Nguyen','',0,0,'','','','',4,0,1,'',0,'',0,0,3,0,0,0,'IP Phone 7945G',NULL,0,3,1,'0.0000'),(122,0,'3763','2012-07-30 11:14:02','Truong Pham','',0,0,'','','','',4,0,1,'',0,'',0,0,3,0,0,0,'IP Phone 7945G',NULL,0,3,1,'0.0000'),(123,0,'3823','2012-07-25 05:53:04','Vinh Nguyen','',0,0,'','','','',4,0,1,'',0,'',0,0,3,0,0,0,'IP Phone 7945G',NULL,0,9,1,'0.0000'),(124,0,'3876','2012-07-25 05:53:38','Dung Le','',0,0,'','','','',4,0,1,'',0,'',0,0,3,0,0,0,'IP Phone 7945G',NULL,0,9,1,'0.0000'),(125,0,'3897','2012-07-30 11:39:40','Han Luong','',0,0,'','','','',4,0,1,'',0,'',0,0,3,0,0,0,'IP Phone 7945G',NULL,0,9,1,'0.0000'),(126,0,'3731','2012-07-25 05:54:16','Hung Luu','',0,0,'','','','',4,0,1,'',0,'',0,0,3,0,0,0,'IP Phone 7945G',NULL,0,9,1,'0.0000'),(127,0,'3732','2012-07-25 05:54:28','Tuan Nguyen','',0,0,'','','','',4,0,1,'',0,'',0,0,3,0,0,0,'IP Phone 7945G',NULL,0,9,1,'0.0000'),(128,0,'3810','2012-07-25 05:57:17','VT Nguyen','',0,0,'','','','',3,0,1,'',0,'',0,0,3,0,0,0,'IP Phone 7945G',NULL,0,10,1,'0.0000'),(129,0,'3811','2012-07-25 05:56:03','Phong Vo','',0,0,'','','','',4,0,1,'',0,'',0,0,3,0,0,0,'IP Phone 7945G',NULL,0,10,1,'0.0000'),(130,0,'3812','2012-07-25 05:56:26','Quat Bao','',0,0,'','','','',4,0,1,'',0,'',0,0,3,0,0,0,'IP Phone 7945G',NULL,0,10,1,'0.0000'),(131,0,'3832','2012-07-25 05:57:17','John Vien','',0,0,'','','','',3,0,1,'',0,'',0,0,3,0,0,0,'IP Phone 7945G',NULL,0,10,1,'0.0000'),(132,0,'3714','2012-07-25 05:59:22','Minh Le','',0,0,'','','','',4,0,1,'',0,'',0,0,3,0,0,0,'IP Phone 7945G',NULL,0,9,1,'0.0000'),(133,0,'3808','2012-07-25 06:00:49','Security Floor 3','',0,0,'','','','',3,0,1,'',0,'',0,0,3,0,0,0,'IP Phone 7945G',NULL,0,0,1,'0.0000'),(134,0,'3758','2012-07-25 06:01:13','Security Floor 2','',0,0,'','','','',4,0,1,'',0,'',0,0,3,0,0,0,'IP Phone 7945G',NULL,0,0,1,'0.0000'),(135,0,'3762','2012-07-30 11:14:02','Nhut Nguyen','',0,0,'','','','',4,0,1,'',0,'',0,0,3,0,0,0,'IP Phone 7945G',NULL,0,3,1,'0.0000'),(136,0,'3740','2012-08-09 05:42:44','Chuong Tran','',0,8,'','','','',4,0,1,'',0,'',0,0,3,0,0,0,'IP Phone 7945G',NULL,0,8,1,'0.0000'),(137,0,'3767','2012-08-09 09:41:18','Hieu Le','',0,8,'','','','',4,0,1,'',0,'',0,0,3,0,0,0,'IP Phone 7945G',NULL,0,8,1,'0.0000');
/*!40000 ALTER TABLE `glpi_phones` ENABLE KEYS */;
UNLOCK TABLES;

--
-- Table structure for table `glpi_phonetypes`
--

DROP TABLE IF EXISTS `glpi_phonetypes`;
/*!40101 SET @saved_cs_client     = @@character_set_client */;
/*!40101 SET character_set_client = utf8 */;
CREATE TABLE `glpi_phonetypes` (
  `id` int(11) NOT NULL AUTO_INCREMENT,
  `name` varchar(255) COLLATE utf8_unicode_ci DEFAULT NULL,
  `comment` text COLLATE utf8_unicode_ci,
  PRIMARY KEY (`id`),
  KEY `name` (`name`)
) ENGINE=MyISAM DEFAULT CHARSET=utf8 COLLATE=utf8_unicode_ci;
/*!40101 SET character_set_client = @saved_cs_client */;

--
-- Dumping data for table `glpi_phonetypes`
--

LOCK TABLES `glpi_phonetypes` WRITE;
/*!40000 ALTER TABLE `glpi_phonetypes` DISABLE KEYS */;
/*!40000 ALTER TABLE `glpi_phonetypes` ENABLE KEYS */;
UNLOCK TABLES;

--
-- Table structure for table `glpi_plugin_archires_appliancequeries`
--

DROP TABLE IF EXISTS `glpi_plugin_archires_appliancequeries`;
/*!40101 SET @saved_cs_client     = @@character_set_client */;
/*!40101 SET character_set_client = utf8 */;
CREATE TABLE `glpi_plugin_archires_appliancequeries` (
  `id` int(11) NOT NULL AUTO_INCREMENT,
  `entities_id` int(11) NOT NULL DEFAULT '0',
  `name` varchar(255) COLLATE utf8_unicode_ci DEFAULT NULL,
  `appliances_id` int(11) NOT NULL DEFAULT '0' COMMENT 'RELATION to glpi_plugin_appliances (id)',
  `networks_id` int(11) NOT NULL DEFAULT '0' COMMENT 'RELATION to glpi_networks (id)',
  `states_id` int(11) NOT NULL DEFAULT '0' COMMENT 'RELATION to glpi_states (id)',
  `groups_id` int(11) NOT NULL DEFAULT '0' COMMENT 'RELATION to glpi_groups (id)',
  `plugin_archires_views_id` int(11) NOT NULL DEFAULT '0' COMMENT 'RELATION to glpi_plugin_archires_views (id)',
  `vlans_id` int(11) NOT NULL DEFAULT '0' COMMENT 'RELATION to glpi_vlans (id)',
  `notepad` longtext COLLATE utf8_unicode_ci,
  `is_deleted` tinyint(1) NOT NULL DEFAULT '0',
  PRIMARY KEY (`id`),
  KEY `name` (`name`),
  KEY `entities_id` (`entities_id`),
  KEY `appliances_id` (`appliances_id`),
  KEY `networks_id` (`networks_id`),
  KEY `groups_id` (`groups_id`),
  KEY `plugin_archires_views_id` (`plugin_archires_views_id`),
  KEY `states_id` (`states_id`),
  KEY `vlans_id` (`vlans_id`),
  KEY `is_deleted` (`is_deleted`)
) ENGINE=MyISAM DEFAULT CHARSET=utf8 COLLATE=utf8_unicode_ci;
/*!40101 SET character_set_client = @saved_cs_client */;

--
-- Dumping data for table `glpi_plugin_archires_appliancequeries`
--

LOCK TABLES `glpi_plugin_archires_appliancequeries` WRITE;
/*!40000 ALTER TABLE `glpi_plugin_archires_appliancequeries` DISABLE KEYS */;
/*!40000 ALTER TABLE `glpi_plugin_archires_appliancequeries` ENABLE KEYS */;
UNLOCK TABLES;

--
-- Table structure for table `glpi_plugin_archires_imageitems`
--

DROP TABLE IF EXISTS `glpi_plugin_archires_imageitems`;
/*!40101 SET @saved_cs_client     = @@character_set_client */;
/*!40101 SET character_set_client = utf8 */;
CREATE TABLE `glpi_plugin_archires_imageitems` (
  `id` int(11) NOT NULL AUTO_INCREMENT,
  `type` int(11) NOT NULL DEFAULT '0',
  `itemtype` varchar(100) COLLATE utf8_unicode_ci NOT NULL COMMENT 'see .class.php file',
  `img` varchar(50) COLLATE utf8_unicode_ci NOT NULL,
  PRIMARY KEY (`id`)
) ENGINE=MyISAM AUTO_INCREMENT=2 DEFAULT CHARSET=utf8 COLLATE=utf8_unicode_ci;
/*!40101 SET character_set_client = @saved_cs_client */;

--
-- Dumping data for table `glpi_plugin_archires_imageitems`
--

LOCK TABLES `glpi_plugin_archires_imageitems` WRITE;
/*!40000 ALTER TABLE `glpi_plugin_archires_imageitems` DISABLE KEYS */;
INSERT INTO `glpi_plugin_archires_imageitems` VALUES (1,0,'0','archires.png');
/*!40000 ALTER TABLE `glpi_plugin_archires_imageitems` ENABLE KEYS */;
UNLOCK TABLES;

--
-- Table structure for table `glpi_plugin_archires_locationqueries`
--

DROP TABLE IF EXISTS `glpi_plugin_archires_locationqueries`;
/*!40101 SET @saved_cs_client     = @@character_set_client */;
/*!40101 SET character_set_client = utf8 */;
CREATE TABLE `glpi_plugin_archires_locationqueries` (
  `id` int(11) NOT NULL AUTO_INCREMENT,
  `entities_id` int(11) NOT NULL DEFAULT '0',
  `name` varchar(255) COLLATE utf8_unicode_ci DEFAULT NULL,
  `locations_id` int(11) NOT NULL DEFAULT '0' COMMENT 'RELATION to glpi_locations (id)',
  `child` smallint(6) NOT NULL DEFAULT '0',
  `networks_id` int(11) NOT NULL DEFAULT '0' COMMENT 'RELATION to glpi_networks (id)',
  `states_id` int(11) NOT NULL DEFAULT '0' COMMENT 'RELATION to glpi_states (id)',
  `groups_id` int(11) NOT NULL DEFAULT '0' COMMENT 'RELATION to glpi_groups (id)',
  `plugin_archires_views_id` int(11) NOT NULL DEFAULT '0' COMMENT 'RELATION to glpi_plugin_archires_views (id)',
  `vlans_id` int(11) NOT NULL DEFAULT '0' COMMENT 'RELATION to glpi_vlans (id)',
  `notepad` longtext COLLATE utf8_unicode_ci,
  `is_deleted` tinyint(1) NOT NULL DEFAULT '0',
  PRIMARY KEY (`id`),
  KEY `name` (`name`),
  KEY `entities_id` (`entities_id`),
  KEY `locations_id` (`locations_id`),
  KEY `networks_id` (`networks_id`),
  KEY `groups_id` (`groups_id`),
  KEY `plugin_archires_views_id` (`plugin_archires_views_id`),
  KEY `states_id` (`states_id`),
  KEY `vlans_id` (`vlans_id`),
  KEY `is_deleted` (`is_deleted`)
) ENGINE=MyISAM DEFAULT CHARSET=utf8 COLLATE=utf8_unicode_ci;
/*!40101 SET character_set_client = @saved_cs_client */;

--
-- Dumping data for table `glpi_plugin_archires_locationqueries`
--

LOCK TABLES `glpi_plugin_archires_locationqueries` WRITE;
/*!40000 ALTER TABLE `glpi_plugin_archires_locationqueries` DISABLE KEYS */;
/*!40000 ALTER TABLE `glpi_plugin_archires_locationqueries` ENABLE KEYS */;
UNLOCK TABLES;

--
-- Table structure for table `glpi_plugin_archires_networkequipmentqueries`
--

DROP TABLE IF EXISTS `glpi_plugin_archires_networkequipmentqueries`;
/*!40101 SET @saved_cs_client     = @@character_set_client */;
/*!40101 SET character_set_client = utf8 */;
CREATE TABLE `glpi_plugin_archires_networkequipmentqueries` (
  `id` int(11) NOT NULL AUTO_INCREMENT,
  `entities_id` int(11) NOT NULL DEFAULT '0',
  `name` varchar(255) COLLATE utf8_unicode_ci DEFAULT NULL,
  `networkequipments_id` int(11) NOT NULL DEFAULT '0' COMMENT 'RELATION to glpi_networkequipments (id)',
  `networks_id` int(11) NOT NULL DEFAULT '0' COMMENT 'RELATION to glpi_networks (id)',
  `states_id` int(11) NOT NULL DEFAULT '0' COMMENT 'RELATION to glpi_states (id)',
  `groups_id` int(11) NOT NULL DEFAULT '0' COMMENT 'RELATION to glpi_groups (id)',
  `plugin_archires_views_id` int(11) NOT NULL DEFAULT '0' COMMENT 'RELATION to glpi_plugin_archires_views (id)',
  `vlans_id` int(11) NOT NULL DEFAULT '0' COMMENT 'RELATION to glpi_vlans (id)',
  `notepad` longtext COLLATE utf8_unicode_ci,
  `is_deleted` tinyint(1) NOT NULL DEFAULT '0',
  PRIMARY KEY (`id`),
  KEY `name` (`name`),
  KEY `entities_id` (`entities_id`),
  KEY `networkequipments_id` (`networkequipments_id`),
  KEY `networks_id` (`networks_id`),
  KEY `groups_id` (`groups_id`),
  KEY `plugin_archires_views_id` (`plugin_archires_views_id`),
  KEY `states_id` (`states_id`),
  KEY `vlans_id` (`vlans_id`),
  KEY `is_deleted` (`is_deleted`)
) ENGINE=MyISAM DEFAULT CHARSET=utf8 COLLATE=utf8_unicode_ci;
/*!40101 SET character_set_client = @saved_cs_client */;

--
-- Dumping data for table `glpi_plugin_archires_networkequipmentqueries`
--

LOCK TABLES `glpi_plugin_archires_networkequipmentqueries` WRITE;
/*!40000 ALTER TABLE `glpi_plugin_archires_networkequipmentqueries` DISABLE KEYS */;
/*!40000 ALTER TABLE `glpi_plugin_archires_networkequipmentqueries` ENABLE KEYS */;
UNLOCK TABLES;

--
-- Table structure for table `glpi_plugin_archires_networkinterfacecolors`
--

DROP TABLE IF EXISTS `glpi_plugin_archires_networkinterfacecolors`;
/*!40101 SET @saved_cs_client     = @@character_set_client */;
/*!40101 SET character_set_client = utf8 */;
CREATE TABLE `glpi_plugin_archires_networkinterfacecolors` (
  `id` int(11) NOT NULL AUTO_INCREMENT,
  `networkinterfaces_id` int(11) NOT NULL DEFAULT '0' COMMENT 'RELATION to glpi_networkinterfaces (id)',
  `color` varchar(50) COLLATE utf8_unicode_ci NOT NULL,
  PRIMARY KEY (`id`),
  KEY `networkinterfaces_id` (`networkinterfaces_id`)
) ENGINE=MyISAM DEFAULT CHARSET=utf8 COLLATE=utf8_unicode_ci;
/*!40101 SET character_set_client = @saved_cs_client */;

--
-- Dumping data for table `glpi_plugin_archires_networkinterfacecolors`
--

LOCK TABLES `glpi_plugin_archires_networkinterfacecolors` WRITE;
/*!40000 ALTER TABLE `glpi_plugin_archires_networkinterfacecolors` DISABLE KEYS */;
/*!40000 ALTER TABLE `glpi_plugin_archires_networkinterfacecolors` ENABLE KEYS */;
UNLOCK TABLES;

--
-- Table structure for table `glpi_plugin_archires_profiles`
--

DROP TABLE IF EXISTS `glpi_plugin_archires_profiles`;
/*!40101 SET @saved_cs_client     = @@character_set_client */;
/*!40101 SET character_set_client = utf8 */;
CREATE TABLE `glpi_plugin_archires_profiles` (
  `id` int(11) NOT NULL AUTO_INCREMENT,
  `profiles_id` int(11) NOT NULL DEFAULT '0' COMMENT 'RELATION to glpi_profiles (id)',
  `archires` char(1) COLLATE utf8_unicode_ci DEFAULT NULL,
  PRIMARY KEY (`id`),
  KEY `profiles_id` (`profiles_id`)
) ENGINE=MyISAM AUTO_INCREMENT=2 DEFAULT CHARSET=utf8 COLLATE=utf8_unicode_ci;
/*!40101 SET character_set_client = @saved_cs_client */;

--
-- Dumping data for table `glpi_plugin_archires_profiles`
--

LOCK TABLES `glpi_plugin_archires_profiles` WRITE;
/*!40000 ALTER TABLE `glpi_plugin_archires_profiles` DISABLE KEYS */;
INSERT INTO `glpi_plugin_archires_profiles` VALUES (1,4,'w');
/*!40000 ALTER TABLE `glpi_plugin_archires_profiles` ENABLE KEYS */;
UNLOCK TABLES;

--
-- Table structure for table `glpi_plugin_archires_querytypes`
--

DROP TABLE IF EXISTS `glpi_plugin_archires_querytypes`;
/*!40101 SET @saved_cs_client     = @@character_set_client */;
/*!40101 SET character_set_client = utf8 */;
CREATE TABLE `glpi_plugin_archires_querytypes` (
  `id` int(11) NOT NULL AUTO_INCREMENT,
  `querytype` varchar(100) COLLATE utf8_unicode_ci NOT NULL COMMENT 'RELATION to the 3 type of archires (type)',
  `type` int(11) NOT NULL DEFAULT '0',
  `itemtype` varchar(100) COLLATE utf8_unicode_ci NOT NULL COMMENT 'see .class.php file',
  `plugin_archires_queries_id` int(11) NOT NULL DEFAULT '0' COMMENT 'RELATION to the 3 queries tables (id)',
  PRIMARY KEY (`id`),
  KEY `plugin_archires_queries_id` (`plugin_archires_queries_id`),
  KEY `type` (`type`),
  KEY `querytype` (`querytype`),
  KEY `itemtype` (`itemtype`)
) ENGINE=MyISAM DEFAULT CHARSET=utf8 COLLATE=utf8_unicode_ci;
/*!40101 SET character_set_client = @saved_cs_client */;

--
-- Dumping data for table `glpi_plugin_archires_querytypes`
--

LOCK TABLES `glpi_plugin_archires_querytypes` WRITE;
/*!40000 ALTER TABLE `glpi_plugin_archires_querytypes` DISABLE KEYS */;
/*!40000 ALTER TABLE `glpi_plugin_archires_querytypes` ENABLE KEYS */;
UNLOCK TABLES;

--
-- Table structure for table `glpi_plugin_archires_statecolors`
--

DROP TABLE IF EXISTS `glpi_plugin_archires_statecolors`;
/*!40101 SET @saved_cs_client     = @@character_set_client */;
/*!40101 SET character_set_client = utf8 */;
CREATE TABLE `glpi_plugin_archires_statecolors` (
  `id` int(11) NOT NULL AUTO_INCREMENT,
  `states_id` int(11) NOT NULL DEFAULT '0' COMMENT 'RELATION to glpi_states (id)',
  `color` varchar(50) COLLATE utf8_unicode_ci NOT NULL,
  PRIMARY KEY (`id`),
  KEY `states_id` (`states_id`)
) ENGINE=MyISAM DEFAULT CHARSET=utf8 COLLATE=utf8_unicode_ci;
/*!40101 SET character_set_client = @saved_cs_client */;

--
-- Dumping data for table `glpi_plugin_archires_statecolors`
--

LOCK TABLES `glpi_plugin_archires_statecolors` WRITE;
/*!40000 ALTER TABLE `glpi_plugin_archires_statecolors` DISABLE KEYS */;
/*!40000 ALTER TABLE `glpi_plugin_archires_statecolors` ENABLE KEYS */;
UNLOCK TABLES;

--
-- Table structure for table `glpi_plugin_archires_views`
--

DROP TABLE IF EXISTS `glpi_plugin_archires_views`;
/*!40101 SET @saved_cs_client     = @@character_set_client */;
/*!40101 SET character_set_client = utf8 */;
CREATE TABLE `glpi_plugin_archires_views` (
  `id` int(11) NOT NULL AUTO_INCREMENT,
  `entities_id` int(11) NOT NULL DEFAULT '0',
  `name` varchar(255) COLLATE utf8_unicode_ci DEFAULT NULL,
  `computer` smallint(6) NOT NULL DEFAULT '0',
  `networking` smallint(6) NOT NULL DEFAULT '0',
  `printer` smallint(6) NOT NULL DEFAULT '0',
  `peripheral` smallint(6) NOT NULL DEFAULT '0',
  `phone` smallint(6) NOT NULL DEFAULT '0',
  `display_ports` smallint(6) NOT NULL DEFAULT '0',
  `display_ip` smallint(6) NOT NULL DEFAULT '0',
  `display_type` smallint(6) NOT NULL DEFAULT '0',
  `display_state` smallint(6) NOT NULL DEFAULT '0',
  `display_location` smallint(6) NOT NULL DEFAULT '0',
  `display_entity` smallint(6) NOT NULL DEFAULT '0',
  `engine` smallint(6) NOT NULL DEFAULT '0',
  `format` smallint(6) NOT NULL DEFAULT '0',
  `color` smallint(6) NOT NULL DEFAULT '0',
  `is_deleted` tinyint(1) NOT NULL DEFAULT '0',
  PRIMARY KEY (`id`),
  KEY `name` (`name`),
  KEY `entities_id` (`entities_id`),
  KEY `is_deleted` (`is_deleted`)
) ENGINE=MyISAM AUTO_INCREMENT=2 DEFAULT CHARSET=utf8 COLLATE=utf8_unicode_ci;
/*!40101 SET character_set_client = @saved_cs_client */;

--
-- Dumping data for table `glpi_plugin_archires_views`
--

LOCK TABLES `glpi_plugin_archires_views` WRITE;
/*!40000 ALTER TABLE `glpi_plugin_archires_views` DISABLE KEYS */;
INSERT INTO `glpi_plugin_archires_views` VALUES (1,0,'default',1,1,1,1,1,0,0,0,0,0,0,0,1,1,0);
/*!40000 ALTER TABLE `glpi_plugin_archires_views` ENABLE KEYS */;
UNLOCK TABLES;

--
-- Table structure for table `glpi_plugin_archires_vlancolors`
--

DROP TABLE IF EXISTS `glpi_plugin_archires_vlancolors`;
/*!40101 SET @saved_cs_client     = @@character_set_client */;
/*!40101 SET character_set_client = utf8 */;
CREATE TABLE `glpi_plugin_archires_vlancolors` (
  `id` int(11) NOT NULL AUTO_INCREMENT,
  `vlans_id` int(11) NOT NULL DEFAULT '0' COMMENT 'RELATION to glpi_vlans (id)',
  `color` varchar(50) COLLATE utf8_unicode_ci NOT NULL,
  PRIMARY KEY (`id`),
  KEY `vlans_id` (`vlans_id`)
) ENGINE=MyISAM DEFAULT CHARSET=utf8 COLLATE=utf8_unicode_ci;
/*!40101 SET character_set_client = @saved_cs_client */;

--
-- Dumping data for table `glpi_plugin_archires_vlancolors`
--

LOCK TABLES `glpi_plugin_archires_vlancolors` WRITE;
/*!40000 ALTER TABLE `glpi_plugin_archires_vlancolors` DISABLE KEYS */;
/*!40000 ALTER TABLE `glpi_plugin_archires_vlancolors` ENABLE KEYS */;
UNLOCK TABLES;

--
-- Table structure for table `glpi_plugin_badges_badges`
--

DROP TABLE IF EXISTS `glpi_plugin_badges_badges`;
/*!40101 SET @saved_cs_client     = @@character_set_client */;
/*!40101 SET character_set_client = utf8 */;
CREATE TABLE `glpi_plugin_badges_badges` (
  `id` int(11) NOT NULL AUTO_INCREMENT,
  `entities_id` int(11) NOT NULL DEFAULT '0',
  `name` varchar(255) COLLATE utf8_unicode_ci DEFAULT NULL,
  `serial` varchar(255) COLLATE utf8_unicode_ci DEFAULT NULL,
  `plugin_badges_badgetypes_id` int(11) NOT NULL DEFAULT '0' COMMENT 'RELATION to glpi_plugin_badges_badgetypes (id)',
  `locations_id` int(11) NOT NULL DEFAULT '0' COMMENT 'RELATION to glpi_locations (id)',
  `date_affectation` date DEFAULT NULL,
  `date_expiration` date DEFAULT NULL,
  `states_id` int(11) NOT NULL DEFAULT '0' COMMENT 'RELATION to glpi_states (id)',
  `users_id` int(11) NOT NULL DEFAULT '0' COMMENT 'RELATION to glpi_users (id)',
  `is_helpdesk_visible` int(11) NOT NULL DEFAULT '1',
  `date_mod` datetime DEFAULT NULL,
  `comment` text COLLATE utf8_unicode_ci,
  `notepad` longtext COLLATE utf8_unicode_ci,
  `is_deleted` tinyint(1) NOT NULL DEFAULT '0',
  PRIMARY KEY (`id`),
  KEY `name` (`name`),
  KEY `entities_id` (`entities_id`),
  KEY `plugin_badges_badgetypes_id` (`plugin_badges_badgetypes_id`),
  KEY `locations_id` (`locations_id`),
  KEY `date_expiration` (`date_expiration`),
  KEY `states_id` (`states_id`),
  KEY `users_id` (`users_id`),
  KEY `is_helpdesk_visible` (`is_helpdesk_visible`),
  KEY `is_deleted` (`is_deleted`)
) ENGINE=MyISAM AUTO_INCREMENT=4 DEFAULT CHARSET=utf8 COLLATE=utf8_unicode_ci;
/*!40101 SET character_set_client = @saved_cs_client */;

--
-- Dumping data for table `glpi_plugin_badges_badges`
--

LOCK TABLES `glpi_plugin_badges_badges` WRITE;
/*!40000 ALTER TABLE `glpi_plugin_badges_badges` DISABLE KEYS */;
INSERT INTO `glpi_plugin_badges_badges` VALUES (1,0,'35571','35571',1,3,'2013-03-26',NULL,1,8,0,'2013-03-26 13:10:20','',NULL,0),(2,0,'35572','35572',1,3,'2013-03-26',NULL,1,126,0,'2013-03-26 13:27:27','',NULL,0),(3,0,'24678','24678',1,3,'2012-09-13',NULL,1,66,0,'2013-03-26 13:34:29','',NULL,0);
/*!40000 ALTER TABLE `glpi_plugin_badges_badges` ENABLE KEYS */;
UNLOCK TABLES;

--
-- Table structure for table `glpi_plugin_badges_badgetypes`
--

DROP TABLE IF EXISTS `glpi_plugin_badges_badgetypes`;
/*!40101 SET @saved_cs_client     = @@character_set_client */;
/*!40101 SET character_set_client = utf8 */;
CREATE TABLE `glpi_plugin_badges_badgetypes` (
  `id` int(11) NOT NULL AUTO_INCREMENT,
  `entities_id` int(11) NOT NULL DEFAULT '0',
  `name` varchar(255) COLLATE utf8_unicode_ci DEFAULT NULL,
  `comment` text COLLATE utf8_unicode_ci,
  PRIMARY KEY (`id`),
  KEY `name` (`name`),
  KEY `entities_id` (`entities_id`)
) ENGINE=MyISAM AUTO_INCREMENT=5 DEFAULT CHARSET=utf8 COLLATE=utf8_unicode_ci;
/*!40101 SET character_set_client = @saved_cs_client */;

--
-- Dumping data for table `glpi_plugin_badges_badgetypes`
--

LOCK TABLES `glpi_plugin_badges_badgetypes` WRITE;
/*!40000 ALTER TABLE `glpi_plugin_badges_badgetypes` DISABLE KEYS */;
INSERT INTO `glpi_plugin_badges_badgetypes` VALUES (1,0,'Employees',''),(2,0,'Contractors',''),(3,0,'Managers',''),(4,0,'Temporary','');
/*!40000 ALTER TABLE `glpi_plugin_badges_badgetypes` ENABLE KEYS */;
UNLOCK TABLES;

--
-- Table structure for table `glpi_plugin_badges_configs`
--

DROP TABLE IF EXISTS `glpi_plugin_badges_configs`;
/*!40101 SET @saved_cs_client     = @@character_set_client */;
/*!40101 SET character_set_client = utf8 */;
CREATE TABLE `glpi_plugin_badges_configs` (
  `id` int(11) NOT NULL AUTO_INCREMENT,
  `delay_expired` varchar(50) COLLATE utf8_unicode_ci NOT NULL DEFAULT '30',
  `delay_whichexpire` varchar(50) COLLATE utf8_unicode_ci NOT NULL DEFAULT '30',
  PRIMARY KEY (`id`)
) ENGINE=MyISAM AUTO_INCREMENT=2 DEFAULT CHARSET=utf8 COLLATE=utf8_unicode_ci;
/*!40101 SET character_set_client = @saved_cs_client */;

--
-- Dumping data for table `glpi_plugin_badges_configs`
--

LOCK TABLES `glpi_plugin_badges_configs` WRITE;
/*!40000 ALTER TABLE `glpi_plugin_badges_configs` DISABLE KEYS */;
INSERT INTO `glpi_plugin_badges_configs` VALUES (1,'30','30');
/*!40000 ALTER TABLE `glpi_plugin_badges_configs` ENABLE KEYS */;
UNLOCK TABLES;

--
-- Table structure for table `glpi_plugin_badges_notificationstates`
--

DROP TABLE IF EXISTS `glpi_plugin_badges_notificationstates`;
/*!40101 SET @saved_cs_client     = @@character_set_client */;
/*!40101 SET character_set_client = utf8 */;
CREATE TABLE `glpi_plugin_badges_notificationstates` (
  `id` int(11) NOT NULL AUTO_INCREMENT,
  `states_id` int(11) NOT NULL DEFAULT '0' COMMENT 'RELATION to glpi_states (id)',
  PRIMARY KEY (`id`),
  KEY `states_id` (`states_id`)
) ENGINE=MyISAM DEFAULT CHARSET=utf8 COLLATE=utf8_unicode_ci;
/*!40101 SET character_set_client = @saved_cs_client */;

--
-- Dumping data for table `glpi_plugin_badges_notificationstates`
--

LOCK TABLES `glpi_plugin_badges_notificationstates` WRITE;
/*!40000 ALTER TABLE `glpi_plugin_badges_notificationstates` DISABLE KEYS */;
/*!40000 ALTER TABLE `glpi_plugin_badges_notificationstates` ENABLE KEYS */;
UNLOCK TABLES;

--
-- Table structure for table `glpi_plugin_badges_profiles`
--

DROP TABLE IF EXISTS `glpi_plugin_badges_profiles`;
/*!40101 SET @saved_cs_client     = @@character_set_client */;
/*!40101 SET character_set_client = utf8 */;
CREATE TABLE `glpi_plugin_badges_profiles` (
  `id` int(11) NOT NULL AUTO_INCREMENT,
  `profiles_id` int(11) NOT NULL DEFAULT '0' COMMENT 'RELATION to glpi_profiles (id)',
  `badges` char(1) COLLATE utf8_unicode_ci DEFAULT NULL,
  `open_ticket` char(1) COLLATE utf8_unicode_ci DEFAULT NULL,
  PRIMARY KEY (`id`),
  KEY `profiles_id` (`profiles_id`)
) ENGINE=MyISAM AUTO_INCREMENT=2 DEFAULT CHARSET=utf8 COLLATE=utf8_unicode_ci;
/*!40101 SET character_set_client = @saved_cs_client */;

--
-- Dumping data for table `glpi_plugin_badges_profiles`
--

LOCK TABLES `glpi_plugin_badges_profiles` WRITE;
/*!40000 ALTER TABLE `glpi_plugin_badges_profiles` DISABLE KEYS */;
INSERT INTO `glpi_plugin_badges_profiles` VALUES (1,4,'w','1');
/*!40000 ALTER TABLE `glpi_plugin_badges_profiles` ENABLE KEYS */;
UNLOCK TABLES;

--
-- Table structure for table `glpi_plugin_dumpentity_clients`
--

DROP TABLE IF EXISTS `glpi_plugin_dumpentity_clients`;
/*!40101 SET @saved_cs_client     = @@character_set_client */;
/*!40101 SET character_set_client = utf8 */;
CREATE TABLE `glpi_plugin_dumpentity_clients` (
  `id` int(11) NOT NULL AUTO_INCREMENT,
  `name` varchar(255) NOT NULL DEFAULT '0',
  `comment` text,
  `date_mod` datetime DEFAULT NULL,
  `ip` varchar(255) NOT NULL DEFAULT '0',
  `models_id` int(11) NOT NULL DEFAULT '0',
  `entities_id` int(11) NOT NULL DEFAULT '0',
  `is_recursive` tinyint(1) NOT NULL DEFAULT '0',
  `use_time_exclusion` smallint(1) NOT NULL DEFAULT '0',
  `allow_start_time` time NOT NULL DEFAULT '00:00:00',
  `allow_end_time` time NOT NULL DEFAULT '00:00:00',
  PRIMARY KEY (`id`),
  UNIQUE KEY `unicity` (`ip`)
) ENGINE=MyISAM DEFAULT CHARSET=utf8;
/*!40101 SET character_set_client = @saved_cs_client */;

--
-- Dumping data for table `glpi_plugin_dumpentity_clients`
--

LOCK TABLES `glpi_plugin_dumpentity_clients` WRITE;
/*!40000 ALTER TABLE `glpi_plugin_dumpentity_clients` DISABLE KEYS */;
/*!40000 ALTER TABLE `glpi_plugin_dumpentity_clients` ENABLE KEYS */;
UNLOCK TABLES;

--
-- Table structure for table `glpi_plugin_dumpentity_models`
--

DROP TABLE IF EXISTS `glpi_plugin_dumpentity_models`;
/*!40101 SET @saved_cs_client     = @@character_set_client */;
/*!40101 SET character_set_client = utf8 */;
CREATE TABLE `glpi_plugin_dumpentity_models` (
  `id` int(11) NOT NULL AUTO_INCREMENT,
  `name` varchar(255) NOT NULL DEFAULT '0',
  `comment` text,
  `date_mod` datetime DEFAULT NULL,
  `glpi_alerts` tinyint(1) NOT NULL DEFAULT '0',
  `glpi_authldaps` tinyint(1) NOT NULL DEFAULT '0',
  `glpi_authmails` tinyint(1) NOT NULL DEFAULT '0',
  `glpi_autoupdatesystems` tinyint(1) NOT NULL DEFAULT '0',
  `glpi_bookmarks` tinyint(1) NOT NULL DEFAULT '0',
  `glpi_bookmarks_users` tinyint(1) NOT NULL DEFAULT '0',
  `glpi_budgets` tinyint(1) NOT NULL DEFAULT '0',
  `glpi_calendars` tinyint(1) NOT NULL DEFAULT '0',
  `glpi_calendarsegments` tinyint(1) NOT NULL DEFAULT '0',
  `glpi_calendars_holidays` tinyint(1) NOT NULL DEFAULT '0',
  `glpi_cartridgeitems` tinyint(1) NOT NULL DEFAULT '0',
  `glpi_cartridgeitems_printermodels` tinyint(1) NOT NULL DEFAULT '0',
  `glpi_cartridgeitemtypes` tinyint(1) NOT NULL DEFAULT '0',
  `glpi_cartridges` tinyint(1) NOT NULL DEFAULT '0',
  `glpi_changes` tinyint(1) NOT NULL DEFAULT '0',
  `glpi_changes_groups` tinyint(1) NOT NULL DEFAULT '0',
  `glpi_changes_items` tinyint(1) NOT NULL DEFAULT '0',
  `glpi_changes_problems` tinyint(1) NOT NULL DEFAULT '0',
  `glpi_changes_tickets` tinyint(1) NOT NULL DEFAULT '0',
  `glpi_changes_users` tinyint(1) NOT NULL DEFAULT '0',
  `glpi_changetasks` tinyint(1) NOT NULL DEFAULT '0',
  `glpi_computerdisks` tinyint(1) NOT NULL DEFAULT '0',
  `glpi_computermodels` tinyint(1) NOT NULL DEFAULT '0',
  `glpi_computers` tinyint(1) NOT NULL DEFAULT '0',
  `glpi_computers_devicecases` tinyint(1) NOT NULL DEFAULT '0',
  `glpi_computers_devicecontrols` tinyint(1) NOT NULL DEFAULT '0',
  `glpi_computers_devicedrives` tinyint(1) NOT NULL DEFAULT '0',
  `glpi_computers_devicegraphiccards` tinyint(1) NOT NULL DEFAULT '0',
  `glpi_computers_deviceharddrives` tinyint(1) NOT NULL DEFAULT '0',
  `glpi_computers_devicememories` tinyint(1) NOT NULL DEFAULT '0',
  `glpi_computers_devicemotherboards` tinyint(1) NOT NULL DEFAULT '0',
  `glpi_computers_devicenetworkcards` tinyint(1) NOT NULL DEFAULT '0',
  `glpi_computers_devicepcis` tinyint(1) NOT NULL DEFAULT '0',
  `glpi_computers_devicepowersupplies` tinyint(1) NOT NULL DEFAULT '0',
  `glpi_computers_deviceprocessors` tinyint(1) NOT NULL DEFAULT '0',
  `glpi_computers_devicesoundcards` tinyint(1) NOT NULL DEFAULT '0',
  `glpi_computers_items` tinyint(1) NOT NULL DEFAULT '0',
  `glpi_computers_softwarelicenses` tinyint(1) NOT NULL DEFAULT '0',
  `glpi_computers_softwareversions` tinyint(1) NOT NULL DEFAULT '0',
  `glpi_computertypes` tinyint(1) NOT NULL DEFAULT '0',
  `glpi_computervirtualmachines` tinyint(1) NOT NULL DEFAULT '0',
  `glpi_consumableitems` tinyint(1) NOT NULL DEFAULT '0',
  `glpi_consumableitemtypes` tinyint(1) NOT NULL DEFAULT '0',
  `glpi_consumables` tinyint(1) NOT NULL DEFAULT '0',
  `glpi_contacts` tinyint(1) NOT NULL DEFAULT '0',
  `glpi_contacts_suppliers` tinyint(1) NOT NULL DEFAULT '0',
  `glpi_contacttypes` tinyint(1) NOT NULL DEFAULT '0',
  `glpi_contracts` tinyint(1) NOT NULL DEFAULT '0',
  `glpi_contracts_items` tinyint(1) NOT NULL DEFAULT '0',
  `glpi_contracts_suppliers` tinyint(1) NOT NULL DEFAULT '0',
  `glpi_contracttypes` tinyint(1) NOT NULL DEFAULT '0',
  `glpi_devicecases` tinyint(1) NOT NULL DEFAULT '0',
  `glpi_devicecasetypes` tinyint(1) NOT NULL DEFAULT '0',
  `glpi_devicecontrols` tinyint(1) NOT NULL DEFAULT '0',
  `glpi_devicedrives` tinyint(1) NOT NULL DEFAULT '0',
  `glpi_devicegraphiccards` tinyint(1) NOT NULL DEFAULT '0',
  `glpi_deviceharddrives` tinyint(1) NOT NULL DEFAULT '0',
  `glpi_devicememories` tinyint(1) NOT NULL DEFAULT '0',
  `glpi_devicememorytypes` tinyint(1) NOT NULL DEFAULT '0',
  `glpi_devicemotherboards` tinyint(1) NOT NULL DEFAULT '0',
  `glpi_devicenetworkcards` tinyint(1) NOT NULL DEFAULT '0',
  `glpi_devicepcis` tinyint(1) NOT NULL DEFAULT '0',
  `glpi_devicepowersupplies` tinyint(1) NOT NULL DEFAULT '0',
  `glpi_deviceprocessors` tinyint(1) NOT NULL DEFAULT '0',
  `glpi_devicesoundcards` tinyint(1) NOT NULL DEFAULT '0',
  `glpi_documentcategories` tinyint(1) NOT NULL DEFAULT '0',
  `glpi_documents` tinyint(1) NOT NULL DEFAULT '0',
  `glpi_documents_items` tinyint(1) NOT NULL DEFAULT '0',
  `glpi_documenttypes` tinyint(1) NOT NULL DEFAULT '0',
  `glpi_domains` tinyint(1) NOT NULL DEFAULT '0',
  `glpi_entities` tinyint(1) NOT NULL DEFAULT '0',
  `glpi_entities_reminders` tinyint(1) NOT NULL DEFAULT '0',
  `glpi_entitydatas` tinyint(1) NOT NULL DEFAULT '0',
  `glpi_filesystems` tinyint(1) NOT NULL DEFAULT '0',
  `glpi_groups` tinyint(1) NOT NULL DEFAULT '0',
  `glpi_groups_problems` tinyint(1) NOT NULL DEFAULT '0',
  `glpi_groups_reminders` tinyint(1) NOT NULL DEFAULT '0',
  `glpi_groups_tickets` tinyint(1) NOT NULL DEFAULT '0',
  `glpi_groups_users` tinyint(1) NOT NULL DEFAULT '0',
  `glpi_holidays` tinyint(1) NOT NULL DEFAULT '0',
  `glpi_infocoms` tinyint(1) NOT NULL DEFAULT '0',
  `glpi_interfacetypes` tinyint(1) NOT NULL DEFAULT '0',
  `glpi_items_problems` tinyint(1) NOT NULL DEFAULT '0',
  `glpi_itilcategories` tinyint(1) NOT NULL DEFAULT '0',
  `glpi_knowbaseitemcategories` tinyint(1) NOT NULL DEFAULT '0',
  `glpi_knowbaseitems` tinyint(1) NOT NULL DEFAULT '0',
  `glpi_links` tinyint(1) NOT NULL DEFAULT '0',
  `glpi_links_itemtypes` tinyint(1) NOT NULL DEFAULT '0',
  `glpi_locations` tinyint(1) NOT NULL DEFAULT '0',
  `glpi_manufacturers` tinyint(1) NOT NULL DEFAULT '0',
  `glpi_monitormodels` tinyint(1) NOT NULL DEFAULT '0',
  `glpi_monitors` tinyint(1) NOT NULL DEFAULT '0',
  `glpi_monitortypes` tinyint(1) NOT NULL DEFAULT '0',
  `glpi_netpoints` tinyint(1) NOT NULL DEFAULT '0',
  `glpi_networkequipmentfirmwares` tinyint(1) NOT NULL DEFAULT '0',
  `glpi_networkequipmentmodels` tinyint(1) NOT NULL DEFAULT '0',
  `glpi_networkequipments` tinyint(1) NOT NULL DEFAULT '0',
  `glpi_networkequipmenttypes` tinyint(1) NOT NULL DEFAULT '0',
  `glpi_networkinterfaces` tinyint(1) NOT NULL DEFAULT '0',
  `glpi_networkports` tinyint(1) NOT NULL DEFAULT '0',
  `glpi_networkports_networkports` tinyint(1) NOT NULL DEFAULT '0',
  `glpi_networkports_vlans` tinyint(1) NOT NULL DEFAULT '0',
  `glpi_networks` tinyint(1) NOT NULL DEFAULT '0',
  `glpi_operatingsystems` tinyint(1) NOT NULL DEFAULT '0',
  `glpi_operatingsystemservicepacks` tinyint(1) NOT NULL DEFAULT '0',
  `glpi_operatingsystemversions` tinyint(1) NOT NULL DEFAULT '0',
  `glpi_peripheralmodels` tinyint(1) NOT NULL DEFAULT '0',
  `glpi_peripherals` tinyint(1) NOT NULL DEFAULT '0',
  `glpi_peripheraltypes` tinyint(1) NOT NULL DEFAULT '0',
  `glpi_phonemodels` tinyint(1) NOT NULL DEFAULT '0',
  `glpi_phonepowersupplies` tinyint(1) NOT NULL DEFAULT '0',
  `glpi_phones` tinyint(1) NOT NULL DEFAULT '0',
  `glpi_phonetypes` tinyint(1) NOT NULL DEFAULT '0',
  `glpi_printermodels` tinyint(1) NOT NULL DEFAULT '0',
  `glpi_printers` tinyint(1) NOT NULL DEFAULT '0',
  `glpi_printertypes` tinyint(1) NOT NULL DEFAULT '0',
  `glpi_problems` tinyint(1) NOT NULL DEFAULT '0',
  `glpi_problems_tickets` tinyint(1) NOT NULL DEFAULT '0',
  `glpi_problems_users` tinyint(1) NOT NULL DEFAULT '0',
  `glpi_problemtasks` tinyint(1) NOT NULL DEFAULT '0',
  `glpi_profiles` tinyint(1) NOT NULL DEFAULT '0',
  `glpi_profiles_reminders` tinyint(1) NOT NULL DEFAULT '0',
  `glpi_profiles_users` tinyint(1) NOT NULL DEFAULT '0',
  `glpi_registrykeys` tinyint(1) NOT NULL DEFAULT '0',
  `glpi_reminders` tinyint(1) NOT NULL DEFAULT '0',
  `glpi_reminders_users` tinyint(1) NOT NULL DEFAULT '0',
  `glpi_reservationitems` tinyint(1) NOT NULL DEFAULT '0',
  `glpi_reservations` tinyint(1) NOT NULL DEFAULT '0',
  `glpi_softwarecategories` tinyint(1) NOT NULL DEFAULT '0',
  `glpi_softwarelicenses` tinyint(1) NOT NULL DEFAULT '0',
  `glpi_softwarelicensetypes` tinyint(1) NOT NULL DEFAULT '0',
  `glpi_softwares` tinyint(1) NOT NULL DEFAULT '0',
  `glpi_softwareversions` tinyint(1) NOT NULL DEFAULT '0',
  `glpi_solutiontypes` tinyint(1) NOT NULL DEFAULT '0',
  `glpi_states` tinyint(1) NOT NULL DEFAULT '0',
  `glpi_suppliers` tinyint(1) NOT NULL DEFAULT '0',
  `glpi_suppliertypes` tinyint(1) NOT NULL DEFAULT '0',
  `glpi_taskcategories` tinyint(1) NOT NULL DEFAULT '0',
  `glpi_ticketfollowups` tinyint(1) NOT NULL DEFAULT '0',
  `glpi_ticketrecurrents` tinyint(1) NOT NULL DEFAULT '0',
  `glpi_tickets` tinyint(1) NOT NULL DEFAULT '0',
  `glpi_ticketsatisfactions` tinyint(1) NOT NULL DEFAULT '0',
  `glpi_tickets_tickets` tinyint(1) NOT NULL DEFAULT '0',
  `glpi_tickets_users` tinyint(1) NOT NULL DEFAULT '0',
  `glpi_tickettasks` tinyint(1) NOT NULL DEFAULT '0',
  `glpi_ticketvalidations` tinyint(1) NOT NULL DEFAULT '0',
  `glpi_usercategories` tinyint(1) NOT NULL DEFAULT '0',
  `glpi_useremails` tinyint(1) NOT NULL DEFAULT '0',
  `glpi_users` tinyint(1) NOT NULL DEFAULT '0',
  `glpi_usertitles` tinyint(1) NOT NULL DEFAULT '0',
  `glpi_vlans` tinyint(1) NOT NULL DEFAULT '0',
  PRIMARY KEY (`id`)
) ENGINE=MyISAM AUTO_INCREMENT=3 DEFAULT CHARSET=utf8;
/*!40101 SET character_set_client = @saved_cs_client */;

--
-- Dumping data for table `glpi_plugin_dumpentity_models`
--

LOCK TABLES `glpi_plugin_dumpentity_models` WRITE;
/*!40000 ALTER TABLE `glpi_plugin_dumpentity_models` DISABLE KEYS */;
INSERT INTO `glpi_plugin_dumpentity_models` VALUES (1,'Full export',NULL,NULL,0,1,1,1,1,1,1,1,1,1,1,1,1,1,1,1,1,1,1,1,1,1,1,1,1,1,1,1,1,1,1,1,1,1,1,1,1,1,1,1,1,1,1,1,1,1,1,1,1,1,1,1,1,1,1,1,1,1,1,1,1,1,1,1,1,1,1,1,1,1,1,1,1,1,1,1,1,1,1,1,1,1,1,1,1,1,1,1,1,1,1,1,1,1,1,1,1,1,1,1,1,1,1,1,1,1,1,1,1,1,1,1,1,1,1,1,1,1,1,1,1,1,1,1,1,1,1,1,1,1,1,1,1,1,1,1,1,1,1,1,1,1,1,1,1,1,1,1,1,1,1),(2,'Minimum Export for local HelpDesk',NULL,NULL,0,0,0,0,0,0,0,0,0,0,0,0,0,0,0,0,0,0,0,0,0,0,1,1,0,0,0,0,0,0,0,0,0,0,0,0,0,0,0,1,0,0,0,0,0,0,0,0,0,0,0,0,0,0,0,0,0,0,0,0,0,0,0,0,0,0,0,0,0,0,0,0,0,0,0,0,0,0,0,0,0,0,0,0,0,0,0,0,1,0,1,1,1,0,0,0,0,0,0,0,0,0,0,1,1,1,0,0,0,0,0,0,0,1,1,1,0,0,0,0,0,0,0,0,0,0,0,0,0,0,0,1,0,0,1,0,0,0,0,0,0,0,0,0,0,0,0,0,0,0,0);
/*!40000 ALTER TABLE `glpi_plugin_dumpentity_models` ENABLE KEYS */;
UNLOCK TABLES;

--
-- Table structure for table `glpi_plugin_dumpentity_profiles`
--

DROP TABLE IF EXISTS `glpi_plugin_dumpentity_profiles`;
/*!40101 SET @saved_cs_client     = @@character_set_client */;
/*!40101 SET character_set_client = utf8 */;
CREATE TABLE `glpi_plugin_dumpentity_profiles` (
  `id` int(11) NOT NULL AUTO_INCREMENT,
  `models_id` int(11) NOT NULL DEFAULT '0',
  `profiles_id` int(11) NOT NULL DEFAULT '0',
  PRIMARY KEY (`id`),
  UNIQUE KEY `unicity` (`profiles_id`)
) ENGINE=MyISAM AUTO_INCREMENT=3 DEFAULT CHARSET=utf8;
/*!40101 SET character_set_client = @saved_cs_client */;

--
-- Dumping data for table `glpi_plugin_dumpentity_profiles`
--

LOCK TABLES `glpi_plugin_dumpentity_profiles` WRITE;
/*!40000 ALTER TABLE `glpi_plugin_dumpentity_profiles` DISABLE KEYS */;
INSERT INTO `glpi_plugin_dumpentity_profiles` VALUES (1,1,4),(2,0,3);
/*!40000 ALTER TABLE `glpi_plugin_dumpentity_profiles` ENABLE KEYS */;
UNLOCK TABLES;

--
-- Table structure for table `glpi_plugin_genericobject_profiles`
--

DROP TABLE IF EXISTS `glpi_plugin_genericobject_profiles`;
/*!40101 SET @saved_cs_client     = @@character_set_client */;
/*!40101 SET character_set_client = utf8 */;
CREATE TABLE `glpi_plugin_genericobject_profiles` (
  `id` int(11) NOT NULL AUTO_INCREMENT,
  `profiles_id` int(11) NOT NULL DEFAULT '0',
  `itemtype` varchar(255) COLLATE utf8_unicode_ci DEFAULT NULL,
  `right` char(1) COLLATE utf8_unicode_ci DEFAULT NULL,
  `open_ticket` char(1) COLLATE utf8_unicode_ci NOT NULL DEFAULT '0',
  PRIMARY KEY (`id`),
  KEY `name` (`profiles_id`)
) ENGINE=MyISAM AUTO_INCREMENT=22 DEFAULT CHARSET=utf8 COLLATE=utf8_unicode_ci;
/*!40101 SET character_set_client = @saved_cs_client */;

--
-- Dumping data for table `glpi_plugin_genericobject_profiles`
--

LOCK TABLES `glpi_plugin_genericobject_profiles` WRITE;
/*!40000 ALTER TABLE `glpi_plugin_genericobject_profiles` DISABLE KEYS */;
/*!40000 ALTER TABLE `glpi_plugin_genericobject_profiles` ENABLE KEYS */;
UNLOCK TABLES;

--
-- Table structure for table `glpi_plugin_genericobject_types`
--

DROP TABLE IF EXISTS `glpi_plugin_genericobject_types`;
/*!40101 SET @saved_cs_client     = @@character_set_client */;
/*!40101 SET character_set_client = utf8 */;
CREATE TABLE `glpi_plugin_genericobject_types` (
  `id` int(11) NOT NULL AUTO_INCREMENT,
  `entities_id` int(11) NOT NULL DEFAULT '0',
  `itemtype` varchar(255) COLLATE utf8_unicode_ci DEFAULT NULL,
  `is_active` tinyint(1) NOT NULL DEFAULT '0',
  `name` varchar(255) COLLATE utf8_unicode_ci DEFAULT NULL,
  `use_unicity` tinyint(1) NOT NULL DEFAULT '0',
  `use_history` tinyint(1) NOT NULL DEFAULT '0',
  `use_infocoms` tinyint(1) NOT NULL DEFAULT '0',
  `use_contracts` tinyint(1) NOT NULL DEFAULT '0',
  `use_documents` tinyint(1) NOT NULL DEFAULT '0',
  `use_tickets` tinyint(1) NOT NULL DEFAULT '0',
  `use_links` tinyint(1) NOT NULL DEFAULT '0',
  `use_loans` tinyint(1) NOT NULL DEFAULT '0',
  `use_network_ports` tinyint(1) NOT NULL DEFAULT '0',
  `use_direct_connections` tinyint(1) NOT NULL DEFAULT '0',
  `use_plugin_datainjection` tinyint(1) NOT NULL DEFAULT '0',
  `use_plugin_pdf` tinyint(1) NOT NULL DEFAULT '0',
  `use_plugin_order` tinyint(1) NOT NULL DEFAULT '0',
  `use_plugin_uninstall` tinyint(1) NOT NULL DEFAULT '0',
  `use_plugin_geninventorynumber` tinyint(1) NOT NULL DEFAULT '0',
  PRIMARY KEY (`id`)
) ENGINE=MyISAM AUTO_INCREMENT=4 DEFAULT CHARSET=utf8 COLLATE=utf8_unicode_ci COMMENT='Object types definition table';
/*!40101 SET character_set_client = @saved_cs_client */;

--
-- Dumping data for table `glpi_plugin_genericobject_types`
--

LOCK TABLES `glpi_plugin_genericobject_types` WRITE;
/*!40000 ALTER TABLE `glpi_plugin_genericobject_types` DISABLE KEYS */;
/*!40000 ALTER TABLE `glpi_plugin_genericobject_types` ENABLE KEYS */;
UNLOCK TABLES;

--
-- Table structure for table `glpi_plugin_immobilizationsheets_configs`
--

DROP TABLE IF EXISTS `glpi_plugin_immobilizationsheets_configs`;
/*!40101 SET @saved_cs_client     = @@character_set_client */;
/*!40101 SET character_set_client = utf8 */;
CREATE TABLE `glpi_plugin_immobilizationsheets_configs` (
  `id` int(11) NOT NULL AUTO_INCREMENT,
  `use_backup` int(11) NOT NULL DEFAULT '0',
  `documentcategories_id` int(11) NOT NULL DEFAULT '0' COMMENT 'RELATION to glpi_documentcategories (id)',
  PRIMARY KEY (`id`),
  KEY `documentcategories_id` (`documentcategories_id`)
) ENGINE=MyISAM AUTO_INCREMENT=2 DEFAULT CHARSET=utf8 COLLATE=utf8_unicode_ci;
/*!40101 SET character_set_client = @saved_cs_client */;

--
-- Dumping data for table `glpi_plugin_immobilizationsheets_configs`
--

LOCK TABLES `glpi_plugin_immobilizationsheets_configs` WRITE;
/*!40000 ALTER TABLE `glpi_plugin_immobilizationsheets_configs` DISABLE KEYS */;
INSERT INTO `glpi_plugin_immobilizationsheets_configs` VALUES (1,0,0);
/*!40000 ALTER TABLE `glpi_plugin_immobilizationsheets_configs` ENABLE KEYS */;
UNLOCK TABLES;

--
-- Table structure for table `glpi_plugin_immobilizationsheets_profiles`
--

DROP TABLE IF EXISTS `glpi_plugin_immobilizationsheets_profiles`;
/*!40101 SET @saved_cs_client     = @@character_set_client */;
/*!40101 SET character_set_client = utf8 */;
CREATE TABLE `glpi_plugin_immobilizationsheets_profiles` (
  `id` int(11) NOT NULL AUTO_INCREMENT,
  `profiles_id` int(11) NOT NULL DEFAULT '0' COMMENT 'RELATION to glpi_profiles (id)',
  `immobilizationsheets` char(1) COLLATE utf8_unicode_ci DEFAULT NULL,
  PRIMARY KEY (`id`),
  KEY `profiles_id` (`profiles_id`)
) ENGINE=MyISAM AUTO_INCREMENT=2 DEFAULT CHARSET=utf8 COLLATE=utf8_unicode_ci;
/*!40101 SET character_set_client = @saved_cs_client */;

--
-- Dumping data for table `glpi_plugin_immobilizationsheets_profiles`
--

LOCK TABLES `glpi_plugin_immobilizationsheets_profiles` WRITE;
/*!40000 ALTER TABLE `glpi_plugin_immobilizationsheets_profiles` DISABLE KEYS */;
INSERT INTO `glpi_plugin_immobilizationsheets_profiles` VALUES (1,4,'r');
/*!40000 ALTER TABLE `glpi_plugin_immobilizationsheets_profiles` ENABLE KEYS */;
UNLOCK TABLES;

--
-- Table structure for table `glpi_plugin_pdf_preferences`
--

DROP TABLE IF EXISTS `glpi_plugin_pdf_preferences`;
/*!40101 SET @saved_cs_client     = @@character_set_client */;
/*!40101 SET character_set_client = utf8 */;
CREATE TABLE `glpi_plugin_pdf_preferences` (
  `id` int(11) NOT NULL AUTO_INCREMENT,
  `users_id` int(11) NOT NULL COMMENT 'RELATION to glpi_users (id)',
  `itemtype` varchar(100) COLLATE utf8_unicode_ci NOT NULL COMMENT 'see define.php *_TYPE constant',
  `tabref` varchar(255) COLLATE utf8_unicode_ci NOT NULL COMMENT 'ref of tab to display, or plugname_#, or option name',
  PRIMARY KEY (`id`)
) ENGINE=MyISAM DEFAULT CHARSET=utf8 COLLATE=utf8_unicode_ci;
/*!40101 SET character_set_client = @saved_cs_client */;

--
-- Dumping data for table `glpi_plugin_pdf_preferences`
--

LOCK TABLES `glpi_plugin_pdf_preferences` WRITE;
/*!40000 ALTER TABLE `glpi_plugin_pdf_preferences` DISABLE KEYS */;
/*!40000 ALTER TABLE `glpi_plugin_pdf_preferences` ENABLE KEYS */;
UNLOCK TABLES;

--
-- Table structure for table `glpi_plugin_pdf_profiles`
--

DROP TABLE IF EXISTS `glpi_plugin_pdf_profiles`;
/*!40101 SET @saved_cs_client     = @@character_set_client */;
/*!40101 SET character_set_client = utf8 */;
CREATE TABLE `glpi_plugin_pdf_profiles` (
  `id` int(11) NOT NULL,
  `profile` varchar(255) COLLATE utf8_unicode_ci DEFAULT NULL,
  `use` tinyint(1) DEFAULT '0',
  PRIMARY KEY (`id`)
) ENGINE=MyISAM DEFAULT CHARSET=utf8 COLLATE=utf8_unicode_ci;
/*!40101 SET character_set_client = @saved_cs_client */;

--
-- Dumping data for table `glpi_plugin_pdf_profiles`
--

LOCK TABLES `glpi_plugin_pdf_profiles` WRITE;
/*!40000 ALTER TABLE `glpi_plugin_pdf_profiles` DISABLE KEYS */;
INSERT INTO `glpi_plugin_pdf_profiles` VALUES (4,'Super-Admin',1),(3,'Admin',0);
/*!40000 ALTER TABLE `glpi_plugin_pdf_profiles` ENABLE KEYS */;
UNLOCK TABLES;

--
-- Table structure for table `glpi_plugin_projet_profiles`
--

DROP TABLE IF EXISTS `glpi_plugin_projet_profiles`;
/*!40101 SET @saved_cs_client     = @@character_set_client */;
/*!40101 SET character_set_client = utf8 */;
CREATE TABLE `glpi_plugin_projet_profiles` (
  `id` int(11) NOT NULL AUTO_INCREMENT,
  `profiles_id` int(11) NOT NULL DEFAULT '0' COMMENT 'RELATION to glpi_profiles (id)',
  `projet` char(1) COLLATE utf8_unicode_ci DEFAULT NULL,
  `task` char(1) COLLATE utf8_unicode_ci DEFAULT NULL,
  `open_ticket` char(1) COLLATE utf8_unicode_ci DEFAULT NULL,
  PRIMARY KEY (`id`),
  KEY `profiles_id` (`profiles_id`)
) ENGINE=MyISAM AUTO_INCREMENT=2 DEFAULT CHARSET=utf8 COLLATE=utf8_unicode_ci;
/*!40101 SET character_set_client = @saved_cs_client */;

--
-- Dumping data for table `glpi_plugin_projet_profiles`
--

LOCK TABLES `glpi_plugin_projet_profiles` WRITE;
/*!40000 ALTER TABLE `glpi_plugin_projet_profiles` DISABLE KEYS */;
INSERT INTO `glpi_plugin_projet_profiles` VALUES (1,4,'w','w','1');
/*!40000 ALTER TABLE `glpi_plugin_projet_profiles` ENABLE KEYS */;
UNLOCK TABLES;

--
-- Table structure for table `glpi_plugin_projet_projets`
--

DROP TABLE IF EXISTS `glpi_plugin_projet_projets`;
/*!40101 SET @saved_cs_client     = @@character_set_client */;
/*!40101 SET character_set_client = utf8 */;
CREATE TABLE `glpi_plugin_projet_projets` (
  `id` int(11) NOT NULL AUTO_INCREMENT,
  `entities_id` int(11) NOT NULL DEFAULT '0',
  `is_recursive` tinyint(1) NOT NULL DEFAULT '0',
  `name` varchar(255) COLLATE utf8_unicode_ci DEFAULT NULL,
  `date_begin` date DEFAULT NULL,
  `date_end` date DEFAULT NULL,
  `users_id` int(11) NOT NULL DEFAULT '0' COMMENT 'RELATION to glpi_users (id)',
  `groups_id` int(11) NOT NULL DEFAULT '0' COMMENT 'RELATION to glpi_groups (id)',
  `plugin_projet_projetstates_id` int(11) NOT NULL DEFAULT '0',
  `advance` float NOT NULL DEFAULT '0',
  `show_gantt` tinyint(1) NOT NULL DEFAULT '0',
  `comment` text COLLATE utf8_unicode_ci,
  `description` text COLLATE utf8_unicode_ci,
  `is_helpdesk_visible` int(11) NOT NULL DEFAULT '1',
  `date_mod` datetime DEFAULT NULL,
  `notepad` longtext COLLATE utf8_unicode_ci,
  `is_template` tinyint(1) NOT NULL DEFAULT '0',
  `template_name` varchar(255) COLLATE utf8_unicode_ci DEFAULT NULL,
  `is_deleted` tinyint(1) NOT NULL DEFAULT '0',
  PRIMARY KEY (`id`),
  KEY `name` (`name`),
  KEY `entities_id` (`entities_id`),
  KEY `users_id` (`users_id`),
  KEY `groups_id` (`groups_id`),
  KEY `date_mod` (`date_mod`),
  KEY `is_helpdesk_visible` (`is_helpdesk_visible`),
  KEY `is_deleted` (`is_deleted`),
  KEY `is_template` (`is_template`)
) ENGINE=MyISAM DEFAULT CHARSET=utf8 COLLATE=utf8_unicode_ci;
/*!40101 SET character_set_client = @saved_cs_client */;

--
-- Dumping data for table `glpi_plugin_projet_projets`
--

LOCK TABLES `glpi_plugin_projet_projets` WRITE;
/*!40000 ALTER TABLE `glpi_plugin_projet_projets` DISABLE KEYS */;
/*!40000 ALTER TABLE `glpi_plugin_projet_projets` ENABLE KEYS */;
UNLOCK TABLES;

--
-- Table structure for table `glpi_plugin_projet_projets_items`
--

DROP TABLE IF EXISTS `glpi_plugin_projet_projets_items`;
/*!40101 SET @saved_cs_client     = @@character_set_client */;
/*!40101 SET character_set_client = utf8 */;
CREATE TABLE `glpi_plugin_projet_projets_items` (
  `id` int(11) NOT NULL AUTO_INCREMENT,
  `plugin_projet_projets_id` int(11) NOT NULL DEFAULT '0' COMMENT 'RELATION to glpi_plugin_projet_projets (id)',
  `items_id` int(11) NOT NULL DEFAULT '0' COMMENT 'RELATION to various table, according to itemtype (id)',
  `itemtype` varchar(100) COLLATE utf8_unicode_ci NOT NULL COMMENT 'see .class.php file',
  `comment` text COLLATE utf8_unicode_ci,
  PRIMARY KEY (`id`),
  UNIQUE KEY `unicity` (`plugin_projet_projets_id`,`itemtype`,`items_id`),
  KEY `FK_device` (`items_id`,`itemtype`),
  KEY `item` (`itemtype`,`items_id`)
) ENGINE=MyISAM DEFAULT CHARSET=utf8 COLLATE=utf8_unicode_ci;
/*!40101 SET character_set_client = @saved_cs_client */;

--
-- Dumping data for table `glpi_plugin_projet_projets_items`
--

LOCK TABLES `glpi_plugin_projet_projets_items` WRITE;
/*!40000 ALTER TABLE `glpi_plugin_projet_projets_items` DISABLE KEYS */;
/*!40000 ALTER TABLE `glpi_plugin_projet_projets_items` ENABLE KEYS */;
UNLOCK TABLES;

--
-- Table structure for table `glpi_plugin_projet_projets_projets`
--

DROP TABLE IF EXISTS `glpi_plugin_projet_projets_projets`;
/*!40101 SET @saved_cs_client     = @@character_set_client */;
/*!40101 SET character_set_client = utf8 */;
CREATE TABLE `glpi_plugin_projet_projets_projets` (
  `id` int(11) NOT NULL AUTO_INCREMENT,
  `plugin_projet_projets_id_1` int(11) NOT NULL DEFAULT '0',
  `plugin_projet_projets_id_2` int(11) NOT NULL DEFAULT '0',
  `link` int(11) NOT NULL DEFAULT '1',
  PRIMARY KEY (`id`),
  KEY `unicity` (`plugin_projet_projets_id_1`,`plugin_projet_projets_id_2`)
) ENGINE=MyISAM DEFAULT CHARSET=utf8 COLLATE=utf8_unicode_ci;
/*!40101 SET character_set_client = @saved_cs_client */;

--
-- Dumping data for table `glpi_plugin_projet_projets_projets`
--

LOCK TABLES `glpi_plugin_projet_projets_projets` WRITE;
/*!40000 ALTER TABLE `glpi_plugin_projet_projets_projets` DISABLE KEYS */;
/*!40000 ALTER TABLE `glpi_plugin_projet_projets_projets` ENABLE KEYS */;
UNLOCK TABLES;

--
-- Table structure for table `glpi_plugin_projet_projetstates`
--

DROP TABLE IF EXISTS `glpi_plugin_projet_projetstates`;
/*!40101 SET @saved_cs_client     = @@character_set_client */;
/*!40101 SET character_set_client = utf8 */;
CREATE TABLE `glpi_plugin_projet_projetstates` (
  `id` int(11) NOT NULL AUTO_INCREMENT,
  `name` varchar(255) COLLATE utf8_unicode_ci NOT NULL DEFAULT '',
  `comment` text COLLATE utf8_unicode_ci,
  `color` char(20) COLLATE utf8_unicode_ci DEFAULT '#CCCCCC',
  `type` tinyint(1) NOT NULL DEFAULT '0',
  PRIMARY KEY (`id`),
  KEY `name` (`name`)
) ENGINE=MyISAM DEFAULT CHARSET=utf8 COLLATE=utf8_unicode_ci;
/*!40101 SET character_set_client = @saved_cs_client */;

--
-- Dumping data for table `glpi_plugin_projet_projetstates`
--

LOCK TABLES `glpi_plugin_projet_projetstates` WRITE;
/*!40000 ALTER TABLE `glpi_plugin_projet_projetstates` DISABLE KEYS */;
/*!40000 ALTER TABLE `glpi_plugin_projet_projetstates` ENABLE KEYS */;
UNLOCK TABLES;

--
-- Table structure for table `glpi_plugin_projet_taskplannings`
--

DROP TABLE IF EXISTS `glpi_plugin_projet_taskplannings`;
/*!40101 SET @saved_cs_client     = @@character_set_client */;
/*!40101 SET character_set_client = utf8 */;
CREATE TABLE `glpi_plugin_projet_taskplannings` (
  `id` int(11) NOT NULL AUTO_INCREMENT,
  `plugin_projet_tasks_id` int(11) NOT NULL DEFAULT '0' COMMENT 'RELATION to glpi_plugin_projet_tasks (id)',
  `begin` datetime DEFAULT NULL,
  `end` datetime DEFAULT NULL,
  PRIMARY KEY (`id`),
  KEY `begin` (`begin`),
  KEY `end` (`end`),
  KEY `plugin_projet_tasks_id` (`plugin_projet_tasks_id`)
) ENGINE=MyISAM DEFAULT CHARSET=utf8 COLLATE=utf8_unicode_ci;
/*!40101 SET character_set_client = @saved_cs_client */;

--
-- Dumping data for table `glpi_plugin_projet_taskplannings`
--

LOCK TABLES `glpi_plugin_projet_taskplannings` WRITE;
/*!40000 ALTER TABLE `glpi_plugin_projet_taskplannings` DISABLE KEYS */;
/*!40000 ALTER TABLE `glpi_plugin_projet_taskplannings` ENABLE KEYS */;
UNLOCK TABLES;

--
-- Table structure for table `glpi_plugin_projet_tasks`
--

DROP TABLE IF EXISTS `glpi_plugin_projet_tasks`;
/*!40101 SET @saved_cs_client     = @@character_set_client */;
/*!40101 SET character_set_client = utf8 */;
CREATE TABLE `glpi_plugin_projet_tasks` (
  `id` int(11) NOT NULL AUTO_INCREMENT,
  `name` varchar(255) COLLATE utf8_unicode_ci DEFAULT NULL,
  `entities_id` int(11) NOT NULL DEFAULT '0',
  `is_recursive` tinyint(1) NOT NULL DEFAULT '0',
  `plugin_projet_projets_id` int(11) NOT NULL DEFAULT '0' COMMENT 'RELATION to glpi_plugin_projet_projets (id)',
  `users_id` int(11) NOT NULL DEFAULT '0' COMMENT 'RELATION to glpi_users (id)',
  `groups_id` int(11) NOT NULL DEFAULT '0' COMMENT 'RELATION to glpi_groups (id)',
  `contacts_id` int(11) NOT NULL DEFAULT '0' COMMENT 'RELATION to glpi_contacts (id)',
  `plugin_projet_tasktypes_id` int(11) NOT NULL DEFAULT '0' COMMENT 'RELATION to glpi_plugin_projet_tasktypes (id)',
  `plugin_projet_taskstates_id` int(11) NOT NULL DEFAULT '0',
  `actiontime` int(11) NOT NULL DEFAULT '0',
  `advance` float NOT NULL DEFAULT '0',
  `priority` int(11) NOT NULL DEFAULT '1',
  `comment` text COLLATE utf8_unicode_ci,
  `sub` text COLLATE utf8_unicode_ci,
  `others` text COLLATE utf8_unicode_ci,
  `affect` text COLLATE utf8_unicode_ci,
  `depends` tinyint(4) NOT NULL DEFAULT '0',
  `show_gantt` tinyint(1) NOT NULL DEFAULT '0',
  `locations_id` int(11) NOT NULL DEFAULT '0' COMMENT 'RELATION to glpi_locations (id)',
  `is_template` tinyint(1) NOT NULL DEFAULT '0',
  `template_name` varchar(255) COLLATE utf8_unicode_ci DEFAULT NULL,
  `is_deleted` tinyint(1) NOT NULL DEFAULT '0',
  `date_mod` datetime DEFAULT NULL,
  PRIMARY KEY (`id`),
  KEY `name` (`name`),
  KEY `entities_id` (`entities_id`),
  KEY `plugin_projet_projets_id` (`plugin_projet_projets_id`),
  KEY `plugin_projet_tasktypes_id` (`plugin_projet_tasktypes_id`),
  KEY `users_id` (`users_id`),
  KEY `groups_id` (`groups_id`),
  KEY `contacts_id` (`contacts_id`),
  KEY `plugin_projet_taskstates_id` (`plugin_projet_taskstates_id`),
  KEY `is_deleted` (`is_deleted`),
  KEY `is_template` (`is_template`)
) ENGINE=MyISAM DEFAULT CHARSET=utf8 COLLATE=utf8_unicode_ci;
/*!40101 SET character_set_client = @saved_cs_client */;

--
-- Dumping data for table `glpi_plugin_projet_tasks`
--

LOCK TABLES `glpi_plugin_projet_tasks` WRITE;
/*!40000 ALTER TABLE `glpi_plugin_projet_tasks` DISABLE KEYS */;
/*!40000 ALTER TABLE `glpi_plugin_projet_tasks` ENABLE KEYS */;
UNLOCK TABLES;

--
-- Table structure for table `glpi_plugin_projet_tasks_items`
--

DROP TABLE IF EXISTS `glpi_plugin_projet_tasks_items`;
/*!40101 SET @saved_cs_client     = @@character_set_client */;
/*!40101 SET character_set_client = utf8 */;
CREATE TABLE `glpi_plugin_projet_tasks_items` (
  `id` int(11) NOT NULL AUTO_INCREMENT,
  `plugin_projet_tasks_id` int(11) NOT NULL DEFAULT '0' COMMENT 'RELATION to glpi_plugin_projet_tasks (id)',
  `items_id` int(11) NOT NULL DEFAULT '0' COMMENT 'RELATION to various table, according to itemtype (id)',
  `itemtype` varchar(100) COLLATE utf8_unicode_ci NOT NULL COMMENT 'see .class.php file',
  `comment` text COLLATE utf8_unicode_ci,
  PRIMARY KEY (`id`),
  UNIQUE KEY `unicity` (`plugin_projet_tasks_id`,`itemtype`,`items_id`),
  KEY `FK_device` (`items_id`,`itemtype`),
  KEY `item` (`itemtype`,`items_id`)
) ENGINE=MyISAM DEFAULT CHARSET=utf8 COLLATE=utf8_unicode_ci;
/*!40101 SET character_set_client = @saved_cs_client */;

--
-- Dumping data for table `glpi_plugin_projet_tasks_items`
--

LOCK TABLES `glpi_plugin_projet_tasks_items` WRITE;
/*!40000 ALTER TABLE `glpi_plugin_projet_tasks_items` DISABLE KEYS */;
/*!40000 ALTER TABLE `glpi_plugin_projet_tasks_items` ENABLE KEYS */;
UNLOCK TABLES;

--
-- Table structure for table `glpi_plugin_projet_tasks_tasks`
--

DROP TABLE IF EXISTS `glpi_plugin_projet_tasks_tasks`;
/*!40101 SET @saved_cs_client     = @@character_set_client */;
/*!40101 SET character_set_client = utf8 */;
CREATE TABLE `glpi_plugin_projet_tasks_tasks` (
  `id` int(11) NOT NULL AUTO_INCREMENT,
  `plugin_projet_tasks_id_1` int(11) NOT NULL DEFAULT '0',
  `plugin_projet_tasks_id_2` int(11) NOT NULL DEFAULT '0',
  `link` int(11) NOT NULL DEFAULT '1',
  PRIMARY KEY (`id`),
  KEY `unicity` (`plugin_projet_tasks_id_1`,`plugin_projet_tasks_id_2`)
) ENGINE=MyISAM DEFAULT CHARSET=utf8 COLLATE=utf8_unicode_ci;
/*!40101 SET character_set_client = @saved_cs_client */;

--
-- Dumping data for table `glpi_plugin_projet_tasks_tasks`
--

LOCK TABLES `glpi_plugin_projet_tasks_tasks` WRITE;
/*!40000 ALTER TABLE `glpi_plugin_projet_tasks_tasks` DISABLE KEYS */;
/*!40000 ALTER TABLE `glpi_plugin_projet_tasks_tasks` ENABLE KEYS */;
UNLOCK TABLES;

--
-- Table structure for table `glpi_plugin_projet_taskstates`
--

DROP TABLE IF EXISTS `glpi_plugin_projet_taskstates`;
/*!40101 SET @saved_cs_client     = @@character_set_client */;
/*!40101 SET character_set_client = utf8 */;
CREATE TABLE `glpi_plugin_projet_taskstates` (
  `id` int(11) NOT NULL AUTO_INCREMENT,
  `name` varchar(255) COLLATE utf8_unicode_ci NOT NULL DEFAULT '',
  `comment` text COLLATE utf8_unicode_ci,
  `color` char(20) COLLATE utf8_unicode_ci DEFAULT '#CCCCCC',
  `for_dependency` tinyint(1) NOT NULL DEFAULT '0',
  `for_planning` tinyint(1) NOT NULL DEFAULT '0',
  PRIMARY KEY (`id`),
  KEY `name` (`name`)
) ENGINE=MyISAM DEFAULT CHARSET=utf8 COLLATE=utf8_unicode_ci;
/*!40101 SET character_set_client = @saved_cs_client */;

--
-- Dumping data for table `glpi_plugin_projet_taskstates`
--

LOCK TABLES `glpi_plugin_projet_taskstates` WRITE;
/*!40000 ALTER TABLE `glpi_plugin_projet_taskstates` DISABLE KEYS */;
/*!40000 ALTER TABLE `glpi_plugin_projet_taskstates` ENABLE KEYS */;
UNLOCK TABLES;

--
-- Table structure for table `glpi_plugin_projet_tasktypes`
--

DROP TABLE IF EXISTS `glpi_plugin_projet_tasktypes`;
/*!40101 SET @saved_cs_client     = @@character_set_client */;
/*!40101 SET character_set_client = utf8 */;
CREATE TABLE `glpi_plugin_projet_tasktypes` (
  `id` int(11) NOT NULL AUTO_INCREMENT,
  `entities_id` int(11) NOT NULL DEFAULT '0',
  `name` varchar(255) COLLATE utf8_unicode_ci DEFAULT NULL,
  `comment` text COLLATE utf8_unicode_ci,
  PRIMARY KEY (`id`),
  KEY `name` (`name`)
) ENGINE=MyISAM DEFAULT CHARSET=utf8 COLLATE=utf8_unicode_ci;
/*!40101 SET character_set_client = @saved_cs_client */;

--
-- Dumping data for table `glpi_plugin_projet_tasktypes`
--

LOCK TABLES `glpi_plugin_projet_tasktypes` WRITE;
/*!40000 ALTER TABLE `glpi_plugin_projet_tasktypes` DISABLE KEYS */;
/*!40000 ALTER TABLE `glpi_plugin_projet_tasktypes` ENABLE KEYS */;
UNLOCK TABLES;

--
-- Table structure for table `glpi_plugin_racks_configs`
--

DROP TABLE IF EXISTS `glpi_plugin_racks_configs`;
/*!40101 SET @saved_cs_client     = @@character_set_client */;
/*!40101 SET character_set_client = utf8 */;
CREATE TABLE `glpi_plugin_racks_configs` (
  `id` int(11) NOT NULL AUTO_INCREMENT,
  `unit` int(11) NOT NULL DEFAULT '0',
  PRIMARY KEY (`id`)
) ENGINE=MyISAM AUTO_INCREMENT=2 DEFAULT CHARSET=utf8 COLLATE=utf8_unicode_ci;
/*!40101 SET character_set_client = @saved_cs_client */;

--
-- Dumping data for table `glpi_plugin_racks_configs`
--

LOCK TABLES `glpi_plugin_racks_configs` WRITE;
/*!40000 ALTER TABLE `glpi_plugin_racks_configs` DISABLE KEYS */;
INSERT INTO `glpi_plugin_racks_configs` VALUES (1,1);
/*!40000 ALTER TABLE `glpi_plugin_racks_configs` ENABLE KEYS */;
UNLOCK TABLES;

--
-- Table structure for table `glpi_plugin_racks_connections`
--

DROP TABLE IF EXISTS `glpi_plugin_racks_connections`;
/*!40101 SET @saved_cs_client     = @@character_set_client */;
/*!40101 SET character_set_client = utf8 */;
CREATE TABLE `glpi_plugin_racks_connections` (
  `id` int(11) NOT NULL AUTO_INCREMENT,
  `name` varchar(255) COLLATE utf8_unicode_ci DEFAULT NULL,
  `comment` text COLLATE utf8_unicode_ci,
  PRIMARY KEY (`id`),
  KEY `name` (`name`)
) ENGINE=MyISAM DEFAULT CHARSET=utf8 COLLATE=utf8_unicode_ci;
/*!40101 SET character_set_client = @saved_cs_client */;

--
-- Dumping data for table `glpi_plugin_racks_connections`
--

LOCK TABLES `glpi_plugin_racks_connections` WRITE;
/*!40000 ALTER TABLE `glpi_plugin_racks_connections` DISABLE KEYS */;
/*!40000 ALTER TABLE `glpi_plugin_racks_connections` ENABLE KEYS */;
UNLOCK TABLES;

--
-- Table structure for table `glpi_plugin_racks_itemspecifications`
--

DROP TABLE IF EXISTS `glpi_plugin_racks_itemspecifications`;
/*!40101 SET @saved_cs_client     = @@character_set_client */;
/*!40101 SET character_set_client = utf8 */;
CREATE TABLE `glpi_plugin_racks_itemspecifications` (
  `id` int(11) NOT NULL AUTO_INCREMENT,
  `model_id` int(11) NOT NULL DEFAULT '0',
  `itemtype` varchar(100) COLLATE utf8_unicode_ci NOT NULL COMMENT 'see .class.php file',
  `nb_alim` int(11) NOT NULL DEFAULT '0',
  `amps` decimal(20,4) NOT NULL DEFAULT '0.0000',
  `flow_rate` decimal(20,4) NOT NULL DEFAULT '0.0000',
  `dissipation` decimal(20,4) NOT NULL DEFAULT '0.0000',
  `size` int(255) NOT NULL DEFAULT '1',
  `weight` decimal(20,4) NOT NULL DEFAULT '0.0000',
  `length` smallint(6) NOT NULL DEFAULT '0',
  PRIMARY KEY (`id`)
) ENGINE=MyISAM AUTO_INCREMENT=16 DEFAULT CHARSET=utf8 COLLATE=utf8_unicode_ci;
/*!40101 SET character_set_client = @saved_cs_client */;

--
-- Dumping data for table `glpi_plugin_racks_itemspecifications`
--

LOCK TABLES `glpi_plugin_racks_itemspecifications` WRITE;
/*!40000 ALTER TABLE `glpi_plugin_racks_itemspecifications` DISABLE KEYS */;
INSERT INTO `glpi_plugin_racks_itemspecifications` VALUES (1,7,'ComputerModel',2,'12.0000','3.0000','1.0000',1,'16.0000',1),(2,6,'ComputerModel',2,'12.0000','1.0000','1.0000',1,'16.0000',1),(3,12,'ComputerModel',2,'10.0000','1.0000','1.0000',1,'15.0000',1),(4,8,'ComputerModel',2,'12.0000','1.0000','1.0000',1,'12.0000',1),(5,9,'ComputerModel',1,'5.0000','1.0000','0.5000',1,'6.0000',1),(6,11,'ComputerModel',2,'16.0000','2.0000','1.0000',4,'12.0000',1),(7,10,'ComputerModel',2,'24.0000','4.0000','4.0000',5,'24.0000',1),(8,14,'ComputerModel',2,'35.0000','8.0000','4.0000',5,'60.0000',1),(9,13,'ComputerModel',1,'0.0000','0.0000','0.0000',1,'0.0000',1),(10,15,'ComputerModel',1,'0.0000','0.0000','0.0000',1,'0.0000',1),(11,6,'NetworkEquipmentModel',1,'0.0000','0.0000','0.0000',1,'0.0000',1),(12,4,'NetworkEquipmentModel',0,'0.0000','0.0000','0.0000',1,'0.0000',1),(13,2,'NetworkEquipmentModel',2,'24.0000','4.0000','10.0000',5,'38.0000',1),(14,5,'NetworkEquipmentModel',0,'0.0000','0.0000','0.0000',1,'0.0000',1),(15,3,'NetworkEquipmentModel',2,'0.0000','0.0000','0.0000',1,'0.0000',1);
/*!40000 ALTER TABLE `glpi_plugin_racks_itemspecifications` ENABLE KEYS */;
UNLOCK TABLES;

--
-- Table structure for table `glpi_plugin_racks_othermodels`
--

DROP TABLE IF EXISTS `glpi_plugin_racks_othermodels`;
/*!40101 SET @saved_cs_client     = @@character_set_client */;
/*!40101 SET character_set_client = utf8 */;
CREATE TABLE `glpi_plugin_racks_othermodels` (
  `id` int(11) NOT NULL AUTO_INCREMENT,
  `name` varchar(255) COLLATE utf8_unicode_ci DEFAULT NULL,
  `comment` text COLLATE utf8_unicode_ci,
  PRIMARY KEY (`id`),
  KEY `name` (`name`)
) ENGINE=MyISAM DEFAULT CHARSET=utf8 COLLATE=utf8_unicode_ci;
/*!40101 SET character_set_client = @saved_cs_client */;

--
-- Dumping data for table `glpi_plugin_racks_othermodels`
--

LOCK TABLES `glpi_plugin_racks_othermodels` WRITE;
/*!40000 ALTER TABLE `glpi_plugin_racks_othermodels` DISABLE KEYS */;
/*!40000 ALTER TABLE `glpi_plugin_racks_othermodels` ENABLE KEYS */;
UNLOCK TABLES;

--
-- Table structure for table `glpi_plugin_racks_others`
--

DROP TABLE IF EXISTS `glpi_plugin_racks_others`;
/*!40101 SET @saved_cs_client     = @@character_set_client */;
/*!40101 SET character_set_client = utf8 */;
CREATE TABLE `glpi_plugin_racks_others` (
  `id` int(11) NOT NULL AUTO_INCREMENT,
  `entities_id` int(11) NOT NULL DEFAULT '0',
  `name` varchar(255) COLLATE utf8_unicode_ci DEFAULT NULL,
  `plugin_racks_othermodels_id` int(11) NOT NULL DEFAULT '0',
  PRIMARY KEY (`id`),
  KEY `name` (`name`),
  KEY `entities_id` (`entities_id`),
  KEY `plugin_racks_othermodels_id` (`plugin_racks_othermodels_id`)
) ENGINE=MyISAM DEFAULT CHARSET=utf8 COLLATE=utf8_unicode_ci;
/*!40101 SET character_set_client = @saved_cs_client */;

--
-- Dumping data for table `glpi_plugin_racks_others`
--

LOCK TABLES `glpi_plugin_racks_others` WRITE;
/*!40000 ALTER TABLE `glpi_plugin_racks_others` DISABLE KEYS */;
/*!40000 ALTER TABLE `glpi_plugin_racks_others` ENABLE KEYS */;
UNLOCK TABLES;

--
-- Table structure for table `glpi_plugin_racks_profiles`
--

DROP TABLE IF EXISTS `glpi_plugin_racks_profiles`;
/*!40101 SET @saved_cs_client     = @@character_set_client */;
/*!40101 SET character_set_client = utf8 */;
CREATE TABLE `glpi_plugin_racks_profiles` (
  `id` int(11) NOT NULL AUTO_INCREMENT,
  `profiles_id` int(11) NOT NULL DEFAULT '0' COMMENT 'RELATION to glpi_profiles (id)',
  `racks` char(1) COLLATE utf8_unicode_ci DEFAULT NULL,
  `model` char(1) COLLATE utf8_unicode_ci DEFAULT NULL,
  PRIMARY KEY (`id`),
  KEY `profiles_id` (`profiles_id`)
) ENGINE=MyISAM AUTO_INCREMENT=2 DEFAULT CHARSET=utf8 COLLATE=utf8_unicode_ci;
/*!40101 SET character_set_client = @saved_cs_client */;

--
-- Dumping data for table `glpi_plugin_racks_profiles`
--

LOCK TABLES `glpi_plugin_racks_profiles` WRITE;
/*!40000 ALTER TABLE `glpi_plugin_racks_profiles` DISABLE KEYS */;
INSERT INTO `glpi_plugin_racks_profiles` VALUES (1,4,'w','w');
/*!40000 ALTER TABLE `glpi_plugin_racks_profiles` ENABLE KEYS */;
UNLOCK TABLES;

--
-- Table structure for table `glpi_plugin_racks_rackmodels`
--

DROP TABLE IF EXISTS `glpi_plugin_racks_rackmodels`;
/*!40101 SET @saved_cs_client     = @@character_set_client */;
/*!40101 SET character_set_client = utf8 */;
CREATE TABLE `glpi_plugin_racks_rackmodels` (
  `id` int(11) NOT NULL AUTO_INCREMENT,
  `name` varchar(255) COLLATE utf8_unicode_ci DEFAULT NULL,
  `comment` text COLLATE utf8_unicode_ci,
  PRIMARY KEY (`id`),
  KEY `name` (`name`)
) ENGINE=MyISAM AUTO_INCREMENT=2 DEFAULT CHARSET=utf8 COLLATE=utf8_unicode_ci;
/*!40101 SET character_set_client = @saved_cs_client */;

--
-- Dumping data for table `glpi_plugin_racks_rackmodels`
--

LOCK TABLES `glpi_plugin_racks_rackmodels` WRITE;
/*!40000 ALTER TABLE `glpi_plugin_racks_rackmodels` DISABLE KEYS */;
INSERT INTO `glpi_plugin_racks_rackmodels` VALUES (1,'1U','');
/*!40000 ALTER TABLE `glpi_plugin_racks_rackmodels` ENABLE KEYS */;
UNLOCK TABLES;

--
-- Table structure for table `glpi_plugin_racks_racks`
--

DROP TABLE IF EXISTS `glpi_plugin_racks_racks`;
/*!40101 SET @saved_cs_client     = @@character_set_client */;
/*!40101 SET character_set_client = utf8 */;
CREATE TABLE `glpi_plugin_racks_racks` (
  `id` int(11) NOT NULL AUTO_INCREMENT,
  `name` varchar(255) COLLATE utf8_unicode_ci DEFAULT NULL,
  `entities_id` int(11) NOT NULL DEFAULT '0',
  `is_recursive` tinyint(1) NOT NULL DEFAULT '0',
  `serial` varchar(255) COLLATE utf8_unicode_ci DEFAULT NULL,
  `plugin_racks_rackmodels_id` int(11) NOT NULL DEFAULT '0' COMMENT 'RELATION to glpi_plugin_racks_rackmodels (id)',
  `locations_id` int(11) NOT NULL DEFAULT '0' COMMENT 'RELATION to glpi_locations (id)',
  `plugin_racks_roomlocations_id` int(11) NOT NULL DEFAULT '0' COMMENT 'RELATION to glpi_plugin_racks_roomlocations (id)',
  `users_id_tech` int(11) NOT NULL DEFAULT '0' COMMENT 'RELATION to glpi_users (id)',
  `groups_id_tech` int(11) NOT NULL DEFAULT '0' COMMENT 'RELATION to glpi_groups (id)',
  `manufacturers_id` int(11) NOT NULL DEFAULT '0' COMMENT 'RELATION to glpi_manufacturers (id)',
  `rack_size` int(11) NOT NULL DEFAULT '0',
  `weight` decimal(20,4) NOT NULL DEFAULT '0.0000',
  `height` decimal(20,4) NOT NULL DEFAULT '0.0000',
  `width` decimal(20,4) NOT NULL DEFAULT '0.0000',
  `depth` decimal(20,4) NOT NULL DEFAULT '0.0000',
  `otherserial` varchar(255) COLLATE utf8_unicode_ci DEFAULT NULL,
  `is_template` tinyint(1) NOT NULL DEFAULT '0',
  `template_name` varchar(255) COLLATE utf8_unicode_ci DEFAULT NULL,
  `is_deleted` tinyint(1) NOT NULL DEFAULT '0',
  `notepad` longtext COLLATE utf8_unicode_ci,
  `date_mod` datetime DEFAULT NULL,
  PRIMARY KEY (`id`),
  KEY `name` (`name`),
  KEY `entities_id` (`entities_id`),
  KEY `plugin_racks_roomlocations_id` (`plugin_racks_roomlocations_id`),
  KEY `users_id_tech` (`users_id_tech`),
  KEY `groups_id_tech` (`groups_id_tech`),
  KEY `manufacturers_id` (`manufacturers_id`),
  KEY `locations_id` (`locations_id`),
  KEY `is_deleted` (`is_deleted`),
  KEY `date_mod` (`date_mod`),
  KEY `is_template` (`is_template`)
) ENGINE=MyISAM AUTO_INCREMENT=7 DEFAULT CHARSET=utf8 COLLATE=utf8_unicode_ci;
/*!40101 SET character_set_client = @saved_cs_client */;

--
-- Dumping data for table `glpi_plugin_racks_racks`
--

LOCK TABLES `glpi_plugin_racks_racks` WRITE;
/*!40000 ALTER TABLE `glpi_plugin_racks_racks` DISABLE KEYS */;
INSERT INTO `glpi_plugin_racks_racks` VALUES (1,'RACK03',0,0,'',0,5,0,8,7,0,30,'0.0000','0.0000','0.0000','0.0000','',0,NULL,1,NULL,'2013-03-05 11:33:24'),(2,'RACK02',0,0,'',0,5,0,8,7,0,30,'0.0000','0.0000','0.0000','0.0000','',0,NULL,1,NULL,'2013-03-05 10:43:54'),(3,'RACK01',0,0,'',0,5,0,77,7,0,30,'0.0000','0.0000','0.0000','0.0000','',0,NULL,1,NULL,'2013-03-05 10:44:16'),(4,'RACK01',0,0,'',0,5,3,8,7,0,20,'0.0000','0.0000','0.0000','0.0000','',0,NULL,0,NULL,'2013-03-05 11:33:58'),(5,'RACK02',0,0,'',0,5,0,8,0,0,20,'0.0000','0.0000','0.0000','0.0000','',0,NULL,0,NULL,'2013-03-05 11:34:54'),(6,'RACK03',0,0,'',0,5,0,8,1,0,20,'0.0000','0.0000','0.0000','0.0000','',0,NULL,0,NULL,'2013-03-06 04:33:27');
/*!40000 ALTER TABLE `glpi_plugin_racks_racks` ENABLE KEYS */;
UNLOCK TABLES;

--
-- Table structure for table `glpi_plugin_racks_racks_items`
--

DROP TABLE IF EXISTS `glpi_plugin_racks_racks_items`;
/*!40101 SET @saved_cs_client     = @@character_set_client */;
/*!40101 SET character_set_client = utf8 */;
CREATE TABLE `glpi_plugin_racks_racks_items` (
  `id` int(11) NOT NULL AUTO_INCREMENT,
  `plugin_racks_racks_id` int(11) NOT NULL DEFAULT '0' COMMENT 'RELATION to glpi_plugin_racks_racks (id)',
  `faces_id` int(11) NOT NULL DEFAULT '0',
  `plugin_racks_itemspecifications_id` int(11) NOT NULL DEFAULT '0' COMMENT 'RELATION to glpi_plugin_racks_itemspecifications (id)',
  `items_id` int(11) NOT NULL DEFAULT '0' COMMENT 'RELATION to various tables, according to itemtype (id)',
  `itemtype` varchar(100) COLLATE utf8_unicode_ci NOT NULL COMMENT 'see .class.php file',
  `position` int(11) NOT NULL DEFAULT '1',
  `first_powersupply` int(11) NOT NULL DEFAULT '0',
  `second_powersupply` int(11) NOT NULL DEFAULT '0',
  `amps` decimal(20,4) NOT NULL DEFAULT '0.0000',
  `flow_rate` decimal(20,4) NOT NULL DEFAULT '0.0000',
  `dissipation` decimal(20,4) NOT NULL DEFAULT '0.0000',
  `weight` decimal(20,4) NOT NULL DEFAULT '0.0000',
  PRIMARY KEY (`id`),
  UNIQUE KEY `unicity` (`plugin_racks_racks_id`,`items_id`,`itemtype`),
  KEY `FK_device` (`items_id`,`itemtype`),
  KEY `item` (`itemtype`,`items_id`),
  KEY `faces_id` (`faces_id`),
  KEY `plugin_racks_itemspecifications_id` (`plugin_racks_itemspecifications_id`)
) ENGINE=MyISAM AUTO_INCREMENT=33 DEFAULT CHARSET=utf8 COLLATE=utf8_unicode_ci;
/*!40101 SET character_set_client = @saved_cs_client */;

--
-- Dumping data for table `glpi_plugin_racks_racks_items`
--

LOCK TABLES `glpi_plugin_racks_racks_items` WRITE;
/*!40000 ALTER TABLE `glpi_plugin_racks_racks_items` DISABLE KEYS */;
INSERT INTO `glpi_plugin_racks_racks_items` VALUES (16,6,1,1,15,'ComputerModel',7,0,0,'12.0000','3.0000','1.0000','16.0000'),(17,6,1,1,10,'ComputerModel',8,0,0,'12.0000','3.0000','1.0000','16.0000'),(18,6,1,1,13,'ComputerModel',9,0,0,'12.0000','3.0000','1.0000','16.0000'),(19,6,1,1,12,'ComputerModel',10,0,0,'12.0000','3.0000','1.0000','16.0000'),(20,6,1,1,11,'ComputerModel',11,0,0,'12.0000','3.0000','1.0000','16.0000'),(21,6,1,1,14,'ComputerModel',12,0,0,'12.0000','3.0000','1.0000','16.0000'),(22,6,1,1,9,'ComputerModel',13,0,0,'12.0000','3.0000','1.0000','16.0000'),(25,6,1,1,7,'ComputerModel',15,0,0,'12.0000','3.0000','1.0000','16.0000'),(14,6,1,4,17,'ComputerModel',5,0,0,'12.0000','1.0000','1.0000','12.0000'),(15,6,1,2,16,'ComputerModel',6,0,0,'12.0000','1.0000','1.0000','16.0000'),(24,6,1,1,8,'ComputerModel',14,0,0,'12.0000','3.0000','1.0000','16.0000'),(26,6,1,1,6,'ComputerModel',16,0,0,'12.0000','3.0000','1.0000','16.0000'),(27,4,1,13,4,'NetworkEquipmentModel',5,0,0,'24.0000','4.0000','10.0000','38.0000'),(28,4,2,12,2,'NetworkEquipmentModel',6,0,0,'0.0000','0.0000','0.0000','0.0000'),(29,4,1,15,6,'NetworkEquipmentModel',7,0,0,'0.0000','0.0000','0.0000','0.0000'),(30,4,1,15,5,'NetworkEquipmentModel',8,0,0,'0.0000','0.0000','0.0000','0.0000'),(31,4,1,11,11,'NetworkEquipmentModel',9,0,0,'0.0000','0.0000','0.0000','0.0000'),(32,4,1,11,10,'NetworkEquipmentModel',10,0,0,'0.0000','0.0000','0.0000','0.0000');
/*!40000 ALTER TABLE `glpi_plugin_racks_racks_items` ENABLE KEYS */;
UNLOCK TABLES;

--
-- Table structure for table `glpi_plugin_racks_roomlocations`
--

DROP TABLE IF EXISTS `glpi_plugin_racks_roomlocations`;
/*!40101 SET @saved_cs_client     = @@character_set_client */;
/*!40101 SET character_set_client = utf8 */;
CREATE TABLE `glpi_plugin_racks_roomlocations` (
  `id` int(11) NOT NULL AUTO_INCREMENT,
  `entities_id` int(11) NOT NULL DEFAULT '0',
  `plugin_racks_roomlocations_id` int(11) NOT NULL DEFAULT '0',
  `name` varchar(255) COLLATE utf8_unicode_ci DEFAULT NULL,
  `completename` text COLLATE utf8_unicode_ci,
  `comment` text COLLATE utf8_unicode_ci,
  `level` int(11) NOT NULL DEFAULT '0',
  PRIMARY KEY (`id`),
  UNIQUE KEY `unicity` (`entities_id`,`plugin_racks_roomlocations_id`,`name`),
  KEY `name` (`name`),
  KEY `plugin_racks_roomlocations_id` (`plugin_racks_roomlocations_id`)
) ENGINE=MyISAM AUTO_INCREMENT=4 DEFAULT CHARSET=utf8 COLLATE=utf8_unicode_ci;
/*!40101 SET character_set_client = @saved_cs_client */;

--
-- Dumping data for table `glpi_plugin_racks_roomlocations`
--

LOCK TABLES `glpi_plugin_racks_roomlocations` WRITE;
/*!40000 ALTER TABLE `glpi_plugin_racks_roomlocations` DISABLE KEYS */;
INSERT INTO `glpi_plugin_racks_roomlocations` VALUES (3,0,0,'Server Room','Server Room','',1);
/*!40000 ALTER TABLE `glpi_plugin_racks_roomlocations` ENABLE KEYS */;
UNLOCK TABLES;

--
-- Table structure for table `glpi_plugin_resources_checklistconfigs`
--

DROP TABLE IF EXISTS `glpi_plugin_resources_checklistconfigs`;
/*!40101 SET @saved_cs_client     = @@character_set_client */;
/*!40101 SET character_set_client = utf8 */;
CREATE TABLE `glpi_plugin_resources_checklistconfigs` (
  `id` int(11) NOT NULL AUTO_INCREMENT,
  `name` varchar(255) COLLATE utf8_unicode_ci DEFAULT NULL,
  `entities_id` int(11) NOT NULL DEFAULT '0',
  `tag` tinyint(1) NOT NULL DEFAULT '0',
  `address` varchar(255) COLLATE utf8_unicode_ci DEFAULT NULL,
  `comment` text COLLATE utf8_unicode_ci,
  `is_deleted` tinyint(1) NOT NULL DEFAULT '0',
  PRIMARY KEY (`id`),
  KEY `name` (`name`),
  KEY `is_deleted` (`is_deleted`)
) ENGINE=MyISAM DEFAULT CHARSET=utf8 COLLATE=utf8_unicode_ci;
/*!40101 SET character_set_client = @saved_cs_client */;

--
-- Dumping data for table `glpi_plugin_resources_checklistconfigs`
--

LOCK TABLES `glpi_plugin_resources_checklistconfigs` WRITE;
/*!40000 ALTER TABLE `glpi_plugin_resources_checklistconfigs` DISABLE KEYS */;
/*!40000 ALTER TABLE `glpi_plugin_resources_checklistconfigs` ENABLE KEYS */;
UNLOCK TABLES;

--
-- Table structure for table `glpi_plugin_resources_checklists`
--

DROP TABLE IF EXISTS `glpi_plugin_resources_checklists`;
/*!40101 SET @saved_cs_client     = @@character_set_client */;
/*!40101 SET character_set_client = utf8 */;
CREATE TABLE `glpi_plugin_resources_checklists` (
  `id` int(11) NOT NULL AUTO_INCREMENT,
  `name` varchar(255) COLLATE utf8_unicode_ci DEFAULT NULL,
  `entities_id` int(11) NOT NULL DEFAULT '0',
  `plugin_resources_resources_id` int(11) NOT NULL DEFAULT '0' COMMENT 'RELATION to glpi_plugin_resources_resources (id)',
  `plugin_resources_tasks_id` int(11) NOT NULL DEFAULT '0' COMMENT 'RELATION to glpi_plugin_resources_tasks (id)',
  `plugin_resources_contracttypes_id` int(11) NOT NULL DEFAULT '0' COMMENT 'RELATION to glpi_plugin_resources_contracttypes (id)',
  `checklist_type` int(11) NOT NULL DEFAULT '0',
  `tag` tinyint(1) NOT NULL DEFAULT '0',
  `is_checked` tinyint(1) NOT NULL DEFAULT '0',
  `address` varchar(255) COLLATE utf8_unicode_ci DEFAULT NULL,
  `rank` smallint(6) NOT NULL DEFAULT '0',
  `comment` text COLLATE utf8_unicode_ci,
  PRIMARY KEY (`id`),
  KEY `name` (`name`),
  KEY `plugin_resources_resources_id` (`plugin_resources_resources_id`),
  KEY `plugin_resources_tasks_id` (`plugin_resources_tasks_id`),
  KEY `plugin_resources_contracttypes_id` (`plugin_resources_contracttypes_id`)
) ENGINE=MyISAM DEFAULT CHARSET=utf8 COLLATE=utf8_unicode_ci;
/*!40101 SET character_set_client = @saved_cs_client */;

--
-- Dumping data for table `glpi_plugin_resources_checklists`
--

LOCK TABLES `glpi_plugin_resources_checklists` WRITE;
/*!40000 ALTER TABLE `glpi_plugin_resources_checklists` DISABLE KEYS */;
/*!40000 ALTER TABLE `glpi_plugin_resources_checklists` ENABLE KEYS */;
UNLOCK TABLES;

--
-- Table structure for table `glpi_plugin_resources_choiceitems`
--

DROP TABLE IF EXISTS `glpi_plugin_resources_choiceitems`;
/*!40101 SET @saved_cs_client     = @@character_set_client */;
/*!40101 SET character_set_client = utf8 */;
CREATE TABLE `glpi_plugin_resources_choiceitems` (
  `id` int(11) NOT NULL AUTO_INCREMENT,
  `entities_id` int(11) NOT NULL DEFAULT '0',
  `is_recursive` tinyint(1) NOT NULL DEFAULT '0',
  `plugin_resources_choiceitems_id` int(11) NOT NULL DEFAULT '0',
  `completename` text COLLATE utf8_unicode_ci,
  `level` int(11) NOT NULL DEFAULT '0',
  `ancestors_cache` longtext COLLATE utf8_unicode_ci,
  `sons_cache` longtext COLLATE utf8_unicode_ci,
  `is_helpdesk_visible` int(11) NOT NULL DEFAULT '1',
  `name` varchar(255) COLLATE utf8_unicode_ci DEFAULT NULL,
  `comment` text COLLATE utf8_unicode_ci,
  PRIMARY KEY (`id`),
  UNIQUE KEY `unicity` (`entities_id`,`plugin_resources_choiceitems_id`,`name`),
  KEY `name` (`name`),
  KEY `plugin_resources_choiceitems_id` (`plugin_resources_choiceitems_id`),
  KEY `is_recursive` (`is_recursive`)
) ENGINE=MyISAM DEFAULT CHARSET=utf8 COLLATE=utf8_unicode_ci;
/*!40101 SET character_set_client = @saved_cs_client */;

--
-- Dumping data for table `glpi_plugin_resources_choiceitems`
--

LOCK TABLES `glpi_plugin_resources_choiceitems` WRITE;
/*!40000 ALTER TABLE `glpi_plugin_resources_choiceitems` DISABLE KEYS */;
/*!40000 ALTER TABLE `glpi_plugin_resources_choiceitems` ENABLE KEYS */;
UNLOCK TABLES;

--
-- Table structure for table `glpi_plugin_resources_choices`
--

DROP TABLE IF EXISTS `glpi_plugin_resources_choices`;
/*!40101 SET @saved_cs_client     = @@character_set_client */;
/*!40101 SET character_set_client = utf8 */;
CREATE TABLE `glpi_plugin_resources_choices` (
  `id` int(11) NOT NULL AUTO_INCREMENT,
  `plugin_resources_resources_id` int(11) NOT NULL DEFAULT '0' COMMENT 'RELATION to glpi_plugin_resources_resources (id)',
  `plugin_resources_choiceitems_id` int(11) NOT NULL DEFAULT '0' COMMENT 'RELATION to glpi_plugin_resources_choiceitems (id)',
  `comment` text COLLATE utf8_unicode_ci,
  PRIMARY KEY (`id`)
) ENGINE=MyISAM DEFAULT CHARSET=utf8 COLLATE=utf8_unicode_ci;
/*!40101 SET character_set_client = @saved_cs_client */;

--
-- Dumping data for table `glpi_plugin_resources_choices`
--

LOCK TABLES `glpi_plugin_resources_choices` WRITE;
/*!40000 ALTER TABLE `glpi_plugin_resources_choices` DISABLE KEYS */;
/*!40000 ALTER TABLE `glpi_plugin_resources_choices` ENABLE KEYS */;
UNLOCK TABLES;

--
-- Table structure for table `glpi_plugin_resources_clients`
--

DROP TABLE IF EXISTS `glpi_plugin_resources_clients`;
/*!40101 SET @saved_cs_client     = @@character_set_client */;
/*!40101 SET character_set_client = utf8 */;
CREATE TABLE `glpi_plugin_resources_clients` (
  `id` int(11) NOT NULL AUTO_INCREMENT,
  `entities_id` int(11) NOT NULL DEFAULT '0',
  `is_recursive` tinyint(1) NOT NULL DEFAULT '0',
  `name` varchar(255) COLLATE utf8_unicode_ci DEFAULT NULL,
  `comment` text COLLATE utf8_unicode_ci,
  PRIMARY KEY (`id`),
  KEY `name` (`name`),
  KEY `entities_id` (`entities_id`),
  KEY `is_recursive` (`is_recursive`)
) ENGINE=MyISAM DEFAULT CHARSET=utf8 COLLATE=utf8_unicode_ci;
/*!40101 SET character_set_client = @saved_cs_client */;

--
-- Dumping data for table `glpi_plugin_resources_clients`
--

LOCK TABLES `glpi_plugin_resources_clients` WRITE;
/*!40000 ALTER TABLE `glpi_plugin_resources_clients` DISABLE KEYS */;
/*!40000 ALTER TABLE `glpi_plugin_resources_clients` ENABLE KEYS */;
UNLOCK TABLES;

--
-- Table structure for table `glpi_plugin_resources_contracttypes`
--

DROP TABLE IF EXISTS `glpi_plugin_resources_contracttypes`;
/*!40101 SET @saved_cs_client     = @@character_set_client */;
/*!40101 SET character_set_client = utf8 */;
CREATE TABLE `glpi_plugin_resources_contracttypes` (
  `id` int(11) NOT NULL AUTO_INCREMENT,
  `entities_id` int(11) NOT NULL DEFAULT '0',
  `is_recursive` tinyint(1) NOT NULL DEFAULT '0',
  `name` varchar(255) COLLATE utf8_unicode_ci DEFAULT NULL,
  `use_employee_wizard` tinyint(1) NOT NULL DEFAULT '1',
  `use_need_wizard` tinyint(1) NOT NULL DEFAULT '1',
  `use_picture_wizard` tinyint(1) NOT NULL DEFAULT '1',
  `comment` text COLLATE utf8_unicode_ci,
  PRIMARY KEY (`id`),
  KEY `name` (`name`),
  KEY `entities_id` (`entities_id`),
  KEY `is_recursive` (`is_recursive`)
) ENGINE=MyISAM AUTO_INCREMENT=4 DEFAULT CHARSET=utf8 COLLATE=utf8_unicode_ci;
/*!40101 SET character_set_client = @saved_cs_client */;

--
-- Dumping data for table `glpi_plugin_resources_contracttypes`
--

LOCK TABLES `glpi_plugin_resources_contracttypes` WRITE;
/*!40000 ALTER TABLE `glpi_plugin_resources_contracttypes` DISABLE KEYS */;
INSERT INTO `glpi_plugin_resources_contracttypes` VALUES (1,0,0,'CDI-OpenEnded',1,1,1,'The open-ended employment contract (or CDI) is the normal form of employment contract between an employer and an employee, and has no fixed term. Employers must therefore use this type of contract unless they can prove that they are in a situation allowing another type of contract (fixed term contract, interim employee supply contract).\r\n\r\nThe contract may be concluded in writing or it may be the result of a verbal agreement between the employer and the employee for full-time open-ended employment contracts (unless specified otherwise by the provisions of law or branch agreements). However, the employer must inform the employee in writing of the essential points of the employment relationship: the identity of the two parties, the place of work, the position to be taken up and the pay.\r\n\r\nThe probationary period that is often provided for by branch agreement is contained in a specific clause of the contract. It is only valid if it is put in writing, and if the principle and the duration of the said period are set as soon as the employee is recruited.'),(2,0,0,'CDD - Interim',1,1,1,''),(3,0,0,'Trainee',1,1,1,'');
/*!40000 ALTER TABLE `glpi_plugin_resources_contracttypes` ENABLE KEYS */;
UNLOCK TABLES;

--
-- Table structure for table `glpi_plugin_resources_departments`
--

DROP TABLE IF EXISTS `glpi_plugin_resources_departments`;
/*!40101 SET @saved_cs_client     = @@character_set_client */;
/*!40101 SET character_set_client = utf8 */;
CREATE TABLE `glpi_plugin_resources_departments` (
  `id` int(11) NOT NULL AUTO_INCREMENT,
  `entities_id` int(11) NOT NULL DEFAULT '0',
  `is_recursive` tinyint(1) NOT NULL DEFAULT '0',
  `name` varchar(255) COLLATE utf8_unicode_ci DEFAULT NULL,
  `comment` text COLLATE utf8_unicode_ci,
  PRIMARY KEY (`id`),
  KEY `name` (`name`),
  KEY `entities_id` (`entities_id`),
  KEY `is_recursive` (`is_recursive`)
) ENGINE=MyISAM AUTO_INCREMENT=9 DEFAULT CHARSET=utf8 COLLATE=utf8_unicode_ci;
/*!40101 SET character_set_client = @saved_cs_client */;

--
-- Dumping data for table `glpi_plugin_resources_departments`
--

LOCK TABLES `glpi_plugin_resources_departments` WRITE;
/*!40000 ALTER TABLE `glpi_plugin_resources_departments` DISABLE KEYS */;
INSERT INTO `glpi_plugin_resources_departments` VALUES (1,0,0,'IT',''),(2,0,0,'Validation',''),(3,0,0,'Hardware',''),(4,0,0,'Software',''),(5,0,0,'ASIC-Chips',''),(6,0,0,'ASIC-Transport',''),(7,0,0,'Admin&Finance',''),(8,0,0,'Expats','');
/*!40000 ALTER TABLE `glpi_plugin_resources_departments` ENABLE KEYS */;
UNLOCK TABLES;

--
-- Table structure for table `glpi_plugin_resources_employees`
--

DROP TABLE IF EXISTS `glpi_plugin_resources_employees`;
/*!40101 SET @saved_cs_client     = @@character_set_client */;
/*!40101 SET character_set_client = utf8 */;
CREATE TABLE `glpi_plugin_resources_employees` (
  `id` int(11) NOT NULL AUTO_INCREMENT,
  `plugin_resources_resources_id` int(11) NOT NULL DEFAULT '0' COMMENT 'RELATION to glpi_plugin_resources_resources (id)',
  `plugin_resources_employers_id` int(11) NOT NULL DEFAULT '0' COMMENT 'RELATION to glpi_plugin_resources_employers (id)',
  `plugin_resources_clients_id` int(11) NOT NULL DEFAULT '0' COMMENT 'RELATION to glpi_plugin_resources_clients (id)',
  PRIMARY KEY (`id`),
  KEY `plugin_resources_resources_id` (`plugin_resources_resources_id`),
  KEY `plugin_resources_employers_id` (`plugin_resources_employers_id`),
  KEY `plugin_resources_clients_id` (`plugin_resources_clients_id`)
) ENGINE=MyISAM DEFAULT CHARSET=utf8 COLLATE=utf8_unicode_ci;
/*!40101 SET character_set_client = @saved_cs_client */;

--
-- Dumping data for table `glpi_plugin_resources_employees`
--

LOCK TABLES `glpi_plugin_resources_employees` WRITE;
/*!40000 ALTER TABLE `glpi_plugin_resources_employees` DISABLE KEYS */;
/*!40000 ALTER TABLE `glpi_plugin_resources_employees` ENABLE KEYS */;
UNLOCK TABLES;

--
-- Table structure for table `glpi_plugin_resources_employers`
--

DROP TABLE IF EXISTS `glpi_plugin_resources_employers`;
/*!40101 SET @saved_cs_client     = @@character_set_client */;
/*!40101 SET character_set_client = utf8 */;
CREATE TABLE `glpi_plugin_resources_employers` (
  `id` int(11) NOT NULL AUTO_INCREMENT,
  `entities_id` int(11) NOT NULL DEFAULT '0',
  `is_recursive` tinyint(1) NOT NULL DEFAULT '0',
  `name` varchar(255) COLLATE utf8_unicode_ci DEFAULT NULL,
  `comment` text COLLATE utf8_unicode_ci,
  PRIMARY KEY (`id`),
  KEY `name` (`name`),
  KEY `entities_id` (`entities_id`),
  KEY `is_recursive` (`is_recursive`)
) ENGINE=MyISAM DEFAULT CHARSET=utf8 COLLATE=utf8_unicode_ci;
/*!40101 SET character_set_client = @saved_cs_client */;

--
-- Dumping data for table `glpi_plugin_resources_employers`
--

LOCK TABLES `glpi_plugin_resources_employers` WRITE;
/*!40000 ALTER TABLE `glpi_plugin_resources_employers` DISABLE KEYS */;
/*!40000 ALTER TABLE `glpi_plugin_resources_employers` ENABLE KEYS */;
UNLOCK TABLES;

--
-- Table structure for table `glpi_plugin_resources_profiles`
--

DROP TABLE IF EXISTS `glpi_plugin_resources_profiles`;
/*!40101 SET @saved_cs_client     = @@character_set_client */;
/*!40101 SET character_set_client = utf8 */;
CREATE TABLE `glpi_plugin_resources_profiles` (
  `id` int(11) NOT NULL AUTO_INCREMENT,
  `profiles_id` int(11) NOT NULL DEFAULT '0' COMMENT 'RELATION to glpi_profiles (id)',
  `resources` char(1) COLLATE utf8_unicode_ci DEFAULT NULL,
  `task` char(1) COLLATE utf8_unicode_ci DEFAULT NULL,
  `checklist` char(1) COLLATE utf8_unicode_ci DEFAULT NULL,
  `all` char(1) COLLATE utf8_unicode_ci DEFAULT NULL,
  `employee` char(1) COLLATE utf8_unicode_ci DEFAULT NULL,
  `resting` char(1) COLLATE utf8_unicode_ci DEFAULT NULL,
  `holiday` char(1) COLLATE utf8_unicode_ci DEFAULT NULL,
  `open_ticket` char(1) COLLATE utf8_unicode_ci DEFAULT NULL,
  PRIMARY KEY (`id`),
  KEY `profiles_id` (`profiles_id`)
) ENGINE=MyISAM AUTO_INCREMENT=2 DEFAULT CHARSET=utf8 COLLATE=utf8_unicode_ci;
/*!40101 SET character_set_client = @saved_cs_client */;

--
-- Dumping data for table `glpi_plugin_resources_profiles`
--

LOCK TABLES `glpi_plugin_resources_profiles` WRITE;
/*!40000 ALTER TABLE `glpi_plugin_resources_profiles` DISABLE KEYS */;
INSERT INTO `glpi_plugin_resources_profiles` VALUES (1,4,'w','w','w','w','w','w','w','1');
/*!40000 ALTER TABLE `glpi_plugin_resources_profiles` ENABLE KEYS */;
UNLOCK TABLES;

--
-- Table structure for table `glpi_plugin_resources_reportconfigs`
--

DROP TABLE IF EXISTS `glpi_plugin_resources_reportconfigs`;
/*!40101 SET @saved_cs_client     = @@character_set_client */;
/*!40101 SET character_set_client = utf8 */;
CREATE TABLE `glpi_plugin_resources_reportconfigs` (
  `id` int(11) NOT NULL AUTO_INCREMENT,
  `plugin_resources_resources_id` int(11) NOT NULL DEFAULT '0' COMMENT 'RELATION to glpi_plugin_resources_resources (id)',
  `comment` text COLLATE utf8_unicode_ci,
  `information` text COLLATE utf8_unicode_ci,
  PRIMARY KEY (`id`)
) ENGINE=MyISAM DEFAULT CHARSET=utf8 COLLATE=utf8_unicode_ci;
/*!40101 SET character_set_client = @saved_cs_client */;

--
-- Dumping data for table `glpi_plugin_resources_reportconfigs`
--

LOCK TABLES `glpi_plugin_resources_reportconfigs` WRITE;
/*!40000 ALTER TABLE `glpi_plugin_resources_reportconfigs` DISABLE KEYS */;
/*!40000 ALTER TABLE `glpi_plugin_resources_reportconfigs` ENABLE KEYS */;
UNLOCK TABLES;

--
-- Table structure for table `glpi_plugin_resources_resourceholidays`
--

DROP TABLE IF EXISTS `glpi_plugin_resources_resourceholidays`;
/*!40101 SET @saved_cs_client     = @@character_set_client */;
/*!40101 SET character_set_client = utf8 */;
CREATE TABLE `glpi_plugin_resources_resourceholidays` (
  `id` int(11) NOT NULL AUTO_INCREMENT,
  `plugin_resources_resources_id` int(11) NOT NULL DEFAULT '0' COMMENT 'RELATION to glpi_plugin_resources_resources (id)',
  `date_begin` date DEFAULT NULL,
  `date_end` date DEFAULT NULL,
  `comment` text COLLATE utf8_unicode_ci,
  PRIMARY KEY (`id`)
) ENGINE=MyISAM DEFAULT CHARSET=utf8 COLLATE=utf8_unicode_ci;
/*!40101 SET character_set_client = @saved_cs_client */;

--
-- Dumping data for table `glpi_plugin_resources_resourceholidays`
--

LOCK TABLES `glpi_plugin_resources_resourceholidays` WRITE;
/*!40000 ALTER TABLE `glpi_plugin_resources_resourceholidays` DISABLE KEYS */;
/*!40000 ALTER TABLE `glpi_plugin_resources_resourceholidays` ENABLE KEYS */;
UNLOCK TABLES;

--
-- Table structure for table `glpi_plugin_resources_resourcerestings`
--

DROP TABLE IF EXISTS `glpi_plugin_resources_resourcerestings`;
/*!40101 SET @saved_cs_client     = @@character_set_client */;
/*!40101 SET character_set_client = utf8 */;
CREATE TABLE `glpi_plugin_resources_resourcerestings` (
  `id` int(11) NOT NULL AUTO_INCREMENT,
  `plugin_resources_resources_id` int(11) NOT NULL DEFAULT '0' COMMENT 'RELATION to glpi_plugin_resources_resources (id)',
  `date_begin` date DEFAULT NULL,
  `date_end` date DEFAULT NULL,
  `locations_id` int(11) NOT NULL DEFAULT '0' COMMENT 'RELATION to glpi_locations (id)',
  `at_home` tinyint(1) NOT NULL DEFAULT '0',
  `comment` text COLLATE utf8_unicode_ci,
  PRIMARY KEY (`id`)
) ENGINE=MyISAM DEFAULT CHARSET=utf8 COLLATE=utf8_unicode_ci;
/*!40101 SET character_set_client = @saved_cs_client */;

--
-- Dumping data for table `glpi_plugin_resources_resourcerestings`
--

LOCK TABLES `glpi_plugin_resources_resourcerestings` WRITE;
/*!40000 ALTER TABLE `glpi_plugin_resources_resourcerestings` DISABLE KEYS */;
/*!40000 ALTER TABLE `glpi_plugin_resources_resourcerestings` ENABLE KEYS */;
UNLOCK TABLES;

--
-- Table structure for table `glpi_plugin_resources_resources`
--

DROP TABLE IF EXISTS `glpi_plugin_resources_resources`;
/*!40101 SET @saved_cs_client     = @@character_set_client */;
/*!40101 SET character_set_client = utf8 */;
CREATE TABLE `glpi_plugin_resources_resources` (
  `id` int(11) NOT NULL AUTO_INCREMENT,
  `entities_id` int(11) NOT NULL DEFAULT '0',
  `is_recursive` tinyint(1) NOT NULL DEFAULT '0',
  `name` varchar(255) COLLATE utf8_unicode_ci DEFAULT NULL,
  `firstname` varchar(255) COLLATE utf8_unicode_ci DEFAULT NULL,
  `plugin_resources_contracttypes_id` int(11) NOT NULL DEFAULT '0' COMMENT 'RELATION to glpi_plugin_resources_contracttypes (id)',
  `users_id` int(11) NOT NULL DEFAULT '0' COMMENT 'RELATION to glpi_users (id)',
  `users_id_recipient` int(11) NOT NULL DEFAULT '0' COMMENT 'RELATION to glpi_users (id)',
  `date_declaration` date DEFAULT NULL,
  `date_begin` date DEFAULT NULL,
  `date_end` date DEFAULT NULL,
  `plugin_resources_departments_id` int(11) NOT NULL DEFAULT '0' COMMENT 'RELATION to glpi_plugin_resources_departments (id)',
  `plugin_resources_resourcestates_id` int(11) NOT NULL DEFAULT '0' COMMENT 'RELATION to glpi_plugin_resources_resourcestates (id)',
  `locations_id` int(11) NOT NULL DEFAULT '0' COMMENT 'RELATION to glpi_locations (id)',
  `is_leaving` int(11) NOT NULL DEFAULT '0',
  `users_id_recipient_leaving` int(11) NOT NULL DEFAULT '0' COMMENT 'RELATION to glpi_users (id)',
  `picture` varchar(100) COLLATE utf8_unicode_ci DEFAULT NULL,
  `is_helpdesk_visible` int(11) NOT NULL DEFAULT '1',
  `date_mod` datetime DEFAULT NULL,
  `comment` text COLLATE utf8_unicode_ci,
  `notepad` longtext COLLATE utf8_unicode_ci,
  `is_template` tinyint(1) NOT NULL DEFAULT '0',
  `template_name` varchar(255) COLLATE utf8_unicode_ci DEFAULT NULL,
  `is_deleted` tinyint(1) NOT NULL DEFAULT '0',
  PRIMARY KEY (`id`),
  KEY `name` (`name`),
  KEY `entities_id` (`entities_id`),
  KEY `is_recursive` (`is_recursive`),
  KEY `plugin_resources_contracttypes_id` (`plugin_resources_contracttypes_id`),
  KEY `users_id` (`users_id`),
  KEY `users_id_recipient` (`users_id_recipient`),
  KEY `plugin_resources_departments_id` (`plugin_resources_departments_id`),
  KEY `plugin_resources_resourcestates_id` (`plugin_resources_resourcestates_id`),
  KEY `locations_id` (`locations_id`),
  KEY `is_leaving` (`is_leaving`),
  KEY `users_id_recipient_leaving` (`users_id_recipient_leaving`),
  KEY `date_mod` (`date_mod`),
  KEY `is_helpdesk_visible` (`is_helpdesk_visible`),
  KEY `is_deleted` (`is_deleted`),
  KEY `is_template` (`is_template`)
) ENGINE=MyISAM AUTO_INCREMENT=5 DEFAULT CHARSET=utf8 COLLATE=utf8_unicode_ci;
/*!40101 SET character_set_client = @saved_cs_client */;

--
-- Dumping data for table `glpi_plugin_resources_resources`
--

LOCK TABLES `glpi_plugin_resources_resources` WRITE;
/*!40000 ALTER TABLE `glpi_plugin_resources_resources` DISABLE KEYS */;
INSERT INTO `glpi_plugin_resources_resources` VALUES (1,0,0,'TRUNG','DUONG',1,0,8,'2013-03-26',NULL,NULL,1,1,3,0,0,NULL,0,'2013-03-26 13:21:22','',NULL,0,NULL,0),(2,0,0,'TOAN','Le Thanh',1,118,8,'2013-03-26',NULL,NULL,3,1,3,0,0,NULL,0,'2013-03-26 13:28:34','',NULL,0,NULL,0),(3,0,0,'','',1,0,8,'2013-03-26',NULL,NULL,0,1,3,0,0,NULL,0,'2013-03-26 13:35:31','',NULL,1,'Employeeing_3rd_floor',0),(4,0,0,'HUY','Vo',1,118,8,'2013-03-26',NULL,NULL,3,1,3,0,0,NULL,0,'2013-03-26 13:36:29','',NULL,0,'Employeeing_3rd_floor',0);
/*!40000 ALTER TABLE `glpi_plugin_resources_resources` ENABLE KEYS */;
UNLOCK TABLES;

--
-- Table structure for table `glpi_plugin_resources_resources_items`
--

DROP TABLE IF EXISTS `glpi_plugin_resources_resources_items`;
/*!40101 SET @saved_cs_client     = @@character_set_client */;
/*!40101 SET character_set_client = utf8 */;
CREATE TABLE `glpi_plugin_resources_resources_items` (
  `id` int(11) NOT NULL AUTO_INCREMENT,
  `plugin_resources_resources_id` int(11) NOT NULL DEFAULT '0' COMMENT 'RELATION to glpi_plugin_resources_resources (id)',
  `items_id` int(11) NOT NULL DEFAULT '0' COMMENT 'RELATION to various table, according to itemtype (id)',
  `itemtype` varchar(100) COLLATE utf8_unicode_ci NOT NULL COMMENT 'see .class.php file',
  `comment` text COLLATE utf8_unicode_ci,
  PRIMARY KEY (`id`),
  UNIQUE KEY `unicity` (`plugin_resources_resources_id`,`itemtype`,`items_id`),
  KEY `FK_device` (`items_id`,`itemtype`),
  KEY `item` (`itemtype`,`items_id`)
) ENGINE=MyISAM AUTO_INCREMENT=4 DEFAULT CHARSET=utf8 COLLATE=utf8_unicode_ci;
/*!40101 SET character_set_client = @saved_cs_client */;

--
-- Dumping data for table `glpi_plugin_resources_resources_items`
--

LOCK TABLES `glpi_plugin_resources_resources_items` WRITE;
/*!40000 ALTER TABLE `glpi_plugin_resources_resources_items` DISABLE KEYS */;
INSERT INTO `glpi_plugin_resources_resources_items` VALUES (1,1,1,'PluginBadgesBadge',NULL),(2,2,2,'PluginBadgesBadge',NULL),(3,4,3,'PluginBadgesBadge',NULL);
/*!40000 ALTER TABLE `glpi_plugin_resources_resources_items` ENABLE KEYS */;
UNLOCK TABLES;

--
-- Table structure for table `glpi_plugin_resources_resourcestates`
--

DROP TABLE IF EXISTS `glpi_plugin_resources_resourcestates`;
/*!40101 SET @saved_cs_client     = @@character_set_client */;
/*!40101 SET character_set_client = utf8 */;
CREATE TABLE `glpi_plugin_resources_resourcestates` (
  `id` int(11) NOT NULL AUTO_INCREMENT,
  `entities_id` int(11) NOT NULL DEFAULT '0',
  `is_recursive` tinyint(1) NOT NULL DEFAULT '0',
  `name` varchar(255) COLLATE utf8_unicode_ci DEFAULT NULL,
  `comment` text COLLATE utf8_unicode_ci,
  PRIMARY KEY (`id`),
  KEY `name` (`name`),
  KEY `entities_id` (`entities_id`),
  KEY `is_recursive` (`is_recursive`)
) ENGINE=MyISAM AUTO_INCREMENT=3 DEFAULT CHARSET=utf8 COLLATE=utf8_unicode_ci;
/*!40101 SET character_set_client = @saved_cs_client */;

--
-- Dumping data for table `glpi_plugin_resources_resourcestates`
--

LOCK TABLES `glpi_plugin_resources_resourcestates` WRITE;
/*!40000 ALTER TABLE `glpi_plugin_resources_resourcestates` DISABLE KEYS */;
INSERT INTO `glpi_plugin_resources_resourcestates` VALUES (1,0,0,'Employeeing',''),(2,0,0,'Terminated','');
/*!40000 ALTER TABLE `glpi_plugin_resources_resourcestates` ENABLE KEYS */;
UNLOCK TABLES;

--
-- Table structure for table `glpi_plugin_resources_taskplannings`
--

DROP TABLE IF EXISTS `glpi_plugin_resources_taskplannings`;
/*!40101 SET @saved_cs_client     = @@character_set_client */;
/*!40101 SET character_set_client = utf8 */;
CREATE TABLE `glpi_plugin_resources_taskplannings` (
  `id` int(11) NOT NULL AUTO_INCREMENT,
  `plugin_resources_tasks_id` int(11) NOT NULL DEFAULT '0' COMMENT 'RELATION to glpi_plugin_resources_tasks (id)',
  `begin` datetime DEFAULT NULL,
  `end` datetime DEFAULT NULL,
  PRIMARY KEY (`id`),
  KEY `begin` (`begin`),
  KEY `end` (`end`),
  KEY `plugin_resources_tasks_id` (`plugin_resources_tasks_id`)
) ENGINE=MyISAM DEFAULT CHARSET=utf8 COLLATE=utf8_unicode_ci;
/*!40101 SET character_set_client = @saved_cs_client */;

--
-- Dumping data for table `glpi_plugin_resources_taskplannings`
--

LOCK TABLES `glpi_plugin_resources_taskplannings` WRITE;
/*!40000 ALTER TABLE `glpi_plugin_resources_taskplannings` DISABLE KEYS */;
/*!40000 ALTER TABLE `glpi_plugin_resources_taskplannings` ENABLE KEYS */;
UNLOCK TABLES;

--
-- Table structure for table `glpi_plugin_resources_tasks`
--

DROP TABLE IF EXISTS `glpi_plugin_resources_tasks`;
/*!40101 SET @saved_cs_client     = @@character_set_client */;
/*!40101 SET character_set_client = utf8 */;
CREATE TABLE `glpi_plugin_resources_tasks` (
  `id` int(11) NOT NULL AUTO_INCREMENT,
  `name` varchar(255) COLLATE utf8_unicode_ci DEFAULT NULL,
  `entities_id` int(11) NOT NULL DEFAULT '0',
  `is_recursive` tinyint(1) NOT NULL DEFAULT '0',
  `plugin_resources_resources_id` int(11) NOT NULL DEFAULT '0' COMMENT 'RELATION to glpi_plugin_resources_resources (id)',
  `plugin_resources_tasktypes_id` int(11) NOT NULL DEFAULT '0' COMMENT 'RELATION to glpi_plugin_resources_tasktypes (id)',
  `users_id` int(11) NOT NULL DEFAULT '0' COMMENT 'RELATION to glpi_users (id)',
  `groups_id` int(11) NOT NULL DEFAULT '0' COMMENT 'RELATION to glpi_groups (id)',
  `actiontime` int(11) NOT NULL DEFAULT '0',
  `is_finished` tinyint(1) NOT NULL DEFAULT '0',
  `comment` text COLLATE utf8_unicode_ci,
  `is_deleted` tinyint(1) NOT NULL DEFAULT '0',
  PRIMARY KEY (`id`),
  KEY `plugin_resources_resources_id` (`plugin_resources_resources_id`),
  KEY `plugin_resources_tasktypes_id` (`plugin_resources_tasktypes_id`),
  KEY `users_id` (`users_id`),
  KEY `groups_id` (`groups_id`),
  KEY `is_finished` (`is_finished`),
  KEY `is_deleted` (`is_deleted`),
  KEY `entities_id` (`entities_id`),
  KEY `is_recursive` (`is_recursive`)
) ENGINE=MyISAM DEFAULT CHARSET=utf8 COLLATE=utf8_unicode_ci;
/*!40101 SET character_set_client = @saved_cs_client */;

--
-- Dumping data for table `glpi_plugin_resources_tasks`
--

LOCK TABLES `glpi_plugin_resources_tasks` WRITE;
/*!40000 ALTER TABLE `glpi_plugin_resources_tasks` DISABLE KEYS */;
/*!40000 ALTER TABLE `glpi_plugin_resources_tasks` ENABLE KEYS */;
UNLOCK TABLES;

--
-- Table structure for table `glpi_plugin_resources_tasks_items`
--

DROP TABLE IF EXISTS `glpi_plugin_resources_tasks_items`;
/*!40101 SET @saved_cs_client     = @@character_set_client */;
/*!40101 SET character_set_client = utf8 */;
CREATE TABLE `glpi_plugin_resources_tasks_items` (
  `id` int(11) NOT NULL AUTO_INCREMENT,
  `plugin_resources_tasks_id` int(11) NOT NULL DEFAULT '0',
  `items_id` int(11) NOT NULL DEFAULT '0' COMMENT 'RELATION to various table, according to itemtype (id)',
  `itemtype` varchar(100) COLLATE utf8_unicode_ci NOT NULL COMMENT 'see .class.php file',
  PRIMARY KEY (`id`),
  UNIQUE KEY `unicity` (`plugin_resources_tasks_id`,`itemtype`,`items_id`),
  KEY `FK_device` (`items_id`,`itemtype`),
  KEY `item` (`itemtype`,`items_id`)
) ENGINE=MyISAM DEFAULT CHARSET=utf8 COLLATE=utf8_unicode_ci;
/*!40101 SET character_set_client = @saved_cs_client */;

--
-- Dumping data for table `glpi_plugin_resources_tasks_items`
--

LOCK TABLES `glpi_plugin_resources_tasks_items` WRITE;
/*!40000 ALTER TABLE `glpi_plugin_resources_tasks_items` DISABLE KEYS */;
/*!40000 ALTER TABLE `glpi_plugin_resources_tasks_items` ENABLE KEYS */;
UNLOCK TABLES;

--
-- Table structure for table `glpi_plugin_resources_tasktypes`
--

DROP TABLE IF EXISTS `glpi_plugin_resources_tasktypes`;
/*!40101 SET @saved_cs_client     = @@character_set_client */;
/*!40101 SET character_set_client = utf8 */;
CREATE TABLE `glpi_plugin_resources_tasktypes` (
  `id` int(11) NOT NULL AUTO_INCREMENT,
  `entities_id` int(11) NOT NULL DEFAULT '0',
  `is_recursive` tinyint(1) NOT NULL DEFAULT '0',
  `name` varchar(255) COLLATE utf8_unicode_ci DEFAULT NULL,
  `comment` text COLLATE utf8_unicode_ci,
  PRIMARY KEY (`id`),
  KEY `name` (`name`),
  KEY `entities_id` (`entities_id`),
  KEY `is_recursive` (`is_recursive`)
) ENGINE=MyISAM DEFAULT CHARSET=utf8 COLLATE=utf8_unicode_ci;
/*!40101 SET character_set_client = @saved_cs_client */;

--
-- Dumping data for table `glpi_plugin_resources_tasktypes`
--

LOCK TABLES `glpi_plugin_resources_tasktypes` WRITE;
/*!40000 ALTER TABLE `glpi_plugin_resources_tasktypes` DISABLE KEYS */;
/*!40000 ALTER TABLE `glpi_plugin_resources_tasktypes` ENABLE KEYS */;
UNLOCK TABLES;

--
-- Table structure for table `glpi_plugin_resources_ticketcategories`
--

DROP TABLE IF EXISTS `glpi_plugin_resources_ticketcategories`;
/*!40101 SET @saved_cs_client     = @@character_set_client */;
/*!40101 SET character_set_client = utf8 */;
CREATE TABLE `glpi_plugin_resources_ticketcategories` (
  `id` int(11) NOT NULL AUTO_INCREMENT,
  `ticketcategories_id` int(11) NOT NULL DEFAULT '0' COMMENT 'RELATION to glpi_ticketcategories (id)',
  PRIMARY KEY (`id`)
) ENGINE=MyISAM DEFAULT CHARSET=utf8 COLLATE=utf8_unicode_ci;
/*!40101 SET character_set_client = @saved_cs_client */;

--
-- Dumping data for table `glpi_plugin_resources_ticketcategories`
--

LOCK TABLES `glpi_plugin_resources_ticketcategories` WRITE;
/*!40000 ALTER TABLE `glpi_plugin_resources_ticketcategories` DISABLE KEYS */;
/*!40000 ALTER TABLE `glpi_plugin_resources_ticketcategories` ENABLE KEYS */;
UNLOCK TABLES;

--
-- Table structure for table `glpi_plugin_routetables_profiles`
--

DROP TABLE IF EXISTS `glpi_plugin_routetables_profiles`;
/*!40101 SET @saved_cs_client     = @@character_set_client */;
/*!40101 SET character_set_client = utf8 */;
CREATE TABLE `glpi_plugin_routetables_profiles` (
  `id` int(11) NOT NULL AUTO_INCREMENT,
  `profiles_id` int(11) NOT NULL DEFAULT '0' COMMENT 'RELATION to glpi_profiles (id)',
  `routetables` char(1) COLLATE utf8_unicode_ci DEFAULT NULL,
  `open_ticket` char(1) COLLATE utf8_unicode_ci DEFAULT NULL,
  PRIMARY KEY (`id`),
  KEY `profiles_id` (`profiles_id`)
) ENGINE=MyISAM AUTO_INCREMENT=2 DEFAULT CHARSET=utf8 COLLATE=utf8_unicode_ci;
/*!40101 SET character_set_client = @saved_cs_client */;

--
-- Dumping data for table `glpi_plugin_routetables_profiles`
--

LOCK TABLES `glpi_plugin_routetables_profiles` WRITE;
/*!40000 ALTER TABLE `glpi_plugin_routetables_profiles` DISABLE KEYS */;
INSERT INTO `glpi_plugin_routetables_profiles` VALUES (1,4,'w','1');
/*!40000 ALTER TABLE `glpi_plugin_routetables_profiles` ENABLE KEYS */;
UNLOCK TABLES;

--
-- Table structure for table `glpi_plugin_routetables_routetables`
--

DROP TABLE IF EXISTS `glpi_plugin_routetables_routetables`;
/*!40101 SET @saved_cs_client     = @@character_set_client */;
/*!40101 SET character_set_client = utf8 */;
CREATE TABLE `glpi_plugin_routetables_routetables` (
  `id` int(11) NOT NULL AUTO_INCREMENT,
  `entities_id` int(11) NOT NULL DEFAULT '0',
  `name` varchar(255) COLLATE utf8_unicode_ci DEFAULT NULL,
  `destination` varchar(255) COLLATE utf8_unicode_ci DEFAULT NULL,
  `netmask` varchar(255) COLLATE utf8_unicode_ci DEFAULT NULL,
  `gateway` varchar(255) COLLATE utf8_unicode_ci DEFAULT NULL,
  `metric` varchar(8) COLLATE utf8_unicode_ci DEFAULT NULL,
  `interface` varchar(128) COLLATE utf8_unicode_ci DEFAULT NULL,
  `persistence` smallint(6) NOT NULL DEFAULT '0',
  `comment` text COLLATE utf8_unicode_ci,
  `is_helpdesk_visible` int(11) NOT NULL DEFAULT '1',
  `date_mod` datetime DEFAULT NULL,
  `is_deleted` tinyint(1) NOT NULL DEFAULT '0',
  `notepad` longtext COLLATE utf8_unicode_ci,
  PRIMARY KEY (`id`),
  KEY `name` (`name`),
  KEY `entities_id` (`entities_id`),
  KEY `date_mod` (`date_mod`),
  KEY `is_helpdesk_visible` (`is_helpdesk_visible`),
  KEY `is_deleted` (`is_deleted`)
) ENGINE=MyISAM DEFAULT CHARSET=utf8 COLLATE=utf8_unicode_ci;
/*!40101 SET character_set_client = @saved_cs_client */;

--
-- Dumping data for table `glpi_plugin_routetables_routetables`
--

LOCK TABLES `glpi_plugin_routetables_routetables` WRITE;
/*!40000 ALTER TABLE `glpi_plugin_routetables_routetables` DISABLE KEYS */;
/*!40000 ALTER TABLE `glpi_plugin_routetables_routetables` ENABLE KEYS */;
UNLOCK TABLES;

--
-- Table structure for table `glpi_plugin_routetables_routetables_items`
--

DROP TABLE IF EXISTS `glpi_plugin_routetables_routetables_items`;
/*!40101 SET @saved_cs_client     = @@character_set_client */;
/*!40101 SET character_set_client = utf8 */;
CREATE TABLE `glpi_plugin_routetables_routetables_items` (
  `id` int(11) NOT NULL AUTO_INCREMENT,
  `plugin_routetables_routetables_id` int(11) NOT NULL DEFAULT '0',
  `items_id` int(11) NOT NULL DEFAULT '0' COMMENT 'RELATION to various tables, according to itemtype (id)',
  `itemtype` varchar(100) COLLATE utf8_unicode_ci NOT NULL COMMENT 'see .class.php file',
  PRIMARY KEY (`id`),
  UNIQUE KEY `unicity` (`plugin_routetables_routetables_id`,`items_id`,`itemtype`),
  KEY `FK_device` (`items_id`,`itemtype`),
  KEY `item` (`itemtype`,`items_id`)
) ENGINE=MyISAM DEFAULT CHARSET=utf8 COLLATE=utf8_unicode_ci;
/*!40101 SET character_set_client = @saved_cs_client */;

--
-- Dumping data for table `glpi_plugin_routetables_routetables_items`
--

LOCK TABLES `glpi_plugin_routetables_routetables_items` WRITE;
/*!40000 ALTER TABLE `glpi_plugin_routetables_routetables_items` DISABLE KEYS */;
/*!40000 ALTER TABLE `glpi_plugin_routetables_routetables_items` ENABLE KEYS */;
UNLOCK TABLES;

--
-- Table structure for table `glpi_plugin_treeview_configs`
--

DROP TABLE IF EXISTS `glpi_plugin_treeview_configs`;
/*!40101 SET @saved_cs_client     = @@character_set_client */;
/*!40101 SET character_set_client = utf8 */;
CREATE TABLE `glpi_plugin_treeview_configs` (
  `id` int(11) NOT NULL AUTO_INCREMENT,
  `target` varchar(255) COLLATE utf8_unicode_ci NOT NULL DEFAULT 'right',
  `folderLinks` tinyint(1) NOT NULL DEFAULT '0',
  `useSelection` tinyint(1) NOT NULL DEFAULT '0',
  `useLines` tinyint(1) NOT NULL DEFAULT '0',
  `useIcons` tinyint(1) NOT NULL DEFAULT '0',
  `closeSameLevel` tinyint(1) NOT NULL DEFAULT '0',
  `itemName` int(11) NOT NULL DEFAULT '0',
  `locationName` int(11) NOT NULL DEFAULT '0',
  PRIMARY KEY (`id`)
) ENGINE=MyISAM AUTO_INCREMENT=2 DEFAULT CHARSET=utf8 COLLATE=utf8_unicode_ci;
/*!40101 SET character_set_client = @saved_cs_client */;

--
-- Dumping data for table `glpi_plugin_treeview_configs`
--

LOCK TABLES `glpi_plugin_treeview_configs` WRITE;
/*!40000 ALTER TABLE `glpi_plugin_treeview_configs` DISABLE KEYS */;
INSERT INTO `glpi_plugin_treeview_configs` VALUES (1,'right',1,1,1,1,0,3,2);
/*!40000 ALTER TABLE `glpi_plugin_treeview_configs` ENABLE KEYS */;
UNLOCK TABLES;

--
-- Table structure for table `glpi_plugin_treeview_preferences`
--

DROP TABLE IF EXISTS `glpi_plugin_treeview_preferences`;
/*!40101 SET @saved_cs_client     = @@character_set_client */;
/*!40101 SET character_set_client = utf8 */;
CREATE TABLE `glpi_plugin_treeview_preferences` (
  `id` int(11) NOT NULL AUTO_INCREMENT,
  `users_id` int(11) NOT NULL DEFAULT '0' COMMENT 'RELATION to glpi_users (id)',
  `show_on_load` int(11) NOT NULL DEFAULT '0',
  PRIMARY KEY (`id`)
) ENGINE=MyISAM DEFAULT CHARSET=utf8 COLLATE=utf8_unicode_ci;
/*!40101 SET character_set_client = @saved_cs_client */;

--
-- Dumping data for table `glpi_plugin_treeview_preferences`
--

LOCK TABLES `glpi_plugin_treeview_preferences` WRITE;
/*!40000 ALTER TABLE `glpi_plugin_treeview_preferences` DISABLE KEYS */;
/*!40000 ALTER TABLE `glpi_plugin_treeview_preferences` ENABLE KEYS */;
UNLOCK TABLES;

--
-- Table structure for table `glpi_plugin_treeview_profiles`
--

DROP TABLE IF EXISTS `glpi_plugin_treeview_profiles`;
/*!40101 SET @saved_cs_client     = @@character_set_client */;
/*!40101 SET character_set_client = utf8 */;
CREATE TABLE `glpi_plugin_treeview_profiles` (
  `id` int(11) NOT NULL AUTO_INCREMENT,
  `name` varchar(255) COLLATE utf8_unicode_ci DEFAULT NULL,
  `treeview` char(1) COLLATE utf8_unicode_ci DEFAULT NULL,
  PRIMARY KEY (`id`),
  KEY `name` (`name`)
) ENGINE=MyISAM AUTO_INCREMENT=5 DEFAULT CHARSET=utf8 COLLATE=utf8_unicode_ci;
/*!40101 SET character_set_client = @saved_cs_client */;

--
-- Dumping data for table `glpi_plugin_treeview_profiles`
--

LOCK TABLES `glpi_plugin_treeview_profiles` WRITE;
/*!40000 ALTER TABLE `glpi_plugin_treeview_profiles` DISABLE KEYS */;
INSERT INTO `glpi_plugin_treeview_profiles` VALUES (4,'Super-Admin','r');
/*!40000 ALTER TABLE `glpi_plugin_treeview_profiles` ENABLE KEYS */;
UNLOCK TABLES;

--
-- Table structure for table `glpi_plugins`
--

DROP TABLE IF EXISTS `glpi_plugins`;
/*!40101 SET @saved_cs_client     = @@character_set_client */;
/*!40101 SET character_set_client = utf8 */;
CREATE TABLE `glpi_plugins` (
  `id` int(11) NOT NULL AUTO_INCREMENT,
  `directory` varchar(255) COLLATE utf8_unicode_ci NOT NULL,
  `name` varchar(255) COLLATE utf8_unicode_ci NOT NULL,
  `version` varchar(255) COLLATE utf8_unicode_ci NOT NULL,
  `state` int(11) NOT NULL DEFAULT '0' COMMENT 'see define.php PLUGIN_* constant',
  `author` varchar(255) COLLATE utf8_unicode_ci DEFAULT NULL,
  `homepage` varchar(255) COLLATE utf8_unicode_ci DEFAULT NULL,
  `license` varchar(255) COLLATE utf8_unicode_ci DEFAULT NULL,
  PRIMARY KEY (`id`),
  UNIQUE KEY `unicity` (`directory`),
  KEY `state` (`state`)
) ENGINE=MyISAM AUTO_INCREMENT=14 DEFAULT CHARSET=utf8 COLLATE=utf8_unicode_ci;
/*!40101 SET character_set_client = @saved_cs_client */;

--
-- Dumping data for table `glpi_plugins`
--

LOCK TABLES `glpi_plugins` WRITE;
/*!40000 ALTER TABLE `glpi_plugins` DISABLE KEYS */;
INSERT INTO `glpi_plugins` VALUES (1,'genericobject','Objects management','2.1.0',1,'Alexandre Delaunay & Walid Nouh','https://forge.indepnet.net/projects/show/genericobject','GPLv2+'),(2,'dumpentity','Dump Entity','1.3.0',1,'Remi Collet, Nelly Mahu-Lasson','https://forge.indepnet.net/projects/dumpentity','GPLv2+'),(3,'pdf','Print to pdf','0.83',1,'Dvi Balpe, Remi Collet, Nelly Mahu-Lasson, Walid Nouh','https://forge.indepnet.net/projects/pdf','GPLv2+'),(5,'badges','Badges','1.8.1',1,'Xavier Caillaud','https://forge.indepnet.net/projects/show/badges','GPLv2+'),(6,'racks','Bays Management','1.3.1',1,'Philippe Bchu, Walid Nouh, Xavier Caillaud','https://forge.indepnet.net/projects/show/racks','GPLv2+'),(7,'resources','Human Resources','1.8.2',1,'Xavier Caillaud','https://forge.indepnet.net/projects/resources','GPLv2+'),(8,'treeview','Tree View','1.6.0',1,'AL-Rubeiy Hussein, Xavier Caillaud, Nelly Mahu-Lasson','https://forge.indepnet.net/projects/treeview','GPLv2+'),(9,'projet','Project','1.3.0',1,'Xavier Caillaud & <a href=\"mailto:d.durieux@siprossii.com\">David DURIEUX</a>','https://forge.indepnet.net/projects/show/projet','GPLv2+'),(10,'archires','Network Architecture','2.0.0',1,'Xavier Caillaud, Remi Collet, Nelly Mahu-Masson, Sebastien Prudhomme','https://forge.indepnet.net/projects/archires','GPLv2+'),(11,'immobilizationsheets','Immobilizations','1.5.0',1,'Xavier Caillaud','https://forge.indepnet.net/projects/show/immobilizationsheets','GPLv2+'),(12,'routetables','Routing tables','1.4.0',1,'Xavier Caillaud, Franck Waechter','https://forge.indepnet.net/wiki/routetables','GPLv2+');
/*!40000 ALTER TABLE `glpi_plugins` ENABLE KEYS */;
UNLOCK TABLES;

--
-- Table structure for table `glpi_printermodels`
--

DROP TABLE IF EXISTS `glpi_printermodels`;
/*!40101 SET @saved_cs_client     = @@character_set_client */;
/*!40101 SET character_set_client = utf8 */;
CREATE TABLE `glpi_printermodels` (
  `id` int(11) NOT NULL AUTO_INCREMENT,
  `name` varchar(255) COLLATE utf8_unicode_ci DEFAULT NULL,
  `comment` text COLLATE utf8_unicode_ci,
  PRIMARY KEY (`id`),
  KEY `name` (`name`)
) ENGINE=MyISAM AUTO_INCREMENT=4 DEFAULT CHARSET=utf8 COLLATE=utf8_unicode_ci;
/*!40101 SET character_set_client = @saved_cs_client */;

--
-- Dumping data for table `glpi_printermodels`
--

LOCK TABLES `glpi_printermodels` WRITE;
/*!40000 ALTER TABLE `glpi_printermodels` DISABLE KEYS */;
INSERT INTO `glpi_printermodels` VALUES (1,'HP Printer M5035MFP',''),(2,'Dell Color Printer 5100CN',''),(3,'HP Color LJ CP3535DN','');
/*!40000 ALTER TABLE `glpi_printermodels` ENABLE KEYS */;
UNLOCK TABLES;

--
-- Table structure for table `glpi_printers`
--

DROP TABLE IF EXISTS `glpi_printers`;
/*!40101 SET @saved_cs_client     = @@character_set_client */;
/*!40101 SET character_set_client = utf8 */;
CREATE TABLE `glpi_printers` (
  `id` int(11) NOT NULL AUTO_INCREMENT,
  `entities_id` int(11) NOT NULL DEFAULT '0',
  `is_recursive` tinyint(1) NOT NULL DEFAULT '0',
  `name` varchar(255) COLLATE utf8_unicode_ci DEFAULT NULL,
  `date_mod` datetime DEFAULT NULL,
  `contact` varchar(255) COLLATE utf8_unicode_ci DEFAULT NULL,
  `contact_num` varchar(255) COLLATE utf8_unicode_ci DEFAULT NULL,
  `users_id_tech` int(11) NOT NULL DEFAULT '0',
  `groups_id_tech` int(11) NOT NULL DEFAULT '0',
  `serial` varchar(255) COLLATE utf8_unicode_ci DEFAULT NULL,
  `otherserial` varchar(255) COLLATE utf8_unicode_ci DEFAULT NULL,
  `have_serial` tinyint(1) NOT NULL DEFAULT '0',
  `have_parallel` tinyint(1) NOT NULL DEFAULT '0',
  `have_usb` tinyint(1) NOT NULL DEFAULT '0',
  `have_wifi` tinyint(1) NOT NULL DEFAULT '0',
  `have_ethernet` tinyint(1) NOT NULL DEFAULT '0',
  `comment` text COLLATE utf8_unicode_ci,
  `memory_size` varchar(255) COLLATE utf8_unicode_ci DEFAULT NULL,
  `locations_id` int(11) NOT NULL DEFAULT '0',
  `domains_id` int(11) NOT NULL DEFAULT '0',
  `networks_id` int(11) NOT NULL DEFAULT '0',
  `printertypes_id` int(11) NOT NULL DEFAULT '0',
  `printermodels_id` int(11) NOT NULL DEFAULT '0',
  `manufacturers_id` int(11) NOT NULL DEFAULT '0',
  `is_global` tinyint(1) NOT NULL DEFAULT '0',
  `is_deleted` tinyint(1) NOT NULL DEFAULT '0',
  `is_template` tinyint(1) NOT NULL DEFAULT '0',
  `template_name` varchar(255) COLLATE utf8_unicode_ci DEFAULT NULL,
  `init_pages_counter` int(11) NOT NULL DEFAULT '0',
  `last_pages_counter` int(11) NOT NULL DEFAULT '0',
  `notepad` longtext COLLATE utf8_unicode_ci,
  `users_id` int(11) NOT NULL DEFAULT '0',
  `groups_id` int(11) NOT NULL DEFAULT '0',
  `states_id` int(11) NOT NULL DEFAULT '0',
  `ticket_tco` decimal(20,4) DEFAULT '0.0000',
  PRIMARY KEY (`id`),
  KEY `name` (`name`),
  KEY `is_template` (`is_template`),
  KEY `is_global` (`is_global`),
  KEY `domains_id` (`domains_id`),
  KEY `entities_id` (`entities_id`),
  KEY `manufacturers_id` (`manufacturers_id`),
  KEY `groups_id` (`groups_id`),
  KEY `users_id` (`users_id`),
  KEY `locations_id` (`locations_id`),
  KEY `printermodels_id` (`printermodels_id`),
  KEY `networks_id` (`networks_id`),
  KEY `states_id` (`states_id`),
  KEY `users_id_tech` (`users_id_tech`),
  KEY `printertypes_id` (`printertypes_id`),
  KEY `is_deleted` (`is_deleted`),
  KEY `date_mod` (`date_mod`),
  KEY `groups_id_tech` (`groups_id_tech`),
  KEY `last_pages_counter` (`last_pages_counter`)
) ENGINE=MyISAM AUTO_INCREMENT=8 DEFAULT CHARSET=utf8 COLLATE=utf8_unicode_ci;
/*!40101 SET character_set_client = @saved_cs_client */;

--
-- Dumping data for table `glpi_printers`
--

LOCK TABLES `glpi_printers` WRITE;
/*!40000 ALTER TABLE `glpi_printers` DISABLE KEYS */;
INSERT INTO `glpi_printers` VALUES (1,0,0,'HP Printer M5035MFP','2012-07-23 11:41:59','','',0,0,'','',0,0,0,0,0,'','',2,0,0,0,0,4,0,0,1,'Printer',0,0,NULL,0,0,1,'0.0000'),(2,0,0,'HCMCP3A01','2012-08-27 12:55:20','','',8,7,'','',0,0,0,0,1,'','',3,0,0,2,1,4,0,0,0,'Printer',0,0,NULL,8,7,1,'0.0000'),(3,0,0,'HCMCP3A02','2013-03-06 11:36:18','Hoai Van Tran','',8,7,'','',0,0,0,0,1,'','',4,0,0,2,1,4,0,0,0,'Printer',0,0,NULL,63,9,1,'0.0000'),(4,0,0,'HCMCP2A01','2012-08-27 12:55:20','','',8,7,'','',0,0,0,0,1,'','',4,0,0,2,1,4,0,0,0,'Printer',0,0,NULL,0,0,1,'0.0000'),(5,0,0,'HCMCLJ01','2012-08-27 12:10:12','','',8,7,'926138529','',0,0,0,0,1,'','',3,0,0,1,2,1,0,0,0,'Printer',0,0,NULL,8,7,1,'0.0000'),(6,0,0,'HP Printer All-in-one 3055','2012-08-27 13:00:43','Thao Le','',0,5,'','',1,0,1,0,1,'','',3,0,0,2,0,4,0,0,0,'Printer',0,0,NULL,8,7,1,'0.0000'),(7,0,0,'HCMCLJ02','2012-08-27 13:42:35','Trung Duong','',8,7,'CNC8B8S45B','',0,0,0,0,0,'','',3,0,0,1,3,4,0,0,0,'Printer',0,0,NULL,8,7,1,'0.0000');
/*!40000 ALTER TABLE `glpi_printers` ENABLE KEYS */;
UNLOCK TABLES;

--
-- Table structure for table `glpi_printertypes`
--

DROP TABLE IF EXISTS `glpi_printertypes`;
/*!40101 SET @saved_cs_client     = @@character_set_client */;
/*!40101 SET character_set_client = utf8 */;
CREATE TABLE `glpi_printertypes` (
  `id` int(11) NOT NULL AUTO_INCREMENT,
  `name` varchar(255) COLLATE utf8_unicode_ci DEFAULT NULL,
  `comment` text COLLATE utf8_unicode_ci,
  PRIMARY KEY (`id`),
  KEY `name` (`name`)
) ENGINE=MyISAM AUTO_INCREMENT=3 DEFAULT CHARSET=utf8 COLLATE=utf8_unicode_ci;
/*!40101 SET character_set_client = @saved_cs_client */;

--
-- Dumping data for table `glpi_printertypes`
--

LOCK TABLES `glpi_printertypes` WRITE;
/*!40000 ALTER TABLE `glpi_printertypes` DISABLE KEYS */;
INSERT INTO `glpi_printertypes` VALUES (1,'Color',''),(2,'Back&White','');
/*!40000 ALTER TABLE `glpi_printertypes` ENABLE KEYS */;
UNLOCK TABLES;

--
-- Table structure for table `glpi_problems`
--

DROP TABLE IF EXISTS `glpi_problems`;
/*!40101 SET @saved_cs_client     = @@character_set_client */;
/*!40101 SET character_set_client = utf8 */;
CREATE TABLE `glpi_problems` (
  `id` int(11) NOT NULL AUTO_INCREMENT,
  `name` varchar(255) COLLATE utf8_unicode_ci DEFAULT NULL,
  `entities_id` int(11) NOT NULL DEFAULT '0',
  `is_recursive` tinyint(1) NOT NULL DEFAULT '0',
  `is_deleted` tinyint(1) NOT NULL DEFAULT '0',
  `status` varchar(255) COLLATE utf8_unicode_ci DEFAULT NULL,
  `content` longtext COLLATE utf8_unicode_ci,
  `date_mod` datetime DEFAULT NULL,
  `date` datetime DEFAULT NULL,
  `solvedate` datetime DEFAULT NULL,
  `closedate` datetime DEFAULT NULL,
  `due_date` datetime DEFAULT NULL,
  `users_id_recipient` int(11) NOT NULL DEFAULT '0',
  `users_id_lastupdater` int(11) NOT NULL DEFAULT '0',
  `suppliers_id_assign` int(11) NOT NULL DEFAULT '0',
  `urgency` int(11) NOT NULL DEFAULT '1',
  `impact` int(11) NOT NULL DEFAULT '1',
  `priority` int(11) NOT NULL DEFAULT '1',
  `itilcategories_id` int(11) NOT NULL DEFAULT '0',
  `impactcontent` longtext COLLATE utf8_unicode_ci,
  `causecontent` longtext COLLATE utf8_unicode_ci,
  `symptomcontent` longtext COLLATE utf8_unicode_ci,
  `solutiontypes_id` int(11) NOT NULL DEFAULT '0',
  `solution` text COLLATE utf8_unicode_ci,
  `actiontime` int(11) NOT NULL DEFAULT '0',
  `begin_waiting_date` datetime DEFAULT NULL,
  `waiting_duration` int(11) NOT NULL DEFAULT '0',
  `close_delay_stat` int(11) NOT NULL DEFAULT '0',
  `solve_delay_stat` int(11) NOT NULL DEFAULT '0',
  `notepad` longtext COLLATE utf8_unicode_ci,
  PRIMARY KEY (`id`),
  KEY `name` (`name`),
  KEY `entities_id` (`entities_id`),
  KEY `is_recursive` (`is_recursive`),
  KEY `is_deleted` (`is_deleted`),
  KEY `date` (`date`),
  KEY `closedate` (`closedate`),
  KEY `status` (`status`(1)),
  KEY `priority` (`priority`),
  KEY `date_mod` (`date_mod`),
  KEY `suppliers_id_assign` (`suppliers_id_assign`),
  KEY `itilcategories_id` (`itilcategories_id`),
  KEY `users_id_recipient` (`users_id_recipient`),
  KEY `solvedate` (`solvedate`),
  KEY `solutiontypes_id` (`solutiontypes_id`),
  KEY `urgency` (`urgency`),
  KEY `impact` (`impact`),
  KEY `due_date` (`due_date`),
  KEY `users_id_lastupdater` (`users_id_lastupdater`)
) ENGINE=MyISAM DEFAULT CHARSET=utf8 COLLATE=utf8_unicode_ci;
/*!40101 SET character_set_client = @saved_cs_client */;

--
-- Dumping data for table `glpi_problems`
--

LOCK TABLES `glpi_problems` WRITE;
/*!40000 ALTER TABLE `glpi_problems` DISABLE KEYS */;
/*!40000 ALTER TABLE `glpi_problems` ENABLE KEYS */;
UNLOCK TABLES;

--
-- Table structure for table `glpi_problems_tickets`
--

DROP TABLE IF EXISTS `glpi_problems_tickets`;
/*!40101 SET @saved_cs_client     = @@character_set_client */;
/*!40101 SET character_set_client = utf8 */;
CREATE TABLE `glpi_problems_tickets` (
  `id` int(11) NOT NULL AUTO_INCREMENT,
  `problems_id` int(11) NOT NULL DEFAULT '0',
  `tickets_id` int(11) NOT NULL DEFAULT '0',
  PRIMARY KEY (`id`),
  UNIQUE KEY `unicity` (`problems_id`,`tickets_id`),
  KEY `tickets_id` (`tickets_id`)
) ENGINE=MyISAM DEFAULT CHARSET=utf8 COLLATE=utf8_unicode_ci;
/*!40101 SET character_set_client = @saved_cs_client */;

--
-- Dumping data for table `glpi_problems_tickets`
--

LOCK TABLES `glpi_problems_tickets` WRITE;
/*!40000 ALTER TABLE `glpi_problems_tickets` DISABLE KEYS */;
/*!40000 ALTER TABLE `glpi_problems_tickets` ENABLE KEYS */;
UNLOCK TABLES;

--
-- Table structure for table `glpi_problems_users`
--

DROP TABLE IF EXISTS `glpi_problems_users`;
/*!40101 SET @saved_cs_client     = @@character_set_client */;
/*!40101 SET character_set_client = utf8 */;
CREATE TABLE `glpi_problems_users` (
  `id` int(11) NOT NULL AUTO_INCREMENT,
  `problems_id` int(11) NOT NULL DEFAULT '0',
  `users_id` int(11) NOT NULL DEFAULT '0',
  `type` int(11) NOT NULL DEFAULT '1',
  `use_notification` tinyint(1) NOT NULL DEFAULT '0',
  `alternative_email` varchar(255) COLLATE utf8_unicode_ci DEFAULT NULL,
  PRIMARY KEY (`id`),
  UNIQUE KEY `unicity` (`problems_id`,`type`,`users_id`,`alternative_email`),
  KEY `user` (`users_id`,`type`)
) ENGINE=MyISAM DEFAULT CHARSET=utf8 COLLATE=utf8_unicode_ci;
/*!40101 SET character_set_client = @saved_cs_client */;

--
-- Dumping data for table `glpi_problems_users`
--

LOCK TABLES `glpi_problems_users` WRITE;
/*!40000 ALTER TABLE `glpi_problems_users` DISABLE KEYS */;
/*!40000 ALTER TABLE `glpi_problems_users` ENABLE KEYS */;
UNLOCK TABLES;

--
-- Table structure for table `glpi_problemtasks`
--

DROP TABLE IF EXISTS `glpi_problemtasks`;
/*!40101 SET @saved_cs_client     = @@character_set_client */;
/*!40101 SET character_set_client = utf8 */;
CREATE TABLE `glpi_problemtasks` (
  `id` int(11) NOT NULL AUTO_INCREMENT,
  `problems_id` int(11) NOT NULL DEFAULT '0',
  `taskcategories_id` int(11) NOT NULL DEFAULT '0',
  `date` datetime DEFAULT NULL,
  `begin` datetime DEFAULT NULL,
  `end` datetime DEFAULT NULL,
  `users_id` int(11) NOT NULL DEFAULT '0',
  `users_id_tech` int(11) NOT NULL DEFAULT '0',
  `content` longtext COLLATE utf8_unicode_ci,
  `actiontime` int(11) NOT NULL DEFAULT '0',
  `state` int(11) NOT NULL DEFAULT '0',
  PRIMARY KEY (`id`),
  KEY `problems_id` (`problems_id`),
  KEY `users_id` (`users_id`),
  KEY `users_id_tech` (`users_id_tech`),
  KEY `date` (`date`),
  KEY `begin` (`begin`),
  KEY `end` (`end`),
  KEY `state` (`state`),
  KEY `taskcategories_id` (`taskcategories_id`)
) ENGINE=MyISAM DEFAULT CHARSET=utf8 COLLATE=utf8_unicode_ci;
/*!40101 SET character_set_client = @saved_cs_client */;

--
-- Dumping data for table `glpi_problemtasks`
--

LOCK TABLES `glpi_problemtasks` WRITE;
/*!40000 ALTER TABLE `glpi_problemtasks` DISABLE KEYS */;
/*!40000 ALTER TABLE `glpi_problemtasks` ENABLE KEYS */;
UNLOCK TABLES;

--
-- Table structure for table `glpi_profiles`
--

DROP TABLE IF EXISTS `glpi_profiles`;
/*!40101 SET @saved_cs_client     = @@character_set_client */;
/*!40101 SET character_set_client = utf8 */;
CREATE TABLE `glpi_profiles` (
  `id` int(11) NOT NULL AUTO_INCREMENT,
  `name` varchar(255) COLLATE utf8_unicode_ci DEFAULT NULL,
  `interface` varchar(255) COLLATE utf8_unicode_ci DEFAULT 'helpdesk',
  `is_default` tinyint(1) NOT NULL DEFAULT '0',
  `computer` char(1) COLLATE utf8_unicode_ci DEFAULT NULL,
  `monitor` char(1) COLLATE utf8_unicode_ci DEFAULT NULL,
  `software` char(1) COLLATE utf8_unicode_ci DEFAULT NULL,
  `networking` char(1) COLLATE utf8_unicode_ci DEFAULT NULL,
  `printer` char(1) COLLATE utf8_unicode_ci DEFAULT NULL,
  `peripheral` char(1) COLLATE utf8_unicode_ci DEFAULT NULL,
  `cartridge` char(1) COLLATE utf8_unicode_ci DEFAULT NULL,
  `consumable` char(1) COLLATE utf8_unicode_ci DEFAULT NULL,
  `phone` char(1) COLLATE utf8_unicode_ci DEFAULT NULL,
  `notes` char(1) COLLATE utf8_unicode_ci DEFAULT NULL,
  `contact_enterprise` char(1) COLLATE utf8_unicode_ci DEFAULT NULL,
  `document` char(1) COLLATE utf8_unicode_ci DEFAULT NULL,
  `contract` char(1) COLLATE utf8_unicode_ci DEFAULT NULL,
  `infocom` char(1) COLLATE utf8_unicode_ci DEFAULT NULL,
  `knowbase` char(1) COLLATE utf8_unicode_ci DEFAULT NULL,
  `faq` char(1) COLLATE utf8_unicode_ci DEFAULT NULL,
  `reservation_helpdesk` char(1) COLLATE utf8_unicode_ci DEFAULT NULL,
  `reservation_central` char(1) COLLATE utf8_unicode_ci DEFAULT NULL,
  `reports` char(1) COLLATE utf8_unicode_ci DEFAULT NULL,
  `ocsng` char(1) COLLATE utf8_unicode_ci DEFAULT NULL,
  `view_ocsng` char(1) COLLATE utf8_unicode_ci DEFAULT NULL,
  `sync_ocsng` char(1) COLLATE utf8_unicode_ci DEFAULT NULL,
  `dropdown` char(1) COLLATE utf8_unicode_ci DEFAULT NULL,
  `entity_dropdown` char(1) COLLATE utf8_unicode_ci DEFAULT NULL,
  `device` char(1) COLLATE utf8_unicode_ci DEFAULT NULL,
  `typedoc` char(1) COLLATE utf8_unicode_ci DEFAULT NULL,
  `link` char(1) COLLATE utf8_unicode_ci DEFAULT NULL,
  `config` char(1) COLLATE utf8_unicode_ci DEFAULT NULL,
  `rule_ticket` char(1) COLLATE utf8_unicode_ci DEFAULT NULL,
  `entity_rule_ticket` char(1) COLLATE utf8_unicode_ci DEFAULT NULL,
  `rule_ocs` char(1) COLLATE utf8_unicode_ci DEFAULT NULL,
  `rule_ldap` char(1) COLLATE utf8_unicode_ci DEFAULT NULL,
  `rule_softwarecategories` char(1) COLLATE utf8_unicode_ci DEFAULT NULL,
  `search_config` char(1) COLLATE utf8_unicode_ci DEFAULT NULL,
  `search_config_global` char(1) COLLATE utf8_unicode_ci DEFAULT NULL,
  `check_update` char(1) COLLATE utf8_unicode_ci DEFAULT NULL,
  `profile` char(1) COLLATE utf8_unicode_ci DEFAULT NULL,
  `user` char(1) COLLATE utf8_unicode_ci DEFAULT NULL,
  `user_authtype` char(1) COLLATE utf8_unicode_ci DEFAULT NULL,
  `group` char(1) COLLATE utf8_unicode_ci DEFAULT NULL,
  `entity` char(1) COLLATE utf8_unicode_ci DEFAULT NULL,
  `transfer` char(1) COLLATE utf8_unicode_ci DEFAULT NULL,
  `logs` char(1) COLLATE utf8_unicode_ci DEFAULT NULL,
  `reminder_public` char(1) COLLATE utf8_unicode_ci DEFAULT NULL,
  `bookmark_public` char(1) COLLATE utf8_unicode_ci DEFAULT NULL,
  `backup` char(1) COLLATE utf8_unicode_ci DEFAULT NULL,
  `create_ticket` char(1) COLLATE utf8_unicode_ci DEFAULT NULL,
  `delete_ticket` char(1) COLLATE utf8_unicode_ci DEFAULT NULL,
  `add_followups` char(1) COLLATE utf8_unicode_ci DEFAULT NULL,
  `group_add_followups` char(1) COLLATE utf8_unicode_ci DEFAULT NULL,
  `global_add_followups` char(1) COLLATE utf8_unicode_ci DEFAULT NULL,
  `global_add_tasks` char(1) COLLATE utf8_unicode_ci DEFAULT NULL,
  `update_ticket` char(1) COLLATE utf8_unicode_ci DEFAULT NULL,
  `update_priority` char(1) COLLATE utf8_unicode_ci DEFAULT NULL,
  `own_ticket` char(1) COLLATE utf8_unicode_ci DEFAULT NULL,
  `steal_ticket` char(1) COLLATE utf8_unicode_ci DEFAULT NULL,
  `assign_ticket` char(1) COLLATE utf8_unicode_ci DEFAULT NULL,
  `show_all_ticket` char(1) COLLATE utf8_unicode_ci DEFAULT NULL,
  `show_assign_ticket` char(1) COLLATE utf8_unicode_ci DEFAULT NULL,
  `show_full_ticket` char(1) COLLATE utf8_unicode_ci DEFAULT NULL,
  `observe_ticket` char(1) COLLATE utf8_unicode_ci DEFAULT NULL,
  `update_followups` char(1) COLLATE utf8_unicode_ci DEFAULT NULL,
  `update_tasks` char(1) COLLATE utf8_unicode_ci DEFAULT NULL,
  `show_planning` char(1) COLLATE utf8_unicode_ci DEFAULT NULL,
  `show_group_planning` char(1) COLLATE utf8_unicode_ci DEFAULT NULL,
  `show_all_planning` char(1) COLLATE utf8_unicode_ci DEFAULT NULL,
  `statistic` char(1) COLLATE utf8_unicode_ci DEFAULT NULL,
  `password_update` char(1) COLLATE utf8_unicode_ci DEFAULT NULL,
  `helpdesk_hardware` int(11) NOT NULL DEFAULT '0',
  `helpdesk_item_type` text COLLATE utf8_unicode_ci,
  `ticket_status` text COLLATE utf8_unicode_ci COMMENT 'json encoded array of from/dest allowed status change',
  `show_group_ticket` char(1) COLLATE utf8_unicode_ci DEFAULT NULL,
  `show_group_hardware` char(1) COLLATE utf8_unicode_ci DEFAULT NULL,
  `rule_dictionnary_software` char(1) COLLATE utf8_unicode_ci DEFAULT NULL,
  `rule_dictionnary_dropdown` char(1) COLLATE utf8_unicode_ci DEFAULT NULL,
  `budget` char(1) COLLATE utf8_unicode_ci DEFAULT NULL,
  `import_externalauth_users` char(1) COLLATE utf8_unicode_ci DEFAULT NULL,
  `notification` char(1) COLLATE utf8_unicode_ci DEFAULT NULL,
  `rule_mailcollector` char(1) COLLATE utf8_unicode_ci DEFAULT NULL,
  `date_mod` datetime DEFAULT NULL,
  `comment` text COLLATE utf8_unicode_ci,
  `validate_ticket` char(1) COLLATE utf8_unicode_ci DEFAULT NULL,
  `create_validation` char(1) COLLATE utf8_unicode_ci DEFAULT NULL,
  `calendar` char(1) COLLATE utf8_unicode_ci DEFAULT NULL,
  `sla` char(1) COLLATE utf8_unicode_ci DEFAULT NULL,
  `rule_dictionnary_printer` char(1) COLLATE utf8_unicode_ci DEFAULT NULL,
  `clean_ocsng` char(1) COLLATE utf8_unicode_ci DEFAULT NULL,
  `update_own_followups` char(1) COLLATE utf8_unicode_ci DEFAULT NULL,
  `delete_followups` char(1) COLLATE utf8_unicode_ci DEFAULT NULL,
  `entity_helpdesk` char(1) COLLATE utf8_unicode_ci DEFAULT NULL,
  `show_my_problem` char(1) COLLATE utf8_unicode_ci DEFAULT NULL,
  `show_all_problem` char(1) COLLATE utf8_unicode_ci DEFAULT NULL,
  `edit_all_problem` char(1) COLLATE utf8_unicode_ci DEFAULT NULL,
  `problem_status` text COLLATE utf8_unicode_ci COMMENT 'json encoded array of from/dest allowed status change',
  `create_ticket_on_login` tinyint(1) NOT NULL DEFAULT '0',
  `tickettemplate` char(1) COLLATE utf8_unicode_ci DEFAULT NULL,
  `ticketrecurrent` char(1) COLLATE utf8_unicode_ci DEFAULT NULL,
  PRIMARY KEY (`id`),
  KEY `interface` (`interface`),
  KEY `is_default` (`is_default`),
  KEY `date_mod` (`date_mod`)
) ENGINE=MyISAM AUTO_INCREMENT=11 DEFAULT CHARSET=utf8 COLLATE=utf8_unicode_ci;
/*!40101 SET character_set_client = @saved_cs_client */;

--
-- Dumping data for table `glpi_profiles`
--

LOCK TABLES `glpi_profiles` WRITE;
/*!40000 ALTER TABLE `glpi_profiles` DISABLE KEYS */;
INSERT INTO `glpi_profiles` VALUES (1,'Self-Service','helpdesk',0,NULL,NULL,NULL,NULL,NULL,NULL,NULL,NULL,NULL,NULL,NULL,NULL,NULL,NULL,NULL,'r','1',NULL,NULL,NULL,NULL,NULL,NULL,NULL,NULL,NULL,NULL,NULL,NULL,NULL,NULL,NULL,NULL,NULL,NULL,NULL,NULL,NULL,NULL,NULL,NULL,NULL,NULL,'r',NULL,NULL,'1',NULL,'1',NULL,NULL,NULL,NULL,NULL,NULL,NULL,NULL,NULL,NULL,NULL,'1',NULL,NULL,NULL,NULL,NULL,NULL,'1',1,'[\"Computer\",\"Monitor\",\"NetworkEquipment\",\"Peripheral\",\"Phone\",\"Printer\",\"Software\"]',NULL,'0','0',NULL,NULL,NULL,NULL,NULL,NULL,NULL,NULL,NULL,NULL,NULL,NULL,NULL,NULL,NULL,NULL,NULL,NULL,NULL,NULL,NULL,0,NULL,NULL),(2,'Observer','central',0,'r','r','r','r','r','r','r','r','r','r','r','r','r','r','r','r','1','r','r',NULL,'r',NULL,NULL,NULL,NULL,'r','r',NULL,NULL,NULL,NULL,NULL,NULL,'w',NULL,'r',NULL,'r','r','r',NULL,NULL,NULL,NULL,NULL,NULL,'1','1','1','0','0','0','0','0','1','0','0','1','1','0','1','0','0','1','0','0','1','1',1,'[\"Computer\",\"Monitor\",\"NetworkEquipment\",\"Peripheral\",\"Phone\",\"Printer\",\"Software\"]',NULL,'0','0',NULL,NULL,'r',NULL,NULL,NULL,NULL,NULL,'1','1',NULL,NULL,NULL,NULL,NULL,'0',NULL,'1','1',NULL,NULL,0,NULL,NULL),(3,'Admin','central',0,'w','w','w','w','w','w','w','w','w','w','w','w','w','w','w','w','1','w','r','w','r','w','w','w','w','w','w',NULL,NULL,NULL,NULL,NULL,NULL,'w','w','r','r','w','w','w',NULL,NULL,NULL,NULL,NULL,NULL,'1','1','1','1','1','1','1','1','1','1','1','1','1','1','1','1','1','1','1','1','1','1',3,'[\"Computer\",\"Monitor\",\"NetworkEquipment\",\"Peripheral\",\"Phone\",\"Printer\",\"Software\"]',NULL,'0','0',NULL,NULL,'w','w',NULL,NULL,NULL,NULL,'1','1','w',NULL,NULL,'w','1','1',NULL,'1','1','1',NULL,0,NULL,NULL),(4,'Super-Admin','central',0,'w','w','w','w','w','w','w','w','w','w','w','w','w','w','w','w','1','w','r','w','r','w','w','w','w','w','w','w','r','w','w','w','w','w','w','r','w','w','w','w','w','w','r','w','w','w','1','1','1','1','1','1','1','1','1','1','1','1','1','1','1','1','1','1','1','1','1','1',3,'[\"Computer\",\"Monitor\",\"NetworkEquipment\",\"Peripheral\",\"Phone\",\"Printer\",\"Software\"]',NULL,'0','0','w','w','w','w','w','w',NULL,NULL,'1','1','w','w','w','w','1','1','w','1','1','1',NULL,0,'w','w'),(5,'Hotliner','central',0,NULL,NULL,NULL,NULL,NULL,NULL,NULL,NULL,NULL,NULL,NULL,NULL,NULL,NULL,NULL,NULL,NULL,NULL,NULL,NULL,NULL,NULL,NULL,NULL,NULL,NULL,NULL,NULL,NULL,NULL,NULL,NULL,NULL,NULL,NULL,NULL,NULL,'r',NULL,NULL,NULL,NULL,NULL,NULL,NULL,NULL,'1',NULL,'1',NULL,'1',NULL,'1',NULL,NULL,NULL,'1','1',NULL,'1','1',NULL,NULL,'1',NULL,NULL,'1','1',3,'[\"Computer\",\"Monitor\",\"NetworkEquipment\",\"Peripheral\",\"Phone\",\"Printer\",\"Software\"]',NULL,NULL,NULL,NULL,NULL,NULL,'w',NULL,NULL,NULL,NULL,NULL,'1',NULL,NULL,NULL,NULL,'1',NULL,NULL,NULL,'1',NULL,NULL,1,'r',NULL),(6,'Technician','central',0,'w','w','w','w','w','w','w','w','w','w',NULL,'w',NULL,NULL,'w','w','1','w','r',NULL,'r','w',NULL,NULL,NULL,NULL,NULL,NULL,NULL,NULL,NULL,NULL,NULL,NULL,NULL,NULL,NULL,'w',NULL,'r','r','r',NULL,'w',NULL,NULL,'1',NULL,'1',NULL,'1','1','1',NULL,'1',NULL,NULL,'1','1','1','1','1','1','1',NULL,NULL,'1','1',3,'[\"Computer\",\"Monitor\",\"NetworkEquipment\",\"Peripheral\",\"Phone\",\"Printer\",\"Software\"]',NULL,NULL,NULL,NULL,NULL,NULL,'w',NULL,NULL,NULL,NULL,NULL,'1',NULL,'r',NULL,NULL,'1',NULL,NULL,'1','1',NULL,NULL,0,'r','r'),(7,'Supervisor','central',0,'w','w','w','w','w','w','w','w','w','w',NULL,'w',NULL,NULL,'w','w','1','w','r',NULL,'r','w',NULL,'w',NULL,NULL,NULL,NULL,'r','w',NULL,NULL,NULL,NULL,NULL,NULL,NULL,'w',NULL,'r','r','r','r','w',NULL,NULL,'1','1','1',NULL,'1','1','1','1','1','1','1','1','1','1','1','1','1','1',NULL,'1','1','1',3,'[\"Computer\",\"Monitor\",\"NetworkEquipment\",\"Peripheral\",\"Phone\",\"Printer\",\"Software\"]',NULL,NULL,NULL,NULL,NULL,NULL,'w',NULL,'w',NULL,NULL,'1','1','w','w',NULL,NULL,'1','1',NULL,'1','1','1',NULL,0,'w','w'),(8,'IT','central',0,'w','w','w','w','w','w','w','w','w','w','w','w','w','w','w','w','1','w','r','w','r','w','w','w','w','w','w','w',NULL,'w','w','w','w','w','w','r','w','w','w','w','w','w','r','w','w','w','1','1','1','1','1','1','1','1','1','1','1','1','1','1','1','1','1','1','1','1','1','1',3,'[\"Computer\"]',NULL,'1','1','w','w','w','w','w','w','2012-05-10 10:39:02','','1','1','w','w',NULL,'w','1','1','w','1','1','1',NULL,1,'w','w'),(9,'Hardware Inventory','central',0,NULL,'r',NULL,NULL,NULL,'w',NULL,'w',NULL,NULL,NULL,'r','r',NULL,NULL,NULL,'0',NULL,NULL,NULL,NULL,NULL,NULL,NULL,NULL,NULL,NULL,NULL,NULL,NULL,NULL,NULL,NULL,NULL,NULL,NULL,NULL,NULL,NULL,NULL,NULL,NULL,NULL,NULL,NULL,NULL,'1','0','1','1','1','1','0','0','0','0','0','0','0','0','0','0','0','0','0','0','0','1',0,'[]',NULL,'0','0',NULL,NULL,NULL,NULL,NULL,NULL,'2012-05-10 11:40:06','','0','0',NULL,NULL,NULL,NULL,'0','0',NULL,'0','0','0',NULL,1,NULL,NULL),(10,'Software Inventory','central',1,NULL,'w',NULL,'r',NULL,'w',NULL,'r',NULL,NULL,NULL,NULL,NULL,NULL,NULL,NULL,'0',NULL,NULL,NULL,NULL,NULL,NULL,NULL,NULL,NULL,NULL,NULL,NULL,NULL,NULL,NULL,NULL,NULL,NULL,NULL,NULL,NULL,NULL,NULL,NULL,NULL,NULL,NULL,NULL,NULL,'1',NULL,'0',NULL,NULL,NULL,NULL,NULL,NULL,NULL,NULL,NULL,NULL,NULL,'0',NULL,NULL,NULL,NULL,NULL,NULL,'1',1,'[]',NULL,'0','1',NULL,NULL,NULL,NULL,NULL,NULL,'2012-05-10 11:27:39','','0','0',NULL,NULL,NULL,NULL,'0',NULL,NULL,NULL,NULL,NULL,NULL,1,NULL,NULL);
/*!40000 ALTER TABLE `glpi_profiles` ENABLE KEYS */;
UNLOCK TABLES;

--
-- Table structure for table `glpi_profiles_reminders`
--

DROP TABLE IF EXISTS `glpi_profiles_reminders`;
/*!40101 SET @saved_cs_client     = @@character_set_client */;
/*!40101 SET character_set_client = utf8 */;
CREATE TABLE `glpi_profiles_reminders` (
  `id` int(11) NOT NULL AUTO_INCREMENT,
  `reminders_id` int(11) NOT NULL DEFAULT '0',
  `profiles_id` int(11) NOT NULL DEFAULT '0',
  `entities_id` int(11) NOT NULL DEFAULT '-1',
  `is_recursive` tinyint(1) NOT NULL DEFAULT '0',
  PRIMARY KEY (`id`),
  KEY `reminders_id` (`reminders_id`),
  KEY `profiles_id` (`profiles_id`),
  KEY `entities_id` (`entities_id`),
  KEY `is_recursive` (`is_recursive`)
) ENGINE=MyISAM DEFAULT CHARSET=utf8 COLLATE=utf8_unicode_ci;
/*!40101 SET character_set_client = @saved_cs_client */;

--
-- Dumping data for table `glpi_profiles_reminders`
--

LOCK TABLES `glpi_profiles_reminders` WRITE;
/*!40000 ALTER TABLE `glpi_profiles_reminders` DISABLE KEYS */;
/*!40000 ALTER TABLE `glpi_profiles_reminders` ENABLE KEYS */;
UNLOCK TABLES;

--
-- Table structure for table `glpi_profiles_users`
--

DROP TABLE IF EXISTS `glpi_profiles_users`;
/*!40101 SET @saved_cs_client     = @@character_set_client */;
/*!40101 SET character_set_client = utf8 */;
CREATE TABLE `glpi_profiles_users` (
  `id` int(11) NOT NULL AUTO_INCREMENT,
  `users_id` int(11) NOT NULL DEFAULT '0',
  `profiles_id` int(11) NOT NULL DEFAULT '0',
  `entities_id` int(11) NOT NULL DEFAULT '0',
  `is_recursive` tinyint(1) NOT NULL DEFAULT '1',
  `is_dynamic` tinyint(1) NOT NULL DEFAULT '0',
  PRIMARY KEY (`id`),
  KEY `entities_id` (`entities_id`),
  KEY `profiles_id` (`profiles_id`),
  KEY `users_id` (`users_id`),
  KEY `is_recursive` (`is_recursive`),
  KEY `is_dynamic` (`is_dynamic`)
) ENGINE=MyISAM AUTO_INCREMENT=148 DEFAULT CHARSET=utf8 COLLATE=utf8_unicode_ci;
/*!40101 SET character_set_client = @saved_cs_client */;

--
-- Dumping data for table `glpi_profiles_users`
--

LOCK TABLES `glpi_profiles_users` WRITE;
/*!40000 ALTER TABLE `glpi_profiles_users` DISABLE KEYS */;
INSERT INTO `glpi_profiles_users` VALUES (2,2,4,0,1,0),(3,3,1,0,1,0),(4,4,6,0,1,0),(5,5,2,0,1,0),(13,13,10,0,1,0),(18,8,4,0,0,0),(16,10,10,0,0,1),(15,14,9,0,1,0),(17,8,10,0,0,1),(19,15,10,0,0,1),(20,16,10,0,0,1),(21,17,10,0,0,1),(22,18,10,0,0,1),(23,19,10,0,0,1),(24,20,10,0,0,1),(25,21,10,0,0,1),(26,22,10,0,0,1),(27,23,10,0,0,1),(28,24,10,0,0,1),(29,25,10,0,0,1),(30,26,10,0,0,1),(31,27,10,0,0,1),(32,28,10,0,0,1),(33,29,10,0,0,1),(34,30,10,0,0,1),(35,31,10,0,0,1),(36,32,10,0,0,1),(37,33,10,0,0,1),(38,34,10,0,0,1),(39,35,10,0,0,1),(40,36,10,0,0,1),(41,37,10,0,0,1),(42,38,10,0,0,1),(43,39,10,0,0,1),(44,40,10,0,0,1),(45,41,10,0,0,1),(46,42,10,0,0,1),(47,43,10,0,0,1),(48,44,10,0,0,1),(49,45,10,0,0,1),(50,46,10,0,0,1),(51,47,10,0,0,1),(52,48,10,0,0,1),(53,49,10,0,0,1),(54,50,10,0,0,1),(55,51,10,0,0,1),(56,52,10,0,0,1),(57,53,10,0,0,1),(58,54,10,0,0,1),(59,55,10,0,0,1),(60,56,10,0,0,1),(61,57,10,0,0,1),(62,58,10,0,0,1),(63,59,10,0,0,1),(64,60,10,0,0,1),(65,61,10,0,0,1),(66,62,10,0,0,1),(67,63,10,0,0,1),(68,64,10,0,0,1),(69,65,10,0,0,1),(70,66,10,0,0,1),(71,67,10,0,0,1),(72,68,10,0,0,1),(73,69,10,0,0,1),(74,70,10,0,0,1),(75,71,10,0,0,1),(76,72,10,0,0,1),(77,73,10,0,0,1),(78,74,10,0,0,1),(79,75,10,0,0,1),(80,76,10,0,0,1),(81,77,10,0,0,1),(82,78,10,0,0,1),(83,79,10,0,0,1),(84,80,10,0,0,1),(85,81,10,0,0,1),(86,82,10,0,0,1),(87,83,10,0,0,1),(88,84,10,0,0,1),(89,85,10,0,0,1),(90,86,10,0,0,1),(91,87,10,0,0,1),(92,88,10,0,0,1),(93,89,10,0,0,1),(94,90,10,0,0,1),(95,91,10,0,0,1),(96,92,10,0,0,1),(97,93,10,0,0,1),(98,94,10,0,0,1),(99,95,10,0,0,1),(100,96,10,0,0,1),(101,97,10,0,0,1),(102,98,10,0,0,1),(103,99,10,0,0,1),(104,100,10,0,0,1),(105,101,10,0,0,1),(106,102,10,0,0,1),(107,103,10,0,0,1),(108,104,10,0,0,1),(109,105,10,0,0,1),(110,106,10,0,0,1),(111,107,10,0,0,1),(112,108,10,0,0,1),(113,109,10,0,0,1),(114,110,10,0,0,1),(115,111,10,0,0,1),(116,112,10,0,0,1),(117,113,10,0,0,1),(118,114,10,0,0,1),(119,115,10,0,0,1),(120,116,10,0,0,1),(121,117,10,0,0,1),(122,118,10,0,0,1),(123,119,10,0,0,1),(124,120,10,0,0,1),(125,121,10,0,0,1),(126,122,10,0,0,1),(127,123,10,0,0,1),(128,124,10,0,0,1),(129,125,10,0,0,1),(130,126,10,0,0,1),(131,127,10,0,0,1),(132,128,10,0,0,1),(133,129,10,0,0,1),(134,130,10,0,0,1),(135,131,10,0,0,1),(136,132,10,0,0,1),(137,133,10,0,0,1),(138,134,10,0,0,1),(139,135,10,0,0,1),(140,136,10,0,0,1),(141,137,10,0,0,1),(142,138,10,0,0,1),(143,139,10,0,0,1),(144,140,10,0,0,1),(145,141,10,0,0,1),(146,142,10,0,0,1),(147,143,10,0,0,1);
/*!40000 ALTER TABLE `glpi_profiles_users` ENABLE KEYS */;
UNLOCK TABLES;

--
-- Table structure for table `glpi_registrykeys`
--

DROP TABLE IF EXISTS `glpi_registrykeys`;
/*!40101 SET @saved_cs_client     = @@character_set_client */;
/*!40101 SET character_set_client = utf8 */;
CREATE TABLE `glpi_registrykeys` (
  `id` int(11) NOT NULL AUTO_INCREMENT,
  `computers_id` int(11) NOT NULL DEFAULT '0',
  `hive` varchar(255) COLLATE utf8_unicode_ci DEFAULT NULL,
  `path` varchar(255) COLLATE utf8_unicode_ci DEFAULT NULL,
  `value` varchar(255) COLLATE utf8_unicode_ci DEFAULT NULL,
  `ocs_name` varchar(255) COLLATE utf8_unicode_ci DEFAULT NULL,
  PRIMARY KEY (`id`),
  KEY `computers_id` (`computers_id`)
) ENGINE=MyISAM DEFAULT CHARSET=utf8 COLLATE=utf8_unicode_ci;
/*!40101 SET character_set_client = @saved_cs_client */;

--
-- Dumping data for table `glpi_registrykeys`
--

LOCK TABLES `glpi_registrykeys` WRITE;
/*!40000 ALTER TABLE `glpi_registrykeys` DISABLE KEYS */;
/*!40000 ALTER TABLE `glpi_registrykeys` ENABLE KEYS */;
UNLOCK TABLES;

--
-- Table structure for table `glpi_reminders`
--

DROP TABLE IF EXISTS `glpi_reminders`;
/*!40101 SET @saved_cs_client     = @@character_set_client */;
/*!40101 SET character_set_client = utf8 */;
CREATE TABLE `glpi_reminders` (
  `id` int(11) NOT NULL AUTO_INCREMENT,
  `date` datetime DEFAULT NULL,
  `users_id` int(11) NOT NULL DEFAULT '0',
  `name` varchar(255) COLLATE utf8_unicode_ci DEFAULT NULL,
  `text` text COLLATE utf8_unicode_ci,
  `begin` datetime DEFAULT NULL,
  `end` datetime DEFAULT NULL,
  `is_planned` tinyint(1) NOT NULL DEFAULT '0',
  `date_mod` datetime DEFAULT NULL,
  `state` int(11) NOT NULL DEFAULT '0',
  `begin_view_date` datetime DEFAULT NULL,
  `end_view_date` datetime DEFAULT NULL,
  PRIMARY KEY (`id`),
  KEY `date` (`date`),
  KEY `begin` (`begin`),
  KEY `end` (`end`),
  KEY `users_id` (`users_id`),
  KEY `is_planned` (`is_planned`),
  KEY `state` (`state`),
  KEY `date_mod` (`date_mod`)
) ENGINE=MyISAM AUTO_INCREMENT=2 DEFAULT CHARSET=utf8 COLLATE=utf8_unicode_ci;
/*!40101 SET character_set_client = @saved_cs_client */;

--
-- Dumping data for table `glpi_reminders`
--

LOCK TABLES `glpi_reminders` WRITE;
/*!40000 ALTER TABLE `glpi_reminders` DISABLE KEYS */;
INSERT INTO `glpi_reminders` VALUES (1,'2013-03-04 10:40:54',8,'HP Printer at 2nd floor','&lt;p&gt;- Need to repalace Fushing Assembly.&lt;/p&gt;',NULL,NULL,0,'2013-03-04 10:40:54',1,NULL,NULL);
/*!40000 ALTER TABLE `glpi_reminders` ENABLE KEYS */;
UNLOCK TABLES;

--
-- Table structure for table `glpi_reminders_users`
--

DROP TABLE IF EXISTS `glpi_reminders_users`;
/*!40101 SET @saved_cs_client     = @@character_set_client */;
/*!40101 SET character_set_client = utf8 */;
CREATE TABLE `glpi_reminders_users` (
  `id` int(11) NOT NULL AUTO_INCREMENT,
  `reminders_id` int(11) NOT NULL DEFAULT '0',
  `users_id` int(11) NOT NULL DEFAULT '0',
  PRIMARY KEY (`id`),
  KEY `reminders_id` (`reminders_id`),
  KEY `users_id` (`users_id`)
) ENGINE=MyISAM DEFAULT CHARSET=utf8 COLLATE=utf8_unicode_ci;
/*!40101 SET character_set_client = @saved_cs_client */;

--
-- Dumping data for table `glpi_reminders_users`
--

LOCK TABLES `glpi_reminders_users` WRITE;
/*!40000 ALTER TABLE `glpi_reminders_users` DISABLE KEYS */;
/*!40000 ALTER TABLE `glpi_reminders_users` ENABLE KEYS */;
UNLOCK TABLES;

--
-- Table structure for table `glpi_requesttypes`
--

DROP TABLE IF EXISTS `glpi_requesttypes`;
/*!40101 SET @saved_cs_client     = @@character_set_client */;
/*!40101 SET character_set_client = utf8 */;
CREATE TABLE `glpi_requesttypes` (
  `id` int(11) NOT NULL AUTO_INCREMENT,
  `name` varchar(255) COLLATE utf8_unicode_ci DEFAULT NULL,
  `is_helpdesk_default` tinyint(1) NOT NULL DEFAULT '0',
  `is_mail_default` tinyint(1) NOT NULL DEFAULT '0',
  `comment` text COLLATE utf8_unicode_ci,
  PRIMARY KEY (`id`),
  KEY `name` (`name`),
  KEY `is_helpdesk_default` (`is_helpdesk_default`),
  KEY `is_mail_default` (`is_mail_default`)
) ENGINE=MyISAM AUTO_INCREMENT=7 DEFAULT CHARSET=utf8 COLLATE=utf8_unicode_ci;
/*!40101 SET character_set_client = @saved_cs_client */;

--
-- Dumping data for table `glpi_requesttypes`
--

LOCK TABLES `glpi_requesttypes` WRITE;
/*!40000 ALTER TABLE `glpi_requesttypes` DISABLE KEYS */;
INSERT INTO `glpi_requesttypes` VALUES (1,'Helpdesk',1,0,NULL),(2,'E-Mail',0,1,NULL),(3,'Phone',0,0,NULL),(4,'Direct',0,0,NULL),(5,'Written',0,0,NULL),(6,'Other',0,0,NULL);
/*!40000 ALTER TABLE `glpi_requesttypes` ENABLE KEYS */;
UNLOCK TABLES;

--
-- Table structure for table `glpi_reservationitems`
--

DROP TABLE IF EXISTS `glpi_reservationitems`;
/*!40101 SET @saved_cs_client     = @@character_set_client */;
/*!40101 SET character_set_client = utf8 */;
CREATE TABLE `glpi_reservationitems` (
  `id` int(11) NOT NULL AUTO_INCREMENT,
  `itemtype` varchar(100) COLLATE utf8_unicode_ci NOT NULL,
  `entities_id` int(11) NOT NULL DEFAULT '0',
  `is_recursive` tinyint(1) NOT NULL DEFAULT '0',
  `items_id` int(11) NOT NULL DEFAULT '0',
  `comment` text COLLATE utf8_unicode_ci,
  `is_active` tinyint(1) NOT NULL DEFAULT '1',
  PRIMARY KEY (`id`),
  KEY `is_active` (`is_active`),
  KEY `item` (`itemtype`,`items_id`),
  KEY `entities_id` (`entities_id`),
  KEY `is_recursive` (`is_recursive`)
) ENGINE=MyISAM DEFAULT CHARSET=utf8 COLLATE=utf8_unicode_ci;
/*!40101 SET character_set_client = @saved_cs_client */;

--
-- Dumping data for table `glpi_reservationitems`
--

LOCK TABLES `glpi_reservationitems` WRITE;
/*!40000 ALTER TABLE `glpi_reservationitems` DISABLE KEYS */;
/*!40000 ALTER TABLE `glpi_reservationitems` ENABLE KEYS */;
UNLOCK TABLES;

--
-- Table structure for table `glpi_reservations`
--

DROP TABLE IF EXISTS `glpi_reservations`;
/*!40101 SET @saved_cs_client     = @@character_set_client */;
/*!40101 SET character_set_client = utf8 */;
CREATE TABLE `glpi_reservations` (
  `id` int(11) NOT NULL AUTO_INCREMENT,
  `reservationitems_id` int(11) NOT NULL DEFAULT '0',
  `begin` datetime DEFAULT NULL,
  `end` datetime DEFAULT NULL,
  `users_id` int(11) NOT NULL DEFAULT '0',
  `comment` text COLLATE utf8_unicode_ci,
  `group` int(11) NOT NULL DEFAULT '0',
  PRIMARY KEY (`id`),
  KEY `begin` (`begin`),
  KEY `end` (`end`),
  KEY `reservationitems_id` (`reservationitems_id`),
  KEY `users_id` (`users_id`),
  KEY `resagroup` (`reservationitems_id`,`group`)
) ENGINE=MyISAM DEFAULT CHARSET=utf8 COLLATE=utf8_unicode_ci;
/*!40101 SET character_set_client = @saved_cs_client */;

--
-- Dumping data for table `glpi_reservations`
--

LOCK TABLES `glpi_reservations` WRITE;
/*!40000 ALTER TABLE `glpi_reservations` DISABLE KEYS */;
/*!40000 ALTER TABLE `glpi_reservations` ENABLE KEYS */;
UNLOCK TABLES;

--
-- Table structure for table `glpi_ruleactions`
--

DROP TABLE IF EXISTS `glpi_ruleactions`;
/*!40101 SET @saved_cs_client     = @@character_set_client */;
/*!40101 SET character_set_client = utf8 */;
CREATE TABLE `glpi_ruleactions` (
  `id` int(11) NOT NULL AUTO_INCREMENT,
  `rules_id` int(11) NOT NULL DEFAULT '0',
  `action_type` varchar(255) COLLATE utf8_unicode_ci DEFAULT NULL COMMENT 'VALUE IN (assign, regex_result, append_regex_result, affectbyip, affectbyfqdn, affectbymac)',
  `field` varchar(255) COLLATE utf8_unicode_ci DEFAULT NULL,
  `value` varchar(255) COLLATE utf8_unicode_ci DEFAULT NULL,
  PRIMARY KEY (`id`),
  KEY `rules_id` (`rules_id`),
  KEY `field_value` (`field`(50),`value`(50))
) ENGINE=MyISAM AUTO_INCREMENT=6 DEFAULT CHARSET=utf8 COLLATE=utf8_unicode_ci;
/*!40101 SET character_set_client = @saved_cs_client */;

--
-- Dumping data for table `glpi_ruleactions`
--

LOCK TABLES `glpi_ruleactions` WRITE;
/*!40000 ALTER TABLE `glpi_ruleactions` DISABLE KEYS */;
INSERT INTO `glpi_ruleactions` VALUES (1,1,'assign','entities_id','0'),(2,2,'assign','entities_id','0'),(3,3,'assign','entities_id','0'),(4,4,'assign','_refuse_email_no_response','1'),(5,5,'assign','_refuse_email_no_response','1');
/*!40000 ALTER TABLE `glpi_ruleactions` ENABLE KEYS */;
UNLOCK TABLES;

--
-- Table structure for table `glpi_rulecachecomputermodels`
--

DROP TABLE IF EXISTS `glpi_rulecachecomputermodels`;
/*!40101 SET @saved_cs_client     = @@character_set_client */;
/*!40101 SET character_set_client = utf8 */;
CREATE TABLE `glpi_rulecachecomputermodels` (
  `id` int(11) NOT NULL AUTO_INCREMENT,
  `old_value` varchar(255) COLLATE utf8_unicode_ci DEFAULT NULL,
  `rules_id` int(11) NOT NULL DEFAULT '0',
  `new_value` varchar(255) COLLATE utf8_unicode_ci DEFAULT NULL,
  `manufacturer` varchar(255) COLLATE utf8_unicode_ci DEFAULT NULL,
  PRIMARY KEY (`id`),
  KEY `old_value` (`old_value`),
  KEY `rules_id` (`rules_id`)
) ENGINE=MyISAM DEFAULT CHARSET=utf8 COLLATE=utf8_unicode_ci;
/*!40101 SET character_set_client = @saved_cs_client */;

--
-- Dumping data for table `glpi_rulecachecomputermodels`
--

LOCK TABLES `glpi_rulecachecomputermodels` WRITE;
/*!40000 ALTER TABLE `glpi_rulecachecomputermodels` DISABLE KEYS */;
/*!40000 ALTER TABLE `glpi_rulecachecomputermodels` ENABLE KEYS */;
UNLOCK TABLES;

--
-- Table structure for table `glpi_rulecachecomputertypes`
--

DROP TABLE IF EXISTS `glpi_rulecachecomputertypes`;
/*!40101 SET @saved_cs_client     = @@character_set_client */;
/*!40101 SET character_set_client = utf8 */;
CREATE TABLE `glpi_rulecachecomputertypes` (
  `id` int(11) NOT NULL AUTO_INCREMENT,
  `old_value` varchar(255) COLLATE utf8_unicode_ci DEFAULT NULL,
  `rules_id` int(11) NOT NULL DEFAULT '0',
  `new_value` varchar(255) COLLATE utf8_unicode_ci DEFAULT NULL,
  PRIMARY KEY (`id`),
  KEY `old_value` (`old_value`),
  KEY `rules_id` (`rules_id`)
) ENGINE=MyISAM DEFAULT CHARSET=utf8 COLLATE=utf8_unicode_ci;
/*!40101 SET character_set_client = @saved_cs_client */;

--
-- Dumping data for table `glpi_rulecachecomputertypes`
--

LOCK TABLES `glpi_rulecachecomputertypes` WRITE;
/*!40000 ALTER TABLE `glpi_rulecachecomputertypes` DISABLE KEYS */;
/*!40000 ALTER TABLE `glpi_rulecachecomputertypes` ENABLE KEYS */;
UNLOCK TABLES;

--
-- Table structure for table `glpi_rulecachemanufacturers`
--

DROP TABLE IF EXISTS `glpi_rulecachemanufacturers`;
/*!40101 SET @saved_cs_client     = @@character_set_client */;
/*!40101 SET character_set_client = utf8 */;
CREATE TABLE `glpi_rulecachemanufacturers` (
  `id` int(11) NOT NULL AUTO_INCREMENT,
  `old_value` varchar(255) COLLATE utf8_unicode_ci DEFAULT NULL,
  `rules_id` int(11) NOT NULL DEFAULT '0',
  `new_value` varchar(255) COLLATE utf8_unicode_ci DEFAULT NULL,
  PRIMARY KEY (`id`),
  KEY `old_value` (`old_value`),
  KEY `rules_id` (`rules_id`)
) ENGINE=MyISAM DEFAULT CHARSET=utf8 COLLATE=utf8_unicode_ci;
/*!40101 SET character_set_client = @saved_cs_client */;

--
-- Dumping data for table `glpi_rulecachemanufacturers`
--

LOCK TABLES `glpi_rulecachemanufacturers` WRITE;
/*!40000 ALTER TABLE `glpi_rulecachemanufacturers` DISABLE KEYS */;
/*!40000 ALTER TABLE `glpi_rulecachemanufacturers` ENABLE KEYS */;
UNLOCK TABLES;

--
-- Table structure for table `glpi_rulecachemonitormodels`
--

DROP TABLE IF EXISTS `glpi_rulecachemonitormodels`;
/*!40101 SET @saved_cs_client     = @@character_set_client */;
/*!40101 SET character_set_client = utf8 */;
CREATE TABLE `glpi_rulecachemonitormodels` (
  `id` int(11) NOT NULL AUTO_INCREMENT,
  `old_value` varchar(255) COLLATE utf8_unicode_ci DEFAULT NULL,
  `rules_id` int(11) NOT NULL DEFAULT '0',
  `new_value` varchar(255) COLLATE utf8_unicode_ci DEFAULT NULL,
  `manufacturer` varchar(255) COLLATE utf8_unicode_ci DEFAULT NULL,
  PRIMARY KEY (`id`),
  KEY `old_value` (`old_value`),
  KEY `rules_id` (`rules_id`)
) ENGINE=MyISAM DEFAULT CHARSET=utf8 COLLATE=utf8_unicode_ci;
/*!40101 SET character_set_client = @saved_cs_client */;

--
-- Dumping data for table `glpi_rulecachemonitormodels`
--

LOCK TABLES `glpi_rulecachemonitormodels` WRITE;
/*!40000 ALTER TABLE `glpi_rulecachemonitormodels` DISABLE KEYS */;
/*!40000 ALTER TABLE `glpi_rulecachemonitormodels` ENABLE KEYS */;
UNLOCK TABLES;

--
-- Table structure for table `glpi_rulecachemonitortypes`
--

DROP TABLE IF EXISTS `glpi_rulecachemonitortypes`;
/*!40101 SET @saved_cs_client     = @@character_set_client */;
/*!40101 SET character_set_client = utf8 */;
CREATE TABLE `glpi_rulecachemonitortypes` (
  `id` int(11) NOT NULL AUTO_INCREMENT,
  `old_value` varchar(255) COLLATE utf8_unicode_ci DEFAULT NULL,
  `rules_id` int(11) NOT NULL DEFAULT '0',
  `new_value` varchar(255) COLLATE utf8_unicode_ci DEFAULT NULL,
  PRIMARY KEY (`id`),
  KEY `old_value` (`old_value`),
  KEY `rules_id` (`rules_id`)
) ENGINE=MyISAM DEFAULT CHARSET=utf8 COLLATE=utf8_unicode_ci;
/*!40101 SET character_set_client = @saved_cs_client */;

--
-- Dumping data for table `glpi_rulecachemonitortypes`
--

LOCK TABLES `glpi_rulecachemonitortypes` WRITE;
/*!40000 ALTER TABLE `glpi_rulecachemonitortypes` DISABLE KEYS */;
/*!40000 ALTER TABLE `glpi_rulecachemonitortypes` ENABLE KEYS */;
UNLOCK TABLES;

--
-- Table structure for table `glpi_rulecachenetworkequipmentmodels`
--

DROP TABLE IF EXISTS `glpi_rulecachenetworkequipmentmodels`;
/*!40101 SET @saved_cs_client     = @@character_set_client */;
/*!40101 SET character_set_client = utf8 */;
CREATE TABLE `glpi_rulecachenetworkequipmentmodels` (
  `id` int(11) NOT NULL AUTO_INCREMENT,
  `old_value` varchar(255) COLLATE utf8_unicode_ci DEFAULT NULL,
  `rules_id` int(11) NOT NULL DEFAULT '0',
  `new_value` varchar(255) COLLATE utf8_unicode_ci DEFAULT NULL,
  `manufacturer` varchar(255) COLLATE utf8_unicode_ci DEFAULT NULL,
  PRIMARY KEY (`id`),
  KEY `old_value` (`old_value`),
  KEY `rules_id` (`rules_id`)
) ENGINE=MyISAM DEFAULT CHARSET=utf8 COLLATE=utf8_unicode_ci;
/*!40101 SET character_set_client = @saved_cs_client */;

--
-- Dumping data for table `glpi_rulecachenetworkequipmentmodels`
--

LOCK TABLES `glpi_rulecachenetworkequipmentmodels` WRITE;
/*!40000 ALTER TABLE `glpi_rulecachenetworkequipmentmodels` DISABLE KEYS */;
/*!40000 ALTER TABLE `glpi_rulecachenetworkequipmentmodels` ENABLE KEYS */;
UNLOCK TABLES;

--
-- Table structure for table `glpi_rulecachenetworkequipmenttypes`
--

DROP TABLE IF EXISTS `glpi_rulecachenetworkequipmenttypes`;
/*!40101 SET @saved_cs_client     = @@character_set_client */;
/*!40101 SET character_set_client = utf8 */;
CREATE TABLE `glpi_rulecachenetworkequipmenttypes` (
  `id` int(11) NOT NULL AUTO_INCREMENT,
  `old_value` varchar(255) COLLATE utf8_unicode_ci DEFAULT NULL,
  `rules_id` int(11) NOT NULL DEFAULT '0',
  `new_value` varchar(255) COLLATE utf8_unicode_ci DEFAULT NULL,
  PRIMARY KEY (`id`),
  KEY `old_value` (`old_value`),
  KEY `rules_id` (`rules_id`)
) ENGINE=MyISAM DEFAULT CHARSET=utf8 COLLATE=utf8_unicode_ci;
/*!40101 SET character_set_client = @saved_cs_client */;

--
-- Dumping data for table `glpi_rulecachenetworkequipmenttypes`
--

LOCK TABLES `glpi_rulecachenetworkequipmenttypes` WRITE;
/*!40000 ALTER TABLE `glpi_rulecachenetworkequipmenttypes` DISABLE KEYS */;
/*!40000 ALTER TABLE `glpi_rulecachenetworkequipmenttypes` ENABLE KEYS */;
UNLOCK TABLES;

--
-- Table structure for table `glpi_rulecacheoperatingsystems`
--

DROP TABLE IF EXISTS `glpi_rulecacheoperatingsystems`;
/*!40101 SET @saved_cs_client     = @@character_set_client */;
/*!40101 SET character_set_client = utf8 */;
CREATE TABLE `glpi_rulecacheoperatingsystems` (
  `id` int(11) NOT NULL AUTO_INCREMENT,
  `old_value` varchar(255) COLLATE utf8_unicode_ci DEFAULT NULL,
  `rules_id` int(11) NOT NULL DEFAULT '0',
  `new_value` varchar(255) COLLATE utf8_unicode_ci DEFAULT NULL,
  PRIMARY KEY (`id`),
  KEY `old_value` (`old_value`),
  KEY `rules_id` (`rules_id`)
) ENGINE=MyISAM DEFAULT CHARSET=utf8 COLLATE=utf8_unicode_ci;
/*!40101 SET character_set_client = @saved_cs_client */;

--
-- Dumping data for table `glpi_rulecacheoperatingsystems`
--

LOCK TABLES `glpi_rulecacheoperatingsystems` WRITE;
/*!40000 ALTER TABLE `glpi_rulecacheoperatingsystems` DISABLE KEYS */;
/*!40000 ALTER TABLE `glpi_rulecacheoperatingsystems` ENABLE KEYS */;
UNLOCK TABLES;

--
-- Table structure for table `glpi_rulecacheoperatingsystemservicepacks`
--

DROP TABLE IF EXISTS `glpi_rulecacheoperatingsystemservicepacks`;
/*!40101 SET @saved_cs_client     = @@character_set_client */;
/*!40101 SET character_set_client = utf8 */;
CREATE TABLE `glpi_rulecacheoperatingsystemservicepacks` (
  `id` int(11) NOT NULL AUTO_INCREMENT,
  `old_value` varchar(255) COLLATE utf8_unicode_ci DEFAULT NULL,
  `rules_id` int(11) NOT NULL DEFAULT '0',
  `new_value` varchar(255) COLLATE utf8_unicode_ci DEFAULT NULL,
  PRIMARY KEY (`id`),
  KEY `old_value` (`old_value`),
  KEY `rules_id` (`rules_id`)
) ENGINE=MyISAM DEFAULT CHARSET=utf8 COLLATE=utf8_unicode_ci;
/*!40101 SET character_set_client = @saved_cs_client */;

--
-- Dumping data for table `glpi_rulecacheoperatingsystemservicepacks`
--

LOCK TABLES `glpi_rulecacheoperatingsystemservicepacks` WRITE;
/*!40000 ALTER TABLE `glpi_rulecacheoperatingsystemservicepacks` DISABLE KEYS */;
/*!40000 ALTER TABLE `glpi_rulecacheoperatingsystemservicepacks` ENABLE KEYS */;
UNLOCK TABLES;

--
-- Table structure for table `glpi_rulecacheoperatingsystemversions`
--

DROP TABLE IF EXISTS `glpi_rulecacheoperatingsystemversions`;
/*!40101 SET @saved_cs_client     = @@character_set_client */;
/*!40101 SET character_set_client = utf8 */;
CREATE TABLE `glpi_rulecacheoperatingsystemversions` (
  `id` int(11) NOT NULL AUTO_INCREMENT,
  `old_value` varchar(255) COLLATE utf8_unicode_ci DEFAULT NULL,
  `rules_id` int(11) NOT NULL DEFAULT '0',
  `new_value` varchar(255) COLLATE utf8_unicode_ci DEFAULT NULL,
  PRIMARY KEY (`id`),
  KEY `old_value` (`old_value`),
  KEY `rules_id` (`rules_id`)
) ENGINE=MyISAM DEFAULT CHARSET=utf8 COLLATE=utf8_unicode_ci;
/*!40101 SET character_set_client = @saved_cs_client */;

--
-- Dumping data for table `glpi_rulecacheoperatingsystemversions`
--

LOCK TABLES `glpi_rulecacheoperatingsystemversions` WRITE;
/*!40000 ALTER TABLE `glpi_rulecacheoperatingsystemversions` DISABLE KEYS */;
/*!40000 ALTER TABLE `glpi_rulecacheoperatingsystemversions` ENABLE KEYS */;
UNLOCK TABLES;

--
-- Table structure for table `glpi_rulecacheperipheralmodels`
--

DROP TABLE IF EXISTS `glpi_rulecacheperipheralmodels`;
/*!40101 SET @saved_cs_client     = @@character_set_client */;
/*!40101 SET character_set_client = utf8 */;
CREATE TABLE `glpi_rulecacheperipheralmodels` (
  `id` int(11) NOT NULL AUTO_INCREMENT,
  `old_value` varchar(255) COLLATE utf8_unicode_ci DEFAULT NULL,
  `rules_id` int(11) NOT NULL DEFAULT '0',
  `new_value` varchar(255) COLLATE utf8_unicode_ci DEFAULT NULL,
  `manufacturer` varchar(255) COLLATE utf8_unicode_ci DEFAULT NULL,
  PRIMARY KEY (`id`),
  KEY `old_value` (`old_value`),
  KEY `rules_id` (`rules_id`)
) ENGINE=MyISAM DEFAULT CHARSET=utf8 COLLATE=utf8_unicode_ci;
/*!40101 SET character_set_client = @saved_cs_client */;

--
-- Dumping data for table `glpi_rulecacheperipheralmodels`
--

LOCK TABLES `glpi_rulecacheperipheralmodels` WRITE;
/*!40000 ALTER TABLE `glpi_rulecacheperipheralmodels` DISABLE KEYS */;
/*!40000 ALTER TABLE `glpi_rulecacheperipheralmodels` ENABLE KEYS */;
UNLOCK TABLES;

--
-- Table structure for table `glpi_rulecacheperipheraltypes`
--

DROP TABLE IF EXISTS `glpi_rulecacheperipheraltypes`;
/*!40101 SET @saved_cs_client     = @@character_set_client */;
/*!40101 SET character_set_client = utf8 */;
CREATE TABLE `glpi_rulecacheperipheraltypes` (
  `id` int(11) NOT NULL AUTO_INCREMENT,
  `old_value` varchar(255) COLLATE utf8_unicode_ci DEFAULT NULL,
  `rules_id` int(11) NOT NULL DEFAULT '0',
  `new_value` varchar(255) COLLATE utf8_unicode_ci DEFAULT NULL,
  PRIMARY KEY (`id`),
  KEY `old_value` (`old_value`),
  KEY `rules_id` (`rules_id`)
) ENGINE=MyISAM DEFAULT CHARSET=utf8 COLLATE=utf8_unicode_ci;
/*!40101 SET character_set_client = @saved_cs_client */;

--
-- Dumping data for table `glpi_rulecacheperipheraltypes`
--

LOCK TABLES `glpi_rulecacheperipheraltypes` WRITE;
/*!40000 ALTER TABLE `glpi_rulecacheperipheraltypes` DISABLE KEYS */;
/*!40000 ALTER TABLE `glpi_rulecacheperipheraltypes` ENABLE KEYS */;
UNLOCK TABLES;

--
-- Table structure for table `glpi_rulecachephonemodels`
--

DROP TABLE IF EXISTS `glpi_rulecachephonemodels`;
/*!40101 SET @saved_cs_client     = @@character_set_client */;
/*!40101 SET character_set_client = utf8 */;
CREATE TABLE `glpi_rulecachephonemodels` (
  `id` int(11) NOT NULL AUTO_INCREMENT,
  `old_value` varchar(255) COLLATE utf8_unicode_ci DEFAULT NULL,
  `rules_id` int(11) NOT NULL DEFAULT '0',
  `new_value` varchar(255) COLLATE utf8_unicode_ci DEFAULT NULL,
  `manufacturer` varchar(255) COLLATE utf8_unicode_ci DEFAULT NULL,
  PRIMARY KEY (`id`),
  KEY `old_value` (`old_value`),
  KEY `rules_id` (`rules_id`)
) ENGINE=MyISAM DEFAULT CHARSET=utf8 COLLATE=utf8_unicode_ci;
/*!40101 SET character_set_client = @saved_cs_client */;

--
-- Dumping data for table `glpi_rulecachephonemodels`
--

LOCK TABLES `glpi_rulecachephonemodels` WRITE;
/*!40000 ALTER TABLE `glpi_rulecachephonemodels` DISABLE KEYS */;
/*!40000 ALTER TABLE `glpi_rulecachephonemodels` ENABLE KEYS */;
UNLOCK TABLES;

--
-- Table structure for table `glpi_rulecachephonetypes`
--

DROP TABLE IF EXISTS `glpi_rulecachephonetypes`;
/*!40101 SET @saved_cs_client     = @@character_set_client */;
/*!40101 SET character_set_client = utf8 */;
CREATE TABLE `glpi_rulecachephonetypes` (
  `id` int(11) NOT NULL AUTO_INCREMENT,
  `old_value` varchar(255) COLLATE utf8_unicode_ci DEFAULT NULL,
  `rules_id` int(11) NOT NULL DEFAULT '0',
  `new_value` varchar(255) COLLATE utf8_unicode_ci DEFAULT NULL,
  PRIMARY KEY (`id`),
  KEY `old_value` (`old_value`),
  KEY `rules_id` (`rules_id`)
) ENGINE=MyISAM DEFAULT CHARSET=utf8 COLLATE=utf8_unicode_ci;
/*!40101 SET character_set_client = @saved_cs_client */;

--
-- Dumping data for table `glpi_rulecachephonetypes`
--

LOCK TABLES `glpi_rulecachephonetypes` WRITE;
/*!40000 ALTER TABLE `glpi_rulecachephonetypes` DISABLE KEYS */;
/*!40000 ALTER TABLE `glpi_rulecachephonetypes` ENABLE KEYS */;
UNLOCK TABLES;

--
-- Table structure for table `glpi_rulecacheprintermodels`
--

DROP TABLE IF EXISTS `glpi_rulecacheprintermodels`;
/*!40101 SET @saved_cs_client     = @@character_set_client */;
/*!40101 SET character_set_client = utf8 */;
CREATE TABLE `glpi_rulecacheprintermodels` (
  `id` int(11) NOT NULL AUTO_INCREMENT,
  `old_value` varchar(255) COLLATE utf8_unicode_ci DEFAULT NULL,
  `rules_id` int(11) NOT NULL DEFAULT '0',
  `new_value` varchar(255) COLLATE utf8_unicode_ci DEFAULT NULL,
  `manufacturer` varchar(255) COLLATE utf8_unicode_ci DEFAULT NULL,
  PRIMARY KEY (`id`),
  KEY `old_value` (`old_value`),
  KEY `rules_id` (`rules_id`)
) ENGINE=MyISAM DEFAULT CHARSET=utf8 COLLATE=utf8_unicode_ci;
/*!40101 SET character_set_client = @saved_cs_client */;

--
-- Dumping data for table `glpi_rulecacheprintermodels`
--

LOCK TABLES `glpi_rulecacheprintermodels` WRITE;
/*!40000 ALTER TABLE `glpi_rulecacheprintermodels` DISABLE KEYS */;
/*!40000 ALTER TABLE `glpi_rulecacheprintermodels` ENABLE KEYS */;
UNLOCK TABLES;

--
-- Table structure for table `glpi_rulecacheprinters`
--

DROP TABLE IF EXISTS `glpi_rulecacheprinters`;
/*!40101 SET @saved_cs_client     = @@character_set_client */;
/*!40101 SET character_set_client = utf8 */;
CREATE TABLE `glpi_rulecacheprinters` (
  `id` int(11) NOT NULL AUTO_INCREMENT,
  `old_value` varchar(255) COLLATE utf8_unicode_ci DEFAULT NULL,
  `manufacturer` varchar(255) COLLATE utf8_unicode_ci NOT NULL,
  `rules_id` int(11) NOT NULL DEFAULT '0',
  `new_value` varchar(255) COLLATE utf8_unicode_ci DEFAULT NULL,
  `new_manufacturer` varchar(255) COLLATE utf8_unicode_ci NOT NULL,
  `ignore_ocs_import` char(1) COLLATE utf8_unicode_ci DEFAULT NULL,
  `is_global` char(1) COLLATE utf8_unicode_ci DEFAULT NULL,
  PRIMARY KEY (`id`),
  KEY `old_value` (`old_value`),
  KEY `rules_id` (`rules_id`)
) ENGINE=MyISAM DEFAULT CHARSET=utf8 COLLATE=utf8_unicode_ci;
/*!40101 SET character_set_client = @saved_cs_client */;

--
-- Dumping data for table `glpi_rulecacheprinters`
--

LOCK TABLES `glpi_rulecacheprinters` WRITE;
/*!40000 ALTER TABLE `glpi_rulecacheprinters` DISABLE KEYS */;
/*!40000 ALTER TABLE `glpi_rulecacheprinters` ENABLE KEYS */;
UNLOCK TABLES;

--
-- Table structure for table `glpi_rulecacheprintertypes`
--

DROP TABLE IF EXISTS `glpi_rulecacheprintertypes`;
/*!40101 SET @saved_cs_client     = @@character_set_client */;
/*!40101 SET character_set_client = utf8 */;
CREATE TABLE `glpi_rulecacheprintertypes` (
  `id` int(11) NOT NULL AUTO_INCREMENT,
  `old_value` varchar(255) COLLATE utf8_unicode_ci DEFAULT NULL,
  `rules_id` int(11) NOT NULL DEFAULT '0',
  `new_value` varchar(255) COLLATE utf8_unicode_ci DEFAULT NULL,
  PRIMARY KEY (`id`),
  KEY `old_value` (`old_value`),
  KEY `rules_id` (`rules_id`)
) ENGINE=MyISAM DEFAULT CHARSET=utf8 COLLATE=utf8_unicode_ci;
/*!40101 SET character_set_client = @saved_cs_client */;

--
-- Dumping data for table `glpi_rulecacheprintertypes`
--

LOCK TABLES `glpi_rulecacheprintertypes` WRITE;
/*!40000 ALTER TABLE `glpi_rulecacheprintertypes` DISABLE KEYS */;
/*!40000 ALTER TABLE `glpi_rulecacheprintertypes` ENABLE KEYS */;
UNLOCK TABLES;

--
-- Table structure for table `glpi_rulecachesoftwares`
--

DROP TABLE IF EXISTS `glpi_rulecachesoftwares`;
/*!40101 SET @saved_cs_client     = @@character_set_client */;
/*!40101 SET character_set_client = utf8 */;
CREATE TABLE `glpi_rulecachesoftwares` (
  `id` int(11) NOT NULL AUTO_INCREMENT,
  `old_value` varchar(255) COLLATE utf8_unicode_ci DEFAULT NULL,
  `manufacturer` varchar(255) COLLATE utf8_unicode_ci NOT NULL,
  `rules_id` int(11) NOT NULL DEFAULT '0',
  `new_value` varchar(255) COLLATE utf8_unicode_ci DEFAULT NULL,
  `version` varchar(255) COLLATE utf8_unicode_ci DEFAULT NULL,
  `new_manufacturer` varchar(255) COLLATE utf8_unicode_ci NOT NULL,
  `ignore_ocs_import` char(1) COLLATE utf8_unicode_ci DEFAULT NULL,
  `is_helpdesk_visible` char(1) COLLATE utf8_unicode_ci DEFAULT NULL,
  `entities_id` varchar(255) COLLATE utf8_unicode_ci DEFAULT NULL,
  `new_entities_id` varchar(255) COLLATE utf8_unicode_ci DEFAULT NULL,
  PRIMARY KEY (`id`),
  KEY `old_value` (`old_value`),
  KEY `rules_id` (`rules_id`)
) ENGINE=MyISAM DEFAULT CHARSET=utf8 COLLATE=utf8_unicode_ci;
/*!40101 SET character_set_client = @saved_cs_client */;

--
-- Dumping data for table `glpi_rulecachesoftwares`
--

LOCK TABLES `glpi_rulecachesoftwares` WRITE;
/*!40000 ALTER TABLE `glpi_rulecachesoftwares` DISABLE KEYS */;
/*!40000 ALTER TABLE `glpi_rulecachesoftwares` ENABLE KEYS */;
UNLOCK TABLES;

--
-- Table structure for table `glpi_rulecriterias`
--

DROP TABLE IF EXISTS `glpi_rulecriterias`;
/*!40101 SET @saved_cs_client     = @@character_set_client */;
/*!40101 SET character_set_client = utf8 */;
CREATE TABLE `glpi_rulecriterias` (
  `id` int(11) NOT NULL AUTO_INCREMENT,
  `rules_id` int(11) NOT NULL DEFAULT '0',
  `criteria` varchar(255) COLLATE utf8_unicode_ci DEFAULT NULL,
  `condition` int(11) NOT NULL DEFAULT '0' COMMENT 'see define.php PATTERN_* and REGEX_* constant',
  `pattern` varchar(255) COLLATE utf8_unicode_ci DEFAULT NULL,
  PRIMARY KEY (`id`),
  KEY `rules_id` (`rules_id`),
  KEY `condition` (`condition`)
) ENGINE=MyISAM AUTO_INCREMENT=9 DEFAULT CHARSET=utf8 COLLATE=utf8_unicode_ci;
/*!40101 SET character_set_client = @saved_cs_client */;

--
-- Dumping data for table `glpi_rulecriterias`
--

LOCK TABLES `glpi_rulecriterias` WRITE;
/*!40000 ALTER TABLE `glpi_rulecriterias` DISABLE KEYS */;
INSERT INTO `glpi_rulecriterias` VALUES (1,1,'TAG',0,'*'),(2,2,'uid',0,'*'),(3,2,'samaccountname',0,'*'),(4,2,'MAIL_EMAIL',0,'*'),(5,3,'subject',6,'/.*/'),(6,4,'x-auto-response-suppress',6,'/\\S+/'),(7,5,'auto-submitted',6,'/\\S+/'),(8,5,'auto-submitted',1,'no');
/*!40000 ALTER TABLE `glpi_rulecriterias` ENABLE KEYS */;
UNLOCK TABLES;

--
-- Table structure for table `glpi_rulerightparameters`
--

DROP TABLE IF EXISTS `glpi_rulerightparameters`;
/*!40101 SET @saved_cs_client     = @@character_set_client */;
/*!40101 SET character_set_client = utf8 */;
CREATE TABLE `glpi_rulerightparameters` (
  `id` int(11) NOT NULL AUTO_INCREMENT,
  `name` varchar(255) COLLATE utf8_unicode_ci DEFAULT NULL,
  `value` varchar(255) COLLATE utf8_unicode_ci DEFAULT NULL,
  `comment` text COLLATE utf8_unicode_ci NOT NULL,
  PRIMARY KEY (`id`)
) ENGINE=MyISAM AUTO_INCREMENT=14 DEFAULT CHARSET=utf8 COLLATE=utf8_unicode_ci;
/*!40101 SET character_set_client = @saved_cs_client */;

--
-- Dumping data for table `glpi_rulerightparameters`
--

LOCK TABLES `glpi_rulerightparameters` WRITE;
/*!40000 ALTER TABLE `glpi_rulerightparameters` DISABLE KEYS */;
INSERT INTO `glpi_rulerightparameters` VALUES (1,'(LDAP)Organization','o',''),(2,'(LDAP)Common Name','cn',''),(3,'(LDAP)Department Number','departmentnumber',''),(4,'(LDAP)Email','mail',''),(5,'Object Class','objectclass',''),(6,'(LDAP)User ID','uid',''),(7,'(LDAP)Telephone Number','phone',''),(8,'(LDAP)Employee Number','employeenumber',''),(9,'(LDAP)Manager','manager',''),(10,'(LDAP)DistinguishedName','dn',''),(12,'(AD)User ID','samaccountname',''),(13,'(LDAP) Title','title','');
/*!40000 ALTER TABLE `glpi_rulerightparameters` ENABLE KEYS */;
UNLOCK TABLES;

--
-- Table structure for table `glpi_rules`
--

DROP TABLE IF EXISTS `glpi_rules`;
/*!40101 SET @saved_cs_client     = @@character_set_client */;
/*!40101 SET character_set_client = utf8 */;
CREATE TABLE `glpi_rules` (
  `id` int(11) NOT NULL AUTO_INCREMENT,
  `entities_id` int(11) NOT NULL DEFAULT '0',
  `sub_type` varchar(255) COLLATE utf8_unicode_ci NOT NULL DEFAULT '',
  `ranking` int(11) NOT NULL DEFAULT '0',
  `name` varchar(255) COLLATE utf8_unicode_ci DEFAULT NULL,
  `description` text COLLATE utf8_unicode_ci,
  `match` char(10) COLLATE utf8_unicode_ci DEFAULT NULL COMMENT 'see define.php *_MATCHING constant',
  `is_active` tinyint(1) NOT NULL DEFAULT '1',
  `comment` text COLLATE utf8_unicode_ci,
  `date_mod` datetime DEFAULT NULL,
  `is_recursive` tinyint(1) NOT NULL DEFAULT '0',
  PRIMARY KEY (`id`),
  KEY `entities_id` (`entities_id`),
  KEY `is_active` (`is_active`),
  KEY `sub_type` (`sub_type`),
  KEY `date_mod` (`date_mod`),
  KEY `is_recursive` (`is_recursive`)
) ENGINE=MyISAM AUTO_INCREMENT=7 DEFAULT CHARSET=utf8 COLLATE=utf8_unicode_ci;
/*!40101 SET character_set_client = @saved_cs_client */;

--
-- Dumping data for table `glpi_rules`
--

LOCK TABLES `glpi_rules` WRITE;
/*!40000 ALTER TABLE `glpi_rules` DISABLE KEYS */;
INSERT INTO `glpi_rules` VALUES (1,0,'RuleOcs',1,'Root','','AND',1,NULL,NULL,0),(2,0,'RuleRight',1,'Root','','OR',1,NULL,NULL,0),(3,0,'RuleMailCollector',3,'Root','','OR',1,NULL,NULL,0),(4,0,'RuleMailCollector',1,'Auto-Reply X-Auto-Response-Suppress','Exclude Auto-Reply emails using X-Auto-Response-Suppress header','AND',1,NULL,'2011-01-18 11:40:42',1),(5,0,'RuleMailCollector',2,'Auto-Reply Auto-Submitted','Exclude Auto-Reply emails using Auto-Submitted header','AND',1,NULL,'2011-01-18 11:40:42',1),(6,0,'RuleRight',2,'test','','AND',1,'','2012-05-10 12:28:53',0);
/*!40000 ALTER TABLE `glpi_rules` ENABLE KEYS */;
UNLOCK TABLES;

--
-- Table structure for table `glpi_slalevelactions`
--

DROP TABLE IF EXISTS `glpi_slalevelactions`;
/*!40101 SET @saved_cs_client     = @@character_set_client */;
/*!40101 SET character_set_client = utf8 */;
CREATE TABLE `glpi_slalevelactions` (
  `id` int(11) NOT NULL AUTO_INCREMENT,
  `slalevels_id` int(11) NOT NULL DEFAULT '0',
  `action_type` varchar(255) COLLATE utf8_unicode_ci DEFAULT NULL,
  `field` varchar(255) COLLATE utf8_unicode_ci DEFAULT NULL,
  `value` varchar(255) COLLATE utf8_unicode_ci DEFAULT NULL,
  PRIMARY KEY (`id`),
  KEY `slalevels_id` (`slalevels_id`)
) ENGINE=MyISAM DEFAULT CHARSET=utf8 COLLATE=utf8_unicode_ci;
/*!40101 SET character_set_client = @saved_cs_client */;

--
-- Dumping data for table `glpi_slalevelactions`
--

LOCK TABLES `glpi_slalevelactions` WRITE;
/*!40000 ALTER TABLE `glpi_slalevelactions` DISABLE KEYS */;
/*!40000 ALTER TABLE `glpi_slalevelactions` ENABLE KEYS */;
UNLOCK TABLES;

--
-- Table structure for table `glpi_slalevels`
--

DROP TABLE IF EXISTS `glpi_slalevels`;
/*!40101 SET @saved_cs_client     = @@character_set_client */;
/*!40101 SET character_set_client = utf8 */;
CREATE TABLE `glpi_slalevels` (
  `id` int(11) NOT NULL AUTO_INCREMENT,
  `name` varchar(255) COLLATE utf8_unicode_ci DEFAULT NULL,
  `slas_id` int(11) NOT NULL DEFAULT '0',
  `execution_time` int(11) NOT NULL,
  `is_active` tinyint(1) NOT NULL DEFAULT '1',
  `entities_id` int(11) NOT NULL DEFAULT '0',
  `is_recursive` tinyint(1) NOT NULL DEFAULT '0',
  PRIMARY KEY (`id`),
  KEY `name` (`name`),
  KEY `is_active` (`is_active`),
  KEY `slas_id` (`slas_id`)
) ENGINE=MyISAM DEFAULT CHARSET=utf8 COLLATE=utf8_unicode_ci;
/*!40101 SET character_set_client = @saved_cs_client */;

--
-- Dumping data for table `glpi_slalevels`
--

LOCK TABLES `glpi_slalevels` WRITE;
/*!40000 ALTER TABLE `glpi_slalevels` DISABLE KEYS */;
/*!40000 ALTER TABLE `glpi_slalevels` ENABLE KEYS */;
UNLOCK TABLES;

--
-- Table structure for table `glpi_slalevels_tickets`
--

DROP TABLE IF EXISTS `glpi_slalevels_tickets`;
/*!40101 SET @saved_cs_client     = @@character_set_client */;
/*!40101 SET character_set_client = utf8 */;
CREATE TABLE `glpi_slalevels_tickets` (
  `id` int(11) NOT NULL AUTO_INCREMENT,
  `tickets_id` int(11) NOT NULL DEFAULT '0',
  `slalevels_id` int(11) NOT NULL DEFAULT '0',
  `date` datetime DEFAULT NULL,
  PRIMARY KEY (`id`),
  KEY `tickets_id` (`tickets_id`),
  KEY `slalevels_id` (`slalevels_id`)
) ENGINE=MyISAM DEFAULT CHARSET=utf8 COLLATE=utf8_unicode_ci;
/*!40101 SET character_set_client = @saved_cs_client */;

--
-- Dumping data for table `glpi_slalevels_tickets`
--

LOCK TABLES `glpi_slalevels_tickets` WRITE;
/*!40000 ALTER TABLE `glpi_slalevels_tickets` DISABLE KEYS */;
/*!40000 ALTER TABLE `glpi_slalevels_tickets` ENABLE KEYS */;
UNLOCK TABLES;

--
-- Table structure for table `glpi_slas`
--

DROP TABLE IF EXISTS `glpi_slas`;
/*!40101 SET @saved_cs_client     = @@character_set_client */;
/*!40101 SET character_set_client = utf8 */;
CREATE TABLE `glpi_slas` (
  `id` int(11) NOT NULL AUTO_INCREMENT,
  `name` varchar(255) COLLATE utf8_unicode_ci DEFAULT NULL,
  `entities_id` int(11) NOT NULL DEFAULT '0',
  `is_recursive` tinyint(1) NOT NULL DEFAULT '0',
  `comment` text COLLATE utf8_unicode_ci,
  `resolution_time` int(11) NOT NULL,
  `calendars_id` int(11) NOT NULL DEFAULT '0',
  `date_mod` datetime DEFAULT NULL,
  PRIMARY KEY (`id`),
  KEY `name` (`name`),
  KEY `calendars_id` (`calendars_id`),
  KEY `entities_id` (`entities_id`),
  KEY `is_recursive` (`is_recursive`),
  KEY `date_mod` (`date_mod`)
) ENGINE=MyISAM DEFAULT CHARSET=utf8 COLLATE=utf8_unicode_ci;
/*!40101 SET character_set_client = @saved_cs_client */;

--
-- Dumping data for table `glpi_slas`
--

LOCK TABLES `glpi_slas` WRITE;
/*!40000 ALTER TABLE `glpi_slas` DISABLE KEYS */;
/*!40000 ALTER TABLE `glpi_slas` ENABLE KEYS */;
UNLOCK TABLES;

--
-- Table structure for table `glpi_softwarecategories`
--

DROP TABLE IF EXISTS `glpi_softwarecategories`;
/*!40101 SET @saved_cs_client     = @@character_set_client */;
/*!40101 SET character_set_client = utf8 */;
CREATE TABLE `glpi_softwarecategories` (
  `id` int(11) NOT NULL AUTO_INCREMENT,
  `name` varchar(255) COLLATE utf8_unicode_ci DEFAULT NULL,
  `comment` text COLLATE utf8_unicode_ci,
  PRIMARY KEY (`id`)
) ENGINE=MyISAM AUTO_INCREMENT=2 DEFAULT CHARSET=utf8 COLLATE=utf8_unicode_ci;
/*!40101 SET character_set_client = @saved_cs_client */;

--
-- Dumping data for table `glpi_softwarecategories`
--

LOCK TABLES `glpi_softwarecategories` WRITE;
/*!40000 ALTER TABLE `glpi_softwarecategories` DISABLE KEYS */;
INSERT INTO `glpi_softwarecategories` VALUES (1,'FUSION',NULL);
/*!40000 ALTER TABLE `glpi_softwarecategories` ENABLE KEYS */;
UNLOCK TABLES;

--
-- Table structure for table `glpi_softwarelicenses`
--

DROP TABLE IF EXISTS `glpi_softwarelicenses`;
/*!40101 SET @saved_cs_client     = @@character_set_client */;
/*!40101 SET character_set_client = utf8 */;
CREATE TABLE `glpi_softwarelicenses` (
  `id` int(11) NOT NULL AUTO_INCREMENT,
  `softwares_id` int(11) NOT NULL DEFAULT '0',
  `entities_id` int(11) NOT NULL DEFAULT '0',
  `is_recursive` tinyint(1) NOT NULL DEFAULT '0',
  `number` int(11) NOT NULL DEFAULT '0',
  `softwarelicensetypes_id` int(11) NOT NULL DEFAULT '0',
  `name` varchar(255) COLLATE utf8_unicode_ci DEFAULT NULL,
  `serial` varchar(255) COLLATE utf8_unicode_ci DEFAULT NULL,
  `otherserial` varchar(255) COLLATE utf8_unicode_ci DEFAULT NULL,
  `softwareversions_id_buy` int(11) NOT NULL DEFAULT '0',
  `softwareversions_id_use` int(11) NOT NULL DEFAULT '0',
  `expire` date DEFAULT NULL,
  `comment` text COLLATE utf8_unicode_ci,
  `date_mod` datetime DEFAULT NULL,
  PRIMARY KEY (`id`),
  KEY `name` (`name`),
  KEY `serial` (`serial`),
  KEY `otherserial` (`otherserial`),
  KEY `expire` (`expire`),
  KEY `softwareversions_id_buy` (`softwareversions_id_buy`),
  KEY `entities_id` (`entities_id`),
  KEY `softwares_id` (`softwares_id`),
  KEY `softwarelicensetypes_id` (`softwarelicensetypes_id`),
  KEY `softwareversions_id_use` (`softwareversions_id_use`),
  KEY `date_mod` (`date_mod`)
) ENGINE=MyISAM DEFAULT CHARSET=utf8 COLLATE=utf8_unicode_ci;
/*!40101 SET character_set_client = @saved_cs_client */;

--
-- Dumping data for table `glpi_softwarelicenses`
--

LOCK TABLES `glpi_softwarelicenses` WRITE;
/*!40000 ALTER TABLE `glpi_softwarelicenses` DISABLE KEYS */;
/*!40000 ALTER TABLE `glpi_softwarelicenses` ENABLE KEYS */;
UNLOCK TABLES;

--
-- Table structure for table `glpi_softwarelicensetypes`
--

DROP TABLE IF EXISTS `glpi_softwarelicensetypes`;
/*!40101 SET @saved_cs_client     = @@character_set_client */;
/*!40101 SET character_set_client = utf8 */;
CREATE TABLE `glpi_softwarelicensetypes` (
  `id` int(11) NOT NULL AUTO_INCREMENT,
  `name` varchar(255) COLLATE utf8_unicode_ci DEFAULT NULL,
  `comment` text COLLATE utf8_unicode_ci,
  PRIMARY KEY (`id`),
  KEY `name` (`name`)
) ENGINE=MyISAM AUTO_INCREMENT=2 DEFAULT CHARSET=utf8 COLLATE=utf8_unicode_ci;
/*!40101 SET character_set_client = @saved_cs_client */;

--
-- Dumping data for table `glpi_softwarelicensetypes`
--

LOCK TABLES `glpi_softwarelicensetypes` WRITE;
/*!40000 ALTER TABLE `glpi_softwarelicensetypes` DISABLE KEYS */;
INSERT INTO `glpi_softwarelicensetypes` VALUES (1,'OEM','');
/*!40000 ALTER TABLE `glpi_softwarelicensetypes` ENABLE KEYS */;
UNLOCK TABLES;

--
-- Table structure for table `glpi_softwares`
--

DROP TABLE IF EXISTS `glpi_softwares`;
/*!40101 SET @saved_cs_client     = @@character_set_client */;
/*!40101 SET character_set_client = utf8 */;
CREATE TABLE `glpi_softwares` (
  `id` int(11) NOT NULL AUTO_INCREMENT,
  `entities_id` int(11) NOT NULL DEFAULT '0',
  `is_recursive` tinyint(1) NOT NULL DEFAULT '0',
  `name` varchar(255) COLLATE utf8_unicode_ci DEFAULT NULL,
  `comment` text COLLATE utf8_unicode_ci,
  `locations_id` int(11) NOT NULL DEFAULT '0',
  `users_id_tech` int(11) NOT NULL DEFAULT '0',
  `groups_id_tech` int(11) NOT NULL DEFAULT '0',
  `is_update` tinyint(1) NOT NULL DEFAULT '0',
  `softwares_id` int(11) NOT NULL DEFAULT '0',
  `manufacturers_id` int(11) NOT NULL DEFAULT '0',
  `is_deleted` tinyint(1) NOT NULL DEFAULT '0',
  `is_template` tinyint(1) NOT NULL DEFAULT '0',
  `template_name` varchar(255) COLLATE utf8_unicode_ci DEFAULT NULL,
  `date_mod` datetime DEFAULT NULL,
  `notepad` longtext COLLATE utf8_unicode_ci,
  `users_id` int(11) NOT NULL DEFAULT '0',
  `groups_id` int(11) NOT NULL DEFAULT '0',
  `ticket_tco` decimal(20,4) DEFAULT '0.0000',
  `is_helpdesk_visible` tinyint(1) NOT NULL DEFAULT '1',
  `softwarecategories_id` int(11) NOT NULL DEFAULT '0',
  PRIMARY KEY (`id`),
  KEY `date_mod` (`date_mod`),
  KEY `name` (`name`),
  KEY `is_template` (`is_template`),
  KEY `is_update` (`is_update`),
  KEY `softwarecategories_id` (`softwarecategories_id`),
  KEY `entities_id` (`entities_id`),
  KEY `manufacturers_id` (`manufacturers_id`),
  KEY `groups_id` (`groups_id`),
  KEY `users_id` (`users_id`),
  KEY `locations_id` (`locations_id`),
  KEY `users_id_tech` (`users_id_tech`),
  KEY `softwares_id` (`softwares_id`),
  KEY `is_deleted` (`is_deleted`),
  KEY `is_helpdesk_visible` (`is_helpdesk_visible`),
  KEY `groups_id_tech` (`groups_id_tech`)
) ENGINE=MyISAM DEFAULT CHARSET=utf8 COLLATE=utf8_unicode_ci;
/*!40101 SET character_set_client = @saved_cs_client */;

--
-- Dumping data for table `glpi_softwares`
--

LOCK TABLES `glpi_softwares` WRITE;
/*!40000 ALTER TABLE `glpi_softwares` DISABLE KEYS */;
/*!40000 ALTER TABLE `glpi_softwares` ENABLE KEYS */;
UNLOCK TABLES;

--
-- Table structure for table `glpi_softwareversions`
--

DROP TABLE IF EXISTS `glpi_softwareversions`;
/*!40101 SET @saved_cs_client     = @@character_set_client */;
/*!40101 SET character_set_client = utf8 */;
CREATE TABLE `glpi_softwareversions` (
  `id` int(11) NOT NULL AUTO_INCREMENT,
  `entities_id` int(11) NOT NULL DEFAULT '0',
  `is_recursive` tinyint(1) NOT NULL DEFAULT '0',
  `softwares_id` int(11) NOT NULL DEFAULT '0',
  `states_id` int(11) NOT NULL DEFAULT '0',
  `name` varchar(255) COLLATE utf8_unicode_ci DEFAULT NULL,
  `comment` text COLLATE utf8_unicode_ci,
  `operatingsystems_id` int(11) NOT NULL DEFAULT '0',
  PRIMARY KEY (`id`),
  KEY `name` (`name`),
  KEY `softwares_id` (`softwares_id`),
  KEY `states_id` (`states_id`),
  KEY `entities_id` (`entities_id`),
  KEY `is_recursive` (`is_recursive`),
  KEY `operatingsystems_id` (`operatingsystems_id`)
) ENGINE=MyISAM DEFAULT CHARSET=utf8 COLLATE=utf8_unicode_ci;
/*!40101 SET character_set_client = @saved_cs_client */;

--
-- Dumping data for table `glpi_softwareversions`
--

LOCK TABLES `glpi_softwareversions` WRITE;
/*!40000 ALTER TABLE `glpi_softwareversions` DISABLE KEYS */;
/*!40000 ALTER TABLE `glpi_softwareversions` ENABLE KEYS */;
UNLOCK TABLES;

--
-- Table structure for table `glpi_solutiontemplates`
--

DROP TABLE IF EXISTS `glpi_solutiontemplates`;
/*!40101 SET @saved_cs_client     = @@character_set_client */;
/*!40101 SET character_set_client = utf8 */;
CREATE TABLE `glpi_solutiontemplates` (
  `id` int(11) NOT NULL AUTO_INCREMENT,
  `entities_id` int(11) NOT NULL DEFAULT '0',
  `is_recursive` tinyint(1) NOT NULL DEFAULT '0',
  `name` varchar(255) COLLATE utf8_unicode_ci DEFAULT NULL,
  `content` text COLLATE utf8_unicode_ci,
  `solutiontypes_id` int(11) NOT NULL DEFAULT '0',
  `comment` text COLLATE utf8_unicode_ci,
  PRIMARY KEY (`id`),
  KEY `name` (`name`),
  KEY `is_recursive` (`is_recursive`),
  KEY `solutiontypes_id` (`solutiontypes_id`),
  KEY `entities_id` (`entities_id`)
) ENGINE=MyISAM DEFAULT CHARSET=utf8 COLLATE=utf8_unicode_ci;
/*!40101 SET character_set_client = @saved_cs_client */;

--
-- Dumping data for table `glpi_solutiontemplates`
--

LOCK TABLES `glpi_solutiontemplates` WRITE;
/*!40000 ALTER TABLE `glpi_solutiontemplates` DISABLE KEYS */;
/*!40000 ALTER TABLE `glpi_solutiontemplates` ENABLE KEYS */;
UNLOCK TABLES;

--
-- Table structure for table `glpi_solutiontypes`
--

DROP TABLE IF EXISTS `glpi_solutiontypes`;
/*!40101 SET @saved_cs_client     = @@character_set_client */;
/*!40101 SET character_set_client = utf8 */;
CREATE TABLE `glpi_solutiontypes` (
  `id` int(11) NOT NULL AUTO_INCREMENT,
  `name` varchar(255) COLLATE utf8_unicode_ci DEFAULT NULL,
  `comment` text COLLATE utf8_unicode_ci,
  `entities_id` int(11) NOT NULL DEFAULT '0',
  `is_recursive` tinyint(1) NOT NULL DEFAULT '1',
  PRIMARY KEY (`id`),
  KEY `name` (`name`),
  KEY `entities_id` (`entities_id`),
  KEY `is_recursive` (`is_recursive`)
) ENGINE=MyISAM DEFAULT CHARSET=utf8 COLLATE=utf8_unicode_ci;
/*!40101 SET character_set_client = @saved_cs_client */;

--
-- Dumping data for table `glpi_solutiontypes`
--

LOCK TABLES `glpi_solutiontypes` WRITE;
/*!40000 ALTER TABLE `glpi_solutiontypes` DISABLE KEYS */;
/*!40000 ALTER TABLE `glpi_solutiontypes` ENABLE KEYS */;
UNLOCK TABLES;

--
-- Table structure for table `glpi_states`
--

DROP TABLE IF EXISTS `glpi_states`;
/*!40101 SET @saved_cs_client     = @@character_set_client */;
/*!40101 SET character_set_client = utf8 */;
CREATE TABLE `glpi_states` (
  `id` int(11) NOT NULL AUTO_INCREMENT,
  `name` varchar(255) COLLATE utf8_unicode_ci DEFAULT NULL,
  `comment` text COLLATE utf8_unicode_ci,
  `states_id` int(11) NOT NULL DEFAULT '0',
  `completename` text COLLATE utf8_unicode_ci,
  `level` int(11) NOT NULL DEFAULT '0',
  `ancestors_cache` longtext COLLATE utf8_unicode_ci,
  `sons_cache` longtext COLLATE utf8_unicode_ci,
  PRIMARY KEY (`id`),
  KEY `name` (`name`),
  KEY `unicity` (`states_id`,`name`)
) ENGINE=MyISAM AUTO_INCREMENT=8 DEFAULT CHARSET=utf8 COLLATE=utf8_unicode_ci;
/*!40101 SET character_set_client = @saved_cs_client */;

--
-- Dumping data for table `glpi_states`
--

LOCK TABLES `glpi_states` WRITE;
/*!40000 ALTER TABLE `glpi_states` DISABLE KEYS */;
INSERT INTO `glpi_states` VALUES (1,'OK','',0,'OK',1,NULL,NULL),(4,'New-In-Stock','',0,'New-In-Stock',1,NULL,'{\"4\":\"4\"}'),(5,'Failure','',0,'Failure',1,NULL,NULL),(6,'Retired','Retired means it is OK but we don\'t use it any more',0,'Retired',1,NULL,NULL),(7,'Free In Stock','',0,'Free In Stock',1,NULL,'{\"7\":\"7\"}');
/*!40000 ALTER TABLE `glpi_states` ENABLE KEYS */;
UNLOCK TABLES;

--
-- Table structure for table `glpi_suppliers`
--

DROP TABLE IF EXISTS `glpi_suppliers`;
/*!40101 SET @saved_cs_client     = @@character_set_client */;
/*!40101 SET character_set_client = utf8 */;
CREATE TABLE `glpi_suppliers` (
  `id` int(11) NOT NULL AUTO_INCREMENT,
  `entities_id` int(11) NOT NULL DEFAULT '0',
  `is_recursive` tinyint(1) NOT NULL DEFAULT '0',
  `name` varchar(255) COLLATE utf8_unicode_ci DEFAULT NULL,
  `suppliertypes_id` int(11) NOT NULL DEFAULT '0',
  `address` text COLLATE utf8_unicode_ci,
  `postcode` varchar(255) COLLATE utf8_unicode_ci DEFAULT NULL,
  `town` varchar(255) COLLATE utf8_unicode_ci DEFAULT NULL,
  `state` varchar(255) COLLATE utf8_unicode_ci DEFAULT NULL,
  `country` varchar(255) COLLATE utf8_unicode_ci DEFAULT NULL,
  `website` varchar(255) COLLATE utf8_unicode_ci DEFAULT NULL,
  `phonenumber` varchar(255) COLLATE utf8_unicode_ci DEFAULT NULL,
  `comment` text COLLATE utf8_unicode_ci,
  `is_deleted` tinyint(1) NOT NULL DEFAULT '0',
  `fax` varchar(255) COLLATE utf8_unicode_ci DEFAULT NULL,
  `email` varchar(255) COLLATE utf8_unicode_ci DEFAULT NULL,
  `notepad` longtext COLLATE utf8_unicode_ci,
  PRIMARY KEY (`id`),
  KEY `name` (`name`),
  KEY `entities_id` (`entities_id`),
  KEY `suppliertypes_id` (`suppliertypes_id`),
  KEY `is_deleted` (`is_deleted`)
) ENGINE=MyISAM AUTO_INCREMENT=6 DEFAULT CHARSET=utf8 COLLATE=utf8_unicode_ci;
/*!40101 SET character_set_client = @saved_cs_client */;

--
-- Dumping data for table `glpi_suppliers`
--

LOCK TABLES `glpi_suppliers` WRITE;
/*!40000 ALTER TABLE `glpi_suppliers` DISABLE KEYS */;
INSERT INTO `glpi_suppliers` VALUES (1,0,0,'Mobifone Telecom',2,'','','Ho Chi Minh','','Vietnam','http://www.mobifone.net','','',0,'','',NULL),(2,0,0,'Tecapro',2,'','','Ho Chi Minh','','Vietnam','http://www.tecapro-it.com.vn','','',0,'','',NULL),(3,0,0,'FPT Telecom',2,'','','Ho Chi Minh','','Vietnam','http://www.fpt.net','','',0,'','',NULL),(4,0,0,'Viettel Telecom',2,'','','Ho Chi Minh','','Vietnam','http://www.viettel.net','','',0,'','',NULL),(5,0,0,'APM Sunnyvale',1,'','','Sunnyvale','California','US','','','',0,'','',NULL);
/*!40000 ALTER TABLE `glpi_suppliers` ENABLE KEYS */;
UNLOCK TABLES;

--
-- Table structure for table `glpi_suppliertypes`
--

DROP TABLE IF EXISTS `glpi_suppliertypes`;
/*!40101 SET @saved_cs_client     = @@character_set_client */;
/*!40101 SET character_set_client = utf8 */;
CREATE TABLE `glpi_suppliertypes` (
  `id` int(11) NOT NULL AUTO_INCREMENT,
  `name` varchar(255) COLLATE utf8_unicode_ci DEFAULT NULL,
  `comment` text COLLATE utf8_unicode_ci,
  PRIMARY KEY (`id`),
  KEY `name` (`name`)
) ENGINE=MyISAM AUTO_INCREMENT=3 DEFAULT CHARSET=utf8 COLLATE=utf8_unicode_ci;
/*!40101 SET character_set_client = @saved_cs_client */;

--
-- Dumping data for table `glpi_suppliertypes`
--

LOCK TABLES `glpi_suppliertypes` WRITE;
/*!40000 ALTER TABLE `glpi_suppliertypes` DISABLE KEYS */;
INSERT INTO `glpi_suppliertypes` VALUES (1,'APM US',''),(2,'Domestic Suppliers','');
/*!40000 ALTER TABLE `glpi_suppliertypes` ENABLE KEYS */;
UNLOCK TABLES;

--
-- Table structure for table `glpi_taskcategories`
--

DROP TABLE IF EXISTS `glpi_taskcategories`;
/*!40101 SET @saved_cs_client     = @@character_set_client */;
/*!40101 SET character_set_client = utf8 */;
CREATE TABLE `glpi_taskcategories` (
  `id` int(11) NOT NULL AUTO_INCREMENT,
  `entities_id` int(11) NOT NULL DEFAULT '0',
  `is_recursive` tinyint(1) NOT NULL DEFAULT '0',
  `taskcategories_id` int(11) NOT NULL DEFAULT '0',
  `name` varchar(255) COLLATE utf8_unicode_ci DEFAULT NULL,
  `completename` text COLLATE utf8_unicode_ci,
  `comment` text COLLATE utf8_unicode_ci,
  `level` int(11) NOT NULL DEFAULT '0',
  `ancestors_cache` longtext COLLATE utf8_unicode_ci,
  `sons_cache` longtext COLLATE utf8_unicode_ci,
  `is_helpdeskvisible` tinyint(1) NOT NULL DEFAULT '1',
  PRIMARY KEY (`id`),
  KEY `name` (`name`),
  KEY `taskcategories_id` (`taskcategories_id`),
  KEY `entities_id` (`entities_id`),
  KEY `is_recursive` (`is_recursive`),
  KEY `is_helpdeskvisible` (`is_helpdeskvisible`)
) ENGINE=MyISAM DEFAULT CHARSET=utf8 COLLATE=utf8_unicode_ci;
/*!40101 SET character_set_client = @saved_cs_client */;

--
-- Dumping data for table `glpi_taskcategories`
--

LOCK TABLES `glpi_taskcategories` WRITE;
/*!40000 ALTER TABLE `glpi_taskcategories` DISABLE KEYS */;
/*!40000 ALTER TABLE `glpi_taskcategories` ENABLE KEYS */;
UNLOCK TABLES;

--
-- Table structure for table `glpi_ticketfollowups`
--

DROP TABLE IF EXISTS `glpi_ticketfollowups`;
/*!40101 SET @saved_cs_client     = @@character_set_client */;
/*!40101 SET character_set_client = utf8 */;
CREATE TABLE `glpi_ticketfollowups` (
  `id` int(11) NOT NULL AUTO_INCREMENT,
  `tickets_id` int(11) NOT NULL DEFAULT '0',
  `date` datetime DEFAULT NULL,
  `users_id` int(11) NOT NULL DEFAULT '0',
  `content` longtext COLLATE utf8_unicode_ci,
  `is_private` tinyint(1) NOT NULL DEFAULT '0',
  `requesttypes_id` int(11) NOT NULL DEFAULT '0',
  PRIMARY KEY (`id`),
  KEY `date` (`date`),
  KEY `users_id` (`users_id`),
  KEY `tickets_id` (`tickets_id`),
  KEY `is_private` (`is_private`),
  KEY `requesttypes_id` (`requesttypes_id`)
) ENGINE=MyISAM DEFAULT CHARSET=utf8 COLLATE=utf8_unicode_ci;
/*!40101 SET character_set_client = @saved_cs_client */;

--
-- Dumping data for table `glpi_ticketfollowups`
--

LOCK TABLES `glpi_ticketfollowups` WRITE;
/*!40000 ALTER TABLE `glpi_ticketfollowups` DISABLE KEYS */;
/*!40000 ALTER TABLE `glpi_ticketfollowups` ENABLE KEYS */;
UNLOCK TABLES;

--
-- Table structure for table `glpi_ticketrecurrents`
--

DROP TABLE IF EXISTS `glpi_ticketrecurrents`;
/*!40101 SET @saved_cs_client     = @@character_set_client */;
/*!40101 SET character_set_client = utf8 */;
CREATE TABLE `glpi_ticketrecurrents` (
  `id` int(11) NOT NULL AUTO_INCREMENT,
  `name` varchar(255) COLLATE utf8_unicode_ci DEFAULT NULL,
  `comment` text COLLATE utf8_unicode_ci,
  `entities_id` int(11) NOT NULL DEFAULT '0',
  `is_recursive` tinyint(1) NOT NULL DEFAULT '0',
  `is_active` tinyint(1) NOT NULL DEFAULT '0',
  `tickettemplates_id` int(11) NOT NULL DEFAULT '0',
  `begin_date` datetime DEFAULT NULL,
  `periodicity` int(11) NOT NULL DEFAULT '0',
  `create_before` int(11) NOT NULL DEFAULT '0',
  `next_creation_date` datetime DEFAULT NULL,
  PRIMARY KEY (`id`),
  KEY `entities_id` (`entities_id`),
  KEY `is_recursive` (`is_recursive`),
  KEY `is_active` (`is_active`),
  KEY `tickettemplates_id` (`tickettemplates_id`),
  KEY `next_creation_date` (`next_creation_date`)
) ENGINE=MyISAM DEFAULT CHARSET=utf8 COLLATE=utf8_unicode_ci;
/*!40101 SET character_set_client = @saved_cs_client */;

--
-- Dumping data for table `glpi_ticketrecurrents`
--

LOCK TABLES `glpi_ticketrecurrents` WRITE;
/*!40000 ALTER TABLE `glpi_ticketrecurrents` DISABLE KEYS */;
/*!40000 ALTER TABLE `glpi_ticketrecurrents` ENABLE KEYS */;
UNLOCK TABLES;

--
-- Table structure for table `glpi_tickets`
--

DROP TABLE IF EXISTS `glpi_tickets`;
/*!40101 SET @saved_cs_client     = @@character_set_client */;
/*!40101 SET character_set_client = utf8 */;
CREATE TABLE `glpi_tickets` (
  `id` int(11) NOT NULL AUTO_INCREMENT,
  `entities_id` int(11) NOT NULL DEFAULT '0',
  `name` varchar(255) COLLATE utf8_unicode_ci DEFAULT NULL,
  `date` datetime DEFAULT NULL,
  `closedate` datetime DEFAULT NULL,
  `solvedate` datetime DEFAULT NULL,
  `date_mod` datetime DEFAULT NULL,
  `users_id_lastupdater` int(11) NOT NULL DEFAULT '0',
  `status` varchar(255) COLLATE utf8_unicode_ci DEFAULT 'new',
  `users_id_recipient` int(11) NOT NULL DEFAULT '0',
  `requesttypes_id` int(11) NOT NULL DEFAULT '0',
  `suppliers_id_assign` int(11) NOT NULL DEFAULT '0',
  `itemtype` varchar(100) COLLATE utf8_unicode_ci NOT NULL,
  `items_id` int(11) NOT NULL DEFAULT '0',
  `content` longtext COLLATE utf8_unicode_ci,
  `urgency` int(11) NOT NULL DEFAULT '1',
  `impact` int(11) NOT NULL DEFAULT '1',
  `priority` int(11) NOT NULL DEFAULT '1',
  `itilcategories_id` int(11) NOT NULL DEFAULT '0',
  `type` int(11) NOT NULL DEFAULT '1',
  `cost_time` decimal(20,4) NOT NULL DEFAULT '0.0000',
  `cost_fixed` decimal(20,4) NOT NULL DEFAULT '0.0000',
  `cost_material` decimal(20,4) NOT NULL DEFAULT '0.0000',
  `solutiontypes_id` int(11) NOT NULL DEFAULT '0',
  `solution` text COLLATE utf8_unicode_ci,
  `global_validation` varchar(255) COLLATE utf8_unicode_ci DEFAULT 'none',
  `slas_id` int(11) NOT NULL DEFAULT '0',
  `slalevels_id` int(11) NOT NULL DEFAULT '0',
  `due_date` datetime DEFAULT NULL,
  `begin_waiting_date` datetime DEFAULT NULL,
  `sla_waiting_duration` int(11) NOT NULL DEFAULT '0',
  `waiting_duration` int(11) NOT NULL DEFAULT '0',
  `close_delay_stat` int(11) NOT NULL DEFAULT '0',
  `solve_delay_stat` int(11) NOT NULL DEFAULT '0',
  `takeintoaccount_delay_stat` int(11) NOT NULL DEFAULT '0',
  `actiontime` int(11) NOT NULL DEFAULT '0',
  `is_deleted` tinyint(1) NOT NULL DEFAULT '0',
  PRIMARY KEY (`id`),
  KEY `date` (`date`),
  KEY `closedate` (`closedate`),
  KEY `status` (`status`),
  KEY `priority` (`priority`),
  KEY `request_type` (`requesttypes_id`),
  KEY `date_mod` (`date_mod`),
  KEY `suppliers_id_assign` (`suppliers_id_assign`),
  KEY `entities_id` (`entities_id`),
  KEY `users_id_recipient` (`users_id_recipient`),
  KEY `item` (`itemtype`,`items_id`),
  KEY `solvedate` (`solvedate`),
  KEY `urgency` (`urgency`),
  KEY `impact` (`impact`),
  KEY `global_validation` (`global_validation`),
  KEY `slas_id` (`slas_id`),
  KEY `slalevels_id` (`slalevels_id`),
  KEY `due_date` (`due_date`),
  KEY `users_id_lastupdater` (`users_id_lastupdater`),
  KEY `type` (`type`),
  KEY `solutiontypes_id` (`solutiontypes_id`),
  KEY `itilcategories_id` (`itilcategories_id`),
  KEY `is_deleted` (`is_deleted`)
) ENGINE=MyISAM AUTO_INCREMENT=6 DEFAULT CHARSET=utf8 COLLATE=utf8_unicode_ci;
/*!40101 SET character_set_client = @saved_cs_client */;

--
-- Dumping data for table `glpi_tickets`
--

LOCK TABLES `glpi_tickets` WRITE;
/*!40000 ALTER TABLE `glpi_tickets` DISABLE KEYS */;
INSERT INTO `glpi_tickets` VALUES (1,0,'test','2012-05-10 10:12:04',NULL,'2012-05-10 10:16:54','2013-03-04 05:03:14',2,'solved',8,1,0,'',0,'test',3,3,3,0,1,'0.0000','0.0000','0.0000',0,NULL,'none',0,0,NULL,'2012-05-10 10:16:54',0,0,0,294,294,0,1),(2,0,'testuing kherhwhrwjkr','2012-05-10 10:17:24',NULL,NULL,'2012-05-10 10:24:37',8,'new',8,1,0,'',0,'testuing kherhwhrwjkr',4,3,4,0,1,'0.0000','0.0000','0.0000',0,NULL,'none',0,0,NULL,NULL,0,0,0,0,0,0,1),(3,0,'send maill to Admin group','2012-05-10 10:21:23',NULL,NULL,'2012-05-10 10:24:37',8,'new',8,1,0,'',0,'send maill to Admin group',3,3,3,0,1,'0.0000','0.0000','0.0000',0,NULL,'none',0,0,NULL,NULL,0,0,0,0,0,0,1),(4,0,'To admin group','2012-05-10 10:22:59',NULL,NULL,'2012-05-10 10:37:50',2,'assign',8,1,0,'',0,'weqewqeqwe',3,3,3,0,1,'0.0000','0.0000','0.0000',0,NULL,'none',0,0,NULL,NULL,0,0,0,0,331,0,1),(5,0,'My laptop has a problem','2012-05-10 10:32:23',NULL,NULL,'2013-03-04 10:39:37',8,'new',8,1,0,'',0,'Hi ITers,\r\nMy laptop has a problem',3,3,3,0,1,'0.0000','0.0000','0.0000',0,NULL,'none',0,0,NULL,NULL,0,0,0,0,0,0,1);
/*!40000 ALTER TABLE `glpi_tickets` ENABLE KEYS */;
UNLOCK TABLES;

--
-- Table structure for table `glpi_tickets_tickets`
--

DROP TABLE IF EXISTS `glpi_tickets_tickets`;
/*!40101 SET @saved_cs_client     = @@character_set_client */;
/*!40101 SET character_set_client = utf8 */;
CREATE TABLE `glpi_tickets_tickets` (
  `id` int(11) NOT NULL AUTO_INCREMENT,
  `tickets_id_1` int(11) NOT NULL DEFAULT '0',
  `tickets_id_2` int(11) NOT NULL DEFAULT '0',
  `link` int(11) NOT NULL DEFAULT '1',
  PRIMARY KEY (`id`),
  KEY `unicity` (`tickets_id_1`,`tickets_id_2`)
) ENGINE=MyISAM DEFAULT CHARSET=utf8 COLLATE=utf8_unicode_ci;
/*!40101 SET character_set_client = @saved_cs_client */;

--
-- Dumping data for table `glpi_tickets_tickets`
--

LOCK TABLES `glpi_tickets_tickets` WRITE;
/*!40000 ALTER TABLE `glpi_tickets_tickets` DISABLE KEYS */;
/*!40000 ALTER TABLE `glpi_tickets_tickets` ENABLE KEYS */;
UNLOCK TABLES;

--
-- Table structure for table `glpi_tickets_users`
--

DROP TABLE IF EXISTS `glpi_tickets_users`;
/*!40101 SET @saved_cs_client     = @@character_set_client */;
/*!40101 SET character_set_client = utf8 */;
CREATE TABLE `glpi_tickets_users` (
  `id` int(11) NOT NULL AUTO_INCREMENT,
  `tickets_id` int(11) NOT NULL DEFAULT '0',
  `users_id` int(11) NOT NULL DEFAULT '0',
  `type` int(11) NOT NULL DEFAULT '1',
  `use_notification` tinyint(1) NOT NULL DEFAULT '1',
  `alternative_email` varchar(255) COLLATE utf8_unicode_ci DEFAULT NULL,
  PRIMARY KEY (`id`),
  UNIQUE KEY `unicity` (`tickets_id`,`type`,`users_id`,`alternative_email`),
  KEY `user` (`users_id`,`type`)
) ENGINE=MyISAM AUTO_INCREMENT=6 DEFAULT CHARSET=utf8 COLLATE=utf8_unicode_ci;
/*!40101 SET character_set_client = @saved_cs_client */;

--
-- Dumping data for table `glpi_tickets_users`
--

LOCK TABLES `glpi_tickets_users` WRITE;
/*!40000 ALTER TABLE `glpi_tickets_users` DISABLE KEYS */;
INSERT INTO `glpi_tickets_users` VALUES (1,1,8,1,1,''),(2,2,8,1,1,''),(3,3,8,1,1,''),(4,4,8,1,1,''),(5,5,8,1,1,'');
/*!40000 ALTER TABLE `glpi_tickets_users` ENABLE KEYS */;
UNLOCK TABLES;

--
-- Table structure for table `glpi_ticketsatisfactions`
--

DROP TABLE IF EXISTS `glpi_ticketsatisfactions`;
/*!40101 SET @saved_cs_client     = @@character_set_client */;
/*!40101 SET character_set_client = utf8 */;
CREATE TABLE `glpi_ticketsatisfactions` (
  `id` int(11) NOT NULL AUTO_INCREMENT,
  `tickets_id` int(11) NOT NULL DEFAULT '0',
  `type` int(11) NOT NULL DEFAULT '1',
  `date_begin` datetime DEFAULT NULL,
  `date_answered` datetime DEFAULT NULL,
  `satisfaction` int(11) DEFAULT NULL,
  `comment` text COLLATE utf8_unicode_ci,
  PRIMARY KEY (`id`),
  UNIQUE KEY `tickets_id` (`tickets_id`)
) ENGINE=MyISAM DEFAULT CHARSET=utf8 COLLATE=utf8_unicode_ci;
/*!40101 SET character_set_client = @saved_cs_client */;

--
-- Dumping data for table `glpi_ticketsatisfactions`
--

LOCK TABLES `glpi_ticketsatisfactions` WRITE;
/*!40000 ALTER TABLE `glpi_ticketsatisfactions` DISABLE KEYS */;
/*!40000 ALTER TABLE `glpi_ticketsatisfactions` ENABLE KEYS */;
UNLOCK TABLES;

--
-- Table structure for table `glpi_tickettasks`
--

DROP TABLE IF EXISTS `glpi_tickettasks`;
/*!40101 SET @saved_cs_client     = @@character_set_client */;
/*!40101 SET character_set_client = utf8 */;
CREATE TABLE `glpi_tickettasks` (
  `id` int(11) NOT NULL AUTO_INCREMENT,
  `tickets_id` int(11) NOT NULL DEFAULT '0',
  `taskcategories_id` int(11) NOT NULL DEFAULT '0',
  `date` datetime DEFAULT NULL,
  `users_id` int(11) NOT NULL DEFAULT '0',
  `content` longtext COLLATE utf8_unicode_ci,
  `is_private` tinyint(1) NOT NULL DEFAULT '0',
  `actiontime` int(11) NOT NULL DEFAULT '0',
  `begin` datetime DEFAULT NULL,
  `end` datetime DEFAULT NULL,
  `state` int(11) NOT NULL DEFAULT '1',
  `users_id_tech` int(11) NOT NULL DEFAULT '0',
  PRIMARY KEY (`id`),
  KEY `date` (`date`),
  KEY `users_id` (`users_id`),
  KEY `tickets_id` (`tickets_id`),
  KEY `is_private` (`is_private`),
  KEY `taskcategories_id` (`taskcategories_id`)
) ENGINE=MyISAM DEFAULT CHARSET=utf8 COLLATE=utf8_unicode_ci;
/*!40101 SET character_set_client = @saved_cs_client */;

--
-- Dumping data for table `glpi_tickettasks`
--

LOCK TABLES `glpi_tickettasks` WRITE;
/*!40000 ALTER TABLE `glpi_tickettasks` DISABLE KEYS */;
/*!40000 ALTER TABLE `glpi_tickettasks` ENABLE KEYS */;
UNLOCK TABLES;

--
-- Table structure for table `glpi_tickettemplatehiddenfields`
--

DROP TABLE IF EXISTS `glpi_tickettemplatehiddenfields`;
/*!40101 SET @saved_cs_client     = @@character_set_client */;
/*!40101 SET character_set_client = utf8 */;
CREATE TABLE `glpi_tickettemplatehiddenfields` (
  `id` int(11) NOT NULL AUTO_INCREMENT,
  `tickettemplates_id` int(11) NOT NULL DEFAULT '0',
  `entities_id` int(11) NOT NULL DEFAULT '0',
  `is_recursive` tinyint(1) NOT NULL DEFAULT '0',
  `num` int(11) NOT NULL DEFAULT '0',
  PRIMARY KEY (`id`),
  KEY `entities_id` (`entities_id`),
  KEY `is_recursive` (`is_recursive`),
  KEY `unicity` (`tickettemplates_id`,`num`)
) ENGINE=MyISAM DEFAULT CHARSET=utf8 COLLATE=utf8_unicode_ci;
/*!40101 SET character_set_client = @saved_cs_client */;

--
-- Dumping data for table `glpi_tickettemplatehiddenfields`
--

LOCK TABLES `glpi_tickettemplatehiddenfields` WRITE;
/*!40000 ALTER TABLE `glpi_tickettemplatehiddenfields` DISABLE KEYS */;
/*!40000 ALTER TABLE `glpi_tickettemplatehiddenfields` ENABLE KEYS */;
UNLOCK TABLES;

--
-- Table structure for table `glpi_tickettemplatemandatoryfields`
--

DROP TABLE IF EXISTS `glpi_tickettemplatemandatoryfields`;
/*!40101 SET @saved_cs_client     = @@character_set_client */;
/*!40101 SET character_set_client = utf8 */;
CREATE TABLE `glpi_tickettemplatemandatoryfields` (
  `id` int(11) NOT NULL AUTO_INCREMENT,
  `tickettemplates_id` int(11) NOT NULL DEFAULT '0',
  `entities_id` int(11) NOT NULL DEFAULT '0',
  `is_recursive` tinyint(1) NOT NULL DEFAULT '0',
  `num` int(11) NOT NULL DEFAULT '0',
  PRIMARY KEY (`id`),
  KEY `entities_id` (`entities_id`),
  KEY `is_recursive` (`is_recursive`),
  KEY `unicity` (`tickettemplates_id`,`num`)
) ENGINE=MyISAM AUTO_INCREMENT=2 DEFAULT CHARSET=utf8 COLLATE=utf8_unicode_ci;
/*!40101 SET character_set_client = @saved_cs_client */;

--
-- Dumping data for table `glpi_tickettemplatemandatoryfields`
--

LOCK TABLES `glpi_tickettemplatemandatoryfields` WRITE;
/*!40000 ALTER TABLE `glpi_tickettemplatemandatoryfields` DISABLE KEYS */;
INSERT INTO `glpi_tickettemplatemandatoryfields` VALUES (1,1,0,0,21);
/*!40000 ALTER TABLE `glpi_tickettemplatemandatoryfields` ENABLE KEYS */;
UNLOCK TABLES;

--
-- Table structure for table `glpi_tickettemplatepredefinedfields`
--

DROP TABLE IF EXISTS `glpi_tickettemplatepredefinedfields`;
/*!40101 SET @saved_cs_client     = @@character_set_client */;
/*!40101 SET character_set_client = utf8 */;
CREATE TABLE `glpi_tickettemplatepredefinedfields` (
  `id` int(11) NOT NULL AUTO_INCREMENT,
  `tickettemplates_id` int(11) NOT NULL DEFAULT '0',
  `entities_id` int(11) NOT NULL DEFAULT '0',
  `is_recursive` tinyint(1) NOT NULL DEFAULT '0',
  `num` int(11) NOT NULL DEFAULT '0',
  `value` text COLLATE utf8_unicode_ci,
  PRIMARY KEY (`id`),
  KEY `entities_id` (`entities_id`),
  KEY `is_recursive` (`is_recursive`),
  KEY `unicity` (`tickettemplates_id`,`num`)
) ENGINE=MyISAM DEFAULT CHARSET=utf8 COLLATE=utf8_unicode_ci;
/*!40101 SET character_set_client = @saved_cs_client */;

--
-- Dumping data for table `glpi_tickettemplatepredefinedfields`
--

LOCK TABLES `glpi_tickettemplatepredefinedfields` WRITE;
/*!40000 ALTER TABLE `glpi_tickettemplatepredefinedfields` DISABLE KEYS */;
/*!40000 ALTER TABLE `glpi_tickettemplatepredefinedfields` ENABLE KEYS */;
UNLOCK TABLES;

--
-- Table structure for table `glpi_tickettemplates`
--

DROP TABLE IF EXISTS `glpi_tickettemplates`;
/*!40101 SET @saved_cs_client     = @@character_set_client */;
/*!40101 SET character_set_client = utf8 */;
CREATE TABLE `glpi_tickettemplates` (
  `id` int(11) NOT NULL AUTO_INCREMENT,
  `name` varchar(255) COLLATE utf8_unicode_ci DEFAULT NULL,
  `entities_id` int(11) NOT NULL DEFAULT '0',
  `is_recursive` tinyint(1) NOT NULL DEFAULT '0',
  `comment` text COLLATE utf8_unicode_ci,
  PRIMARY KEY (`id`),
  KEY `name` (`name`),
  KEY `entities_id` (`entities_id`),
  KEY `is_recursive` (`is_recursive`)
) ENGINE=MyISAM AUTO_INCREMENT=2 DEFAULT CHARSET=utf8 COLLATE=utf8_unicode_ci;
/*!40101 SET character_set_client = @saved_cs_client */;

--
-- Dumping data for table `glpi_tickettemplates`
--

LOCK TABLES `glpi_tickettemplates` WRITE;
/*!40000 ALTER TABLE `glpi_tickettemplates` DISABLE KEYS */;
INSERT INTO `glpi_tickettemplates` VALUES (1,'Default',0,1,NULL);
/*!40000 ALTER TABLE `glpi_tickettemplates` ENABLE KEYS */;
UNLOCK TABLES;

--
-- Table structure for table `glpi_ticketvalidations`
--

DROP TABLE IF EXISTS `glpi_ticketvalidations`;
/*!40101 SET @saved_cs_client     = @@character_set_client */;
/*!40101 SET character_set_client = utf8 */;
CREATE TABLE `glpi_ticketvalidations` (
  `id` int(11) NOT NULL AUTO_INCREMENT,
  `entities_id` int(11) NOT NULL DEFAULT '0',
  `users_id` int(11) NOT NULL DEFAULT '0',
  `tickets_id` int(11) NOT NULL DEFAULT '0',
  `users_id_validate` int(11) NOT NULL DEFAULT '0',
  `comment_submission` text COLLATE utf8_unicode_ci,
  `comment_validation` text COLLATE utf8_unicode_ci,
  `status` varchar(255) COLLATE utf8_unicode_ci DEFAULT 'waiting',
  `submission_date` datetime DEFAULT NULL,
  `validation_date` datetime DEFAULT NULL,
  PRIMARY KEY (`id`),
  KEY `entities_id` (`entities_id`),
  KEY `users_id` (`users_id`),
  KEY `users_id_validate` (`users_id_validate`),
  KEY `tickets_id` (`tickets_id`),
  KEY `submission_date` (`submission_date`),
  KEY `validation_date` (`validation_date`),
  KEY `status` (`status`)
) ENGINE=MyISAM DEFAULT CHARSET=utf8 COLLATE=utf8_unicode_ci;
/*!40101 SET character_set_client = @saved_cs_client */;

--
-- Dumping data for table `glpi_ticketvalidations`
--

LOCK TABLES `glpi_ticketvalidations` WRITE;
/*!40000 ALTER TABLE `glpi_ticketvalidations` DISABLE KEYS */;
/*!40000 ALTER TABLE `glpi_ticketvalidations` ENABLE KEYS */;
UNLOCK TABLES;

--
-- Table structure for table `glpi_transfers`
--

DROP TABLE IF EXISTS `glpi_transfers`;
/*!40101 SET @saved_cs_client     = @@character_set_client */;
/*!40101 SET character_set_client = utf8 */;
CREATE TABLE `glpi_transfers` (
  `id` int(11) NOT NULL AUTO_INCREMENT,
  `name` varchar(255) COLLATE utf8_unicode_ci DEFAULT NULL,
  `keep_ticket` int(11) NOT NULL DEFAULT '0',
  `keep_networklink` int(11) NOT NULL DEFAULT '0',
  `keep_reservation` int(11) NOT NULL DEFAULT '0',
  `keep_history` int(11) NOT NULL DEFAULT '0',
  `keep_device` int(11) NOT NULL DEFAULT '0',
  `keep_infocom` int(11) NOT NULL DEFAULT '0',
  `keep_dc_monitor` int(11) NOT NULL DEFAULT '0',
  `clean_dc_monitor` int(11) NOT NULL DEFAULT '0',
  `keep_dc_phone` int(11) NOT NULL DEFAULT '0',
  `clean_dc_phone` int(11) NOT NULL DEFAULT '0',
  `keep_dc_peripheral` int(11) NOT NULL DEFAULT '0',
  `clean_dc_peripheral` int(11) NOT NULL DEFAULT '0',
  `keep_dc_printer` int(11) NOT NULL DEFAULT '0',
  `clean_dc_printer` int(11) NOT NULL DEFAULT '0',
  `keep_supplier` int(11) NOT NULL DEFAULT '0',
  `clean_supplier` int(11) NOT NULL DEFAULT '0',
  `keep_contact` int(11) NOT NULL DEFAULT '0',
  `clean_contact` int(11) NOT NULL DEFAULT '0',
  `keep_contract` int(11) NOT NULL DEFAULT '0',
  `clean_contract` int(11) NOT NULL DEFAULT '0',
  `keep_software` int(11) NOT NULL DEFAULT '0',
  `clean_software` int(11) NOT NULL DEFAULT '0',
  `keep_document` int(11) NOT NULL DEFAULT '0',
  `clean_document` int(11) NOT NULL DEFAULT '0',
  `keep_cartridgeitem` int(11) NOT NULL DEFAULT '0',
  `clean_cartridgeitem` int(11) NOT NULL DEFAULT '0',
  `keep_cartridge` int(11) NOT NULL DEFAULT '0',
  `keep_consumable` int(11) NOT NULL DEFAULT '0',
  `date_mod` datetime DEFAULT NULL,
  `comment` text COLLATE utf8_unicode_ci,
  `keep_disk` int(11) NOT NULL DEFAULT '0',
  PRIMARY KEY (`id`),
  KEY `date_mod` (`date_mod`)
) ENGINE=MyISAM AUTO_INCREMENT=2 DEFAULT CHARSET=utf8 COLLATE=utf8_unicode_ci;
/*!40101 SET character_set_client = @saved_cs_client */;

--
-- Dumping data for table `glpi_transfers`
--

LOCK TABLES `glpi_transfers` WRITE;
/*!40000 ALTER TABLE `glpi_transfers` DISABLE KEYS */;
INSERT INTO `glpi_transfers` VALUES (1,'complete',2,2,1,1,1,1,1,1,1,1,1,1,1,1,1,1,1,1,1,1,1,1,1,1,1,1,1,1,NULL,NULL,1);
/*!40000 ALTER TABLE `glpi_transfers` ENABLE KEYS */;
UNLOCK TABLES;

--
-- Table structure for table `glpi_usercategories`
--

DROP TABLE IF EXISTS `glpi_usercategories`;
/*!40101 SET @saved_cs_client     = @@character_set_client */;
/*!40101 SET character_set_client = utf8 */;
CREATE TABLE `glpi_usercategories` (
  `id` int(11) NOT NULL AUTO_INCREMENT,
  `name` varchar(255) COLLATE utf8_unicode_ci DEFAULT NULL,
  `comment` text COLLATE utf8_unicode_ci,
  PRIMARY KEY (`id`),
  KEY `name` (`name`)
) ENGINE=MyISAM DEFAULT CHARSET=utf8 COLLATE=utf8_unicode_ci;
/*!40101 SET character_set_client = @saved_cs_client */;

--
-- Dumping data for table `glpi_usercategories`
--

LOCK TABLES `glpi_usercategories` WRITE;
/*!40000 ALTER TABLE `glpi_usercategories` DISABLE KEYS */;
/*!40000 ALTER TABLE `glpi_usercategories` ENABLE KEYS */;
UNLOCK TABLES;

--
-- Table structure for table `glpi_useremails`
--

DROP TABLE IF EXISTS `glpi_useremails`;
/*!40101 SET @saved_cs_client     = @@character_set_client */;
/*!40101 SET character_set_client = utf8 */;
CREATE TABLE `glpi_useremails` (
  `id` int(11) NOT NULL AUTO_INCREMENT,
  `users_id` int(11) NOT NULL DEFAULT '0',
  `is_default` tinyint(1) NOT NULL DEFAULT '0',
  `is_dynamic` tinyint(1) NOT NULL DEFAULT '0',
  `email` varchar(255) COLLATE utf8_unicode_ci DEFAULT NULL,
  PRIMARY KEY (`id`),
  UNIQUE KEY `unicity` (`users_id`,`email`),
  KEY `email` (`email`),
  KEY `is_default` (`is_default`),
  KEY `is_dynamic` (`is_dynamic`)
) ENGINE=MyISAM AUTO_INCREMENT=135 DEFAULT CHARSET=utf8 COLLATE=utf8_unicode_ci;
/*!40101 SET character_set_client = @saved_cs_client */;

--
-- Dumping data for table `glpi_useremails`
--

LOCK TABLES `glpi_useremails` WRITE;
/*!40000 ALTER TABLE `glpi_useremails` DISABLE KEYS */;
INSERT INTO `glpi_useremails` VALUES (3,8,1,1,'tduong@apm.com'),(5,10,1,1,'tbui@amcc.com'),(6,12,1,1,'thpham@amcc.com'),(7,16,1,1,'ango@apm.com'),(8,17,1,1,'ale@apm.com'),(9,18,1,1,'aqnguyen@apm.com'),(10,19,1,1,'bnguyen@apm.com'),(11,20,1,1,'btruong@apm.com'),(12,21,1,1,'bxnguyen@apm.com'),(13,22,1,1,'cdle@apm.com'),(14,23,1,1,'choang@amcc.com'),(15,24,1,1,'cltran@apm.com'),(16,25,1,1,'cpham@apm.com'),(17,26,1,1,'ctong@apm.com'),(18,27,1,1,'ctran@apm.com'),(19,28,1,1,'dainguyen@apm.com'),(20,29,1,1,'danguyen@apm.com'),(21,30,1,1,'ddang@apm.com'),(22,31,1,1,'dinguyen@apm.com'),(23,32,1,1,'dla@apm.com'),(24,33,1,1,'dle@apm.com'),(25,34,1,1,'dpham@apm.com'),(26,35,1,1,'dnguyen@apm.com'),(27,36,1,1,'dtnguyen@apm.com'),(28,37,1,1,'dunguyen@apm.com'),(29,38,1,1,'dvo@apm.com'),(30,39,1,1,'hanguyen@apm.com'),(31,40,1,1,'hbnguyen@apm.com'),(32,41,1,1,'hcao@apm.com'),(33,42,1,1,'hcnguyen@apm.com'),(34,43,1,1,'hdnguyen@apm.com'),(35,44,1,1,'hha@apm.com'),(36,45,1,1,'hhnguyen@apm.com'),(37,46,1,1,'hhtran@apm.com'),(38,47,1,1,'hibui@apm.com'),(39,48,1,1,'hkhuynh@apm.com'),(40,49,1,1,'hknguyen@apm.com'),(41,50,1,1,'hlnguyen@apm.com'),(42,51,1,1,'hluu@apm.com'),(43,52,1,1,'hluyen@apm.com'),(44,53,1,1,'hmbui@apm.com'),(45,54,1,1,'hmnguyen@apm.com'),(46,55,1,1,'hngo@apm.com'),(47,56,1,1,'hnle@apm.com'),(48,57,1,1,'hotran@apm.com'),(49,58,1,1,'hpham@apm.com'),(50,59,1,1,'hphan@apm.com'),(51,60,1,1,'hptruong@amcc.com'),(52,61,1,1,'hqbui@apm.com'),(53,62,1,1,'htlu@apm.com'),(54,63,1,1,'hvtran@apm.com'),(55,64,1,1,'hvu@apm.com'),(56,65,1,1,'hxnguyen@apm.com'),(57,66,1,1,'hxvo@apm.com'),(58,67,1,1,'jvien@apm.com'),(59,68,1,1,'kdinh@apm.com'),(60,69,1,1,'kdo@apm.com'),(61,70,1,1,'kdtran@apm.com'),(62,71,1,1,'kngo@apm.com'),(63,72,1,1,'kqngo@apm.com'),(64,73,1,1,'kta@apm.com'),(65,74,1,1,'ktnguyen@apm.com'),(66,75,1,1,'ktram@apm.com'),(67,76,1,1,'ldinh@apm.com'),(68,77,1,1,'lduong@apm.com'),(69,78,1,1,'lhoang@apm.com'),(70,79,1,1,'lmtran@apm.com'),(71,80,1,1,'ltnguyen@apm.com'),(72,81,1,1,'lton@apm.com'),(73,82,1,1,'lxpham@apm.com'),(74,83,1,1,'mhle@apm.com'),(75,84,1,1,'mla@apm.com'),(76,85,1,1,'mthuynh@apm.com'),(77,86,1,1,'ndnguyen@apm.com'),(78,87,1,1,'nhnguyen@apm.com'),(79,88,1,1,'nhtruong@apm.com'),(80,89,1,1,'nhunguyen@apm.com'),(81,90,1,1,'nhuynh@apm.com'),(82,91,1,1,'nnguyen@apm.com'),(83,92,1,1,'nnle@apm.com'),(84,93,1,1,'npham@apm.com'),(85,94,1,1,'nptran@apm.com'),(86,95,1,1,'nvnguyen@apm.com'),(87,96,1,1,'phnguyen@apm.com'),(88,97,1,1,'pnsy@apm.com'),(89,98,1,1,'ptran@apm.com'),(90,99,1,1,'qnguyen@apm.com'),(91,100,1,1,'qhan@apm.com'),(92,101,1,1,'qpham@apm.com'),(93,102,1,1,'sdinh@apm.com'),(94,103,1,1,'shpham@apm.com'),(95,104,1,1,'sle@apm.com'),(96,105,1,1,'smai@apm.com'),(97,106,1,1,'spham@apm.com'),(98,107,1,1,'tanguyen@apm.com'),(99,108,1,1,'tbnguyen@apm.com'),(100,109,1,1,'tbtran@apm.com'),(101,110,1,1,'tdnguyen@apm.com'),(102,111,1,1,'tdoan@apm.com'),(103,112,1,1,'tdphan@apm.com'),(104,113,1,1,'tgnguyen@apm.com'),(105,114,1,1,'thaitran@apm.com'),(106,115,1,1,'thanguyen@apm.com'),(107,116,1,1,'thcao@apm.com'),(108,117,1,1,'thhpham@apm.com'),(109,118,1,1,'thtran@apm.com'),(110,119,1,1,'tkpham@apm.com'),(111,120,1,1,'tle@apm.com'),(112,121,1,1,'tmtran@apm.com'),(113,122,1,1,'tmvo@apm.com'),(114,123,1,1,'tngo@apm.com'),(115,124,1,1,'tnhuynh@apm.com'),(116,125,1,1,'tnle@apm.com'),(117,126,1,1,'toanle@apm.com'),(118,127,1,1,'tpnguyen@apm.com'),(119,128,1,1,'tqanguyen@apm.com'),(120,129,1,1,'tqle@apm.com'),(121,130,1,1,'tqnguyen@apm.com'),(122,131,1,1,'tqpham@apm.com'),(123,132,1,1,'tthle@apm.com'),(124,133,1,1,'tthoang@apm.com'),(125,134,1,1,'ttpham@apm.com'),(126,135,1,1,'tuanguyen@apm.com'),(127,136,1,1,'tuynguyen@apm.com'),(128,137,1,1,'tvnguyen@apm.com'),(129,138,1,1,'uvan@apm.com'),(130,139,1,1,'vhtnguyen@apm.com'),(131,140,1,1,'vltran@apm.com'),(132,141,1,1,'vphan@apm.com'),(133,142,1,1,'vpnguyen@apm.com'),(134,143,1,1,'yvo@apm.com');
/*!40000 ALTER TABLE `glpi_useremails` ENABLE KEYS */;
UNLOCK TABLES;

--
-- Table structure for table `glpi_users`
--

DROP TABLE IF EXISTS `glpi_users`;
/*!40101 SET @saved_cs_client     = @@character_set_client */;
/*!40101 SET character_set_client = utf8 */;
CREATE TABLE `glpi_users` (
  `id` int(11) NOT NULL AUTO_INCREMENT,
  `name` varchar(255) COLLATE utf8_unicode_ci DEFAULT NULL,
  `password` char(40) COLLATE utf8_unicode_ci DEFAULT NULL,
  `phone` varchar(255) COLLATE utf8_unicode_ci DEFAULT NULL,
  `phone2` varchar(255) COLLATE utf8_unicode_ci DEFAULT NULL,
  `mobile` varchar(255) COLLATE utf8_unicode_ci DEFAULT NULL,
  `realname` varchar(255) COLLATE utf8_unicode_ci DEFAULT NULL,
  `firstname` varchar(255) COLLATE utf8_unicode_ci DEFAULT NULL,
  `locations_id` int(11) NOT NULL DEFAULT '0',
  `language` char(10) COLLATE utf8_unicode_ci DEFAULT NULL COMMENT 'see define.php CFG_GLPI[language] array',
  `use_mode` int(11) NOT NULL DEFAULT '0',
  `list_limit` int(11) DEFAULT NULL,
  `is_active` tinyint(1) NOT NULL DEFAULT '1',
  `comment` text COLLATE utf8_unicode_ci,
  `auths_id` int(11) NOT NULL DEFAULT '0',
  `authtype` int(11) NOT NULL DEFAULT '0',
  `last_login` datetime DEFAULT NULL,
  `date_mod` datetime DEFAULT NULL,
  `date_sync` datetime DEFAULT NULL,
  `is_deleted` tinyint(1) NOT NULL DEFAULT '0',
  `profiles_id` int(11) NOT NULL DEFAULT '0',
  `entities_id` int(11) NOT NULL DEFAULT '0',
  `usertitles_id` int(11) NOT NULL DEFAULT '0',
  `usercategories_id` int(11) NOT NULL DEFAULT '0',
  `date_format` int(11) DEFAULT NULL,
  `number_format` int(11) DEFAULT NULL,
  `names_format` int(11) DEFAULT NULL,
  `csv_delimiter` char(1) COLLATE utf8_unicode_ci DEFAULT NULL,
  `is_ids_visible` tinyint(1) DEFAULT NULL,
  `dropdown_chars_limit` int(11) DEFAULT NULL,
  `use_flat_dropdowntree` tinyint(1) DEFAULT NULL,
  `show_jobs_at_login` tinyint(1) DEFAULT NULL,
  `priority_1` char(20) COLLATE utf8_unicode_ci DEFAULT NULL,
  `priority_2` char(20) COLLATE utf8_unicode_ci DEFAULT NULL,
  `priority_3` char(20) COLLATE utf8_unicode_ci DEFAULT NULL,
  `priority_4` char(20) COLLATE utf8_unicode_ci DEFAULT NULL,
  `priority_5` char(20) COLLATE utf8_unicode_ci DEFAULT NULL,
  `priority_6` char(20) COLLATE utf8_unicode_ci DEFAULT NULL,
  `is_categorized_soft_expanded` tinyint(1) DEFAULT NULL,
  `is_not_categorized_soft_expanded` tinyint(1) DEFAULT NULL,
  `followup_private` tinyint(1) DEFAULT NULL,
  `task_private` tinyint(1) DEFAULT NULL,
  `default_requesttypes_id` int(11) DEFAULT NULL,
  `password_forget_token` char(40) COLLATE utf8_unicode_ci DEFAULT NULL,
  `password_forget_token_date` datetime DEFAULT NULL,
  `user_dn` text COLLATE utf8_unicode_ci,
  `registration_number` varchar(255) COLLATE utf8_unicode_ci DEFAULT NULL,
  `show_count_on_tabs` tinyint(1) DEFAULT NULL,
  `refresh_ticket_list` int(11) DEFAULT NULL,
  `set_default_tech` tinyint(1) DEFAULT NULL,
  `personal_token` varchar(255) COLLATE utf8_unicode_ci DEFAULT NULL,
  `personal_token_date` datetime DEFAULT NULL,
  PRIMARY KEY (`id`),
  UNIQUE KEY `unicity` (`name`),
  KEY `firstname` (`firstname`),
  KEY `realname` (`realname`),
  KEY `entities_id` (`entities_id`),
  KEY `profiles_id` (`profiles_id`),
  KEY `locations_id` (`locations_id`),
  KEY `usertitles_id` (`usertitles_id`),
  KEY `usercategories_id` (`usercategories_id`),
  KEY `is_deleted` (`is_deleted`),
  KEY `is_active` (`is_active`),
  KEY `date_mod` (`date_mod`),
  KEY `authitem` (`authtype`,`auths_id`)
) ENGINE=MyISAM AUTO_INCREMENT=144 DEFAULT CHARSET=utf8 COLLATE=utf8_unicode_ci;
/*!40101 SET character_set_client = @saved_cs_client */;

--
-- Dumping data for table `glpi_users`
--

LOCK TABLES `glpi_users` WRITE;
/*!40000 ALTER TABLE `glpi_users` DISABLE KEYS */;
INSERT INTO `glpi_users` VALUES (2,'glpi','947f8c09ef9d918a785a1f2ea036fcae61e82b69','','','','',NULL,0,NULL,0,20,1,NULL,0,1,'2013-05-03 10:29:05','2012-09-21 16:13:58',NULL,0,0,0,0,0,NULL,NULL,NULL,NULL,NULL,NULL,NULL,NULL,NULL,NULL,NULL,NULL,NULL,NULL,NULL,NULL,NULL,NULL,NULL,'',NULL,NULL,NULL,NULL,NULL,NULL,NULL,NULL),(3,'post-only','3177926a7314de24680a9938aaa97703','','','','',NULL,0,NULL,0,20,1,NULL,0,0,NULL,NULL,NULL,0,0,0,0,0,NULL,NULL,NULL,NULL,NULL,NULL,NULL,NULL,NULL,NULL,NULL,NULL,NULL,NULL,NULL,NULL,NULL,NULL,NULL,'',NULL,NULL,NULL,NULL,NULL,NULL,NULL,NULL),(4,'tech','d9f9133fb120cd6096870bc2b496805b','','','','',NULL,0,NULL,0,20,1,NULL,0,0,NULL,NULL,NULL,0,0,0,0,0,NULL,NULL,NULL,NULL,NULL,NULL,NULL,NULL,NULL,NULL,NULL,NULL,NULL,NULL,NULL,NULL,NULL,NULL,NULL,'',NULL,NULL,NULL,NULL,NULL,NULL,NULL,NULL),(5,'normal','fea087517c26fadd409bd4b9dc642555','','','','',NULL,0,NULL,0,20,1,NULL,0,0,NULL,NULL,NULL,0,0,0,0,0,NULL,NULL,NULL,NULL,NULL,NULL,NULL,NULL,NULL,NULL,NULL,NULL,NULL,NULL,NULL,NULL,NULL,NULL,NULL,'',NULL,NULL,NULL,NULL,NULL,NULL,NULL,NULL),(8,'tduong','','84-8-37700640 - Ext: 3855',NULL,NULL,'Duong','Trung',0,NULL,0,NULL,1,NULL,1,3,'2013-04-09 06:15:45','2012-05-10 10:00:55','2013-04-09 06:15:45',0,0,0,0,0,NULL,NULL,NULL,NULL,NULL,NULL,NULL,NULL,NULL,NULL,NULL,NULL,NULL,NULL,NULL,NULL,NULL,NULL,NULL,NULL,NULL,'CN=Trung Dinh Duong,OU=Users,OU=HCM,OU=AsiaPac,DC=ad,DC=amcc,DC=com',NULL,NULL,NULL,NULL,NULL,NULL),(10,'tbui','','84-83-770-0634-ext 3820',NULL,NULL,'Bui','Ngon',0,NULL,0,NULL,1,NULL,1,3,'2012-05-10 11:44:47','2013-03-05 10:20:03','2012-05-10 11:44:47',1,0,0,0,0,NULL,NULL,NULL,NULL,NULL,NULL,NULL,NULL,NULL,NULL,NULL,NULL,NULL,NULL,NULL,NULL,NULL,NULL,NULL,NULL,NULL,'CN=Ngon Bui,OU=Users,OU=HCM,OU=AsiaPac,DC=ad,DC=amcc,DC=com',NULL,NULL,NULL,NULL,NULL,NULL),(12,'thpham','','+84-8-3770 0634 Ext: 3809',NULL,NULL,'Pham','Thu',0,NULL,0,NULL,1,NULL,1,3,NULL,'2013-03-05 10:20:03','2012-05-10 11:16:36',1,0,0,0,0,NULL,NULL,NULL,NULL,NULL,NULL,NULL,NULL,NULL,NULL,NULL,NULL,NULL,NULL,NULL,NULL,NULL,NULL,NULL,NULL,NULL,'CN=Thu Hung Pham,OU=Users,OU=HCM,OU=AsiaPac,DC=ad,DC=amcc,DC=com',NULL,NULL,NULL,NULL,NULL,NULL),(13,'sw_test','5c36ff7ae5a6f4fcf04d46249dba2ef6003f6313','','','','SW Test','',0,NULL,0,NULL,1,'',0,1,'2012-05-10 11:29:43','2013-03-05 10:20:03',NULL,1,10,0,0,0,NULL,NULL,NULL,NULL,NULL,NULL,NULL,NULL,NULL,NULL,NULL,NULL,NULL,NULL,NULL,NULL,NULL,NULL,NULL,NULL,NULL,NULL,'',NULL,NULL,NULL,NULL,NULL),(14,'hw_test','5c36ff7ae5a6f4fcf04d46249dba2ef6003f6313','','','','HW Test','',0,NULL,0,NULL,1,'',0,1,'2012-05-10 11:34:59','2013-03-05 10:20:03',NULL,1,9,0,0,0,NULL,NULL,NULL,NULL,NULL,NULL,NULL,NULL,NULL,NULL,NULL,NULL,NULL,NULL,NULL,NULL,NULL,NULL,NULL,NULL,NULL,NULL,'',NULL,NULL,NULL,NULL,NULL),(15,'admin','fd334ed4cef5e49f39c713e7a331d0c9dec20ccb','','','','Local ','Admin',0,NULL,0,NULL,1,'',0,1,NULL,'2012-09-21 16:11:13',NULL,0,0,0,0,0,NULL,NULL,NULL,NULL,NULL,NULL,NULL,NULL,NULL,NULL,NULL,NULL,NULL,NULL,NULL,NULL,NULL,NULL,NULL,NULL,NULL,NULL,'',NULL,NULL,NULL,NULL,NULL),(16,'ango','','+84 Ext.3768',NULL,NULL,'Ngo','An Hoai',0,NULL,0,NULL,1,NULL,1,3,NULL,'2013-03-05 10:20:22','2013-03-05 10:20:22',0,0,0,0,0,NULL,NULL,NULL,NULL,NULL,NULL,NULL,NULL,NULL,NULL,NULL,NULL,NULL,NULL,NULL,NULL,NULL,NULL,NULL,NULL,NULL,'CN=An Hoai Ngo,OU=Users,OU=HCM,OU=AsiaPac,DC=ad,DC=amcc,DC=com',NULL,NULL,NULL,NULL,NULL,NULL),(17,'anle','','84-8-37700640 - Ext. 3877',NULL,NULL,'Le','Anh',0,NULL,0,NULL,1,NULL,1,3,NULL,'2013-03-05 10:20:22','2013-03-05 10:20:22',0,0,0,0,0,NULL,NULL,NULL,NULL,NULL,NULL,NULL,NULL,NULL,NULL,NULL,NULL,NULL,NULL,NULL,NULL,NULL,NULL,NULL,NULL,NULL,'CN=Anh Nguyet Le,OU=Users,OU=HCM,OU=AsiaPac,DC=ad,DC=amcc,DC=com',NULL,NULL,NULL,NULL,NULL,NULL),(18,'aqnguyen','','+84837700634 Ext.3890',NULL,NULL,'Nguyen','Anh Van',0,NULL,0,NULL,1,NULL,1,3,NULL,'2013-03-05 10:20:22','2013-03-05 10:20:22',0,0,0,0,0,NULL,NULL,NULL,NULL,NULL,NULL,NULL,NULL,NULL,NULL,NULL,NULL,NULL,NULL,NULL,NULL,NULL,NULL,NULL,NULL,NULL,'CN=Anh Van Quang Nguyen,OU=Users,OU=HCM,OU=AsiaPac,DC=ad,DC=amcc,DC=com',NULL,NULL,NULL,NULL,NULL,NULL),(19,'bnguyen','','+84837700634 Ext.3889',NULL,NULL,'Nguyen','Bach',0,NULL,0,NULL,1,NULL,1,3,NULL,'2013-03-05 10:20:23','2013-03-05 10:20:23',0,0,0,0,0,NULL,NULL,NULL,NULL,NULL,NULL,NULL,NULL,NULL,NULL,NULL,NULL,NULL,NULL,NULL,NULL,NULL,NULL,NULL,NULL,NULL,'CN=Bach Nguyen,OU=Users,OU=HCM,OU=AsiaPac,DC=ad,DC=amcc,DC=com',NULL,NULL,NULL,NULL,NULL,NULL),(20,'btruong','','+84 Ext.3775',NULL,NULL,'Truong','Bao',0,NULL,0,NULL,1,NULL,1,3,NULL,'2013-03-05 10:20:23','2013-03-05 10:20:23',0,0,0,0,0,NULL,NULL,NULL,NULL,NULL,NULL,NULL,NULL,NULL,NULL,NULL,NULL,NULL,NULL,NULL,NULL,NULL,NULL,NULL,NULL,NULL,'CN=Bao Le Truong,OU=Users,OU=HCM,OU=AsiaPac,DC=ad,DC=amcc,DC=com',NULL,NULL,NULL,NULL,NULL,NULL),(21,'bxnguyen','','(84) 83 7700 640 - Ext: 3839',NULL,NULL,'Nguyen','Bao',0,NULL,0,NULL,1,NULL,1,3,NULL,'2013-03-05 10:20:23','2013-03-05 10:20:23',0,0,0,0,0,NULL,NULL,NULL,NULL,NULL,NULL,NULL,NULL,NULL,NULL,NULL,NULL,NULL,NULL,NULL,NULL,NULL,NULL,NULL,NULL,NULL,'CN=Bao Xuan Nguyen,OU=Users,OU=HCM,OU=AsiaPac,DC=ad,DC=amcc,DC=com',NULL,NULL,NULL,NULL,NULL,NULL),(22,'cdle','','',NULL,NULL,'Le','Cuong Doan',0,NULL,0,NULL,1,NULL,1,3,NULL,'2013-03-05 10:20:23','2013-03-05 10:20:23',0,0,0,0,0,NULL,NULL,NULL,NULL,NULL,NULL,NULL,NULL,NULL,NULL,NULL,NULL,NULL,NULL,NULL,NULL,NULL,NULL,NULL,NULL,NULL,'CN=Cuong Doan Le,OU=Users,OU=HCM,OU=AsiaPac,DC=ad,DC=amcc,DC=com',NULL,NULL,NULL,NULL,NULL,NULL),(23,'choang','','',NULL,NULL,'Hoang','Cuong Cao',0,NULL,0,NULL,1,NULL,1,3,NULL,'2013-03-05 10:20:24','2013-03-05 10:20:24',0,0,0,0,0,NULL,NULL,NULL,NULL,NULL,NULL,NULL,NULL,NULL,NULL,NULL,NULL,NULL,NULL,NULL,NULL,NULL,NULL,NULL,NULL,NULL,'CN=Cuong Cao Hoang,OU=Users,OU=HCM,OU=AsiaPac,DC=ad,DC=amcc,DC=com',NULL,NULL,NULL,NULL,NULL,NULL),(24,'cltran','','+84 Ext.3740',NULL,NULL,'Tran','Chuong',0,NULL,0,NULL,1,NULL,1,3,NULL,'2013-03-05 10:20:24','2013-03-05 10:20:24',0,0,0,0,0,NULL,NULL,NULL,NULL,NULL,NULL,NULL,NULL,NULL,NULL,NULL,NULL,NULL,NULL,NULL,NULL,NULL,NULL,NULL,NULL,NULL,'CN=Chuong Le Anh Tran,OU=Users,OU=HCM,OU=AsiaPac,DC=ad,DC=amcc,DC=com',NULL,NULL,NULL,NULL,NULL,NULL),(25,'cpham','','84-83-7700640 ext 3843',NULL,NULL,'Pham','Cong',0,NULL,0,NULL,1,NULL,1,3,NULL,'2013-03-05 10:20:24','2013-03-05 10:20:24',0,0,0,0,0,NULL,NULL,NULL,NULL,NULL,NULL,NULL,NULL,NULL,NULL,NULL,NULL,NULL,NULL,NULL,NULL,NULL,NULL,NULL,NULL,NULL,'CN=Cong Pham,OU=Users,OU=HCM,OU=AsiaPac,DC=ad,DC=amcc,DC=com',NULL,NULL,NULL,NULL,NULL,NULL),(26,'ctong','','84-8-37700640 - Ext. 3848',NULL,NULL,'Tong','Can',0,NULL,0,NULL,1,NULL,1,3,NULL,'2013-03-05 10:20:25','2013-03-05 10:20:25',0,0,0,0,0,NULL,NULL,NULL,NULL,NULL,NULL,NULL,NULL,NULL,NULL,NULL,NULL,NULL,NULL,NULL,NULL,NULL,NULL,NULL,NULL,NULL,'CN=Can Dinh Tong,OU=Users,OU=HCM,OU=AsiaPac,DC=ad,DC=amcc,DC=com',NULL,NULL,NULL,NULL,NULL,NULL),(27,'ctran','','+84 Ext.3747',NULL,NULL,'Tran','Can',0,NULL,0,NULL,1,NULL,1,3,NULL,'2013-03-05 10:20:25','2013-03-05 10:20:25',0,0,0,0,0,NULL,NULL,NULL,NULL,NULL,NULL,NULL,NULL,NULL,NULL,NULL,NULL,NULL,NULL,NULL,NULL,NULL,NULL,NULL,NULL,NULL,'CN=Can Trung Tran,OU=Users,OU=HCM,OU=AsiaPac,DC=ad,DC=amcc,DC=com',NULL,NULL,NULL,NULL,NULL,NULL),(28,'dainguyen','','+84 Ext.3733',NULL,NULL,'Nguyen','Dai',0,NULL,0,NULL,1,NULL,1,3,NULL,'2013-03-05 10:20:25','2013-03-05 10:20:25',0,0,0,0,0,NULL,NULL,NULL,NULL,NULL,NULL,NULL,NULL,NULL,NULL,NULL,NULL,NULL,NULL,NULL,NULL,NULL,NULL,NULL,NULL,NULL,'CN=Dai Nguyen,OU=Users,OU=HCM,OU=AsiaPac,DC=ad,DC=amcc,DC=com',NULL,NULL,NULL,NULL,NULL,NULL),(29,'danguye','','+84 Ext.3772',NULL,NULL,'Nguyen','Dat Tien',0,NULL,0,NULL,1,NULL,1,3,NULL,'2013-03-05 10:20:26','2013-03-05 10:20:26',0,0,0,0,0,NULL,NULL,NULL,NULL,NULL,NULL,NULL,NULL,NULL,NULL,NULL,NULL,NULL,NULL,NULL,NULL,NULL,NULL,NULL,NULL,NULL,'CN=Dat Tien Nguyen,OU=Users,OU=HCM,OU=AsiaPac,DC=ad,DC=amcc,DC=com',NULL,NULL,NULL,NULL,NULL,NULL),(30,'ddang','','+84-8-37700640-Ext. 3856',NULL,NULL,'Dang','Duong',0,NULL,0,NULL,1,NULL,1,3,NULL,'2013-03-05 10:20:26','2013-03-05 10:20:26',0,0,0,0,0,NULL,NULL,NULL,NULL,NULL,NULL,NULL,NULL,NULL,NULL,NULL,NULL,NULL,NULL,NULL,NULL,NULL,NULL,NULL,NULL,NULL,'CN=Duong Dang,OU=Users,OU=HCM,OU=AsiaPac,DC=ad,DC=amcc,DC=com',NULL,NULL,NULL,NULL,NULL,NULL),(31,'dinguyen','','+84 Ext.3721',NULL,NULL,'Nguyen','Dien Tien Hoang',0,NULL,0,NULL,1,NULL,1,3,NULL,'2013-03-05 10:20:26','2013-03-05 10:20:26',0,0,0,0,0,NULL,NULL,NULL,NULL,NULL,NULL,NULL,NULL,NULL,NULL,NULL,NULL,NULL,NULL,NULL,NULL,NULL,NULL,NULL,NULL,NULL,'CN=Dien Tien Hoang Nguyen,OU=Users,OU=HCM,OU=AsiaPac,DC=ad,DC=amcc,DC=com',NULL,NULL,NULL,NULL,NULL,NULL),(32,'dla','','+84 Ext.3759',NULL,NULL,'La','Danh',0,NULL,0,NULL,1,NULL,1,3,NULL,'2013-03-05 10:20:27','2013-03-05 10:20:27',0,0,0,0,0,NULL,NULL,NULL,NULL,NULL,NULL,NULL,NULL,NULL,NULL,NULL,NULL,NULL,NULL,NULL,NULL,NULL,NULL,NULL,NULL,NULL,'CN=Danh The La,OU=Users,OU=HCM,OU=AsiaPac,DC=ad,DC=amcc,DC=com',NULL,NULL,NULL,NULL,NULL,NULL),(33,'dle','','+84837700634 Ext.3876',NULL,NULL,'Le','Dung Khanh',0,NULL,0,NULL,1,NULL,1,3,NULL,'2013-03-05 10:20:27','2013-03-05 10:20:27',0,0,0,0,0,NULL,NULL,NULL,NULL,NULL,NULL,NULL,NULL,NULL,NULL,NULL,NULL,NULL,NULL,NULL,NULL,NULL,NULL,NULL,NULL,NULL,'CN=Dung Khanh Le,OU=Users,OU=HCM,OU=AsiaPac,DC=ad,DC=amcc,DC=com',NULL,NULL,NULL,NULL,NULL,NULL),(34,'dpham','','+84837700634 Ext.3869',NULL,NULL,'Pham','Dung Viet',0,NULL,0,NULL,1,NULL,1,3,NULL,'2013-03-05 10:20:27','2013-03-05 10:20:27',0,0,0,0,0,NULL,NULL,NULL,NULL,NULL,NULL,NULL,NULL,NULL,NULL,NULL,NULL,NULL,NULL,NULL,NULL,NULL,NULL,NULL,NULL,NULL,'CN=Dung Viet Pham,OU=Users,OU=HCM,OU=AsiaPac,DC=ad,DC=amcc,DC=com',NULL,NULL,NULL,NULL,NULL,NULL),(35,'dqnguyen','','(84) 83 7700 640 - ext 3824',NULL,NULL,'Nguyen','Duy',0,NULL,0,NULL,1,NULL,1,3,NULL,'2013-03-05 10:20:27','2013-03-05 10:20:27',0,0,0,0,0,NULL,NULL,NULL,NULL,NULL,NULL,NULL,NULL,NULL,NULL,NULL,NULL,NULL,NULL,NULL,NULL,NULL,NULL,NULL,NULL,NULL,'CN=Duy Quoc Nguyen,OU=Users,OU=HCM,OU=AsiaPac,DC=ad,DC=amcc,DC=com',NULL,NULL,NULL,NULL,NULL,NULL),(36,'dtnguyen','','84-8-7700640 - Ext. 3851',NULL,NULL,'Nguyen','Dan Thi',0,NULL,0,NULL,1,NULL,1,3,NULL,'2013-03-05 10:20:28','2013-03-05 10:20:28',0,0,0,0,0,NULL,NULL,NULL,NULL,NULL,NULL,NULL,NULL,NULL,NULL,NULL,NULL,NULL,NULL,NULL,NULL,NULL,NULL,NULL,NULL,NULL,'CN=Dan Thi Nguyen,OU=Users,OU=HCM,OU=AsiaPac,DC=ad,DC=amcc,DC=com',NULL,NULL,NULL,NULL,NULL,NULL),(37,'dunguyen','','',NULL,NULL,'Nguyen','Dung',0,NULL,0,NULL,1,NULL,1,3,NULL,'2013-03-05 10:20:28','2013-03-05 10:20:28',0,0,0,0,0,NULL,NULL,NULL,NULL,NULL,NULL,NULL,NULL,NULL,NULL,NULL,NULL,NULL,NULL,NULL,NULL,NULL,NULL,NULL,NULL,NULL,'CN=Dung Anh Nguyen,OU=Users,OU=HCM,OU=AsiaPac,DC=ad,DC=amcc,DC=com',NULL,NULL,NULL,NULL,NULL,NULL),(38,'dvo','','(+84) 83 7700 634 - Ext 3833',NULL,NULL,'Vo','Duy',0,NULL,0,NULL,1,NULL,1,3,NULL,'2013-03-05 10:20:28','2013-03-05 10:20:28',0,0,0,0,0,NULL,NULL,NULL,NULL,NULL,NULL,NULL,NULL,NULL,NULL,NULL,NULL,NULL,NULL,NULL,NULL,NULL,NULL,NULL,NULL,NULL,'CN=Duy Vo,OU=Users,OU=HCM,OU=AsiaPac,DC=ad,DC=amcc,DC=com',NULL,NULL,NULL,NULL,NULL,NULL),(39,'hanguyen','','+84837700634 Ext.3884',NULL,NULL,'Nguyen','Hao Thanh',0,NULL,0,NULL,1,NULL,1,3,NULL,'2013-03-05 10:20:29','2013-03-05 10:20:29',0,0,0,0,0,NULL,NULL,NULL,NULL,NULL,NULL,NULL,NULL,NULL,NULL,NULL,NULL,NULL,NULL,NULL,NULL,NULL,NULL,NULL,NULL,NULL,'CN=Hao Thanh Nguyen,OU=Users,OU=HCM,OU=AsiaPac,DC=ad,DC=amcc,DC=com',NULL,NULL,NULL,NULL,NULL,NULL),(40,'hbnguyen','','+848 37700 640 - Ext: 3720',NULL,NULL,'Nguyen','Hoang',0,NULL,0,NULL,1,NULL,1,3,NULL,'2013-03-05 10:20:29','2013-03-05 10:20:29',0,0,0,0,0,NULL,NULL,NULL,NULL,NULL,NULL,NULL,NULL,NULL,NULL,NULL,NULL,NULL,NULL,NULL,NULL,NULL,NULL,NULL,NULL,NULL,'CN=Hoang Ba Nguyen,OU=Users,OU=HCM,OU=AsiaPac,DC=ad,DC=amcc,DC=com',NULL,NULL,NULL,NULL,NULL,NULL),(41,'hcao','','+84837700634 Ext.3896',NULL,NULL,'Cao','Hy',0,NULL,0,NULL,1,NULL,1,3,NULL,'2013-03-05 10:20:29','2013-03-05 10:20:29',0,0,0,0,0,NULL,NULL,NULL,NULL,NULL,NULL,NULL,NULL,NULL,NULL,NULL,NULL,NULL,NULL,NULL,NULL,NULL,NULL,NULL,NULL,NULL,'CN=Hy Cao,OU=Users,OU=HCM,OU=AsiaPac,DC=ad,DC=amcc,DC=com',NULL,NULL,NULL,NULL,NULL,NULL),(42,'hcnguyen','','+84 Ext.3761',NULL,NULL,'Nguyen','Hai',0,NULL,0,NULL,1,NULL,1,3,NULL,'2013-03-05 10:20:30','2013-03-05 10:20:30',0,0,0,0,0,NULL,NULL,NULL,NULL,NULL,NULL,NULL,NULL,NULL,NULL,NULL,NULL,NULL,NULL,NULL,NULL,NULL,NULL,NULL,NULL,NULL,'CN=Hai Chi Nguyen,OU=Users,OU=HCM,OU=AsiaPac,DC=ad,DC=amcc,DC=com',NULL,NULL,NULL,NULL,NULL,NULL),(43,'hdnguyen','','+84837700634 Ext.3821',NULL,NULL,'Nguyen','Hoa',0,NULL,0,NULL,1,NULL,1,3,NULL,'2013-03-05 10:20:30','2013-03-05 10:20:30',0,0,0,0,0,NULL,NULL,NULL,NULL,NULL,NULL,NULL,NULL,NULL,NULL,NULL,NULL,NULL,NULL,NULL,NULL,NULL,NULL,NULL,NULL,NULL,'CN=Hoa Dinh Nguyen,OU=Users,OU=HCM,OU=AsiaPac,DC=ad,DC=amcc,DC=com',NULL,NULL,NULL,NULL,NULL,NULL),(44,'hha','','+84 Ext.3710',NULL,NULL,'Ha','Hanh',0,NULL,0,NULL,1,NULL,1,3,NULL,'2013-03-05 10:20:30','2013-03-05 10:20:30',0,0,0,0,0,NULL,NULL,NULL,NULL,NULL,NULL,NULL,NULL,NULL,NULL,NULL,NULL,NULL,NULL,NULL,NULL,NULL,NULL,NULL,NULL,NULL,'CN=Hanh Minh Tran Ha,OU=Users,OU=HCM,OU=AsiaPac,DC=ad,DC=amcc,DC=com',NULL,NULL,NULL,NULL,NULL,NULL),(45,'hhnguyen','','+84 Ext.3764',NULL,NULL,'Nguyen','Hoang',0,NULL,0,NULL,1,NULL,1,3,NULL,'2013-03-05 10:20:31','2013-03-05 10:20:31',0,0,0,0,0,NULL,NULL,NULL,NULL,NULL,NULL,NULL,NULL,NULL,NULL,NULL,NULL,NULL,NULL,NULL,NULL,NULL,NULL,NULL,NULL,NULL,'CN=Hoang Huu Nguyen,OU=Users,OU=HCM,OU=AsiaPac,DC=ad,DC=amcc,DC=com',NULL,NULL,NULL,NULL,NULL,NULL),(46,'hhtran','','+84837700634 Ext.3828',NULL,NULL,'Tran','Huy',0,NULL,0,NULL,1,NULL,1,3,NULL,'2013-03-05 10:20:31','2013-03-05 10:20:31',0,0,0,0,0,NULL,NULL,NULL,NULL,NULL,NULL,NULL,NULL,NULL,NULL,NULL,NULL,NULL,NULL,NULL,NULL,NULL,NULL,NULL,NULL,NULL,'CN=Huy Hoang Tran,OU=Users,OU=HCM,OU=AsiaPac,DC=ad,DC=amcc,DC=com',NULL,NULL,NULL,NULL,NULL,NULL),(47,'hibui','','+84837700634 Ext.3853',NULL,NULL,'Bui','Hieu',0,NULL,0,NULL,1,NULL,1,3,NULL,'2013-03-05 10:20:31','2013-03-05 10:20:31',0,0,0,0,0,NULL,NULL,NULL,NULL,NULL,NULL,NULL,NULL,NULL,NULL,NULL,NULL,NULL,NULL,NULL,NULL,NULL,NULL,NULL,NULL,NULL,'CN=Hieu Trung Bui,OU=Users,OU=HCM,OU=AsiaPac,DC=ad,DC=amcc,DC=com',NULL,NULL,NULL,NULL,NULL,NULL),(48,'hkhuynh','','+84 Ext.3749',NULL,NULL,'Huynh','Hung',0,NULL,0,NULL,1,NULL,1,3,NULL,'2013-03-05 10:20:32','2013-03-05 10:20:32',0,0,0,0,0,NULL,NULL,NULL,NULL,NULL,NULL,NULL,NULL,NULL,NULL,NULL,NULL,NULL,NULL,NULL,NULL,NULL,NULL,NULL,NULL,NULL,'CN=Hung Kim Huynh,OU=Users,OU=HCM,OU=AsiaPac,DC=ad,DC=amcc,DC=com',NULL,NULL,NULL,NULL,NULL,NULL),(49,'hknguyen','','+84 Ext.3748',NULL,NULL,'Nguyen','Hung',0,NULL,0,NULL,1,NULL,1,3,NULL,'2013-03-05 10:20:32','2013-03-05 10:20:32',0,0,0,0,0,NULL,NULL,NULL,NULL,NULL,NULL,NULL,NULL,NULL,NULL,NULL,NULL,NULL,NULL,NULL,NULL,NULL,NULL,NULL,NULL,NULL,'CN=Hung Khanh Nguyen,OU=Users,OU=HCM,OU=AsiaPac,DC=ad,DC=amcc,DC=com',NULL,NULL,NULL,NULL,NULL,NULL),(50,'hlnguyen','','+84837700634 Ext.3897',NULL,NULL,'Nguyen','Han Luong Thach',0,NULL,0,NULL,1,NULL,1,3,NULL,'2013-03-05 10:20:32','2013-03-05 10:20:32',0,0,0,0,0,NULL,NULL,NULL,NULL,NULL,NULL,NULL,NULL,NULL,NULL,NULL,NULL,NULL,NULL,NULL,NULL,NULL,NULL,NULL,NULL,NULL,'CN=Han Luong Thach Nguyen,OU=Users,OU=HCM,OU=AsiaPac,DC=ad,DC=amcc,DC=com',NULL,NULL,NULL,NULL,NULL,NULL),(51,'hluu','','+84 Ext.3731',NULL,NULL,'Luu','Hung',0,NULL,0,NULL,1,NULL,1,3,NULL,'2013-03-05 10:20:32','2013-03-05 10:20:32',0,0,0,0,0,NULL,NULL,NULL,NULL,NULL,NULL,NULL,NULL,NULL,NULL,NULL,NULL,NULL,NULL,NULL,NULL,NULL,NULL,NULL,NULL,NULL,'CN=Hung The Luu,OU=Users,OU=HCM,OU=AsiaPac,DC=ad,DC=amcc,DC=com',NULL,NULL,NULL,NULL,NULL,NULL),(52,'hluyen','','+84837700634 Ext.3860',NULL,NULL,'Luyen','Hanh',0,NULL,0,NULL,1,NULL,1,3,NULL,'2013-03-05 10:20:33','2013-03-05 10:20:33',0,0,0,0,0,NULL,NULL,NULL,NULL,NULL,NULL,NULL,NULL,NULL,NULL,NULL,NULL,NULL,NULL,NULL,NULL,NULL,NULL,NULL,NULL,NULL,'CN=Hanh Duc Luyen,OU=Users,OU=HCM,OU=AsiaPac,DC=ad,DC=amcc,DC=com',NULL,NULL,NULL,NULL,NULL,NULL),(53,'hmbui','','84-8-37700640 - Ext. 3840',NULL,NULL,'Bui','Huy',0,NULL,0,NULL,1,NULL,1,3,NULL,'2013-03-05 10:20:33','2013-03-05 10:20:33',0,0,0,0,0,NULL,NULL,NULL,NULL,NULL,NULL,NULL,NULL,NULL,NULL,NULL,NULL,NULL,NULL,NULL,NULL,NULL,NULL,NULL,NULL,NULL,'CN=Huy Minh Bui,OU=Users,OU=HCM,OU=AsiaPac,DC=ad,DC=amcc,DC=com',NULL,NULL,NULL,NULL,NULL,NULL),(54,'hmnguyen','','+84837700634 Ext.3887',NULL,NULL,'Nguyen','Huu Minh',0,NULL,0,NULL,1,NULL,1,3,NULL,'2013-03-05 10:20:33','2013-03-05 10:20:33',0,0,0,0,0,NULL,NULL,NULL,NULL,NULL,NULL,NULL,NULL,NULL,NULL,NULL,NULL,NULL,NULL,NULL,NULL,NULL,NULL,NULL,NULL,NULL,'CN=Huu Minh Nguyen,OU=Users,OU=HCM,OU=AsiaPac,DC=ad,DC=amcc,DC=com',NULL,NULL,NULL,NULL,NULL,NULL),(55,'hngo','','+84837700634 Ext.3835',NULL,NULL,'Ngo','Hung',0,NULL,0,NULL,1,NULL,1,3,NULL,'2013-03-05 10:20:34','2013-03-05 10:20:34',0,0,0,0,0,NULL,NULL,NULL,NULL,NULL,NULL,NULL,NULL,NULL,NULL,NULL,NULL,NULL,NULL,NULL,NULL,NULL,NULL,NULL,NULL,NULL,'CN=Hung Ba Ngo,OU=Users,OU=HCM,OU=AsiaPac,DC=ad,DC=amcc,DC=com',NULL,NULL,NULL,NULL,NULL,NULL),(56,'hnle','','+84 Ext.3767',NULL,NULL,'Le','Hieu',0,NULL,0,NULL,1,NULL,1,3,NULL,'2013-03-05 10:20:34','2013-03-05 10:20:34',0,0,0,0,0,NULL,NULL,NULL,NULL,NULL,NULL,NULL,NULL,NULL,NULL,NULL,NULL,NULL,NULL,NULL,NULL,NULL,NULL,NULL,NULL,NULL,'CN=Hieu Nhat Le,OU=Users,OU=HCM,OU=AsiaPac,DC=ad,DC=amcc,DC=com',NULL,NULL,NULL,NULL,NULL,NULL),(57,'hotran','','+84837700634 Ext.3852',NULL,NULL,'Tran','Hoan',0,NULL,0,NULL,1,NULL,1,3,NULL,'2013-03-05 10:20:34','2013-03-05 10:20:34',0,0,0,0,0,NULL,NULL,NULL,NULL,NULL,NULL,NULL,NULL,NULL,NULL,NULL,NULL,NULL,NULL,NULL,NULL,NULL,NULL,NULL,NULL,NULL,'CN=Hoan Tran,OU=Users,OU=HCM,OU=AsiaPac,DC=ad,DC=amcc,DC=com',NULL,NULL,NULL,NULL,NULL,NULL),(58,'hpham','','+84837700634 Ext.3854',NULL,NULL,'Pham','Hien',0,NULL,0,NULL,1,NULL,1,3,NULL,'2013-03-05 10:20:34','2013-03-05 10:20:34',0,0,0,0,0,NULL,NULL,NULL,NULL,NULL,NULL,NULL,NULL,NULL,NULL,NULL,NULL,NULL,NULL,NULL,NULL,NULL,NULL,NULL,NULL,NULL,'CN=Hien V. Pham,OU=Users,OU=HCM,OU=AsiaPac,DC=ad,DC=amcc,DC=com',NULL,NULL,NULL,NULL,NULL,NULL),(59,'hphan','','(84)837700638-EXT:3866',NULL,NULL,'Phan','Hien',0,NULL,0,NULL,1,NULL,1,3,NULL,'2013-03-05 10:20:35','2013-03-05 10:20:35',0,0,0,0,0,NULL,NULL,NULL,NULL,NULL,NULL,NULL,NULL,NULL,NULL,NULL,NULL,NULL,NULL,NULL,NULL,NULL,NULL,NULL,NULL,NULL,'CN=Hien Phan,OU=Users,OU=HCM,OU=AsiaPac,DC=ad,DC=amcc,DC=com',NULL,NULL,NULL,NULL,NULL,NULL),(60,'hptruong','','',NULL,NULL,'Truong','Hung Ngoc',0,NULL,0,NULL,1,NULL,1,3,NULL,'2013-03-05 10:20:35','2013-03-05 10:20:35',0,0,0,0,0,NULL,NULL,NULL,NULL,NULL,NULL,NULL,NULL,NULL,NULL,NULL,NULL,NULL,NULL,NULL,NULL,NULL,NULL,NULL,NULL,NULL,'CN=Hung Ngoc Phi Truong,OU=Users,OU=HCM,OU=AsiaPac,DC=ad,DC=amcc,DC=com',NULL,NULL,NULL,NULL,NULL,NULL),(61,'hqbui','','+84 Ext.3750',NULL,NULL,'Bui','Huyen',0,NULL,0,NULL,1,NULL,1,3,NULL,'2013-03-05 10:20:36','2013-03-05 10:20:36',0,0,0,0,0,NULL,NULL,NULL,NULL,NULL,NULL,NULL,NULL,NULL,NULL,NULL,NULL,NULL,NULL,NULL,NULL,NULL,NULL,NULL,NULL,NULL,'CN=Huyen Q Bui,OU=Users,OU=HCM,OU=AsiaPac,DC=ad,DC=amcc,DC=com',NULL,NULL,NULL,NULL,NULL,NULL),(62,'htlu','','+84837700634 Ext.3888',NULL,NULL,'Lu','Hoa',0,NULL,0,NULL,1,NULL,1,3,NULL,'2013-03-05 10:20:36','2013-03-05 10:20:36',0,0,0,0,0,NULL,NULL,NULL,NULL,NULL,NULL,NULL,NULL,NULL,NULL,NULL,NULL,NULL,NULL,NULL,NULL,NULL,NULL,NULL,NULL,NULL,'CN=Hoa Tan Lu,OU=Users,OU=HCM,OU=AsiaPac,DC=ad,DC=amcc,DC=com',NULL,NULL,NULL,NULL,NULL,NULL),(63,'hvtran','','',NULL,NULL,'Tran','Haoi',0,NULL,0,NULL,1,NULL,1,3,NULL,'2013-03-05 10:20:36','2013-03-05 10:20:36',0,0,0,0,0,NULL,NULL,NULL,NULL,NULL,NULL,NULL,NULL,NULL,NULL,NULL,NULL,NULL,NULL,NULL,NULL,NULL,NULL,NULL,NULL,NULL,'CN=Haoi Van Tran,OU=Users,OU=HCM,OU=AsiaPac,DC=ad,DC=amcc,DC=com',NULL,NULL,NULL,NULL,NULL,NULL),(64,'hvu','','+84 Ext.3725',NULL,NULL,'Vu','Hung',0,NULL,0,NULL,1,NULL,1,3,NULL,'2013-03-05 10:20:36','2013-03-05 10:20:36',0,0,0,0,0,NULL,NULL,NULL,NULL,NULL,NULL,NULL,NULL,NULL,NULL,NULL,NULL,NULL,NULL,NULL,NULL,NULL,NULL,NULL,NULL,NULL,'CN=Hung Minh Vu,OU=Users,OU=HCM,OU=AsiaPac,DC=ad,DC=amcc,DC=com',NULL,NULL,NULL,NULL,NULL,NULL),(65,'hxnguyen','','+84 Ext.3741',NULL,NULL,'Nguyen','Hieu',0,NULL,0,NULL,1,NULL,1,3,NULL,'2013-03-05 10:20:37','2013-03-05 10:20:37',0,0,0,0,0,NULL,NULL,NULL,NULL,NULL,NULL,NULL,NULL,NULL,NULL,NULL,NULL,NULL,NULL,NULL,NULL,NULL,NULL,NULL,NULL,NULL,'CN=Hieu Xuan Nguyen,OU=Users,OU=HCM,OU=AsiaPac,DC=ad,DC=amcc,DC=com',NULL,NULL,NULL,NULL,NULL,NULL),(66,'hxvo','','+84 Ext.3734',NULL,NULL,'Vo','Huy',0,NULL,0,NULL,1,NULL,1,3,NULL,'2013-03-05 10:20:37','2013-03-05 10:20:37',0,0,0,0,0,NULL,NULL,NULL,NULL,NULL,NULL,NULL,NULL,NULL,NULL,NULL,NULL,NULL,NULL,NULL,NULL,NULL,NULL,NULL,NULL,NULL,'CN=Huy Xuan Vo,OU=Users,OU=HCM,OU=AsiaPac,DC=ad,DC=amcc,DC=com',NULL,NULL,NULL,NULL,NULL,NULL),(67,'jvien','','408-542-8723',NULL,NULL,'Vien','John',0,NULL,0,NULL,1,NULL,1,3,NULL,'2013-03-05 10:20:37','2013-03-05 10:20:37',0,0,0,0,0,NULL,NULL,NULL,NULL,NULL,NULL,NULL,NULL,NULL,NULL,NULL,NULL,NULL,NULL,NULL,NULL,NULL,NULL,NULL,NULL,NULL,'CN=John Vien,OU=Users,OU=HCM,OU=AsiaPac,DC=ad,DC=amcc,DC=com',NULL,NULL,NULL,NULL,NULL,NULL),(68,'kdinh','','+84 Ext.3717',NULL,NULL,'Dinh','Khuong',0,NULL,0,NULL,1,NULL,1,3,NULL,'2013-03-05 10:20:38','2013-03-05 10:20:38',0,0,0,0,0,NULL,NULL,NULL,NULL,NULL,NULL,NULL,NULL,NULL,NULL,NULL,NULL,NULL,NULL,NULL,NULL,NULL,NULL,NULL,NULL,NULL,'CN=Khuong Dinh,OU=Users,OU=HCM,OU=AsiaPac,DC=ad,DC=amcc,DC=com',NULL,NULL,NULL,NULL,NULL,NULL),(69,'kdo','','(84) 837700640 - Ext: 3800',NULL,NULL,'Do','Khanh',0,NULL,0,NULL,1,NULL,1,3,NULL,'2013-03-05 10:20:38','2013-03-05 10:20:38',0,0,0,0,0,NULL,NULL,NULL,NULL,NULL,NULL,NULL,NULL,NULL,NULL,NULL,NULL,NULL,NULL,NULL,NULL,NULL,NULL,NULL,NULL,NULL,'CN=Khanh Do,OU=Users,OU=HCM,OU=AsiaPac,DC=ad,DC=amcc,DC=com',NULL,NULL,NULL,NULL,NULL,NULL),(70,'kdtran','','+84 Ext.3716',NULL,NULL,'Tran','Khoa',0,NULL,0,NULL,1,NULL,1,3,NULL,'2013-03-05 10:20:38','2013-03-05 10:20:38',0,0,0,0,0,NULL,NULL,NULL,NULL,NULL,NULL,NULL,NULL,NULL,NULL,NULL,NULL,NULL,NULL,NULL,NULL,NULL,NULL,NULL,NULL,NULL,'CN=Khoa Dang Tran,OU=Users,OU=HCM,OU=AsiaPac,DC=ad,DC=amcc,DC=com',NULL,NULL,NULL,NULL,NULL,NULL),(71,'kngo','','(84) 837700 640 - Ext: 3838',NULL,NULL,'Ngo','Kien',0,NULL,0,NULL,1,NULL,1,3,NULL,'2013-03-05 10:20:39','2013-03-05 10:20:39',0,0,0,0,0,NULL,NULL,NULL,NULL,NULL,NULL,NULL,NULL,NULL,NULL,NULL,NULL,NULL,NULL,NULL,NULL,NULL,NULL,NULL,NULL,NULL,'CN=Kien Ngo,OU=Users,OU=HCM,OU=AsiaPac,DC=ad,DC=amcc,DC=com',NULL,NULL,NULL,NULL,NULL,NULL),(72,'kqngo','','+84 Ext.3752',NULL,NULL,'Ngo','Khanh',0,NULL,0,NULL,1,NULL,1,3,NULL,'2013-03-05 10:20:39','2013-03-05 10:20:39',0,0,0,0,0,NULL,NULL,NULL,NULL,NULL,NULL,NULL,NULL,NULL,NULL,NULL,NULL,NULL,NULL,NULL,NULL,NULL,NULL,NULL,NULL,NULL,'CN=Khanh Quoc Ngo,OU=Users,OU=HCM,OU=AsiaPac,DC=ad,DC=amcc,DC=com',NULL,NULL,NULL,NULL,NULL,NULL),(73,'kta','','+84 Ext.3815',NULL,NULL,'Ta','Khanh',0,NULL,0,NULL,1,NULL,1,3,NULL,'2013-03-05 10:20:39','2013-03-05 10:20:39',0,0,0,0,0,NULL,NULL,NULL,NULL,NULL,NULL,NULL,NULL,NULL,NULL,NULL,NULL,NULL,NULL,NULL,NULL,NULL,NULL,NULL,NULL,NULL,'CN=Khanh Ta,OU=Users,OU=HCM,OU=AsiaPac,DC=ad,DC=amcc,DC=com',NULL,NULL,NULL,NULL,NULL,NULL),(74,'ktnguyen','','+84 Ext.3751',NULL,NULL,'Nguyen','Khai Tuan',0,NULL,0,NULL,1,NULL,1,3,NULL,'2013-03-05 10:20:40','2013-03-05 10:20:40',0,0,0,0,0,NULL,NULL,NULL,NULL,NULL,NULL,NULL,NULL,NULL,NULL,NULL,NULL,NULL,NULL,NULL,NULL,NULL,NULL,NULL,NULL,NULL,'CN=Khai Tuan Nguyen,OU=Users,OU=HCM,OU=AsiaPac,DC=ad,DC=amcc,DC=com',NULL,NULL,NULL,NULL,NULL,NULL),(75,'ktram','','+84837700634 Ext.3859',NULL,NULL,'Tram','Khoa',0,NULL,0,NULL,1,NULL,1,3,NULL,'2013-03-05 10:20:40','2013-03-05 10:20:40',0,0,0,0,0,NULL,NULL,NULL,NULL,NULL,NULL,NULL,NULL,NULL,NULL,NULL,NULL,NULL,NULL,NULL,NULL,NULL,NULL,NULL,NULL,NULL,'CN=Khoa Anh Tram,OU=Users,OU=HCM,OU=AsiaPac,DC=ad,DC=amcc,DC=com',NULL,NULL,NULL,NULL,NULL,NULL),(76,'ldinh','','+84 Ext.3722',NULL,NULL,'Dinh','Lam Vu Tien',0,NULL,0,NULL,1,NULL,1,3,NULL,'2013-03-05 10:20:40','2013-03-05 10:20:40',0,0,0,0,0,NULL,NULL,NULL,NULL,NULL,NULL,NULL,NULL,NULL,NULL,NULL,NULL,NULL,NULL,NULL,NULL,NULL,NULL,NULL,NULL,NULL,'CN=Lam Vu Tien Dinh,OU=Users,OU=HCM,OU=AsiaPac,DC=ad,DC=amcc,DC=com',NULL,NULL,NULL,NULL,NULL,NULL),(77,'lduong','','',NULL,NULL,'Duong','Lien',0,NULL,0,NULL,1,NULL,1,3,NULL,'2013-03-05 10:20:40','2013-03-05 10:20:40',0,0,0,0,0,NULL,NULL,NULL,NULL,NULL,NULL,NULL,NULL,NULL,NULL,NULL,NULL,NULL,NULL,NULL,NULL,NULL,NULL,NULL,NULL,NULL,'CN=Lien Thi Thuy Duong,OU=Users,OU=HCM,OU=AsiaPac,DC=ad,DC=amcc,DC=com',NULL,NULL,NULL,NULL,NULL,NULL),(78,'lhoang','','+84 Ext.3713',NULL,NULL,'Hoang','Long',0,NULL,0,NULL,1,NULL,1,3,NULL,'2013-03-05 10:20:41','2013-03-05 10:20:41',0,0,0,0,0,NULL,NULL,NULL,NULL,NULL,NULL,NULL,NULL,NULL,NULL,NULL,NULL,NULL,NULL,NULL,NULL,NULL,NULL,NULL,NULL,NULL,'CN=Long Van Hoang,OU=Users,OU=HCM,OU=AsiaPac,DC=ad,DC=amcc,DC=com',NULL,NULL,NULL,NULL,NULL,NULL),(79,'lmtran','','+84 Ext.3726',NULL,NULL,'Tran','Luan',0,NULL,0,NULL,1,NULL,1,3,NULL,'2013-03-05 10:20:41','2013-03-05 10:20:41',0,0,0,0,0,NULL,NULL,NULL,NULL,NULL,NULL,NULL,NULL,NULL,NULL,NULL,NULL,NULL,NULL,NULL,NULL,NULL,NULL,NULL,NULL,NULL,'CN=Luan Minh Tran,OU=Users,OU=HCM,OU=AsiaPac,DC=ad,DC=amcc,DC=com',NULL,NULL,NULL,NULL,NULL,NULL),(80,'ltnguyen','','+84837700634 Ext.3850',NULL,NULL,'Nguyen','Linh Thi Thao',0,NULL,0,NULL,1,NULL,1,3,NULL,'2013-03-05 10:20:41','2013-03-05 10:20:41',0,0,0,0,0,NULL,NULL,NULL,NULL,NULL,NULL,NULL,NULL,NULL,NULL,NULL,NULL,NULL,NULL,NULL,NULL,NULL,NULL,NULL,NULL,NULL,'CN=Linh Thi Thao Nguyen,OU=Users,OU=HCM,OU=AsiaPac,DC=ad,DC=amcc,DC=com',NULL,NULL,NULL,NULL,NULL,NULL),(81,'lton','','(84) 83 7700 640 - Ext 3873',NULL,NULL,'Ton','Luc',0,NULL,0,NULL,1,NULL,1,3,NULL,'2013-03-05 10:20:42','2013-03-05 10:20:42',0,0,0,0,0,NULL,NULL,NULL,NULL,NULL,NULL,NULL,NULL,NULL,NULL,NULL,NULL,NULL,NULL,NULL,NULL,NULL,NULL,NULL,NULL,NULL,'CN=Luc Ton,OU=Users,OU=HCM,OU=AsiaPac,DC=ad,DC=amcc,DC=com',NULL,NULL,NULL,NULL,NULL,NULL),(82,'lxpham','','+84 Ext.3770',NULL,NULL,'Pham','Lai Xuan',0,NULL,0,NULL,1,NULL,1,3,NULL,'2013-03-05 10:20:42','2013-03-05 10:20:42',0,0,0,0,0,NULL,NULL,NULL,NULL,NULL,NULL,NULL,NULL,NULL,NULL,NULL,NULL,NULL,NULL,NULL,NULL,NULL,NULL,NULL,NULL,NULL,'CN=Lai Xuan Pham,OU=Users,OU=HCM,OU=AsiaPac,DC=ad,DC=amcc,DC=com',NULL,NULL,NULL,NULL,NULL,NULL),(83,'mhle','','+84 Ext.3714',NULL,NULL,'Le','Minh',0,NULL,0,NULL,1,NULL,1,3,NULL,'2013-03-05 10:20:42','2013-03-05 10:20:42',0,0,0,0,0,NULL,NULL,NULL,NULL,NULL,NULL,NULL,NULL,NULL,NULL,NULL,NULL,NULL,NULL,NULL,NULL,NULL,NULL,NULL,NULL,NULL,'CN=Minh Hoang Tuong Le,OU=Users,OU=HCM,OU=AsiaPac,DC=ad,DC=amcc,DC=com',NULL,NULL,NULL,NULL,NULL,NULL),(84,'mla','','+84837700634 Ext.3813',NULL,NULL,'La','Mai',0,NULL,0,NULL,1,NULL,1,3,NULL,'2013-03-05 10:20:42','2013-03-05 10:20:42',0,0,0,0,0,NULL,NULL,NULL,NULL,NULL,NULL,NULL,NULL,NULL,NULL,NULL,NULL,NULL,NULL,NULL,NULL,NULL,NULL,NULL,NULL,NULL,'CN=Mai Thanh La,OU=Users,OU=HCM,OU=AsiaPac,DC=ad,DC=amcc,DC=com',NULL,NULL,NULL,NULL,NULL,NULL),(85,'mthuynh','','+84 Ext.3765',NULL,NULL,'Huynh','My Thi',0,NULL,0,NULL,1,NULL,1,3,NULL,'2013-03-05 10:20:43','2013-03-05 10:20:43',0,0,0,0,0,NULL,NULL,NULL,NULL,NULL,NULL,NULL,NULL,NULL,NULL,NULL,NULL,NULL,NULL,NULL,NULL,NULL,NULL,NULL,NULL,NULL,'CN=My Thi Thanh Huynh,OU=Users,OU=HCM,OU=AsiaPac,DC=ad,DC=amcc,DC=com',NULL,NULL,NULL,NULL,NULL,NULL),(86,'ndnguyen','','+84837700634 Ext.3881',NULL,NULL,'Nguyen','Nghia Duy',0,NULL,0,NULL,1,NULL,1,3,NULL,'2013-03-05 10:20:43','2013-03-05 10:20:43',0,0,0,0,0,NULL,NULL,NULL,NULL,NULL,NULL,NULL,NULL,NULL,NULL,NULL,NULL,NULL,NULL,NULL,NULL,NULL,NULL,NULL,NULL,NULL,'CN=Nghia Duy Nguyen,OU=Users,OU=HCM,OU=AsiaPac,DC=ad,DC=amcc,DC=com',NULL,NULL,NULL,NULL,NULL,NULL),(87,'nhnguyen','','+84837700634 Ext.3831',NULL,NULL,'Nguyen','Nhan',0,NULL,0,NULL,1,NULL,1,3,NULL,'2013-03-05 10:20:43','2013-03-05 10:20:43',0,0,0,0,0,NULL,NULL,NULL,NULL,NULL,NULL,NULL,NULL,NULL,NULL,NULL,NULL,NULL,NULL,NULL,NULL,NULL,NULL,NULL,NULL,NULL,'CN=Nhan Thu Nguyen,OU=Users,OU=HCM,OU=AsiaPac,DC=ad,DC=amcc,DC=com',NULL,NULL,NULL,NULL,NULL,NULL),(88,'nhtruong','','+84 Ext.3766',NULL,NULL,'Truong','Ngoc',0,NULL,0,NULL,1,NULL,1,3,NULL,'2013-03-05 10:20:44','2013-03-05 10:20:44',0,0,0,0,0,NULL,NULL,NULL,NULL,NULL,NULL,NULL,NULL,NULL,NULL,NULL,NULL,NULL,NULL,NULL,NULL,NULL,NULL,NULL,NULL,NULL,'CN=Ngoc Hong Truong,OU=Users,OU=HCM,OU=AsiaPac,DC=ad,DC=amcc,DC=com',NULL,NULL,NULL,NULL,NULL,NULL),(89,'nhunguye','','+84 Ext.3762',NULL,NULL,'Nguyen','Nhut',0,NULL,0,NULL,1,NULL,1,3,NULL,'2013-03-05 10:20:44','2013-03-05 10:20:44',0,0,0,0,0,NULL,NULL,NULL,NULL,NULL,NULL,NULL,NULL,NULL,NULL,NULL,NULL,NULL,NULL,NULL,NULL,NULL,NULL,NULL,NULL,NULL,'CN=Nhut Huu Nguyen,OU=Users,OU=HCM,OU=AsiaPac,DC=ad,DC=amcc,DC=com',NULL,NULL,NULL,NULL,NULL,NULL),(90,'nhuynh','','+84837700634 Ext.3863',NULL,NULL,'Huynh','Noi',0,NULL,0,NULL,1,NULL,1,3,NULL,'2013-03-05 10:20:44','2013-03-05 10:20:44',0,0,0,0,0,NULL,NULL,NULL,NULL,NULL,NULL,NULL,NULL,NULL,NULL,NULL,NULL,NULL,NULL,NULL,NULL,NULL,NULL,NULL,NULL,NULL,'CN=Noi Van Huynh,OU=Users,OU=HCM,OU=AsiaPac,DC=ad,DC=amcc,DC=com',NULL,NULL,NULL,NULL,NULL,NULL),(91,'nnguyen','','+84837700634 Ext.3895',NULL,NULL,'Nguyen','Nguyen',0,NULL,0,NULL,1,NULL,1,3,NULL,'2013-03-05 10:20:45','2013-03-05 10:20:45',0,0,0,0,0,NULL,NULL,NULL,NULL,NULL,NULL,NULL,NULL,NULL,NULL,NULL,NULL,NULL,NULL,NULL,NULL,NULL,NULL,NULL,NULL,NULL,'CN=Nguyen Nguyen,OU=Users,OU=HCM,OU=AsiaPac,DC=ad,DC=amcc,DC=com',NULL,NULL,NULL,NULL,NULL,NULL),(92,'nnle','','84-8-7700640 - Ext. 3870',NULL,NULL,'Le','Ngoc',0,NULL,0,NULL,1,NULL,1,3,NULL,'2013-03-05 10:20:45','2013-03-05 10:20:45',0,0,0,0,0,NULL,NULL,NULL,NULL,NULL,NULL,NULL,NULL,NULL,NULL,NULL,NULL,NULL,NULL,NULL,NULL,NULL,NULL,NULL,NULL,NULL,'CN=Ngoc Nhu Le,OU=Users,OU=HCM,OU=AsiaPac,DC=ad,DC=amcc,DC=com',NULL,NULL,NULL,NULL,NULL,NULL),(93,'npham','','+84 Ext.3735',NULL,NULL,'Pham','Nguyen',0,NULL,0,NULL,1,NULL,1,3,NULL,'2013-03-05 10:20:45','2013-03-05 10:20:45',0,0,0,0,0,NULL,NULL,NULL,NULL,NULL,NULL,NULL,NULL,NULL,NULL,NULL,NULL,NULL,NULL,NULL,NULL,NULL,NULL,NULL,NULL,NULL,'CN=Nguyen Van Pham,OU=Users,OU=HCM,OU=AsiaPac,DC=ad,DC=amcc,DC=com',NULL,NULL,NULL,NULL,NULL,NULL),(94,'nptran','','+84837700634 Ext.3827',NULL,NULL,'Tran','Nguyen',0,NULL,0,NULL,1,NULL,1,3,NULL,'2013-03-05 10:20:45','2013-03-05 10:20:45',0,0,0,0,0,NULL,NULL,NULL,NULL,NULL,NULL,NULL,NULL,NULL,NULL,NULL,NULL,NULL,NULL,NULL,NULL,NULL,NULL,NULL,NULL,NULL,'CN=Nguyen Phuoc Tran,OU=Users,OU=HCM,OU=AsiaPac,DC=ad,DC=amcc,DC=com',NULL,NULL,NULL,NULL,NULL,NULL),(95,'nvnguyen','','',NULL,NULL,'Nguyen','Nam',0,NULL,0,NULL,1,NULL,1,3,NULL,'2013-03-05 10:20:46','2013-03-05 10:20:46',0,0,0,0,0,NULL,NULL,NULL,NULL,NULL,NULL,NULL,NULL,NULL,NULL,NULL,NULL,NULL,NULL,NULL,NULL,NULL,NULL,NULL,NULL,NULL,'CN=Nam Van Nguyen,OU=Users,OU=HCM,OU=AsiaPac,DC=ad,DC=amcc,DC=com',NULL,NULL,NULL,NULL,NULL,NULL),(96,'phnguyen','','+84 Ext.3746',NULL,NULL,'Nguyen','Phat',0,NULL,0,NULL,1,NULL,1,3,NULL,'2013-03-05 10:20:46','2013-03-05 10:20:46',0,0,0,0,0,NULL,NULL,NULL,NULL,NULL,NULL,NULL,NULL,NULL,NULL,NULL,NULL,NULL,NULL,NULL,NULL,NULL,NULL,NULL,NULL,NULL,'CN=Phat Huu Nguyen,OU=Users,OU=HCM,OU=AsiaPac,DC=ad,DC=amcc,DC=com',NULL,NULL,NULL,NULL,NULL,NULL),(97,'pnsy','','+84837700634 Ext.3864',NULL,NULL,'Sy','Phat',0,NULL,0,NULL,1,NULL,1,3,NULL,'2013-03-05 10:20:46','2013-03-05 10:20:46',0,0,0,0,0,NULL,NULL,NULL,NULL,NULL,NULL,NULL,NULL,NULL,NULL,NULL,NULL,NULL,NULL,NULL,NULL,NULL,NULL,NULL,NULL,NULL,'CN=Phat Nguyen Sy,OU=Users,OU=HCM,OU=AsiaPac,DC=ad,DC=amcc,DC=com',NULL,NULL,NULL,NULL,NULL,NULL),(98,'ptran','','+84 Ext.3742',NULL,NULL,'Tran','Phong',0,NULL,0,NULL,1,NULL,1,3,NULL,'2013-03-05 10:20:47','2013-03-05 10:20:47',0,0,0,0,0,NULL,NULL,NULL,NULL,NULL,NULL,NULL,NULL,NULL,NULL,NULL,NULL,NULL,NULL,NULL,NULL,NULL,NULL,NULL,NULL,NULL,'CN=Phong Thanh Tran,OU=Users,OU=HCM,OU=AsiaPac,DC=ad,DC=amcc,DC=com',NULL,NULL,NULL,NULL,NULL,NULL),(99,'qdnguyen','','(84) 83 7700 640 - Ext: 3825',NULL,NULL,'Nguyen','Quan',0,NULL,0,NULL,1,NULL,1,3,NULL,'2013-03-05 10:20:47','2013-03-05 10:20:47',0,0,0,0,0,NULL,NULL,NULL,NULL,NULL,NULL,NULL,NULL,NULL,NULL,NULL,NULL,NULL,NULL,NULL,NULL,NULL,NULL,NULL,NULL,NULL,'CN=Quan Duc Nguyen,OU=Users,OU=HCM,OU=AsiaPac,DC=ad,DC=amcc,DC=com',NULL,NULL,NULL,NULL,NULL,NULL),(100,'qhan','','+84 Ext.3727',NULL,NULL,'Han','Quang',0,NULL,0,NULL,1,NULL,1,3,NULL,'2013-03-05 10:20:47','2013-03-05 10:20:47',0,0,0,0,0,NULL,NULL,NULL,NULL,NULL,NULL,NULL,NULL,NULL,NULL,NULL,NULL,NULL,NULL,NULL,NULL,NULL,NULL,NULL,NULL,NULL,'CN=Quang Thieu Han,OU=Users,OU=HCM,OU=AsiaPac,DC=ad,DC=amcc,DC=com',NULL,NULL,NULL,NULL,NULL,NULL),(101,'qpham','','+84837700634 Ext.3893',NULL,NULL,'Pham','Quy',0,NULL,0,NULL,1,NULL,1,3,NULL,'2013-03-05 10:20:47','2013-03-05 10:20:47',0,0,0,0,0,NULL,NULL,NULL,NULL,NULL,NULL,NULL,NULL,NULL,NULL,NULL,NULL,NULL,NULL,NULL,NULL,NULL,NULL,NULL,NULL,NULL,'CN=Quy Pham,OU=Users,OU=HCM,OU=AsiaPac,DC=ad,DC=amcc,DC=com',NULL,NULL,NULL,NULL,NULL,NULL),(102,'sdinh','','+84 Ext.3743',NULL,NULL,'Dinh','Su',0,NULL,0,NULL,1,NULL,1,3,NULL,'2013-03-05 10:20:48','2013-03-05 10:20:48',0,0,0,0,0,NULL,NULL,NULL,NULL,NULL,NULL,NULL,NULL,NULL,NULL,NULL,NULL,NULL,NULL,NULL,NULL,NULL,NULL,NULL,NULL,NULL,'CN=Su Thien Dinh,OU=Users,OU=HCM,OU=AsiaPac,DC=ad,DC=amcc,DC=com',NULL,NULL,NULL,NULL,NULL,NULL),(103,'shpham','','+84 Ext.3724',NULL,NULL,'Pham','Son',0,NULL,0,NULL,1,NULL,1,3,NULL,'2013-03-05 10:20:48','2013-03-05 10:20:48',0,0,0,0,0,NULL,NULL,NULL,NULL,NULL,NULL,NULL,NULL,NULL,NULL,NULL,NULL,NULL,NULL,NULL,NULL,NULL,NULL,NULL,NULL,NULL,'CN=Son Hai Pham,OU=Users,OU=HCM,OU=AsiaPac,DC=ad,DC=amcc,DC=com',NULL,NULL,NULL,NULL,NULL,NULL),(104,'sle','','+84 Ext.3736',NULL,NULL,'Le','Suong',0,NULL,0,NULL,1,NULL,1,3,NULL,'2013-03-05 10:20:48','2013-03-05 10:20:48',0,0,0,0,0,NULL,NULL,NULL,NULL,NULL,NULL,NULL,NULL,NULL,NULL,NULL,NULL,NULL,NULL,NULL,NULL,NULL,NULL,NULL,NULL,NULL,'CN=Suong Thi Le,OU=Users,OU=HCM,OU=AsiaPac,DC=ad,DC=amcc,DC=com',NULL,NULL,NULL,NULL,NULL,NULL),(105,'smai','','+84837700634 Ext.3818',NULL,NULL,'Mai','Sang',0,NULL,0,NULL,1,NULL,1,3,NULL,'2013-03-05 10:20:49','2013-03-05 10:20:49',0,0,0,0,0,NULL,NULL,NULL,NULL,NULL,NULL,NULL,NULL,NULL,NULL,NULL,NULL,NULL,NULL,NULL,NULL,NULL,NULL,NULL,NULL,NULL,'CN=Sang Ba. Mai,OU=Users,OU=HCM,OU=AsiaPac,DC=ad,DC=amcc,DC=com',NULL,NULL,NULL,NULL,NULL,NULL),(106,'spham','','84-8-37700640 - Ext. 3857',NULL,NULL,'Pham','Sang',0,NULL,0,NULL,1,NULL,1,3,NULL,'2013-03-05 10:20:49','2013-03-05 10:20:49',0,0,0,0,0,NULL,NULL,NULL,NULL,NULL,NULL,NULL,NULL,NULL,NULL,NULL,NULL,NULL,NULL,NULL,NULL,NULL,NULL,NULL,NULL,NULL,'CN=Sang Pham,OU=Users,OU=HCM,OU=AsiaPac,DC=ad,DC=amcc,DC=com',NULL,NULL,NULL,NULL,NULL,NULL),(107,'tanguyen','','+84 Ext.3737',NULL,NULL,'Nguyen','Toa',0,NULL,0,NULL,1,NULL,1,3,NULL,'2013-03-05 10:20:49','2013-03-05 10:20:49',0,0,0,0,0,NULL,NULL,NULL,NULL,NULL,NULL,NULL,NULL,NULL,NULL,NULL,NULL,NULL,NULL,NULL,NULL,NULL,NULL,NULL,NULL,NULL,'CN=Toa Van Nguyen,OU=Users,OU=HCM,OU=AsiaPac,DC=ad,DC=amcc,DC=com',NULL,NULL,NULL,NULL,NULL,NULL),(108,'tbnguyen','','84-8-37700640 - Ext. 3867',NULL,NULL,'Nguyen','Thu Ba',0,NULL,0,NULL,1,NULL,1,3,NULL,'2013-03-05 10:20:49','2013-03-05 10:20:49',0,0,0,0,0,NULL,NULL,NULL,NULL,NULL,NULL,NULL,NULL,NULL,NULL,NULL,NULL,NULL,NULL,NULL,NULL,NULL,NULL,NULL,NULL,NULL,'CN=Thu Ba Nguyen,OU=Users,OU=HCM,OU=AsiaPac,DC=ad,DC=amcc,DC=com',NULL,NULL,NULL,NULL,NULL,NULL),(109,'tbtran','','+84 Ext.3729',NULL,NULL,'Tran','Tao',0,NULL,0,NULL,1,NULL,1,3,NULL,'2013-03-05 10:20:50','2013-03-05 10:20:50',0,0,0,0,0,NULL,NULL,NULL,NULL,NULL,NULL,NULL,NULL,NULL,NULL,NULL,NULL,NULL,NULL,NULL,NULL,NULL,NULL,NULL,NULL,NULL,'CN=Tao Ba Tran,OU=Users,OU=HCM,OU=AsiaPac,DC=ad,DC=amcc,DC=com',NULL,NULL,NULL,NULL,NULL,NULL),(110,'tdnguyen','','84-8-37700640 - Ext. 3845',NULL,NULL,'Nguyen','Toan',0,NULL,0,NULL,1,NULL,1,3,NULL,'2013-03-05 10:20:50','2013-03-05 10:20:50',0,0,0,0,0,NULL,NULL,NULL,NULL,NULL,NULL,NULL,NULL,NULL,NULL,NULL,NULL,NULL,NULL,NULL,NULL,NULL,NULL,NULL,NULL,NULL,'CN=Toan Duc Thien Nguyen,OU=Users,OU=HCM,OU=AsiaPac,DC=ad,DC=amcc,DC=com',NULL,NULL,NULL,NULL,NULL,NULL),(111,'tdoan','','+84837700634 Ext.3837',NULL,NULL,'Doan','Ty',0,NULL,0,NULL,1,NULL,1,3,NULL,'2013-03-05 10:20:51','2013-03-05 10:20:51',0,0,0,0,0,NULL,NULL,NULL,NULL,NULL,NULL,NULL,NULL,NULL,NULL,NULL,NULL,NULL,NULL,NULL,NULL,NULL,NULL,NULL,NULL,NULL,'CN=Ty Doan,OU=Users,OU=HCM,OU=AsiaPac,DC=ad,DC=amcc,DC=com',NULL,NULL,NULL,NULL,NULL,NULL),(112,'tdphan','','+84837700634 Ext.3898',NULL,NULL,'Phan','Thang Dinh',0,NULL,0,NULL,1,NULL,1,3,NULL,'2013-03-05 10:20:51','2013-03-05 10:20:51',0,0,0,0,0,NULL,NULL,NULL,NULL,NULL,NULL,NULL,NULL,NULL,NULL,NULL,NULL,NULL,NULL,NULL,NULL,NULL,NULL,NULL,NULL,NULL,'CN=Thang Dinh Phan,OU=Users,OU=HCM,OU=AsiaPac,DC=ad,DC=amcc,DC=com',NULL,NULL,NULL,NULL,NULL,NULL),(113,'tgnguyen','','+84837700634 Ext.3894',NULL,NULL,'Nguyen','Thang',0,NULL,0,NULL,1,NULL,1,3,NULL,'2013-03-05 10:20:51','2013-03-05 10:20:51',0,0,0,0,0,NULL,NULL,NULL,NULL,NULL,NULL,NULL,NULL,NULL,NULL,NULL,NULL,NULL,NULL,NULL,NULL,NULL,NULL,NULL,NULL,NULL,'CN=Thang Nguyen,OU=Users,OU=HCM,OU=AsiaPac,DC=ad,DC=amcc,DC=com',NULL,NULL,NULL,NULL,NULL,NULL),(114,'thaitran','','+84 Ext.3744',NULL,NULL,'Tran','Thai',0,NULL,0,NULL,1,NULL,1,3,NULL,'2013-03-05 10:20:51','2013-03-05 10:20:51',0,0,0,0,0,NULL,NULL,NULL,NULL,NULL,NULL,NULL,NULL,NULL,NULL,NULL,NULL,NULL,NULL,NULL,NULL,NULL,NULL,NULL,NULL,NULL,'CN=Thai Vinh Tran,OU=Users,OU=HCM,OU=AsiaPac,DC=ad,DC=amcc,DC=com',NULL,NULL,NULL,NULL,NULL,NULL),(115,'thanguye','','+84 Ext.3753',NULL,NULL,'Nguyen','Thao',0,NULL,0,NULL,1,NULL,1,3,NULL,'2013-03-05 10:20:52','2013-03-05 10:20:52',0,0,0,0,0,NULL,NULL,NULL,NULL,NULL,NULL,NULL,NULL,NULL,NULL,NULL,NULL,NULL,NULL,NULL,NULL,NULL,NULL,NULL,NULL,NULL,'CN=Thao Ba Nguyen,OU=Users,OU=HCM,OU=AsiaPac,DC=ad,DC=amcc,DC=com',NULL,NULL,NULL,NULL,NULL,NULL),(116,'thcao','','84-8-37700640 - Ext. 3847',NULL,NULL,'Cao','Thu',0,NULL,0,NULL,1,NULL,1,3,NULL,'2013-03-05 10:20:52','2013-03-05 10:20:52',0,0,0,0,0,NULL,NULL,NULL,NULL,NULL,NULL,NULL,NULL,NULL,NULL,NULL,NULL,NULL,NULL,NULL,NULL,NULL,NULL,NULL,NULL,NULL,'CN=Thu Hoang Cao,OU=Users,OU=HCM,OU=AsiaPac,DC=ad,DC=amcc,DC=com',NULL,NULL,NULL,NULL,NULL,NULL),(117,'thhpham','','+84-8-37700640 Ext.3739',NULL,NULL,'Pham','Thinh',0,NULL,0,NULL,1,NULL,1,3,NULL,'2013-03-05 10:20:52','2013-03-05 10:20:52',0,0,0,0,0,NULL,NULL,NULL,NULL,NULL,NULL,NULL,NULL,NULL,NULL,NULL,NULL,NULL,NULL,NULL,NULL,NULL,NULL,NULL,NULL,NULL,'CN=Thinh Hung Pham,OU=Users,OU=HCM,OU=AsiaPac,DC=ad,DC=amcc,DC=com',NULL,NULL,NULL,NULL,NULL,NULL),(118,'thtran','','+84837700634 Ext.3814',NULL,NULL,'Tran','Triet',3,NULL,0,NULL,1,NULL,1,3,NULL,'2013-03-26 13:30:47','2013-03-05 10:20:53',0,0,0,0,0,NULL,NULL,NULL,NULL,NULL,NULL,NULL,NULL,NULL,NULL,NULL,NULL,NULL,NULL,NULL,NULL,NULL,NULL,NULL,NULL,NULL,'CN=Triet Huynh Minh Tran,OU=Users,OU=HCM,OU=AsiaPac,DC=ad,DC=amcc,DC=com',NULL,NULL,NULL,NULL,NULL,NULL),(119,'tkpham','','+84 Ext.3763',NULL,NULL,'Pham','Truong',0,NULL,0,NULL,1,NULL,1,3,NULL,'2013-03-05 10:20:53','2013-03-05 10:20:53',0,0,0,0,0,NULL,NULL,NULL,NULL,NULL,NULL,NULL,NULL,NULL,NULL,NULL,NULL,NULL,NULL,NULL,NULL,NULL,NULL,NULL,NULL,NULL,'CN=Truong Khac Pham,OU=Users,OU=HCM,OU=AsiaPac,DC=ad,DC=amcc,DC=com',NULL,NULL,NULL,NULL,NULL,NULL),(120,'tle','','+84-8-37700640 ext.3868',NULL,NULL,'Le','Thao',0,NULL,0,NULL,1,NULL,1,3,NULL,'2013-03-05 10:20:53','2013-03-05 10:20:53',0,0,0,0,0,NULL,NULL,NULL,NULL,NULL,NULL,NULL,NULL,NULL,NULL,NULL,NULL,NULL,NULL,NULL,NULL,NULL,NULL,NULL,NULL,NULL,'CN=Thao Le,OU=Users,OU=HCM,OU=AsiaPac,DC=ad,DC=amcc,DC=com',NULL,NULL,NULL,NULL,NULL,NULL),(121,'tmtran','','+84837700634 Ext.3817',NULL,NULL,'Tran','Tu',0,NULL,0,NULL,1,NULL,1,3,NULL,'2013-03-05 10:20:54','2013-03-05 10:20:54',0,0,0,0,0,NULL,NULL,NULL,NULL,NULL,NULL,NULL,NULL,NULL,NULL,NULL,NULL,NULL,NULL,NULL,NULL,NULL,NULL,NULL,NULL,NULL,'CN=Tu Minh Tran,OU=Users,OU=HCM,OU=AsiaPac,DC=ad,DC=amcc,DC=com',NULL,NULL,NULL,NULL,NULL,NULL),(122,'tmvo','','',NULL,NULL,'Vo','Tien',0,NULL,0,NULL,1,NULL,1,3,NULL,'2013-03-05 10:20:54','2013-03-05 10:20:54',0,0,0,0,0,NULL,NULL,NULL,NULL,NULL,NULL,NULL,NULL,NULL,NULL,NULL,NULL,NULL,NULL,NULL,NULL,NULL,NULL,NULL,NULL,NULL,'CN=Tien Minh Vo,OU=Users,OU=HCM,OU=AsiaPac,DC=ad,DC=amcc,DC=com',NULL,NULL,NULL,NULL,NULL,NULL),(123,'tngo','','+84837700634 Ext.3891',NULL,NULL,'Ngo','Tung',0,NULL,0,NULL,1,NULL,1,3,NULL,'2013-03-05 10:20:54','2013-03-05 10:20:54',0,0,0,0,0,NULL,NULL,NULL,NULL,NULL,NULL,NULL,NULL,NULL,NULL,NULL,NULL,NULL,NULL,NULL,NULL,NULL,NULL,NULL,NULL,NULL,'CN=Tung Ngo,OU=Users,OU=HCM,OU=AsiaPac,DC=ad,DC=amcc,DC=com',NULL,NULL,NULL,NULL,NULL,NULL),(124,'tnhuynh','','84-8-37700640 - Ext. 3830',NULL,NULL,'Huynh','Tin',0,NULL,0,NULL,1,NULL,1,3,NULL,'2013-03-05 10:20:55','2013-03-05 10:20:55',0,0,0,0,0,NULL,NULL,NULL,NULL,NULL,NULL,NULL,NULL,NULL,NULL,NULL,NULL,NULL,NULL,NULL,NULL,NULL,NULL,NULL,NULL,NULL,'CN=Tin Nguyen Huynh,OU=Users,OU=HCM,OU=AsiaPac,DC=ad,DC=amcc,DC=com',NULL,NULL,NULL,NULL,NULL,NULL),(125,'tnle','','+84 Ext.3728',NULL,NULL,'Le','Tan',0,NULL,0,NULL,1,NULL,1,3,NULL,'2013-03-05 10:20:55','2013-03-05 10:20:55',0,0,0,0,0,NULL,NULL,NULL,NULL,NULL,NULL,NULL,NULL,NULL,NULL,NULL,NULL,NULL,NULL,NULL,NULL,NULL,NULL,NULL,NULL,NULL,'CN=Tan Ngoc Le,OU=Users,OU=HCM,OU=AsiaPac,DC=ad,DC=amcc,DC=com',NULL,NULL,NULL,NULL,NULL,NULL),(126,'toanle','','+84837700634 Ext.3892',NULL,NULL,'Le','Toan',0,NULL,0,NULL,1,NULL,1,3,NULL,'2013-03-05 10:20:55','2013-03-05 10:20:55',0,0,0,0,0,NULL,NULL,NULL,NULL,NULL,NULL,NULL,NULL,NULL,NULL,NULL,NULL,NULL,NULL,NULL,NULL,NULL,NULL,NULL,NULL,NULL,'CN=Toan Le,OU=Users,OU=HCM,OU=AsiaPac,DC=ad,DC=amcc,DC=com',NULL,NULL,NULL,NULL,NULL,NULL),(127,'tpnguyen','','+84 Ext.3732',NULL,NULL,'Nguyen','Tuan Phan Viet',0,NULL,0,NULL,1,NULL,1,3,NULL,'2013-03-05 10:20:56','2013-03-05 10:20:56',0,0,0,0,0,NULL,NULL,NULL,NULL,NULL,NULL,NULL,NULL,NULL,NULL,NULL,NULL,NULL,NULL,NULL,NULL,NULL,NULL,NULL,NULL,NULL,'CN=Tuan Phan Viet Nguyen,OU=Users,OU=HCM,OU=AsiaPac,DC=ad,DC=amcc,DC=com',NULL,NULL,NULL,NULL,NULL,NULL),(128,'tqanguyen','','+84 Ext.3760',NULL,NULL,'Nguyen','Tu Quang Anh',0,NULL,0,NULL,1,NULL,1,3,NULL,'2013-03-05 10:20:56','2013-03-05 10:20:56',0,0,0,0,0,NULL,NULL,NULL,NULL,NULL,NULL,NULL,NULL,NULL,NULL,NULL,NULL,NULL,NULL,NULL,NULL,NULL,NULL,NULL,NULL,NULL,'CN=Tu Quang Anh Nguyen,OU=Users,OU=HCM,OU=AsiaPac,DC=ad,DC=amcc,DC=com',NULL,NULL,NULL,NULL,NULL,NULL),(129,'tqle','','+84837700634 Ext.3826',NULL,NULL,'Le','Trung',0,NULL,0,NULL,1,NULL,1,3,NULL,'2013-03-05 10:20:56','2013-03-05 10:20:56',0,0,0,0,0,NULL,NULL,NULL,NULL,NULL,NULL,NULL,NULL,NULL,NULL,NULL,NULL,NULL,NULL,NULL,NULL,NULL,NULL,NULL,NULL,NULL,'CN=Trung Quang Le,OU=Users,OU=HCM,OU=AsiaPac,DC=ad,DC=amcc,DC=com',NULL,NULL,NULL,NULL,NULL,NULL),(130,'tqnguyen','','(84) 83 7700 634 - Ext: 3842',NULL,NULL,'Nguyen','Thang',0,NULL,0,NULL,1,NULL,1,3,NULL,'2013-03-05 10:20:57','2013-03-05 10:20:57',0,0,0,0,0,NULL,NULL,NULL,NULL,NULL,NULL,NULL,NULL,NULL,NULL,NULL,NULL,NULL,NULL,NULL,NULL,NULL,NULL,NULL,NULL,NULL,'CN=Thang Quyet Nguyen,OU=Users,OU=HCM,OU=AsiaPac,DC=ad,DC=amcc,DC=com',NULL,NULL,NULL,NULL,NULL,NULL),(131,'tqpham','','',NULL,NULL,'Pham','Tam',0,NULL,0,NULL,1,NULL,1,3,NULL,'2013-03-05 10:20:57','2013-03-05 10:20:57',0,0,0,0,0,NULL,NULL,NULL,NULL,NULL,NULL,NULL,NULL,NULL,NULL,NULL,NULL,NULL,NULL,NULL,NULL,NULL,NULL,NULL,NULL,NULL,'CN=Tam Quy Pham,OU=Users,OU=HCM,OU=AsiaPac,DC=ad,DC=amcc,DC=com',NULL,NULL,NULL,NULL,NULL,NULL),(132,'tthle','','+84 Ext.3773',NULL,NULL,'Le','Toan Thanh',0,NULL,0,NULL,1,NULL,1,3,NULL,'2013-03-05 10:20:57','2013-03-05 10:20:57',0,0,0,0,0,NULL,NULL,NULL,NULL,NULL,NULL,NULL,NULL,NULL,NULL,NULL,NULL,NULL,NULL,NULL,NULL,NULL,NULL,NULL,NULL,NULL,'CN=Toan Thanh Le,OU=Users,OU=HCM,OU=AsiaPac,DC=ad,DC=amcc,DC=com',NULL,NULL,NULL,NULL,NULL,NULL),(133,'tthoang','','+84837700634 Ext.3882',NULL,NULL,'Hoang','Thuy Thi',0,NULL,0,NULL,1,NULL,1,3,NULL,'2013-03-05 10:20:58','2013-03-05 10:20:58',0,0,0,0,0,NULL,NULL,NULL,NULL,NULL,NULL,NULL,NULL,NULL,NULL,NULL,NULL,NULL,NULL,NULL,NULL,NULL,NULL,NULL,NULL,NULL,'CN=Thuy Thi Hoang,OU=Users,OU=HCM,OU=AsiaPac,DC=ad,DC=amcc,DC=com',NULL,NULL,NULL,NULL,NULL,NULL),(134,'ttpham','','+84 Ext.3723',NULL,NULL,'Pham','Tho',0,NULL,0,NULL,1,NULL,1,3,NULL,'2013-03-05 10:20:58','2013-03-05 10:20:58',0,0,0,0,0,NULL,NULL,NULL,NULL,NULL,NULL,NULL,NULL,NULL,NULL,NULL,NULL,NULL,NULL,NULL,NULL,NULL,NULL,NULL,NULL,NULL,'CN=Tho Tu Pham,OU=Users,OU=HCM,OU=AsiaPac,DC=ad,DC=amcc,DC=com',NULL,NULL,NULL,NULL,NULL,NULL),(135,'tuanguye','','+84 Ext.3745',NULL,NULL,'Nguyen','Tuan',0,NULL,0,NULL,1,NULL,1,3,NULL,'2013-03-05 10:20:58','2013-03-05 10:20:58',0,0,0,0,0,NULL,NULL,NULL,NULL,NULL,NULL,NULL,NULL,NULL,NULL,NULL,NULL,NULL,NULL,NULL,NULL,NULL,NULL,NULL,NULL,NULL,'CN=Tuan Hoang Nguyen,OU=Users,OU=HCM,OU=AsiaPac,DC=ad,DC=amcc,DC=com',NULL,NULL,NULL,NULL,NULL,NULL),(136,'tuynguye','','+84 Ext.3715',NULL,NULL,'Nguyen','Tuy',0,NULL,0,NULL,1,NULL,1,3,NULL,'2013-03-05 10:20:58','2013-03-05 10:20:58',0,0,0,0,0,NULL,NULL,NULL,NULL,NULL,NULL,NULL,NULL,NULL,NULL,NULL,NULL,NULL,NULL,NULL,NULL,NULL,NULL,NULL,NULL,NULL,'CN=Tuy Nguyen,OU=Users,OU=HCM,OU=AsiaPac,DC=ad,DC=amcc,DC=com',NULL,NULL,NULL,NULL,NULL,NULL),(137,'tvnguyen','','+84 Ext.3754',NULL,NULL,'Nguyen','Tien',0,NULL,0,NULL,1,NULL,1,3,NULL,'2013-03-05 10:20:59','2013-03-05 10:20:59',0,0,0,0,0,NULL,NULL,NULL,NULL,NULL,NULL,NULL,NULL,NULL,NULL,NULL,NULL,NULL,NULL,NULL,NULL,NULL,NULL,NULL,NULL,NULL,'CN=Tien Van Nguyen,OU=Users,OU=HCM,OU=AsiaPac,DC=ad,DC=amcc,DC=com',NULL,NULL,NULL,NULL,NULL,NULL),(138,'uvan','','+84-8-37700640 - Ext.3816',NULL,NULL,'Van','Uy',0,NULL,0,NULL,1,NULL,1,3,NULL,'2013-03-05 10:20:59','2013-03-05 10:20:59',0,0,0,0,0,NULL,NULL,NULL,NULL,NULL,NULL,NULL,NULL,NULL,NULL,NULL,NULL,NULL,NULL,NULL,NULL,NULL,NULL,NULL,NULL,NULL,'CN=Uy Duc Van,OU=Users,OU=HCM,OU=AsiaPac,DC=ad,DC=amcc,DC=com',NULL,NULL,NULL,NULL,NULL,NULL),(139,'vhtnguye','','+84 Ext.3719',NULL,NULL,'Nguyen','Vinh Huu Tuong',0,NULL,0,NULL,1,NULL,1,3,NULL,'2013-03-05 10:20:59','2013-03-05 10:20:59',0,0,0,0,0,NULL,NULL,NULL,NULL,NULL,NULL,NULL,NULL,NULL,NULL,NULL,NULL,NULL,NULL,NULL,NULL,NULL,NULL,NULL,NULL,NULL,'CN=Vinh Huu Tuong Nguyen,OU=Users,OU=HCM,OU=AsiaPac,DC=ad,DC=amcc,DC=com',NULL,NULL,NULL,NULL,NULL,NULL),(140,'vltran','','(84) 837700634 - Ext 3841',NULL,NULL,'Tran','Van',0,NULL,0,NULL,1,NULL,1,3,NULL,'2013-03-05 10:21:00','2013-03-05 10:21:00',0,0,0,0,0,NULL,NULL,NULL,NULL,NULL,NULL,NULL,NULL,NULL,NULL,NULL,NULL,NULL,NULL,NULL,NULL,NULL,NULL,NULL,NULL,NULL,'CN=Van Le Tran,OU=Users,OU=HCM,OU=AsiaPac,DC=ad,DC=amcc,DC=com',NULL,NULL,NULL,NULL,NULL,NULL),(141,'vphan','','+84 Ext.3730',NULL,NULL,'Phan','Viet',0,NULL,0,NULL,1,NULL,1,3,NULL,'2013-03-05 10:21:00','2013-03-05 10:21:00',0,0,0,0,0,NULL,NULL,NULL,NULL,NULL,NULL,NULL,NULL,NULL,NULL,NULL,NULL,NULL,NULL,NULL,NULL,NULL,NULL,NULL,NULL,NULL,'CN=Viet Hoai Phan,OU=Users,OU=HCM,OU=AsiaPac,DC=ad,DC=amcc,DC=com',NULL,NULL,NULL,NULL,NULL,NULL),(142,'vpnguyen','','+84837700634 Ext.3823',NULL,NULL,'Nguyen','Vinh',0,NULL,0,NULL,1,NULL,1,3,NULL,'2013-03-05 10:21:00','2013-03-05 10:21:00',0,0,0,0,0,NULL,NULL,NULL,NULL,NULL,NULL,NULL,NULL,NULL,NULL,NULL,NULL,NULL,NULL,NULL,NULL,NULL,NULL,NULL,NULL,NULL,'CN=Vinh Phuc Nguyen,OU=Users,OU=HCM,OU=AsiaPac,DC=ad,DC=amcc,DC=com',NULL,NULL,NULL,NULL,NULL,NULL),(143,'yvo','','+84837700634 Ext.3836',NULL,NULL,'Vo','Y',0,NULL,0,NULL,1,NULL,1,3,NULL,'2013-03-05 10:21:01','2013-03-05 10:21:01',0,0,0,0,0,NULL,NULL,NULL,NULL,NULL,NULL,NULL,NULL,NULL,NULL,NULL,NULL,NULL,NULL,NULL,NULL,NULL,NULL,NULL,NULL,NULL,'CN=Y Nhu Vo,OU=Users,OU=HCM,OU=AsiaPac,DC=ad,DC=amcc,DC=com',NULL,NULL,NULL,NULL,NULL,NULL);
/*!40000 ALTER TABLE `glpi_users` ENABLE KEYS */;
UNLOCK TABLES;

--
-- Table structure for table `glpi_usertitles`
--

DROP TABLE IF EXISTS `glpi_usertitles`;
/*!40101 SET @saved_cs_client     = @@character_set_client */;
/*!40101 SET character_set_client = utf8 */;
CREATE TABLE `glpi_usertitles` (
  `id` int(11) NOT NULL AUTO_INCREMENT,
  `name` varchar(255) COLLATE utf8_unicode_ci DEFAULT NULL,
  `comment` text COLLATE utf8_unicode_ci,
  PRIMARY KEY (`id`),
  KEY `name` (`name`)
) ENGINE=MyISAM DEFAULT CHARSET=utf8 COLLATE=utf8_unicode_ci;
/*!40101 SET character_set_client = @saved_cs_client */;

--
-- Dumping data for table `glpi_usertitles`
--

LOCK TABLES `glpi_usertitles` WRITE;
/*!40000 ALTER TABLE `glpi_usertitles` DISABLE KEYS */;
/*!40000 ALTER TABLE `glpi_usertitles` ENABLE KEYS */;
UNLOCK TABLES;

--
-- Table structure for table `glpi_virtualmachinestates`
--

DROP TABLE IF EXISTS `glpi_virtualmachinestates`;
/*!40101 SET @saved_cs_client     = @@character_set_client */;
/*!40101 SET character_set_client = utf8 */;
CREATE TABLE `glpi_virtualmachinestates` (
  `id` int(11) NOT NULL AUTO_INCREMENT,
  `name` varchar(255) COLLATE utf8_unicode_ci NOT NULL DEFAULT '',
  `comment` text COLLATE utf8_unicode_ci NOT NULL,
  PRIMARY KEY (`id`)
) ENGINE=MyISAM DEFAULT CHARSET=utf8 COLLATE=utf8_unicode_ci;
/*!40101 SET character_set_client = @saved_cs_client */;

--
-- Dumping data for table `glpi_virtualmachinestates`
--

LOCK TABLES `glpi_virtualmachinestates` WRITE;
/*!40000 ALTER TABLE `glpi_virtualmachinestates` DISABLE KEYS */;
/*!40000 ALTER TABLE `glpi_virtualmachinestates` ENABLE KEYS */;
UNLOCK TABLES;

--
-- Table structure for table `glpi_virtualmachinesystems`
--

DROP TABLE IF EXISTS `glpi_virtualmachinesystems`;
/*!40101 SET @saved_cs_client     = @@character_set_client */;
/*!40101 SET character_set_client = utf8 */;
CREATE TABLE `glpi_virtualmachinesystems` (
  `id` int(11) NOT NULL AUTO_INCREMENT,
  `name` varchar(255) COLLATE utf8_unicode_ci NOT NULL DEFAULT '',
  `comment` text COLLATE utf8_unicode_ci NOT NULL,
  PRIMARY KEY (`id`)
) ENGINE=MyISAM DEFAULT CHARSET=utf8 COLLATE=utf8_unicode_ci;
/*!40101 SET character_set_client = @saved_cs_client */;

--
-- Dumping data for table `glpi_virtualmachinesystems`
--

LOCK TABLES `glpi_virtualmachinesystems` WRITE;
/*!40000 ALTER TABLE `glpi_virtualmachinesystems` DISABLE KEYS */;
/*!40000 ALTER TABLE `glpi_virtualmachinesystems` ENABLE KEYS */;
UNLOCK TABLES;

--
-- Table structure for table `glpi_virtualmachinetypes`
--

DROP TABLE IF EXISTS `glpi_virtualmachinetypes`;
/*!40101 SET @saved_cs_client     = @@character_set_client */;
/*!40101 SET character_set_client = utf8 */;
CREATE TABLE `glpi_virtualmachinetypes` (
  `id` int(11) NOT NULL AUTO_INCREMENT,
  `name` varchar(255) COLLATE utf8_unicode_ci NOT NULL DEFAULT '',
  `comment` text COLLATE utf8_unicode_ci NOT NULL,
  PRIMARY KEY (`id`)
) ENGINE=MyISAM DEFAULT CHARSET=utf8 COLLATE=utf8_unicode_ci;
/*!40101 SET character_set_client = @saved_cs_client */;

--
-- Dumping data for table `glpi_virtualmachinetypes`
--

LOCK TABLES `glpi_virtualmachinetypes` WRITE;
/*!40000 ALTER TABLE `glpi_virtualmachinetypes` DISABLE KEYS */;
/*!40000 ALTER TABLE `glpi_virtualmachinetypes` ENABLE KEYS */;
UNLOCK TABLES;

--
-- Table structure for table `glpi_vlans`
--

DROP TABLE IF EXISTS `glpi_vlans`;
/*!40101 SET @saved_cs_client     = @@character_set_client */;
/*!40101 SET character_set_client = utf8 */;
CREATE TABLE `glpi_vlans` (
  `id` int(11) NOT NULL AUTO_INCREMENT,
  `name` varchar(255) COLLATE utf8_unicode_ci DEFAULT NULL,
  `comment` text COLLATE utf8_unicode_ci,
  `tag` int(11) NOT NULL DEFAULT '0',
  PRIMARY KEY (`id`),
  KEY `name` (`name`)
) ENGINE=MyISAM AUTO_INCREMENT=5 DEFAULT CHARSET=utf8 COLLATE=utf8_unicode_ci;
/*!40101 SET character_set_client = @saved_cs_client */;

--
-- Dumping data for table `glpi_vlans`
--

LOCK TABLES `glpi_vlans` WRITE;
/*!40000 ALTER TABLE `glpi_vlans` DISABLE KEYS */;
INSERT INTO `glpi_vlans` VALUES (1,'VLAN0004','Office VLAN',4),(2,'VLAN0016','',16),(3,'VLAN0018','',18),(4,'VLAN0032','WIFI VLAN',32);
/*!40000 ALTER TABLE `glpi_vlans` ENABLE KEYS */;
UNLOCK TABLES;

--
-- Dumping routines for database 'glpi'
--
/*!40103 SET TIME_ZONE=@OLD_TIME_ZONE */;

/*!40101 SET SQL_MODE=@OLD_SQL_MODE */;
/*!40014 SET FOREIGN_KEY_CHECKS=@OLD_FOREIGN_KEY_CHECKS */;
/*!40014 SET UNIQUE_CHECKS=@OLD_UNIQUE_CHECKS */;
/*!40101 SET CHARACTER_SET_CLIENT=@OLD_CHARACTER_SET_CLIENT */;
/*!40101 SET CHARACTER_SET_RESULTS=@OLD_CHARACTER_SET_RESULTS */;
/*!40101 SET COLLATION_CONNECTION=@OLD_COLLATION_CONNECTION */;
/*!40111 SET SQL_NOTES=@OLD_SQL_NOTES */;

-- Dump completed on 2013-05-06  0:00:03
